/*--------------------------------*- C++ -*----------------------------------*\
| =========                 |                                                 |
| \\      /  F ield         | OpenFOAM: The Open Source CFD Toolbox           |
|  \\    /   O peration     | Version:  2412                                  |
|   \\  /    A nd           | Website:  www.openfoam.com                      |
|    \\/     M anipulation  |                                                 |
\*---------------------------------------------------------------------------*/
FoamFile
{
    version     2.0;
    format      ascii;
    arch        "LSB;label=32;scalar=64";
    class       volScalarField;
    location    "0.8/fluid";
    object      T;
}
// * * * * * * * * * * * * * * * * * * * * * * * * * * * * * * * * * * * * * //

dimensions      [0 0 0 1 0 0 0];

internalField   nonuniform List<scalar> 
34009
(
296.979
299.4
305.374
324.154
296.307
298.214
303.304
322.529
295.593
297.03
301.317
318.725
293.237
293.684
296.809
313.741
293.211
293.535
295.984
310.932
293.187
293.393
295.118
307.52
293.026
293.165
294.715
306.72
293.023
293.123
294.326
304.813
293.02
293.083
293.917
302.542
293.009
293.102
294.239
303.739
293.007
293.074
293.964
302.297
293.005
293.047
293.666
300.533
293.006
293.084
294.035
301.901
293.004
293.061
293.806
300.71
293.003
293.038
293.556
299.233
293.005
293.073
293.872
300.295
293.004
293.053
293.679
299.309
293.002
293.033
293.467
298.089
293.004
293.065
293.763
299.13
293.003
293.047
293.59
298.281
293.002
293.029
293.404
297.248
293.004
293.052
293.621
297.989
293.003
293.038
293.478
297.286
293.002
293.023
293.327
296.449
293
293.003
293.037
293.451
296.84
293
293.002
293.026
293.347
296.299
293
293.001
293.016
293.238
295.672
293
293.001
293.022
293.295
295.861
293
293.001
293.016
293.228
295.482
293
293.001
293.01
293.16
295.053
295.362
296.604
300.33
313.872
295.137
296.156
299.113
308.47
294.921
295.715
297.901
303.993
294.457
294.727
295.317
296.847
300.643
294.354
294.559
294.98
296.001
298.296
294.243
294.412
294.707
295.364
296.726
293.899
294.089
294.26
294.481
294.899
295.701
293.445
293.669
293.876
294.062
294.262
294.546
295.028
293.262
293.437
293.626
293.813
294.002
294.225
294.544
293.133
293.246
293.387
293.544
293.711
293.895
294.124
293.058
293.118
293.203
293.31
293.434
293.575
293.742
293.022
293.047
293.089
293.147
293.221
293.311
293.422
293.007
293.016
293.032
293.057
293.092
293.139
293.199
293.002
293.005
293.01
293.018
293.031
293.05
293.076
293.001
293.001
293.002
293.005
293.009
293.014
293.023
293
293
293.001
293.001
293.002
293.003
293.006
293
293
293
293
293.001
293.001
293.001
293
293
293
293
293
293
293
293
293
293
293
293
293
293
293
293
293
293
293
293
293
293
293
293
293
293
293
293
293
293
293
293
293
293
293
293
293
293
293
293
293
293
293
293
293
293
293
293
293
293
293
293
293
293
293
293
293
293
293
293.18
293.34
294.684
303.494
293.173
293.285
294.195
299.517
293.167
293.238
293.781
296.662
293.149
293.16
293.203
293.492
294.898
293.143
293.154
293.179
293.318
293.941
293.135
293.147
293.163
293.226
293.48
293.111
293.128
293.138
293.151
293.18
293.279
293.055
293.086
293.112
293.13
293.139
293.155
293.196
293.031
293.055
293.083
293.108
293.128
293.143
293.161
293.015
293.03
293.05
293.074
293.098
293.12
293.141
293.006
293.013
293.024
293.04
293.059
293.08
293.102
293.002
293.005
293.01
293.017
293.028
293.041
293.058
293.001
293.002
293.003
293.006
293.01
293.017
293.025
293
293
293.001
293.002
293.003
293.005
293.009
293
293
293
293
293.001
293.001
293.002
293
293
293
293
293
293
293.001
293
293
293
293
293
293
293
293
293
293
293
293
293
293
293
293
293
293
293
293
293
293
293
293
293
293
293
293
293
293
293
293
293
293
293
293
293
293
293
293
293
293
293
293
293
293
293
293
293
293
293
293
293
293
293
293
293
293
293
293
293
293
293
293
293
293
293.019
293.066
293.685
299.436
293.018
293.049
293.433
296.585
293.018
293.035
293.237
294.738
293.016
293.017
293.026
293.117
293.739
293.016
293.017
293.021
293.056
293.282
293.016
293.017
293.018
293.03
293.103
293.012
293.015
293.017
293.018
293.022
293.043
293.005
293.009
293.012
293.015
293.017
293.02
293.026
293.003
293.006
293.009
293.012
293.015
293.018
293.021
293.001
293.003
293.005
293.008
293.011
293.014
293.018
293.001
293.001
293.002
293.004
293.006
293.009
293.012
293
293
293.001
293.002
293.003
293.004
293.007
293
293
293
293.001
293.001
293.002
293.003
293
293
293
293
293
293
293.001
293
293
293
293
293
293
293
293
293
293
293
293
293
293
293
293
293
293
293
293
293
293
293
293
293
293
293
293
293
293
293
293
293
293
293
293
293
293
293
293
293
293
293
293
293
293
293
293
293
293
293
293
293
293
293
293
293
293
293
293
293
293
293
293
293
293
293
293
293
293
293
293
293
293
293
293
293
293
293
293
293.004
293.035
293.491
298.027
293.003
293.023
293.3
295.737
293.003
293.014
293.156
294.281
293.002
293.002
293.007
293.069
293.518
293.002
293.002
293.004
293.027
293.181
293.002
293.002
293.003
293.01
293.056
293.001
293.002
293.002
293.002
293.004
293.017
293
293.001
293.001
293.002
293.002
293.003
293.006
293
293.001
293.001
293.001
293.002
293.002
293.003
293
293
293
293.001
293.001
293.002
293.002
293
293
293
293
293.001
293.001
293.001
293
293
293
293
293
293
293.001
293
293
293
293
293
293
293
293
293
293
293
293
293
293
293
293
293
293
293
293
293
293
293
293
293
293
293
293
293
293
293
293
293
293
293
293
293
293
293
293
293
293
293
293
293
293
293
293
293
293
293
293
293
293
293
293
293
293
293
293
293
293
293
293
293
293
293
293
293
293
293
293
293
293
293
293
293
293
293
293
293
293
293
293
293
293
293
293
293
293
293
293
293
293
293.002
293.028
293.409
297.177
293.001
293.018
293.25
295.276
293.001
293.01
293.128
294.065
293
293.001
293.005
293.056
293.428
293
293
293.002
293.021
293.149
293
293
293.001
293.007
293.045
293
293
293
293
293.002
293.012
293
293
293
293
293
293.001
293.003
293
293
293
293
293
293
293.001
293
293
293
293
293
293
293
293
293
293
293
293
293
293
293
293
293
293
293
293
293
293
293
293
293
293
293
293
293
293
293
293
293
293
293
293
293
293
293
293
293
293
293
293
293
293
293
293
293
293
293
293
293
293
293
293
293
293
293
293
293
293
293
293
293
293
293
293
293
293
293
293
293
293
293
293
293
293
293
293
293
293
293
293
293
293
293
293
293
293
293
293
293
293
293
293
293
293
293
293
293
293
293
293
293
293
293
293
293
293
293
293
293
293
293
293.002
293.024
293.345
296.429
293.001
293.016
293.211
294.883
293.001
293.008
293.109
293.888
293
293
293.004
293.048
293.361
293
293
293.002
293.018
293.126
293
293
293
293.005
293.038
293
293
293
293
293.001
293.01
293
293
293
293
293
293
293.002
293
293
293
293
293
293
293
293
293
293
293
293
293
293
293
293
293
293
293
293
293
293
293
293
293
293
293
293
293
293
293
293
293
293
293
293
293
293
293
293
293
293
293
293
293
293
293
293
293
293
293
293
293
293
293
293
293
293
293
293
293
293
293
293
293
293
293
293
293
293
293
293
293
293
293
293
293
293
293
293
293
293
293
293
293
293
293
293
293
293
293
293
293
293
293
293
293
293
293
293
293
293
293
293
293
293
293
293
293
293
293
293
293
293
293
293
293
293
293
293
293
293
293.001
293.021
293.298
295.878
293.001
293.014
293.182
294.586
293
293.007
293.094
293.75
293
293
293.003
293.041
293.304
293
293
293.001
293.015
293.106
293
293
293
293.005
293.032
293
293
293
293
293.001
293.008
293
293
293
293
293
293
293.002
293
293
293
293
293
293
293
293
293
293
293
293
293
293
293
293
293
293
293
293
293
293
293
293
293
293
293
293
293
293
293
293
293
293
293
293
293
293
293
293
293
293
293
293
293
293
293
293
293
293
293
293
293
293
293
293
293
293
293
293
293
293
293
293
293
293
293
293
293
293
293
293
293
293
293
293
293
293
293
293
293
293
293
293
293
293
293
293
293
293
293
293
293
293
293
293
293
293
293
293
293
293
293
293
293
293
293
293
293
293
293
293
293
293
293
293
293
293
293
293
293
293
293
293.001
293.017
293.24
295.323
293.001
293.011
293.145
294.268
293
293
293.006
293.074
293.591
293
293
293.003
293.032
293.236
293
293
293.001
293.011
293.081
293
293
293
293
293.003
293.024
293
293
293
293
293.001
293.006
293
293
293
293
293
293
293.001
293
293
293
293
293
293
293
293
293
293
293
293
293
293
293
293
293
293
293
293
293
293
293
293
293
293
293
293
293
293
293
293
293
293
293
293
293
293
293
293
293
293
293
293
293
293
293
293
293
293
293
293
293
293
293
293
293
293
293
293
293
293
293
293
293
293
293
293
293
293
293
293
293
293
293
293
293
293
293
293
293
293
293
293
293
293
293
293
293
293
293
293
293
293
293
293
293
293
293
293
293
293
293
293
293
293
293
293
293
293
293
293
293
293
293
293
293
293
293
293
293
293
293
293
293.001
293.012
293.172
294.752
293
293
293.007
293.101
293.921
293
293
293.004
293.05
293.411
293
293
293.002
293.02
293.157
293
293
293.001
293.007
293.051
293
293
293
293
293.002
293.015
293
293
293
293
293
293.004
293
293
293
293
293
293
293.001
293
293
293
293
293
293
293
293
293
293
293
293
293
293
293
293
293
293
293
293
293
293
293
293
293
293
293
293
293
293
293
293
293
293
293
293
293
293
293
293
293
293
293
293
293
293
293
293
293
293
293
293
293
293
293
293
293
293
293
293
293
293
293
293
293
293
293
293
293
293
293
293
293
293
293
293
293
293
293
293
293
293
293
293
293
293
293
293
293
293
293
293
293
293
293
293
293
293
293
293
293
293
293
293
293
293
293
293
293
293
293
293
293
293
293
293
293
293
293
293
293
293
293
293
293
293
293
293.007
293.112
294.274
293
293
293.004
293.063
293.628
293
293
293.002
293.03
293.262
293
293
293.001
293.012
293.093
293
293
293
293
293.004
293.029
293
293
293
293
293.001
293.008
293
293
293
293
293
293.002
293
293
293
293
293
293
293
293
293
293
293
293
293
293
293
293
293
293
293
293
293
293
293
293
293
293
293
293
293
293
293
293
293
293
293
293
293
293
293
293
293
293
293
293
293
293
293
293
293
293
293
293
293
293
293
293
293
293
293
293
293
293
293
293
293
293
293
293
293
293
293
293
293
293
293
293
293
293
293
293
293
293
293
293
293
293
293
293
293
293
293
293
293
293
293
293
293
293
293
293
293
293
293
293
293
293
293
293
293
293
293
293
293
293
293
293
293
293
293
293
293
293
293
293
293
293
293
293
293
293
293
293
293
320.093
333.72
336.535
339.486
338.051
337.587
336.323
334.793
333.174
331.611
312.379
319.76
321.972
325.399
323.475
322.565
320.493
318.432
316.734
316.551
307.583
312.113
313.442
314.87
315.392
315.14
313.801
312.206
310.489
310.085
303.995
307.117
308.502
309.474
309.802
309.89
309.826
309.193
308.253
307.445
301.244
303.601
304.931
305.78
306.218
306.369
306.274
306.203
306.085
305.853
299.154
301.024
302.232
303.021
303.5
303.748
303.821
303.791
303.689
303.605
297.592
299.101
300.166
300.898
301.382
301.681
301.841
301.905
301.911
301.906
296.442
297.656
298.579
299.248
299.719
300.038
300.242
300.365
300.435
300.483
295.588
296.562
297.353
297.958
298.407
298.731
298.958
299.114
299.22
299.298
294.912
295.705
296.388
296.937
297.363
297.686
297.925
298.101
298.231
298.329
294.324
294.966
295.571
296.085
296.499
296.825
297.078
297.272
297.421
297.536
293.825
294.315
294.819
295.286
295.693
296.035
296.316
296.54
296.716
296.855
293.445
293.778
294.159
294.546
294.911
295.239
295.526
295.77
295.974
296.143
293.2
293.393
293.64
293.918
294.206
294.486
294.746
294.982
295.191
295.373
293.073
293.163
293.295
293.461
293.65
293.85
294.052
294.247
294.43
294.597
293.022
293.055
293.11
293.188
293.287
293.402
293.527
293.658
293.788
293.914
293.005
293.015
293.033
293.061
293.101
293.152
293.212
293.278
293.35
293.423
293.001
293.003
293.008
293.016
293.028
293.045
293.066
293.092
293.12
293.152
293
293.001
293.002
293.003
293.006
293.01
293.016
293.023
293.032
293.041
293
293
293
293.001
293.001
293.002
293.003
293.004
293.006
293.008
293
293
293
293
293
293
293.001
293.001
293.001
293.001
293
293
293
293
293
293
293
293
293
293
293
293
293
293
293
293
293
293
293
293
293
293
293
293
293
293
293
293
293
293
293
293
293
293
293
293
293
293
293
293
310.178
328.709
333.096
335.226
334.649
334.074
332.832
331.116
329.208
326.087
303.662
313.824
319.354
323.678
322.627
321.202
318.916
316.487
314.23
312.182
299.907
305.897
309.197
312.731
313.813
313.741
312.045
310.042
308.135
306.519
297.345
300.989
303.565
306.016
307.531
308.224
308.031
307.645
306.312
304.636
295.618
297.887
299.818
301.581
302.947
303.859
304.305
304.431
304.271
303.974
294.515
295.923
297.287
298.559
299.649
300.501
301.102
301.485
301.69
301.818
293.859
294.705
295.618
296.512
297.328
298.027
298.592
299.03
299.364
299.647
293.495
293.98
294.558
295.161
295.743
296.275
296.74
297.137
297.475
297.779
293.306
293.57
293.916
294.304
294.702
295.085
295.44
295.762
296.053
296.32
293.214
293.349
293.546
293.785
294.045
294.31
294.567
294.812
295.042
295.259
293.17
293.254
293.358
293.49
293.649
293.824
294.005
294.184
294.358
294.526
293.117
293.19
293.272
293.361
293.459
293.563
293.673
293.79
293.912
294.035
293.064
293.12
293.189
293.266
293.348
293.432
293.516
293.602
293.688
293.773
293.027
293.06
293.107
293.165
293.232
293.305
293.38
293.456
293.531
293.605
293.009
293.023
293.047
293.081
293.125
293.176
293.234
293.295
293.359
293.424
293.002
293.007
293.016
293.031
293.052
293.08
293.113
293.152
293.195
293.241
293.001
293.002
293.004
293.009
293.017
293.028
293.042
293.06
293.082
293.106
293
293
293.001
293.002
293.004
293.007
293.012
293.018
293.026
293.035
293
293
293
293
293.001
293.002
293.003
293.004
293.006
293.009
293
293
293
293
293
293
293
293.001
293.001
293.002
293
293
293
293
293
293
293
293
293
293
293
293
293
293
293
293
293
293
293
293
293
293
293
293
293
293
293
293
293
293
293
293
293
293
293
293
293
293
293
293
293
293
293
293
293
293
293
293
293
293
305.086
321.771
327.193
328.929
328.67
328.363
327.472
326.152
324.337
319.844
299.877
308.702
314.668
319.326
318.993
317.773
315.754
313.566
311.301
308.734
297.048
302.002
305.665
309.226
310.955
310.671
309.067
307.119
305.203
303.219
295.263
298.05
300.577
303.138
305.009
305.955
305.801
304.855
303.398
301.703
294.173
295.719
297.372
299.104
300.635
301.786
302.449
302.615
302.362
301.88
293.559
294.38
295.38
296.484
297.573
298.537
299.3
299.816
300.097
300.235
293.248
293.652
294.205
294.86
295.558
296.24
296.858
297.377
297.792
298.138
293.107
293.288
293.564
293.919
294.324
294.752
295.175
295.572
295.934
296.273
293.051
293.124
293.248
293.421
293.633
293.873
294.127
294.385
294.639
294.89
293.032
293.061
293.111
293.186
293.285
293.405
293.541
293.687
293.84
293.998
293.023
293.038
293.062
293.094
293.137
293.19
293.253
293.326
293.407
293.494
293.015
293.027
293.042
293.061
293.084
293.111
293.143
293.178
293.218
293.261
293.008
293.016
293.028
293.042
293.059
293.079
293.1
293.124
293.149
293.175
293.003
293.008
293.015
293.026
293.039
293.054
293.072
293.091
293.112
293.133
293.001
293.003
293.006
293.012
293.02
293.03
293.043
293.058
293.074
293.092
293
293.001
293.002
293.004
293.008
293.013
293.02
293.029
293.039
293.051
293
293
293
293.001
293.002
293.004
293.007
293.011
293.015
293.021
293
293
293
293
293.001
293.001
293.002
293.003
293.004
293.006
293
293
293
293
293
293
293
293.001
293.001
293.001
293
293
293
293
293
293
293
293
293
293
293
293
293
293
293
293
293
293
293
293
293
293
293
293
293
293
293
293
293
293
293
293
293
293
293
293
293
293
293
293
293
293
293
293
293
293
293
293
293
293
293
293
293
293
293
293
293
293
293
293
302.627
316.89
321.212
322.505
322.471
322.462
321.906
321.042
319.43
315.042
298.397
305.873
311.771
315.042
314.928
314.076
312.522
310.817
308.833
306.271
296.112
300.297
303.688
306.517
308.052
307.709
306.261
304.656
303.015
301.364
294.691
296.996
299.239
301.488
303.164
303.977
303.535
302.33
301.11
299.695
293.842
295.076
296.488
298.018
299.411
300.492
301.049
301.101
300.797
300.12
293.378
294.003
294.816
295.763
296.737
297.635
298.35
298.823
299.068
299.127
293.152
293.441
293.864
294.395
294.992
295.602
296.173
296.659
297.048
297.363
293.055
293.174
293.369
293.635
293.957
294.315
294.682
295.038
295.368
295.679
293.019
293.062
293.14
293.256
293.408
293.589
293.791
294.002
294.217
294.434
293.007
293.021
293.049
293.093
293.155
293.233
293.326
293.431
293.544
293.665
293.003
293.008
293.018
293.033
293.056
293.085
293.122
293.166
293.215
293.27
293.002
293.004
293.008
293.014
293.022
293.033
293.047
293.064
293.084
293.106
293.001
293.002
293.004
293.007
293.011
293.016
293.023
293.03
293.039
293.048
293
293.001
293.002
293.004
293.006
293.009
293.013
293.018
293.023
293.029
293
293
293.001
293.002
293.003
293.005
293.007
293.01
293.014
293.018
293
293
293
293
293.001
293.002
293.003
293.005
293.007
293.009
293
293
293
293
293
293.001
293.001
293.002
293.002
293.004
293
293
293
293
293
293
293
293
293.001
293.001
293
293
293
293
293
293
293
293
293
293
293
293
293
293
293
293
293
293
293
293
293
293
293
293
293
293
293
293
293
293
293
293
293
293
293
293
293
293
293
293
293
293
293
293
293
293
293
293
293
293
293
293
293
293
293
293
293
293
293
293
293
293
293
293
293
293
293
293
293
293
300.908
312.638
315.653
316.589
316.568
316.745
316.388
315.921
314.671
311.231
297.469
303.68
308.798
310.859
310.713
310.304
309.234
308.087
306.534
304.307
295.583
299.106
302.009
304.149
305.497
304.99
303.907
302.701
301.406
300.144
294.402
296.344
298.26
300.114
301.519
302.09
301.439
300.521
299.528
298.458
293.695
294.729
295.927
297.217
298.403
299.311
299.711
299.716
299.43
298.74
293.31
293.828
294.511
295.308
296.138
296.909
297.516
297.917
298.121
298.134
293.123
293.36
293.71
294.152
294.654
295.174
295.664
296.086
296.424
296.691
293.043
293.14
293.3
293.517
293.783
294.08
294.39
294.693
294.976
295.243
293.013
293.048
293.112
293.206
293.329
293.477
293.641
293.815
293.992
294.172
293.004
293.015
293.037
293.072
293.122
293.185
293.259
293.343
293.434
293.531
293.001
293.004
293.011
293.022
293.039
293.063
293.092
293.126
293.165
293.208
293
293.001
293.003
293.006
293.012
293.019
293.029
293.041
293.055
293.071
293
293
293.001
293.002
293.003
293.006
293.009
293.013
293.018
293.023
293
293
293
293.001
293.001
293.002
293.003
293.005
293.006
293.008
293
293
293
293
293
293.001
293.001
293.002
293.003
293.004
293
293
293
293
293
293
293
293.001
293.001
293.002
293
293
293
293
293
293
293
293
293
293
293
293
293
293
293
293
293
293
293
293
293
293
293
293
293
293
293
293
293
293
293
293
293
293
293
293
293
293
293
293
293
293
293
293
293
293
293
293
293
293
293
293
293
293
293
293
293
293
293
293
293
293
293
293
293
293
293
293
293
293
293
293
293
293
293
293
293
293
293
293
293
293
293
293
293
293
293
293
293
293
299.401
308.808
311
311.65
311.601
311.727
311.511
311.283
310.503
308.137
296.655
301.637
305.996
307.237
307.106
306.88
306.194
305.488
304.391
302.724
295.131
297.991
300.377
302.075
303.218
302.789
302.006
301.164
300.201
299.256
294.167
295.758
297.332
298.827
300.004
300.489
299.977
299.246
298.504
297.717
293.583
294.438
295.428
296.479
297.458
298.215
298.561
298.601
298.409
297.874
293.262
293.695
294.263
294.92
295.604
296.244
296.753
297.101
297.294
297.335
293.105
293.305
293.598
293.967
294.383
294.816
295.226
295.583
295.875
296.111
293.037
293.119
293.254
293.437
293.66
293.91
294.17
294.425
294.666
294.894
293.011
293.041
293.095
293.175
293.279
293.403
293.542
293.69
293.841
293.994
293.003
293.012
293.031
293.061
293.103
293.156
293.219
293.29
293.368
293.45
293.001
293.003
293.008
293.018
293.032
293.052
293.076
293.105
293.138
293.174
293
293.001
293.002
293.005
293.009
293.015
293.023
293.033
293.044
293.058
293
293
293
293.001
293.002
293.004
293.006
293.009
293.012
293.016
293
293
293
293
293
293.001
293.001
293.002
293.003
293.004
293
293
293
293
293
293
293
293
293.001
293.001
293
293
293
293
293
293
293
293
293
293
293
293
293
293
293
293
293
293
293
293
293
293
293
293
293
293
293
293
293
293
293
293
293
293
293
293
293
293
293
293
293
293
293
293
293
293
293
293
293
293
293
293
293
293
293
293
293
293
293
293
293
293
293
293
293
293
293
293
293
293
293
293
293
293
293
293
293
293
293
293
293
293
293
293
293
293
293
293
293
293
293
293
293
293
293
293
293
293
293
293
298.301
305.684
307.278
307.631
307.572
307.642
307.481
307.352
307.023
305.595
296.069
300.042
303.194
304.196
304.088
303.949
303.497
303.068
302.419
301.394
294.797
297.094
298.976
300.279
301.292
301.017
300.485
299.871
299.226
298.527
293.984
295.274
296.54
297.741
298.708
299.19
299.015
298.358
297.841
297.274
293.491
294.19
294.992
295.844
296.644
297.287
297.658
297.745
297.658
297.419
293.22
293.575
294.038
294.572
295.129
295.658
296.102
296.424
296.626
296.731
293.087
293.252
293.492
293.792
294.131
294.484
294.826
295.134
295.394
295.615
293.03
293.098
293.208
293.358
293.539
293.742
293.956
294.169
294.374
294.57
293.009
293.033
293.078
293.143
293.227
293.329
293.442
293.564
293.689
293.817
293.002
293.01
293.025
293.049
293.084
293.127
293.179
293.237
293.3
293.368
293
293.002
293.007
293.015
293.026
293.042
293.062
293.086
293.113
293.142
293
293
293.001
293.004
293.007
293.012
293.018
293.026
293.036
293.047
293
293
293
293.001
293.001
293.003
293.004
293.007
293.01
293.013
293
293
293
293
293
293
293.001
293.001
293.002
293.003
293
293
293
293
293
293
293
293
293
293
293
293
293
293
293
293
293
293
293
293
293
293
293
293
293
293
293
293
293
293
293
293
293
293
293
293
293
293
293
293
293
293
293
293
293
293
293
293
293
293
293
293
293
293
293
293
293
293
293
293
293
293
293
293
293
293
293
293
293
293
293
293
293
293
293
293
293
293
293
293
293
293
293
293
293
293
293
293
293
293
293
293
293
293
293
293
293
293
293
293
293
293
293
293
293
293
293
293
293
293
297.334
303.133
304.531
304.737
304.66
304.597
304.486
304.369
304.239
303.552
295.502
298.634
300.785
301.967
301.909
301.693
301.423
301.144
300.821
300.282
294.451
296.231
297.677
298.86
299.624
299.611
299.315
298.887
298.463
297.983
293.784
294.777
295.765
296.737
297.54
298.039
298.176
297.81
297.367
296.979
293.385
293.921
294.542
295.211
295.854
296.399
296.799
296.98
296.996
296.922
293.17
293.44
293.794
294.206
294.643
295.066
295.448
295.754
295.972
296.128
293.066
293.191
293.372
293.6
293.86
294.135
294.409
294.667
294.897
295.103
293.023
293.073
293.156
293.268
293.405
293.56
293.725
293.894
294.061
294.225
293.007
293.025
293.057
293.106
293.169
293.245
293.331
293.424
293.522
293.623
293.002
293.007
293.018
293.036
293.061
293.094
293.132
293.176
293.224
293.276
293
293.002
293.005
293.01
293.019
293.031
293.045
293.063
293.083
293.106
293
293
293.001
293.002
293.005
293.008
293.013
293.019
293.026
293.034
293
293
293
293
293.001
293.002
293.003
293.005
293.007
293.009
293
293
293
293
293
293
293
293.001
293.001
293.002
293
293
293
293
293
293
293
293
293
293
293
293
293
293
293
293
293
293
293
293
293
293
293
293
293
293
293
293
293
293
293
293
293
293
293
293
293
293
293
293
293
293
293
293
293
293
293
293
293
293
293
293
293
293
293
293
293
293
293
293
293
293
293
293
293
293
293
293
293
293
293
293
293
293
293
293
293
293
293
293
293
293
293
293
293
293
293
293
293
293
293
293
293
293
293
293
293
293
293
293
293
293
293
293
293
293
293
293
293
293
296.488
300.923
302.532
302.682
302.63
302.518
302.461
302.361
302.177
301.926
294.941
297.304
298.549
300.106
300.235
300.032
299.875
299.68
299.427
299.163
294.084
295.368
296.405
297.439
298.068
298.396
298.357
298.137
297.843
297.545
293.564
294.264
294.979
295.713
296.351
296.839
297.134
297.189
297.098
296.812
293.267
293.637
294.077
294.559
295.038
295.476
295.841
296.098
296.253
296.318
293.114
293.297
293.542
293.829
294.141
294.454
294.753
295.016
295.24
295.428
293.043
293.125
293.248
293.403
293.583
293.777
293.977
294.173
294.36
294.539
293.014
293.047
293.101
293.176
293.268
293.374
293.49
293.611
293.735
293.86
293.004
293.015
293.036
293.068
293.11
293.16
293.219
293.283
293.352
293.424
293.001
293.004
293.011
293.023
293.039
293.06
293.086
293.115
293.148
293.184
293
293.001
293.003
293.006
293.012
293.019
293.029
293.04
293.054
293.069
293
293
293.001
293.001
293.003
293.005
293.008
293.012
293.017
293.022
293
293
293
293
293
293.001
293.002
293.003
293.004
293.006
293
293
293
293
293
293
293
293
293.001
293.001
293
293
293
293
293
293
293
293
293
293
293
293
293
293
293
293
293
293
293
293
293
293
293
293
293
293
293
293
293
293
293
293
293
293
293
293
293
293
293
293
293
293
293
293
293
293
293
293
293
293
293
293
293
293
293
293
293
293
293
293
293
293
293
293
293
293
293
293
293
293
293
293
293
293
293
293
293
293
293
293
293
293
293
293
293
293
293
293
293
293
293
293
293
293
293
293
293
293
293
293
293
293
293
293
293
293
293
293
293
293
295.808
298.445
300.727
301.314
301.23
301.321
301.223
301.047
300.933
300.73
294.467
295.97
296.999
297.938
298.597
299.022
298.846
298.658
298.538
298.389
293.775
294.604
295.336
296.036
296.619
297.042
297.278
297.392
297.382
297.216
293.382
293.834
294.315
294.805
295.271
295.677
295.992
296.213
296.339
296.383
293.172
293.408
293.694
294.009
294.334
294.648
294.933
295.179
295.382
295.547
293.07
293.184
293.338
293.522
293.724
293.935
294.143
294.343
294.53
294.706
293.025
293.075
293.15
293.246
293.36
293.485
293.616
293.751
293.886
294.021
293.008
293.027
293.059
293.104
293.161
293.227
293.3
293.379
293.461
293.547
293.002
293.008
293.02
293.039
293.064
293.095
293.13
293.17
293.214
293.261
293
293.002
293.006
293.013
293.022
293.034
293.05
293.068
293.088
293.11
293
293
293.001
293.003
293.006
293.011
293.016
293.023
293.031
293.04
293
293
293
293.001
293.001
293.003
293.004
293.007
293.009
293.012
293
293
293
293
293
293
293.001
293.002
293.002
293.003
293
293
293
293
293
293
293
293
293
293.001
293
293
293
293
293
293
293
293
293
293
293
293
293
293
293
293
293
293
293
293
293
293
293
293
293
293
293
293
293
293
293
293
293
293
293
293
293
293
293
293
293
293
293
293
293
293
293
293
293
293
293
293
293
293
293
293
293
293
293
293
293
293
293
293
293
293
293
293
293
293
293
293
293
293
293
293
293
293
293
293
293
293
293
293
293
293
293
293
293
293
293
293
293
293
293
293
293
293
293
293
293
293
293
293
293
293
293
293
293
293
327.038
316.486
308.406
302.718
318.754
313.337
307.351
302.398
298.576
296.298
295.195
294.806
294.715
294.717
294.746
294.783
294.823
294.865
311.602
309.753
306.142
302.236
299.185
297.126
295.911
295.309
295.048
294.947
294.919
294.92
294.937
294.964
307.31
306.939
305.483
303.297
301.11
299.271
297.884
296.926
296.298
295.896
295.64
295.474
295.368
295.304
305.74
305.586
305.298
304.748
303.907
302.85
301.701
300.578
299.561
298.693
297.977
297.404
296.953
296.605
303.573
303.554
303.534
303.498
303.42
303.27
303.028
302.691
302.266
301.771
301.228
300.662
300.095
299.548
301.907
301.911
301.92
301.932
301.944
301.95
301.945
301.922
301.877
301.804
301.693
301.545
301.361
301.146
300.5
300.518
300.536
300.557
300.578
300.601
300.623
300.644
300.662
300.676
300.683
300.683
300.673
300.654
299.327
299.353
299.377
299.401
299.425
299.448
299.471
299.494
299.516
299.537
299.556
299.573
299.588
299.599
298.364
298.396
298.426
298.453
298.479
298.503
298.525
298.547
298.566
298.585
298.602
298.617
298.63
298.64
297.578
297.616
297.651
297.683
297.712
297.739
297.763
297.785
297.806
297.824
297.839
297.853
297.864
297.873
296.906
296.953
296.996
297.035
297.071
297.104
297.134
297.161
297.185
297.206
297.225
297.241
297.255
297.265
296.207
296.267
296.322
296.374
296.422
296.466
296.507
296.545
296.578
296.609
296.636
296.66
296.68
296.696
295.443
295.51
295.573
295.633
295.689
295.743
295.793
295.839
295.882
295.922
295.957
295.989
296.018
296.042
294.664
294.728
294.79
294.85
294.907
294.963
295.015
295.065
295.113
295.157
295.198
295.235
295.269
295.3
293.965
294.015
294.065
294.114
294.162
294.209
294.254
294.299
294.341
294.381
294.419
294.455
294.488
294.518
293.453
293.483
293.513
293.544
293.575
293.605
293.635
293.665
293.694
293.721
293.748
293.773
293.797
293.819
293.165
293.178
293.192
293.206
293.22
293.234
293.248
293.262
293.276
293.29
293.303
293.315
293.327
293.338
293.045
293.049
293.054
293.058
293.063
293.068
293.072
293.077
293.082
293.086
293.09
293.094
293.098
293.101
293.009
293.01
293.011
293.012
293.013
293.014
293.015
293.017
293.018
293.019
293.02
293.02
293.021
293.022
293.002
293.002
293.002
293.002
293.002
293.002
293.003
293.003
293.003
293.003
293.003
293.003
293.003
293.003
293
293
293
293
293
293
293
293
293
293.001
293.001
293.001
293.001
293.001
293
293
293
293
293
293
293
293
293
293
293
293
293
293
293
293
293
293
293
293
293
293
293
293
293
293
293
293
293
293
293
293
293
293
293
293
293
293
293
293
293
293
315.07
302.979
297.669
295.98
308.893
301.744
297.835
296.287
295.526
295.09
294.892
294.845
294.865
294.909
294.96
295.014
295.071
295.13
304.873
301.081
298.357
296.908
296.039
295.482
295.171
295.037
294.999
295.006
295.035
295.075
295.123
295.176
303.305
301.461
299.669
298.361
297.383
296.639
296.114
295.776
295.569
295.447
295.379
295.345
295.337
295.348
303.613
302.953
302.014
301.01
300.065
299.215
298.479
297.863
297.36
296.958
296.641
296.395
296.207
296.068
301.861
301.856
301.774
301.609
301.347
301.009
300.619
300.198
299.766
299.342
298.937
298.56
298.217
297.91
299.765
299.875
299.972
300.051
300.104
300.127
300.119
300.08
300.008
299.903
299.775
299.628
299.469
299.302
297.903
298.025
298.145
298.262
298.374
298.478
298.574
298.659
298.733
298.793
298.841
298.875
298.898
298.906
296.429
296.537
296.644
296.751
296.857
296.962
297.064
297.164
297.261
297.353
297.44
297.522
297.598
297.668
295.346
295.433
295.52
295.607
295.694
295.781
295.867
295.953
296.037
296.12
296.201
296.28
296.356
296.429
294.594
294.661
294.729
294.797
294.865
294.933
295.002
295.069
295.137
295.204
295.27
295.334
295.398
295.459
294.086
294.137
294.189
294.242
294.295
294.349
294.403
294.457
294.511
294.565
294.618
294.67
294.722
294.772
293.809
293.844
293.88
293.917
293.955
293.993
294.032
294.071
294.111
294.15
294.19
294.23
294.27
294.31
293.635
293.665
293.695
293.725
293.756
293.787
293.818
293.85
293.881
293.913
293.944
293.976
294.008
294.039
293.451
293.477
293.504
293.532
293.559
293.587
293.615
293.643
293.672
293.7
293.728
293.756
293.784
293.812
293.26
293.28
293.3
293.321
293.343
293.364
293.387
293.41
293.433
293.456
293.479
293.503
293.526
293.549
293.116
293.127
293.138
293.15
293.163
293.176
293.189
293.203
293.218
293.232
293.247
293.262
293.278
293.293
293.039
293.044
293.048
293.053
293.058
293.064
293.07
293.076
293.082
293.089
293.096
293.103
293.11
293.117
293.01
293.011
293.013
293.014
293.016
293.017
293.019
293.021
293.023
293.025
293.028
293.03
293.032
293.035
293.002
293.002
293.002
293.003
293.003
293.004
293.004
293.004
293.005
293.005
293.006
293.006
293.007
293.007
293
293
293
293
293
293.001
293.001
293.001
293.001
293.001
293.001
293.001
293.001
293.001
293
293
293
293
293
293
293
293
293
293
293
293
293
293
293
293
293
293
293
293
293
293
293
293
293
293
293
293
293
293
293
293
293
293
293
293
293
293
293
293
293
293
293
293
293
293
293
293
293
293
293
293
293
293
293
293
308.841
299.247
296.014
295.19
304.033
298.398
296.023
295.295
295.064
294.986
294.982
295.019
295.075
295.138
295.205
295.275
295.346
295.419
300.938
297.885
296.234
295.573
295.285
295.144
295.089
295.09
295.121
295.168
295.225
295.287
295.354
295.424
299.879
298.221
297.031
296.366
295.969
295.707
295.538
295.442
295.394
295.379
295.386
295.41
295.446
295.493
301.044
299.992
298.957
298.184
297.625
297.197
296.858
296.588
296.375
296.21
296.085
295.994
295.931
295.893
300.229
300.128
299.921
299.629
299.302
298.969
298.645
298.34
298.057
297.801
297.572
297.369
297.192
297.04
298.277
298.396
298.489
298.551
298.581
298.581
298.555
298.5
298.424
298.34
298.251
298.16
298.068
297.978
296.413
296.551
296.685
296.814
296.935
297.046
297.147
297.235
297.311
297.375
297.427
297.468
297.498
297.519
294.995
295.101
295.209
295.319
295.428
295.537
295.645
295.75
295.852
295.95
296.043
296.131
296.213
296.29
294.065
294.133
294.203
294.276
294.351
294.428
294.506
294.585
294.664
294.743
294.822
294.9
294.976
295.049
293.531
293.569
293.609
293.651
293.695
293.74
293.787
293.836
293.885
293.936
293.987
294.039
294.091
294.142
293.279
293.298
293.318
293.338
293.36
293.383
293.407
293.432
293.458
293.485
293.513
293.542
293.572
293.601
293.186
293.198
293.21
293.222
293.235
293.248
293.262
293.276
293.291
293.306
293.322
293.339
293.355
293.372
293.143
293.152
293.161
293.171
293.182
293.192
293.203
293.214
293.226
293.237
293.249
293.262
293.275
293.287
293.1
293.108
293.116
293.125
293.134
293.143
293.152
293.162
293.173
293.183
293.194
293.205
293.216
293.228
293.056
293.061
293.067
293.073
293.08
293.086
293.093
293.101
293.109
293.117
293.125
293.134
293.143
293.152
293.024
293.026
293.029
293.032
293.036
293.039
293.043
293.048
293.052
293.057
293.062
293.067
293.072
293.078
293.007
293.008
293.009
293.011
293.012
293.013
293.015
293.017
293.018
293.02
293.022
293.025
293.027
293.029
293.002
293.002
293.002
293.003
293.003
293.003
293.004
293.004
293.005
293.005
293.006
293.007
293.007
293.008
293
293
293
293
293
293.001
293.001
293.001
293.001
293.001
293.001
293.001
293.001
293.002
293
293
293
293
293
293
293
293
293
293
293
293
293
293
293
293
293
293
293
293
293
293
293
293
293
293
293
293
293
293
293
293
293
293
293
293
293
293
293
293
293
293
293
293
293
293
293
293
293
293
293
293
293
293
293
293
293
293
293
293
293
293
293
293
293
293
293
293
293
293
306.31
298.309
295.679
295.099
295.021
302.123
297.457
295.607
295.135
295.053
295.07
295.118
295.18
295.247
295.316
295.385
295.453
295.517
295.578
295.633
299.325
296.841
295.634
295.249
295.147
295.134
295.158
295.202
295.257
295.318
295.383
295.448
295.512
295.573
295.629
298.147
296.827
296.012
295.649
295.489
295.412
295.379
295.374
295.389
295.418
295.456
295.502
295.552
295.605
295.656
298.754
297.882
297.181
296.728
296.452
296.266
296.127
296.023
295.947
295.892
295.857
295.838
295.833
295.84
295.858
299.015
298.81
298.533
298.231
297.937
297.669
297.435
297.235
297.066
296.924
296.805
296.707
296.625
296.558
296.504
297.481
297.57
297.627
297.653
297.65
297.62
297.571
297.514
297.451
297.388
297.326
297.268
297.215
297.167
297.123
295.808
295.933
296.053
296.166
296.269
296.363
296.444
296.515
296.574
296.622
296.66
296.692
296.719
296.742
296.762
294.525
294.618
294.713
294.809
294.906
295.001
295.095
295.187
295.275
295.359
295.438
295.512
295.581
295.645
295.704
293.716
293.77
293.826
293.884
293.945
294.007
294.071
294.136
294.201
294.266
294.331
294.395
294.457
294.518
294.576
293.294
293.319
293.345
293.373
293.403
293.434
293.467
293.501
293.536
293.572
293.608
293.645
293.683
293.72
293.757
293.115
293.125
293.136
293.148
293.16
293.173
293.187
293.201
293.216
293.232
293.248
293.265
293.282
293.3
293.317
293.053
293.057
293.062
293.067
293.072
293.077
293.083
293.089
293.096
293.103
293.11
293.117
293.124
293.132
293.14
293.032
293.034
293.037
293.04
293.043
293.046
293.05
293.053
293.057
293.061
293.065
293.069
293.074
293.078
293.083
293.02
293.022
293.024
293.026
293.029
293.031
293.034
293.036
293.039
293.042
293.046
293.049
293.052
293.056
293.06
293.011
293.012
293.013
293.014
293.016
293.018
293.019
293.021
293.023
293.026
293.028
293.03
293.033
293.036
293.038
293.004
293.005
293.005
293.006
293.007
293.008
293.008
293.009
293.011
293.012
293.013
293.014
293.016
293.017
293.019
293.001
293.001
293.002
293.002
293.002
293.002
293.003
293.003
293.003
293.004
293.004
293.005
293.005
293.006
293.007
293
293
293
293
293
293
293.001
293.001
293.001
293.001
293.001
293.001
293.001
293.001
293.002
293
293
293
293
293
293
293
293
293
293
293
293
293
293
293
293
293
293
293
293
293
293
293
293
293
293
293
293
293
293
293
293
293
293
293
293
293
293
293
293
293
293
293
293
293
293
293
293
293
293
293
293
293
293
293
293
293
293
293
293
293
293
293
293
293
293
293
293
293
293
293
293
293
293
293
293
293
293
293
293
293
293
293
293
293
304.579
297.925
295.615
295.114
295.069
295.115
295.175
295.233
295.285
295.329
295.364
295.388
300.975
297.097
295.515
295.133
295.096
295.136
295.192
295.251
295.305
295.354
295.394
295.423
295.44
295.444
295.436
298.49
296.453
295.468
295.188
295.147
295.173
295.218
295.27
295.323
295.374
295.419
295.456
295.48
295.489
295.481
297.294
296.254
295.638
295.404
295.337
295.328
295.344
295.371
295.406
295.445
295.486
295.524
295.556
295.577
295.581
297.577
296.878
296.372
296.089
295.939
295.857
295.807
295.775
295.756
295.748
295.749
295.757
295.771
295.786
295.798
298.012
297.831
297.605
297.367
297.143
296.946
296.779
296.644
296.535
296.451
296.386
296.337
296.3
296.272
296.251
296.788
296.857
296.9
296.917
296.915
296.897
296.869
296.835
296.798
296.761
296.726
296.694
296.667
296.644
296.624
295.352
295.458
295.559
295.653
295.739
295.816
295.884
295.944
295.997
296.043
296.084
296.119
296.151
296.179
296.204
294.248
294.325
294.404
294.483
294.562
294.641
294.718
294.792
294.864
294.933
294.999
295.061
295.12
295.175
295.227
293.572
293.614
293.659
293.705
293.753
293.803
293.853
293.904
293.955
294.006
294.057
294.107
294.156
294.203
294.249
293.226
293.246
293.266
293.288
293.311
293.335
293.36
293.385
293.412
293.439
293.467
293.494
293.522
293.55
293.577
293.078
293.086
293.094
293.102
293.111
293.121
293.131
293.141
293.152
293.164
293.175
293.187
293.199
293.212
293.224
293.026
293.028
293.031
293.034
293.037
293.04
293.044
293.048
293.052
293.056
293.06
293.064
293.069
293.073
293.078
293.009
293.01
293.011
293.012
293.014
293.015
293.016
293.018
293.019
293.021
293.023
293.024
293.026
293.028
293.03
293.004
293.005
293.005
293.006
293.006
293.007
293.008
293.008
293.009
293.01
293.011
293.012
293.013
293.014
293.015
293.002
293.002
293.002
293.003
293.003
293.003
293.004
293.004
293.005
293.005
293.006
293.006
293.007
293.008
293.008
293.001
293.001
293.001
293.001
293.001
293.001
293.001
293.002
293.002
293.002
293.002
293.003
293.003
293.003
293.004
293
293
293
293
293
293
293
293
293
293.001
293.001
293.001
293.001
293.001
293.001
293
293
293
293
293
293
293
293
293
293
293
293
293
293
293
293
293
293
293
293
293
293
293
293
293
293
293
293
293
293
293
293
293
293
293
293
293
293
293
293
293
293
293
293
293
293
293
293
293
293
293
293
293
293
293
293
293
293
293
293
293
293
293
293
293
293
293
293
293
293
293
293
293
293
293
293
293
293
293
293
293
293
293
293
293
293
293
293
293
293
293
293
293
293
293
293
293
293
293
293
293
293
303.224
297.76
295.639
295.139
295.087
295.125
295.173
295.213
295.241
295.255
295.255
295.24
295.21
295.167
295.114
295.054
300.153
296.95
295.519
295.153
295.118
295.156
295.205
295.25
295.285
295.308
295.317
295.308
295.283
295.242
295.188
297.978
296.303
295.437
295.186
295.159
295.192
295.238
295.284
295.326
295.36
295.382
295.389
295.378
295.347
295.296
296.853
296.021
295.509
295.323
295.285
295.299
295.33
295.366
295.403
295.44
295.472
295.497
295.509
295.504
295.476
296.955
296.404
296.005
295.794
295.7
295.663
295.649
295.647
295.653
295.663
295.678
295.695
295.711
295.726
295.733
297.256
297.127
296.961
296.787
296.625
296.485
296.37
296.279
296.209
296.158
296.121
296.097
296.082
296.073
296.069
296.199
296.266
296.313
296.341
296.353
296.354
296.346
296.332
296.316
296.3
296.284
296.272
296.262
296.255
296.251
294.988
295.079
295.167
295.249
295.326
295.397
295.461
295.519
295.571
295.617
295.658
295.695
295.728
295.758
295.785
294.058
294.124
294.19
294.258
294.326
294.393
294.459
294.524
294.586
294.646
294.703
294.758
294.809
294.857
294.902
293.485
293.521
293.559
293.598
293.638
293.68
293.722
293.765
293.808
293.851
293.894
293.936
293.976
294.016
294.054
293.19
293.206
293.224
293.242
293.261
293.281
293.302
293.323
293.345
293.367
293.39
293.412
293.435
293.457
293.479
293.063
293.07
293.076
293.083
293.09
293.098
293.106
293.115
293.124
293.133
293.142
293.152
293.161
293.171
293.18
293.018
293.02
293.022
293.024
293.027
293.029
293.032
293.035
293.038
293.041
293.044
293.047
293.05
293.054
293.057
293.005
293.005
293.006
293.007
293.007
293.008
293.009
293.01
293.01
293.011
293.012
293.013
293.014
293.015
293.016
293.001
293.001
293.002
293.002
293.002
293.002
293.002
293.003
293.003
293.003
293.004
293.004
293.004
293.005
293.005
293
293
293
293
293
293.001
293.001
293.001
293.001
293.001
293.001
293.001
293.001
293.002
293.002
293
293
293
293
293
293
293
293
293
293
293
293
293
293
293.001
293
293
293
293
293
293
293
293
293
293
293
293
293
293
293
293
293
293
293
293
293
293
293
293
293
293
293
293
293
293
293
293
293
293
293
293
293
293
293
293
293
293
293
293
293
293
293
293
293
293
293
293
293
293
293
293
293
293
293
293
293
293
293
293
293
293
293
293
293
293
293
293
293
293
293
293
293
293
293
293
293
293
293
293
293
293
293
293
293
293
293
293
293
293
293
293
293
293
293
293
293
293
293
293
293
293
293
293
293
293
293
293
293
293
293
293
293
302.103
297.719
295.719
295.171
295.088
295.112
295.148
295.177
295.192
295.193
295.178
295.147
295.102
295.046
294.98
294.907
299.507
296.914
295.574
295.179
295.122
295.149
295.19
295.225
295.25
295.261
295.256
295.235
295.198
295.147
295.084
297.616
296.263
295.464
295.202
295.162
295.189
295.23
295.27
295.305
295.331
295.344
295.343
295.322
295.284
295.232
296.614
295.95
295.492
295.307
295.267
295.28
295.311
295.347
295.383
295.417
295.446
295.468
295.477
295.469
295.44
296.776
296.251
295.888
295.694
295.606
295.573
295.566
295.571
295.582
295.598
295.617
295.636
295.655
295.671
295.682
296.712
296.644
296.542
296.427
296.315
296.214
296.129
296.06
296.006
295.967
295.94
295.924
295.915
295.913
295.916
295.701
295.772
295.829
295.871
295.9
295.919
295.929
295.934
295.934
295.933
295.931
295.93
295.93
295.931
295.934
294.651
294.731
294.808
294.883
294.954
295.02
295.081
295.137
295.189
295.235
295.277
295.315
295.349
295.38
295.409
293.87
293.925
293.981
294.038
294.096
294.153
294.209
294.265
294.319
294.371
294.421
294.468
294.513
294.555
294.594
293.396
293.426
293.457
293.49
293.523
293.557
293.592
293.627
293.663
293.698
293.733
293.768
293.801
293.833
293.864
293.155
293.168
293.182
293.197
293.213
293.229
293.246
293.263
293.281
293.299
293.317
293.335
293.353
293.37
293.388
293.051
293.056
293.062
293.067
293.073
293.079
293.086
293.093
293.1
293.107
293.115
293.122
293.13
293.137
293.144
293.014
293.016
293.018
293.019
293.021
293.023
293.025
293.027
293.03
293.032
293.035
293.037
293.04
293.042
293.045
293.003
293.004
293.004
293.005
293.005
293.006
293.006
293.007
293.007
293.008
293.009
293.01
293.01
293.011
293.012
293.001
293.001
293.001
293.001
293.001
293.001
293.001
293.001
293.002
293.002
293.002
293.002
293.002
293.002
293.003
293
293
293
293
293
293
293
293
293
293
293
293
293
293
293
293
293
293
293
293
293
293
293
293
293
293
293
293
293
293
293
293
293
293
293
293
293
293
293
293
293
293
293
293
293
293
293
293
293
293
293
293
293
293
293
293
293
293
293
293
293
293
293
293
293
293
293
293
293
293
293
293
293
293
293
293
293
293
293
293
293
293
293
293
293
293
293
293
293
293
293
293
293
293
293
293
293
293
293
293
293
293
293
293
293
293
293
293
293
293
293
293
293
293
293
293
293
293
293
293
293
293
293
293
293
293
293
293
293
293
293
293
293
293
293
293
293
293
293
293
293
293
293
293
293
293
293
293
293
293
301.16
297.775
295.873
295.232
295.091
295.092
295.119
295.145
295.16
295.16
295.149
295.126
295.092
295.048
294.995
294.935
298.983
296.962
295.689
295.227
295.123
295.13
295.161
295.193
295.217
295.229
295.228
295.216
295.192
295.157
295.111
295.057
297.356
296.302
295.55
295.243
295.166
295.174
295.206
295.241
295.274
295.3
295.315
295.318
295.311
295.291
295.261
295.219
296.513
296.004
295.579
295.361
295.285
295.277
295.295
295.322
295.352
295.381
295.409
295.431
295.444
295.446
295.438
295.419
296.727
296.429
296.101
295.842
295.679
295.59
295.548
295.532
295.532
295.54
295.554
295.57
295.587
295.604
295.615
295.62
296.172
296.181
296.159
296.113
296.054
295.994
295.936
295.886
295.843
295.81
295.785
295.769
295.759
295.755
295.756
295.76
295.186
295.262
295.33
295.389
295.438
295.477
295.509
295.533
295.552
295.567
295.579
295.589
295.598
295.606
295.615
295.623
294.293
294.36
294.428
294.495
294.56
294.622
294.681
294.737
294.789
294.837
294.881
294.921
294.958
294.991
295.021
295.048
293.666
293.709
293.754
293.8
293.847
293.894
293.941
293.987
294.033
294.078
294.121
294.162
294.201
294.238
294.272
294.304
293.298
293.321
293.345
293.37
293.395
293.422
293.449
293.477
293.505
293.533
293.56
293.588
293.614
293.64
293.664
293.115
293.125
293.136
293.147
293.158
293.171
293.183
293.196
293.21
293.223
293.237
293.251
293.264
293.278
293.29
293.038
293.041
293.045
293.05
293.054
293.059
293.063
293.068
293.074
293.079
293.085
293.09
293.096
293.101
293.106
293.01
293.011
293.013
293.014
293.015
293.017
293.018
293.02
293.022
293.023
293.025
293.027
293.029
293.031
293.033
293.002
293.003
293.003
293.003
293.004
293.004
293.004
293.005
293.005
293.006
293.006
293.007
293.007
293.008
293.008
293
293
293
293
293.001
293.001
293.001
293.001
293.001
293.001
293.001
293.001
293.001
293.002
293.002
293
293
293
293
293
293
293
293
293
293
293
293
293
293
293
293
293
293
293
293
293
293
293
293
293
293
293
293
293
293
293
293
293
293
293
293
293
293
293
293
293
293
293
293
293
293
293
293
293
293
293
293
293
293
293
293
293
293
293
293
293
293
293
293
293
293
293
293
293
293
293
293
293
293
293
293
293
293
293
293
293
293
293
293
293
293
293
293
293
293
293
293
293
293
293
293
293
293
293
293
293
293
293
293
293
293
293
293
293
293
293
293
293
293
293
293
293
293
293
293
293
293
293
293
293
293
293
293
293
293
293
293
293
293
293
293
293
293
293
293
293
293
293
293
293
293
293
293
293
293
300.334
297.897
296.138
295.374
295.132
295.082
295.09
295.109
295.124
295.133
295.135
295.13
295.117
295.096
295.069
295.036
298.52
297.08
295.907
295.35
295.16
295.122
295.133
295.156
295.176
295.192
295.202
295.206
295.202
295.19
295.17
295.144
297.178
296.43
295.736
295.364
295.218
295.188
295.194
295.214
295.237
295.258
295.274
295.287
295.294
295.293
295.286
295.271
296.526
296.166
295.752
295.524
295.406
295.352
295.331
295.328
295.336
295.35
295.366
295.381
295.393
295.403
295.408
295.408
296.314
296.256
296.141
296
295.862
295.745
295.654
295.589
295.546
295.521
295.508
295.505
295.508
295.513
295.519
295.525
295.501
295.561
295.605
295.632
295.644
295.645
295.637
295.624
295.609
295.594
295.58
295.569
295.561
295.555
295.552
295.552
294.613
294.685
294.755
294.821
294.882
294.938
294.988
295.032
295.071
295.105
295.134
295.16
295.182
295.201
295.218
295.233
293.912
293.965
294.02
294.074
294.129
294.183
294.236
294.287
294.336
294.382
294.426
294.467
294.505
294.54
294.572
294.601
293.455
293.486
293.519
293.553
293.588
293.623
293.659
293.695
293.731
293.766
293.801
293.834
293.866
293.897
293.925
293.952
293.199
293.215
293.231
293.248
293.267
293.285
293.304
293.324
293.344
293.364
293.384
293.404
293.423
293.442
293.46
293.477
293.075
293.082
293.089
293.097
293.105
293.113
293.121
293.13
293.139
293.149
293.158
293.167
293.177
293.186
293.195
293.203
293.024
293.027
293.029
293.032
293.035
293.038
293.041
293.045
293.048
293.052
293.055
293.059
293.063
293.066
293.07
293.073
293.007
293.007
293.008
293.009
293.01
293.011
293.012
293.013
293.014
293.015
293.016
293.017
293.019
293.02
293.021
293.022
293.001
293.002
293.002
293.002
293.002
293.002
293.003
293.003
293.003
293.004
293.004
293.004
293.005
293.005
293.005
293.005
293
293
293
293
293
293
293
293
293
293.001
293.001
293.001
293.001
293.001
293.001
293.001
293
293
293
293
293
293
293
293
293
293
293
293
293
293
293
293
293
293
293
293
293
293
293
293
293
293
293
293
293
293
293
293
293
293
293
293
293
293
293
293
293
293
293
293
293
293
293
293
293
293
293
293
293
293
293
293
293
293
293
293
293
293
293
293
293
293
293
293
293
293
293
293
293
293
293
293
293
293
293
293
293
293
293
293
293
293
293
293
293
293
293
293
293
293
293
293
293
293
293
293
293
293
293
293
293
293
293
293
293
293
293
293
293
293
293
293
293
293
293
293
293
293
293
293
293
293
293
293
293
293
293
293
293
293
293
293
293
293
293
293
293
293
293
293
293
293
293
293
293
293
293
293
299.48
297.965
296.489
295.679
295.344
295.2
295.14
295.116
295.11
295.11
295.113
295.115
295.116
295.114
295.108
295.099
298.032
297.198
296.233
295.64
295.379
295.256
295.201
295.177
295.17
295.171
295.176
295.182
295.186
295.188
295.186
295.182
297.027
296.619
296.055
295.703
295.498
295.382
295.317
295.283
295.265
295.258
295.257
295.261
295.265
295.269
295.27
295.269
296.369
296.288
296.124
295.939
295.774
295.643
295.546
295.477
295.43
295.4
295.38
295.367
295.36
295.357
295.356
295.355
295.611
295.659
295.686
295.691
295.677
295.65
295.615
295.577
295.541
295.508
295.48
295.457
295.439
295.425
295.415
295.408
294.779
294.849
294.916
294.976
295.03
295.076
295.115
295.147
295.172
295.191
295.206
295.218
295.227
295.234
295.239
295.243
294.077
294.135
294.193
294.25
294.307
294.363
294.416
294.466
294.514
294.557
294.598
294.635
294.668
294.697
294.723
294.746
293.583
293.62
293.659
293.698
293.738
293.779
293.82
293.86
293.9
293.939
293.977
294.013
294.047
294.078
294.108
294.134
293.281
293.301
293.323
293.345
293.369
293.392
293.417
293.442
293.467
293.492
293.516
293.541
293.564
293.587
293.608
293.628
293.119
293.129
293.139
293.15
293.162
293.174
293.186
293.199
293.211
293.225
293.238
293.251
293.263
293.276
293.288
293.299
293.044
293.048
293.052
293.057
293.062
293.067
293.072
293.078
293.083
293.089
293.095
293.101
293.106
293.112
293.118
293.123
293.014
293.015
293.017
293.018
293.02
293.022
293.024
293.026
293.028
293.03
293.032
293.035
293.037
293.039
293.041
293.043
293.004
293.004
293.004
293.005
293.005
293.006
293.007
293.007
293.008
293.009
293.009
293.01
293.011
293.011
293.012
293.013
293.001
293.001
293.001
293.001
293.001
293.001
293.001
293.002
293.002
293.002
293.002
293.002
293.002
293.003
293.003
293.003
293
293
293
293
293
293
293
293
293
293
293
293
293
293
293
293
293
293
293
293
293
293
293
293
293
293
293
293
293
293
293
293
293
293
293
293
293
293
293
293
293
293
293
293
293
293
293
293
293
293
293
293
293
293
293
293
293
293
293
293
293
293
293
293
293
293
293
293
293
293
293
293
293
293
293
293
293
293
293
293
293
293
293
293
293
293
293
293
293
293
293
293
293
293
293
293
293
293
293
293
293
293
293
293
293
293
293
293
293
293
293
293
293
293
293
293
293
293
293
293
293
293
293
293
293
293
293
293
293
293
293
293
293
293
293
293
293
293
293
293
293
293
293
293
293
293
293
293
293
293
293
293
293
293
293
293
293
293
293
293
293
293
293
293
293
293
293
293
293
335.591
318.63
322.296
304.163
314.499
299.988
311.154
299.053
308.695
298.659
295.698
306.697
298.495
295.741
295.119
305.013
298.469
295.851
295.157
295.046
295.061
295.088
295.104
295.104
295.088
295.058
295.018
303.596
298.55
296.046
295.233
295.052
295.04
295.056
295.064
295.059
295.043
295.017
294.981
294.938
294.887
294.831
294.772
302.441
298.707
296.363
295.399
295.1
295.034
295.028
295.03
295.03
295.024
295.011
294.992
294.967
294.936
294.902
294.865
301.96
299.224
296.889
295.691
295.2
295.009
294.935
294.906
294.892
301.517
298.816
296.747
295.754
295.328
295.15
295.072
295.038
295.021
295.012
295.005
294.997
294.988
294.977
294.964
294.95
293
293.001
293.016
293.216
294.949
293
293.001
293.012
293.165
294.634
293
293
293.007
293.113
294.278
293
293.001
293.011
293.136
294.111
293
293
293.007
293.1
293.89
293
293
293.004
293.066
293.653
293
293
293.006
293.074
293.562
293
293
293.004
293.053
293.428
293
293
293.002
293.033
293.293
293
293
293.003
293.036
293.254
293
293
293.002
293.024
293.183
293
293
293.001
293.014
293.117
293
293
293.001
293.015
293.103
293
293
293.001
293.01
293.071
293
293
293
293.006
293.042
293
293
293
293.006
293.038
293
293
293
293.004
293.025
293
293
293
293.002
293.014
293
293
293
293.002
293.013
293
293
293
293.001
293.008
293
293
293
293
293.004
293
293
293
293
293.004
293
293
293
293
293.002
293
293
293
293
293.001
293
293
293
293
293.001
293
293
293
293
293.001
293
293
293
293
293
293
293
293
293
293
293
293
293
293
293
293
293
293
293
293
293
293
293
293
293
293
293
293
293
293
293
293
293
293
293
293
293
293
293
293
293
293
293
293
293
293
293
293
293
293
293
293
293
293
293
293
293
293
293
293
293
293
293
293
293
293
293
293
293
293
293
293
293
293
293
293
293
293
293
293
293
293
293
293
293
293
293
293
293
293
293
293
293
293
293
293
293
293
293
293
293
293
293
293
293
293
293
293
293
293
293
293
293
293
293
293
293
293
293
293
293
293
293
293
293
293
293
293
293
293
293
293
293
293
293
293
293
293
293
293
293
293
293
293
293
293
293
293
293
293
293
293
293
293
293
293
293
293
293
293
293
293
293
293
293
293
293
293
293
293
293
293
293
293
293
293
293
293
293
293
293
293
293
293
293
293
293
293
293
293
293
293
293
293
293
293
293
293
293
293
293
293
293
293
293
293
293
293
293
293
293
293
293
293
293
293
293
293
293
293
293
293
293
293
293
293
293
293
293
293
293
293
293
293
293
293
293
293
293
293
293
293
293
293
293
293
293
293
293
293
293
293
293
293
293
293
293
293
293
293
293
293
293
293
293
293
293
293
293
293
293
293
293
293
293
293
293
293
293
293
293
293
293
293
293
293
293
293
293
293
293
293
293
293
293
293
293
293
293
293
293
293
293
293
293
293
293
293
293
293
293
293
293
293
293
293
293
293
293
293
293
293
293
293
293
293
293
293
293
293
293
293
293
293
293
293
293
293
293
293
293
293
293
293
293
293
293
293
293
293
293
293
293
293
293
293
293
293
293
293
293
293
293
293
293
293
293
293
293
293
293
293
293
293
293
293
293
293
293
293
293
293
293
293
293
293
293
293
293
293
293
293
293
293
293
293
293
293
293
293
293
293
293
293
293
293
293
293
293
293
293
293
293
293
293
293
293
293
293
293
293
293
293
293
293
293
293
293
293
293
293
293
293
293
293.005
293.077
293.815
293
293
293.003
293.043
293.414
293
293
293.001
293.02
293.175
293
293
293.001
293.008
293.062
293
293
293
293
293.002
293.019
293
293
293
293
293.001
293.005
293
293
293
293
293
293.001
293
293
293
293
293
293
293
293
293
293
293
293
293
293
293
293
293
293
293
293
293
293
293
293
293
293
293
293
293
293
293
293
293
293
293
293
293
293
293
293
293
293
293
293
293
293
293
293
293
293
293
293
293
293
293
293
293
293
293
293
293
293
293
293
293
293
293
293
293
293
293
293
293
293
293
293
293
293
293
293
293
293
293
293
293
293
293
293
293
293
293
293
293
293
293
293
293
293
293
293
293
293
293
293
293
293
293
293
293
293
293
293
293
293
293
293
293
293
293
293
293
293
293
293
293
293
293
293
293
293
293
293
293
293
293
293.003
293.045
293.43
293
293
293.002
293.025
293.225
293
293
293.001
293.012
293.097
293
293
293
293.004
293.035
293
293
293
293
293.001
293.011
293
293
293
293
293
293.003
293
293
293
293
293
293.001
293
293
293
293
293
293
293
293
293
293
293
293
293
293
293
293
293
293
293
293
293
293
293
293
293
293
293
293
293
293
293
293
293
293
293
293
293
293
293
293
293
293
293
293
293
293
293
293
293
293
293
293
293
293
293
293
293
293
293
293
293
293
293
293
293
293
293
293
293
293
293
293
293
293
293
293
293
293
293
293
293
293
293
293
293
293
293
293
293
293
293
293
293
293
293
293
293
293
293
293
293
293
293
293
293
293
293
293
293
293
293
293
293
293
293
293
293
293
293
293
293
293
293
293
293
293
293
293
293
293
293
293
293
293
293
293.002
293.022
293.196
293
293
293.001
293.012
293.104
293
293
293
293.006
293.046
293
293
293
293.002
293.017
293
293
293
293
293.001
293.005
293
293
293
293
293
293.001
293
293
293
293
293
293
293
293
293
293
293
293
293
293
293
293
293
293
293
293
293
293
293
293
293
293
293
293
293
293
293
293
293
293
293
293
293
293
293
293
293
293
293
293
293
293
293
293
293
293
293
293
293
293
293
293
293
293
293
293
293
293
293
293
293
293
293
293
293
293
293
293
293
293
293
293
293
293
293
293
293
293
293
293
293
293
293
293
293
293
293
293
293
293
293
293
293
293
293
293
293
293
293
293
293
293
293
293
293
293
293
293
293
293
293
293
293
293
293
293
293
293
293
293
293
293
293
293
293
293
293
293
293
293
293
293
293
293
293
293
293
293.001
293.01
293.079
293
293
293
293.005
293.043
293
293
293
293.002
293.019
293
293
293
293.001
293.007
293
293
293
293
293
293.002
293
293
293
293
293
293.001
293
293
293
293
293
293
293
293
293
293
293
293
293
293
293
293
293
293
293
293
293
293
293
293
293
293
293
293
293
293
293
293
293
293
293
293
293
293
293
293
293
293
293
293
293
293
293
293
293
293
293
293
293
293
293
293
293
293
293
293
293
293
293
293
293
293
293
293
293
293
293
293
293
293
293
293
293
293
293
293
293
293
293
293
293
293
293
293
293
293
293
293
293
293
293
293
293
293
293
293
293
293
293
293
293
293
293
293
293
293
293
293
293
293
293
293
293
293
293
293
293
293
293
293
293
293
293
293
293
293
293
293
293
293
293
293
293
293
293
293
293
293
293.004
293.028
293
293
293
293.002
293.016
293
293
293
293.001
293.007
293
293
293
293
293.003
293
293
293
293
293
293.001
293
293
293
293
293
293
293
293
293
293
293
293
293
293
293
293
293
293
293
293
293
293
293
293
293
293
293
293
293
293
293
293
293
293
293
293
293
293
293
293
293
293
293
293
293
293
293
293
293
293
293
293
293
293
293
293
293
293
293
293
293
293
293
293
293
293
293
293
293
293
293
293
293
293
293
293
293
293
293
293
293
293
293
293
293
293
293
293
293
293
293
293
293
293
293
293
293
293
293
293
293
293
293
293
293
293
293
293
293
293
293
293
293
293
293
293
293
293
293
293
293
293
293
293
293
293
293
293
293
293
293
293
293
293
293
293
293
293
293
293
293
293
293
293
293
293
293
293
293.001
293.009
293
293
293
293.001
293.005
293
293
293
293
293.002
293
293
293
293
293.001
293
293
293
293
293
293
293
293
293
293
293
293
293
293
293
293
293
293
293
293
293
293
293
293
293
293
293
293
293
293
293
293
293
293
293
293
293
293
293
293
293
293
293
293
293
293
293
293
293
293
293
293
293
293
293
293
293
293
293
293
293
293
293
293
293
293
293
293
293
293
293
293
293
293
293
293
293
293
293
293
293
293
293
293
293
293
293
293
293
293
293
293
293
293
293
293
293
293
293
293
293
293
293
293
293
293
293
293
293
293
293
293
293
293
293
293
293
293
293
293
293
293
293
293
293
293
293
293
293
293
293
293
293
293
293
293
293
293
293
293
293
293
293
293
293
293
293
293
293
293
293
293
293
293
293
293.003
293
293
293
293
293.002
293
293
293
293
293.001
293
293
293
293
293
293
293
293
293
293
293
293
293
293
293
293
293
293
293
293
293
293
293
293
293
293
293
293
293
293
293
293
293
293
293
293
293
293
293
293
293
293
293
293
293
293
293
293
293
293
293
293
293
293
293
293
293
293
293
293
293
293
293
293
293
293
293
293
293
293
293
293
293
293
293
293
293
293
293
293
293
293
293
293
293
293
293
293
293
293
293
293
293
293
293
293
293
293
293
293
293
293
293
293
293
293
293
293
293
293
293
293
293
293
293
293
293
293
293
293
293
293
293
293
293
293
293
293
293
293
293
293
293
293
293
293
293
293
293
293
293
293
293
293
293
293
293
293
293
293
293
293
293
293
293
293
293
293
293
293
293.001
293
293
293
293
293
293
293
293
293
293
293
293
293
293
293
293
293
293
293
293
293
293
293
293
293
293
293
293
293
293
293
293
293
293
293
293
293
293
293
293
293
293
293
293
293
293
293
293
293
293
293
293
293
293
293
293
293
293
293
293
293
293
293
293
293
293
293
293
293
293
293
293
293
293
293
293
293
293
293
293
293
293
293
293
293
293
293
293
293
293
293
293
293
293
293
293
293
293
293
293
293
293
293
293
293
293
293
293
293
293
293
293
293
293
293
293
293
293
293
293
293
293
293
293
293
293
293
293
293
293
293
293
293
293
293
293
293
293
293
293
293
293
293
293
293
293
293
293
293
293
293
293
293
293
293
293
293
293
293
293
293
293
293
293
293
293
293
293
293
293
293
293
293
293
293
293
293
293
293
293
293
293
293
293
293
293
293
293
293
293
293
293
293
293
293
293
293
293
293
293
293
293
293
293
293
293
293
293
293
293
293
293
293
293
293
293
293
293
293
293
293
293
293
293
293
293
293
293
293
293
293
293
293
293
293
293
293
293
293
293
293
293
293
293
293
293
293
293
293
293
293
293
293
293
293
293
293
293
293
293
293
293
293
293
293
293
293
293
293
293
293
293
293
293
293
293
293
293
293
293
293
293
293
293
293
293
293
293
293
293
293
293
293
293
293
293
293
293
293
293
293
293
293
293
293
293
293
293
293
293
293
293
293
293
293
293
293
293
293
293
293
293
293
293
293
293
293
293
293
293
293
293
293
293
293
293
293
293
293
293
293
293
293
293
293
293
293
293
293
293
293
293
293
293
293
293
293
293
293
293
293
293
293
293
293
293
293
293
293
293
293
293
293
293
293
293
293
293
293
293
293
293
293
293
293
293
293
293
293
293
293
293
293
293
293
293
293
293
293
293
293
293
293
293
293
293
293
293
293
293
293
293
293
293
293
293
293
293
293
293
293
293
293
293
293
293
293
293
293
293
293
293
293
293
293
293
293
293
293
293
293
293
293
293
293
293
293
293
293
293
293
293
293
293
293
293
293
293
293
293
293
293
293
293
293
293
293
293
293
293
293
293
293
293
293
293
293
293
293
293
293
293
293
293
293
293
293
293
293
293
293
293
293
293
293
293
293
293
293
293
293
293
293
293
293
293
293
293
293
293
293
293
293
293
293
293
293
293
293
293
293
293
293
293
293
293
293
293
293
293
293
293
293
293
293
293
293
293
293
293
293
293
293
293
293
293
293
293
293
293
293
293
293
293
293
293
293
293
293
293
293
293
293
293
293
293
293
293
293
293
293
293
293
293
293
293
293
293
293
293
293
293
293
293
293
293
293
293
293
293
293
293
293
293
293
293
293
293
293
293
293
293
293
293
293
293
293
293
293
293
293
293
293
293
293
293
293
293
293
293
293
293
293
293
293
293
293
293
293
293
293
293
293
293
293
293
293
293
293
293
293
293
293
293
293
293
293
293
293
293
293
293
293
293
293
293
293
293
293
293
293
293
293
293
293
293
293
293
293
293
293
293
293
293
293
293
293
293
293
293
293
293
293
293
293
293
293
293
293
293
293
293
293
293
293
293
293
293
293
293
293
293
293
293
293
293
293
293
293
293
293
293
293
293
293
293
293
293
293
293
293
293
293
293
293
293
293
293
293
293
293
293
293
293
293
293
293
293
293
293
293
293
293
293
293
293
293
293
293
293
293
293
293
293
293
293
293
293
293
293
293
293
293
293
293
293
293
293
293
293
293
293
293
293
293
293
293
293
293
293
293
293
293
293
293
293
293
293
293
293
293
293
293
293
293
293
293
293
293
293
293
293
293
293
293
293
293
293
293
293
293
293
293
293
293
293
293
293
293
293
293
293
293
293
293
293
293
293
293
293
293
293
293
293
293
293
293
293
293
293
293
293
293
293
293
293
293
293
293
293
293
293
293
293
293
293
293
293
293
293
293
293
293
293
293
293
293
293
293
293
293
293
293
293
293
293
293
293
293
293
293
293
293
293
293
293
293
293
293
293
293
293
293
293
293
293
293
293
293
293
293
293
293
293
293
293
293
293
293
293
293
293
293
293
293
293
293
293
293
293
293
293
293
293
293
293
293
293
293
293
293
293
293
293
293
293
293
293
293
293
293
293
293
293
293
293
293
293
293
293
293
293
293
293
293
293
293
293
293
293
293
293
293
293
293
293
293
293
293
293
293
293
293
293
293
293
293
293
293
293
293
293
293
293
293
293
293
293
293
293
293
293
293
293
293
293
293
293
293
293
293
293
293
293
293
293
293
293
293
293
293
293
293
293
293
293
293
293
293
293
293
293
293
293
293
293
293
293
293
293
293
293
293
293
293
293
293
293
293
293
293
293
293
293
293
293
293
293
293
293
293
293
293
293
293
293
293
293
293
293
293
293
293
293
293
293
293
293
293
293
293
293
293
293
293
293
293
293
293
293
293
293
293
293
293
293
293
293
293
293
293
293
293
293
293
293
293
293
293
293
293
293
293
293
293
293
293
293
293
293
293
293
293
293
293
293
293
293
293
293
293
293
293
293
293
293
293
293
293
293
293
293
293
293
293
293
293
293
293
293
293
293
293
293
293
293
293
293
293
293
293
293
293
293
293
293
293
293
293
293
293
293
293
293
293
293
293
293
293
293
293
293
293
293
293
293
293
293
293
293
293
293
293
293
293
293
293
293
293
293
293
293
293
293
293
293
293
293
293
293
293
293
293
293
293
293
293
293
293
293
293
293
293
293
293
293
293
293
293
293
293
293
293
293
293
293
293
293
293
293
293
293
293
293
293
293
293
293
293
293
293
293
293
293
293
293
293
293
293
293
293
293
293
293
293
293
293
293
293
293
293
293
293
293
293
293
293
293
293
293
293
293
293
293
293
293
293
293
293
293
293
293
293
293
293
293
293
293
293
293
293
293
293
293
293
293
293
293
293
293
293
293
293
293
293
293
293
293
293
293
293
293
293
293
293
293
293
293
293
293
293
293
293
293
293
293
293
293
293
293
293
293
293
293
293
293
293
293
293
293
293
293
293
293
293
293
293
293
293
293
293
293
293
293
293
293
293
293
293
293
293
293
293
293
293
293
293
293
293
293
293
293
293
293
293
293
293
293
293
293
293
293
293
293
293
293
293
293
293
293
293
293
293
293
293
293
293
293
293
293
293
293
293
293
293
293
293
293
293
293
293
293
293
293
293
293
293
293
293
293
293
293
293
293
293
293
293
293
293
293
293
293
293
293
293
293
293
293
293
293
293
293
293
293
293
293
293
293
293
293
293
293
293
293
293
293
293
293
293
293
293
293
293
293
293
293
293
293
293
293
293
293
293
293
293
293
293
293
293
293
293
293
293
293
293
293
293
293
293
293
293
293
293
293
293
293
293
293
293
293
293
293
293
293
293
293
293
293
293
293
293
293
293
293
293
293
293
293
293
293
293
293
293
293
293
293
293
293
293
293
293
293
293
293
293
293
293
293
293
293
293
293
293
293
293
293
293
293
293
293
293
293
293
293
293
293
293
293
293
293
293
293
293
293
293
293
293
293
293
293
293
293
293
293
293
293
293
293
293
293
293
293
293
293
293
293
293
293
293
293
293
293
293
293
293
293
293
293
293
293
293
293
293
293
293
293
293
293
293
293
293
293
293
293
293
293
293
293
293
293
293
293
293
293
293
293
293
293
293
293
293
293
293
293
293
293
293
293
293
293
293
293
293
293
293
293
293
293
293
293
293
293
293
293
293
293
293
293
293
293
293
293
293
293
293
293
293
293
293
293
293
293
293
293
293
293
293
293
293
293
293
293
293
293
293
293
293
293
293
293
293
293
293
293
293
293
293
293
293
293
293
293
293
293
293
293
293
293
293
293
293
293
293
293
293
293
293
293
293
293
293
293
293
293
293
293
293
293
293
293
293
293
293
293
293
293
293
293
293
293
293
293
293
293
293
293
293
293
293
293
293
293
293
293
293
293
293
293
293
293
293
293
293
293
293
293
293
293
293
293
293
293
293
293
293
293
293
293
293
293
293
293
293
293
293
293
293
293
293
293
293
293
293
293
293
293
293
293
293
293
293
293
293
293
293
293
293
293
293
293
293
293
293
293
293
293
293
293
293
293
293
293
293
293
293
293
293
293
293
293
293
293
293
293
293
293
293
293
293
293
293
293
293
293
293
293
293
293
293
293
293
293
293
293
293
293
293
293
293
293
293
293
293
293
293
293
293
293
293
293
293
293
293
293
293
293
293
293
293
293
293
293
293
293
293
293
293
293
293
293
293
293
293
293
293
293
293
293
293
293
293
293
293
293
293
293
293
293
293
293
293
293
293
293
293
293
293
293
293
293
293
293
293
293
293
293
293
293
293
293
293
293
293
293
293
293
293
293
293
293
293
293
293
293
293
293
293
293
293
293
293
293
293
293
293
293
293
293
293
293
293
293
293
293
293
293
293
293
293
293
293
293
293
293
293
293
293
293
293
293
293
293
293
293
293
293
293
293
293
293
293
293
293
293
293
293
293
293
293
293
293
293
293
293
293
293
293
293
293
293
293
293
293
293
293
293
293
293
293
293
293
293
293
293
293
293
293
293
293
293
293
293
293
293
293
293
293
293
293
293
293
293
293
293
293
293
293
293
293
293
293
293
293
293
293
293
293
293
293
293
293
293
293
293
293
293
293
293
293
293
293
293
293
293
293
293
293
293
293
293
293
293
293
293
293
293
293
293
293
293
293
293
293
293
293
293
293
293
293
293
293
293
293
293
293
293
293
293
293
293
293
293
293
293
293
293
293
293
293
293
293
293
293
293
293
293
293
293
293
293
293
293
293
293
293
293
293
293
293
293
293
293
293
293
293
293
293
293
293
293
293
293
293
293
293
293
293
293
293
293
293
293
293
293
293
293
293
293
293
293
293
293
293
293
293
293
293
293
293
293
293
293
293
293
293
293
293
293
293
293
293
293
293
293
293
293
293
293
293
293
293
293
293
293
293
293
293
293
293
293
293
293
293
293
293
293
293
293
293
293
293
293
293
293
293
293
293
293
293
293
293
293
293
293
293
293
293
293
293
293
293
293
293
293
293
293
293
293
293
293
293
293
293
293
293
293
293
293
293
293
293
293
293
293
293
293
293
293
293
293
293
293
293
293
293
293
293
293
293
293
293
293
293
293
293
293
293
293
293
293
293
293
293
293
293
293
293
293
293
293
293
293
293
293
293
293
293
293
293
293
293
293
293
293
293
293
293
293
293
293
293
293
293
293
293
293
293
293
293
293
293
293
293
293
293
293
293
293
293
293
293
293
293
293
293
293
293
293
293
293
293
293
293
293
293
293
293
293
293
293
293
293
293
293
293
293
293
293
293
293
293
293
293
293
293
293
293
293
293
293
293
293
293
293
293
293
293
293
293
293
293
293
293
293
293
293
293
293
293
293
293
293
293
293
293
293
293
293
293
293
293
293
293
293
293
293
293
293
293
293
293
293
293
293
293
293
293
293
293
293
293
293
293
293
293
293
293
293
293
293
293
293
293
293
293
293
293
293
293
293
293
293
293
293
293
293
293
293
293
293
293
293
293
293
293
293
293
293
293
293
293
293
293
293
293
293
293
293
293
293
293
293
293
293
293
293
293
293
293
293
293
293
293
293
293
293
293
293
293
293
293
293
293
293
293
293
293
293
293
293
293
293
293
293
293
293
293
293
293
293
293
293
293
293
293
293
293
293
293
293
293
293
293
293
293
293
293
293
293
293
293
293
293
293
293
293
293
293
293
293
293
293
293
293
293
293
293
293
293
293
293
293
293
293
293
293
293
293
293
293
293
293
293
293
293
293
293
293
293
293
293
293
293
293
293
293
293
293
293
293
293
293
293
293
293
293
293
293
293
293
293
293
293
293
293
293
293
293
293
293
293
293
293
293
293
293
293
293
293
293
293
293
293
293
293
293
293
293
293
293
293
293
293
293
293
293
293
293
293
293
293
293
293
293
293
293
293
293
293
293
293
293
293
293
293
293
293
293
293
293
293
293
293
293
293
293
293
293
293
293
293
293
293
293
293
293
293
293
293
293
293
293
293
293
293
293
293
293
293
293
293
293
293
293
293
293
293
293
293
293
293
293
293
293
293
293
293
293
293
293
293
293
293
293
293
293
293
293
293
293
293
293
293
293
293
293
293
293
293
293
293
293
293
293
293
293
293
293
293
293
293
293
293
293
293
293
293
293
293
293
293
293
293
293
293
293
293
293
293
293
293
293
293
293
293
293
293
293
293
293
293
293
293
293
293
293
293
293
293
293
293
293
293
293
293
293
293
293
293
293
293
293
293
293
293
293
293
293
293
293
293
293
293
293
293
293
293
293
293
293
293
293
293
293
293
293
293
293
293
293
293
293
293
293
293
293
293
293
293
293
293
293
293
293
293
293
293
293
293
293
293
293
293
293
293
293
293
293
293
293
293
293
293
293
293
293
293
293
293
293
293
293
293
293
293
293
293
293
293
293
293
293
293
293
293
293
293
293
293
293
293
293
293
293
293
293
293
293
293
293
293
293
293
293
293
293
293
293
293
293
293
293
293
293
293
293
293
293
293
293
293
293
293
293
293
293
293
293
293
293
293
293
293
293
293
293
293
293
293
293
293
293
293
293
293
293
293
293
293
293
293
293
293
293
293
293
293
293
293
293
293
293
293
293
293
293
293
293
293
293
293
293
293
293
293
293
293
293
293
293
293
293
293
293
293
293
293
293
293
293
293
293
293
293
293
293
293
293
293
293
293
293
293
294.887
296.621
297.895
298.75
299.034
299.211
299.096
298.873
298.639
298.43
294.138
295.252
296.085
296.848
297.51
297.92
297.912
297.793
297.666
297.546
293.619
294.275
294.875
295.432
295.918
296.332
296.643
296.839
296.891
296.845
293.305
293.672
294.065
294.458
294.836
295.18
295.469
295.696
295.875
296
293.136
293.328
293.56
293.813
294.074
294.33
294.569
294.787
294.981
295.156
293.054
293.145
293.27
293.417
293.578
293.747
293.916
294.081
294.242
294.399
293.019
293.058
293.118
293.194
293.284
293.383
293.487
293.596
293.706
293.818
293.006
293.02
293.045
293.081
293.125
293.177
293.234
293.296
293.362
293.431
293.001
293.006
293.015
293.03
293.049
293.072
293.1
293.131
293.166
293.202
293
293.002
293.004
293.009
293.016
293.026
293.038
293.051
293.067
293.084
293
293
293.001
293.002
293.005
293.008
293.012
293.017
293.023
293.03
293
293
293
293
293.001
293.002
293.003
293.005
293.007
293.009
293
293
293
293
293
293
293.001
293.001
293.002
293.002
293
293
293
293
293
293
293
293
293
293
293
293
293
293
293
293
293
293
293
293
293
293
293
293
293
293
293
293
293
293
293
293
293
293
293
293
293
293
293
293
293
293
293
293
293
293
293
293
293
293
293
293
293
293
293
293
293
293
293
293
293
293
293
293
293
293
293
293
293
293
293
293
293
293
293
293
293
293
293
293
293
293
293
293
293
293
293
293
293
293
293
293
293
293
293
293
293
293
293
293
293
293
293
293
293
293
293
293
293
293
293
293
293
293
293
293
293
293
293
293
294.16
295.242
296.022
296.645
297.092
297.398
297.506
297.486
297.387
297.264
293.77
294.559
295.229
295.809
296.325
296.736
296.898
296.933
296.908
296.864
293.438
293.94
294.43
294.882
295.281
295.624
295.93
296.168
296.296
296.357
293.22
293.509
293.829
294.149
294.454
294.736
294.984
295.193
295.381
295.543
293.098
293.249
293.438
293.643
293.852
294.059
294.255
294.437
294.609
294.772
293.039
293.11
293.21
293.328
293.457
293.591
293.727
293.862
293.995
294.128
293.013
293.043
293.09
293.151
293.222
293.3
293.384
293.47
293.559
293.65
293.004
293.015
293.034
293.062
293.096
293.137
293.182
293.231
293.283
293.338
293.001
293.004
293.011
293.022
293.037
293.055
293.077
293.101
293.128
293.157
293
293.001
293.003
293.007
293.012
293.019
293.028
293.039
293.051
293.064
293
293
293.001
293.002
293.003
293.006
293.009
293.013
293.017
293.023
293
293
293
293
293.001
293.001
293.002
293.004
293.005
293.007
293
293
293
293
293
293
293
293.001
293.001
293.002
293
293
293
293
293
293
293
293
293
293
293
293
293
293
293
293
293
293
293
293
293
293
293
293
293
293
293
293
293
293
293
293
293
293
293
293
293
293
293
293
293
293
293
293
293
293
293
293
293
293
293
293
293
293
293
293
293
293
293
293
293
293
293
293
293
293
293
293
293
293
293
293
293
293
293
293
293
293
293
293
293
293
293
293
293
293
293
293
293
293
293
293
293
293
293
293
293
293
293
293
293
293
293
293
293
293
293
293
293
293
293
293
293
293
293
293
293
293
293
293
293.665
294.323
294.864
295.305
295.649
295.918
296.103
296.219
296.28
296.312
293.464
293.984
294.476
294.912
295.291
295.604
295.833
295.97
296.052
296.112
293.274
293.626
294
294.357
294.681
294.963
295.206
295.425
295.597
295.725
293.141
293.349
293.596
293.851
294.098
294.326
294.532
294.714
294.877
295.035
293.063
293.173
293.318
293.48
293.648
293.813
293.971
294.121
294.263
294.402
293.025
293.076
293.152
293.244
293.346
293.453
293.561
293.668
293.775
293.882
293.009
293.03
293.064
293.111
293.166
293.228
293.293
293.361
293.431
293.503
293.003
293.01
293.024
293.045
293.071
293.102
293.137
293.175
293.216
293.258
293.001
293.003
293.008
293.016
293.027
293.041
293.057
293.076
293.096
293.118
293
293.001
293.002
293.005
293.009
293.014
293.021
293.029
293.038
293.048
293
293
293
293.001
293.002
293.004
293.006
293.009
293.013
293.017
293
293
293
293
293
293.001
293.002
293.002
293.004
293.005
293
293
293
293
293
293
293
293
293.001
293.001
293
293
293
293
293
293
293
293
293
293
293
293
293
293
293
293
293
293
293
293
293
293
293
293
293
293
293
293
293
293
293
293
293
293
293
293
293
293
293
293
293
293
293
293
293
293
293
293
293
293
293
293
293
293
293
293
293
293
293
293
293
293
293
293
293
293
293
293
293
293
293
293
293
293
293
293
293
293
293
293
293
293
293
293
293
293
293
293
293
293
293
293
293
293
293
293
293
293
293
293
293
293
293
293
293
293
293
293
293
293
293
293
293
293
293
293
293
293
293
293
293.358
293.752
294.127
294.455
294.724
294.939
295.102
295.225
295.326
295.415
293.255
293.577
293.914
294.229
294.508
294.745
294.935
295.086
295.208
295.314
293.154
293.38
293.642
293.907
294.156
294.38
294.576
294.749
294.902
295.041
293.08
293.217
293.392
293.583
293.775
293.957
294.124
294.276
294.415
294.548
293.036
293.109
293.211
293.332
293.461
293.592
293.718
293.838
293.954
294.067
293.014
293.048
293.101
293.169
293.246
293.329
293.413
293.498
293.582
293.666
293.005
293.018
293.042
293.076
293.117
293.164
293.214
293.267
293.321
293.376
293.001
293.006
293.016
293.03
293.049
293.073
293.099
293.128
293.159
293.191
293
293.002
293.005
293.01
293.018
293.028
293.04
293.054
293.069
293.086
293
293
293.001
293.003
293.006
293.009
293.014
293.02
293.027
293.034
293
293
293
293.001
293.001
293.003
293.004
293.006
293.009
293.012
293
293
293
293
293
293
293.001
293.002
293.002
293.003
293
293
293
293
293
293
293
293
293
293.001
293
293
293
293
293
293
293
293
293
293
293
293
293
293
293
293
293
293
293
293
293
293
293
293
293
293
293
293
293
293
293
293
293
293
293
293
293
293
293
293
293
293
293
293
293
293
293
293
293
293
293
293
293
293
293
293
293
293
293
293
293
293
293
293
293
293
293
293
293
293
293
293
293
293
293
293
293
293
293
293
293
293
293
293
293
293
293
293
293
293
293
293
293
293
293
293
293
293
293
293
293
293
293
293
293
293
293
293
293
293
293
293
293
293
293
293
293
293
293
293
293.18
293.41
293.658
293.894
294.103
294.28
294.423
294.538
294.632
294.717
293.129
293.317
293.535
293.752
293.955
294.133
294.285
294.413
294.523
294.625
293.079
293.212
293.381
293.564
293.744
293.913
294.065
294.202
294.325
294.441
293.042
293.123
293.236
293.369
293.508
293.645
293.775
293.897
294.01
294.118
293.019
293.062
293.128
293.212
293.305
293.402
293.499
293.594
293.685
293.775
293.007
293.027
293.061
293.107
293.162
293.223
293.287
293.352
293.417
293.482
293.003
293.01
293.026
293.048
293.077
293.11
293.147
293.186
293.227
293.269
293.001
293.003
293.009
293.019
293.032
293.048
293.067
293.088
293.111
293.135
293
293.001
293.003
293.006
293.011
293.018
293.027
293.036
293.048
293.06
293
293
293.001
293.002
293.003
293.006
293.009
293.013
293.018
293.023
293
293
293
293
293.001
293.002
293.003
293.004
293.006
293.008
293
293
293
293
293
293
293.001
293.001
293.001
293.002
293
293
293
293
293
293
293
293
293
293
293
293
293
293
293
293
293
293
293
293
293
293
293
293
293
293
293
293
293
293
293
293
293
293
293
293
293
293
293
293
293
293
293
293
293
293
293
293
293
293
293
293
293
293
293
293
293
293
293
293
293
293
293
293
293
293
293
293
293
293
293
293
293
293
293
293
293
293
293
293
293
293
293
293
293
293
293
293
293
293
293
293
293
293
293
293
293
293
293
293
293
293
293
293
293
293
293
293
293
293
293
293
293
293
293
293
293
293
293
293
293
293
293
293
293
293
293
293
293
293
293.084
293.212
293.366
293.526
293.679
293.818
293.939
294.042
294.129
294.208
293.06
293.163
293.295
293.437
293.578
293.71
293.827
293.931
294.023
294.108
293.037
293.11
293.211
293.328
293.451
293.57
293.683
293.787
293.883
293.973
293.02
293.064
293.131
293.216
293.309
293.406
293.501
293.593
293.68
293.764
293.009
293.032
293.071
293.124
293.186
293.254
293.324
293.394
293.463
293.531
293.003
293.014
293.034
293.063
293.099
293.14
293.185
293.233
293.281
293.329
293.001
293.005
293.014
293.028
293.046
293.069
293.094
293.122
293.151
293.182
293
293.002
293.005
293.011
293.019
293.029
293.042
293.057
293.073
293.09
293
293
293.001
293.003
293.007
293.011
293.016
293.023
293.031
293.039
293
293
293
293.001
293.002
293.003
293.005
293.008
293.011
293.015
293
293
293
293
293
293.001
293.001
293.002
293.003
293.005
293
293
293
293
293
293
293
293
293.001
293.001
293
293
293
293
293
293
293
293
293
293
293
293
293
293
293
293
293
293
293
293
293
293
293
293
293
293
293
293
293
293
293
293
293
293
293
293
293
293
293
293
293
293
293
293
293
293
293
293
293
293
293
293
293
293
293
293
293
293
293
293
293
293
293
293
293
293
293
293
293
293
293
293
293
293
293
293
293
293
293
293
293
293
293
293
293
293
293
293
293
293
293
293
293
293
293
293
293
293
293
293
293
293
293
293
293
293
293
293
293
293
293
293
293
293
293
293
293
293
293
293
293
293
293
293
293
293
293
293
293
293
293.037
293.103
293.192
293.294
293.398
293.499
293.593
293.677
293.753
293.823
293.026
293.078
293.153
293.24
293.333
293.424
293.51
293.59
293.663
293.731
293.016
293.052
293.109
293.179
293.257
293.337
293.415
293.491
293.562
293.63
293.008
293.03
293.067
293.117
293.175
293.239
293.304
293.368
293.431
293.493
293.004
293.015
293.036
293.067
293.105
293.149
293.196
293.244
293.294
293.343
293.001
293.007
293.017
293.034
293.055
293.082
293.111
293.143
293.177
293.211
293
293.002
293.007
293.015
293.025
293.039
293.056
293.074
293.094
293.115
293
293.001
293.002
293.005
293.01
293.017
293.024
293.034
293.044
293.056
293
293
293.001
293.002
293.003
293.006
293.009
293.013
293.018
293.024
293
293
293
293
293.001
293.002
293.003
293.005
293.006
293.009
293
293
293
293
293
293
293.001
293.001
293.002
293.003
293
293
293
293
293
293
293
293
293
293.001
293
293
293
293
293
293
293
293
293
293
293
293
293
293
293
293
293
293
293
293
293
293
293
293
293
293
293
293
293
293
293
293
293
293
293
293
293
293
293
293
293
293
293
293
293
293
293
293
293
293
293
293
293
293
293
293
293
293
293
293
293
293
293
293
293
293
293
293
293
293
293
293
293
293
293
293
293
293
293
293
293
293
293
293
293
293
293
293
293
293
293
293
293
293
293
293
293
293
293
293
293
293
293
293
293
293
293
293
293
293
293
293
293
293
293
293
293
293
293
293
293
293
293
293
293
293
293
293
293
293
293.015
293.047
293.095
293.154
293.22
293.288
293.354
293.418
293.477
293.533
293.01
293.035
293.074
293.124
293.18
293.239
293.298
293.355
293.41
293.462
293.006
293.023
293.052
293.091
293.137
293.187
293.238
293.29
293.34
293.389
293.003
293.013
293.032
293.059
293.092
293.131
293.172
293.215
293.258
293.3
293.001
293.007
293.017
293.033
293.055
293.081
293.11
293.141
293.174
293.207
293
293.003
293.008
293.016
293.029
293.044
293.062
293.082
293.103
293.126
293
293.001
293.003
293.007
293.013
293.021
293.03
293.042
293.054
293.068
293
293
293.001
293.003
293.005
293.009
293.013
293.019
293.025
293.032
293
293
293
293.001
293.002
293.003
293.005
293.007
293.01
293.013
293
293
293
293
293
293.001
293.001
293.002
293.003
293.005
293
293
293
293
293
293
293
293.001
293.001
293.001
293
293
293
293
293
293
293
293
293
293
293
293
293
293
293
293
293
293
293
293
293
293
293
293
293
293
293
293
293
293
293
293
293
293
293
293
293
293
293
293
293
293
293
293
293
293
293
293
293
293
293
293
293
293
293
293
293
293
293
293
293
293
293
293
293
293
293
293
293
293
293
293
293
293
293
293
293
293
293
293
293
293
293
293
293
293
293
293
293
293
293
293
293
293
293
293
293
293
293
293
293
293
293
293
293
293
293
293
293
293
293
293
293
293
293
293
293
293
293
293
293
293
293
293
293
293
293
293
293
293
293
293
293
293
293
293
293
293
293
293
293.005
293.02
293.043
293.075
293.114
293.156
293.199
293.242
293.285
293.326
293.004
293.014
293.033
293.059
293.091
293.127
293.164
293.202
293.24
293.276
293.002
293.009
293.023
293.043
293.068
293.097
293.128
293.161
293.194
293.227
293.001
293.005
293.014
293.027
293.045
293.067
293.091
293.117
293.144
293.172
293
293.003
293.007
293.015
293.026
293.041
293.057
293.076
293.096
293.117
293
293.001
293.003
293.007
293.013
293.022
293.032
293.043
293.056
293.07
293
293
293.001
293.003
293.006
293.01
293.015
293.022
293.029
293.037
293
293
293
293.001
293.002
293.004
293.006
293.009
293.013
293.017
293
293
293
293
293.001
293.001
293.002
293.003
293.005
293.007
293
293
293
293
293
293
293.001
293.001
293.002
293.002
293
293
293
293
293
293
293
293
293
293.001
293
293
293
293
293
293
293
293
293
293
293
293
293
293
293
293
293
293
293
293
293
293
293
293
293
293
293
293
293
293
293
293
293
293
293
293
293
293
293
293
293
293
293
293
293
293
293
293
293
293
293
293
293
293
293
293
293
293
293
293
293
293
293
293
293
293
293
293
293
293
293
293
293
293
293
293
293
293
293
293
293
293
293
293
293
293
293
293
293
293
293
293
293
293
293
293
293
293
293
293
293
293
293
293
293
293
293
293
293
293
293
293
293
293
293
293
293
293
293
293
293
293
293
293
293
293
293
293
293
293
293
293
293
293
293
293
293
293
293
293
293.002
293.007
293.018
293.034
293.055
293.078
293.104
293.132
293.159
293.187
293.001
293.005
293.014
293.026
293.043
293.062
293.084
293.107
293.131
293.155
293.001
293.003
293.009
293.018
293.031
293.047
293.064
293.083
293.104
293.124
293
293.002
293.005
293.012
293.02
293.031
293.045
293.059
293.075
293.092
293
293.001
293.003
293.006
293.012
293.019
293.028
293.038
293.049
293.061
293
293
293.001
293.003
293.006
293.01
293.015
293.021
293.028
293.036
293
293
293
293.001
293.002
293.004
293.007
293.01
293.014
293.019
293
293
293
293
293.001
293.002
293.003
293.004
293.006
293.008
293
293
293
293
293
293
293.001
293.001
293.002
293.003
293
293
293
293
293
293
293
293
293.001
293.001
293
293
293
293
293
293
293
293
293
293
293
293
293
293
293
293
293
293
293
293
293
293
293
293
293
293
293
293
293
293
293
293
293
293
293
293
293
293
293
293
293
293
293
293
293
293
293
293
293
293
293
293
293
293
293
293
293
293
293
293
293
293
293
293
293
293
293
293
293
293
293
293
293
293
293
293
293
293
293
293
293
293
293
293
293
293
293
293
293
293
293
293
293
293
293
293
293
293
293
293
293
293
293
293
293
293
293
293
293
293
293
293
293
293
293
293
293
293
293
293
293
293
293
293
293
293
293
293
293
293
293
293
293
293
293
293
293
293
293
293
293
293
293
293
293
293
293
293
293
293
293
293.003
293.007
293.014
293.024
293.036
293.051
293.066
293.083
293.1
293
293.002
293.005
293.011
293.018
293.028
293.04
293.053
293.067
293.081
293
293.001
293.003
293.007
293.013
293.021
293.03
293.04
293.051
293.063
293
293.001
293.002
293.004
293.008
293.014
293.02
293.028
293.036
293.046
293
293
293.001
293.002
293.005
293.008
293.012
293.017
293.023
293.03
293
293
293
293.001
293.002
293.004
293.006
293.009
293.013
293.017
293
293
293
293
293.001
293.002
293.003
293.004
293.006
293.009
293
293
293
293
293
293.001
293.001
293.002
293.003
293.004
293
293
293
293
293
293
293
293.001
293.001
293.001
293
293
293
293
293
293
293
293
293
293
293
293
293
293
293
293
293
293
293
293
293
293
293
293
293
293
293
293
293
293
293
293
293
293
293
293
293
293
293
293
293
293
293
293
293
293
293
293
293
293
293
293
293
293
293
293
293
293
293
293
293
293
293
293
293
293
293
293
293
293
293
293
293
293
293
293
293
293
293
293
293
293
293
293
293
293
293
293
293
293
293
293
293
293
293
293
293
293
293
293
293
293
293
293
293
293
293
293
293
293
293
293
293
293
293
293
293
293
293
293
293
293
293
293
293
293
293
293
293
293
293
293
293
293
293
293
293
293
293
293
293
293
293
293
293
293
293
293
293
293
293
293
293
293
293
293
293
293
293
293
293
293.001
293.002
293.005
293.01
293.016
293.023
293.031
293.04
293.049
293
293
293.002
293.004
293.007
293.012
293.017
293.024
293.031
293.039
293
293
293.001
293.003
293.005
293.008
293.013
293.018
293.024
293.03
293
293
293.001
293.001
293.003
293.005
293.008
293.012
293.016
293.021
293
293
293
293.001
293.002
293.003
293.005
293.007
293.01
293.013
293
293
293
293
293.001
293.001
293.002
293.004
293.005
293.007
293
293
293
293
293
293.001
293.001
293.002
293.003
293.004
293
293
293
293
293
293
293
293.001
293.001
293.001
293
293
293
293
293
293
293
293
293
293
293
293
293
293
293
293
293
293
293
293
293
293
293
293
293
293
293
293
293
293
293
293
293
293
293
293
293
293
293
293
293
293
293
293
293
293
293
293
293
293
293
293
293
293
293
293
293
293
293
293
293
293
293
293
293
293
293
293
293
293
293
293
293
293
293
293
293
293
293
293
293
293
293
293
293
293
293
293
293
293
293
293
293
293
293
293
293
293
293
293
293
293
293
293
293
293
293
293
293
293
293
293
293
293
293
293
293
293
293
293
293
293
293
293
293
293
293
293
293
293
293
293
293
293
293
293
293
293
293
293
293
293
293
293
293
293
293
293
293
293
293
293
293
293
293
293
293
293
293
293
293
293
293
293
293
293
293
293
293
293
293
293
293.001
293.002
293.004
293.006
293.009
293.013
293.018
293.022
293
293
293
293.001
293.003
293.004
293.007
293.01
293.014
293.017
293
293
293
293.001
293.002
293.003
293.005
293.007
293.01
293.013
293
293
293
293
293.001
293.002
293.003
293.005
293.007
293.009
293
293
293
293
293
293.001
293.002
293.003
293.004
293.005
293
293
293
293
293
293
293.001
293.001
293.002
293.003
293
293
293
293
293
293
293
293
293.001
293.001
293
293
293
293
293
293
293
293
293
293
293
293
293
293
293
293
293
293
293
293
293
293
293
293
293
293
293
293
293
293
293
293
293
293
293
293
293
293
293
293
293
293
293
293
293
293
293
293
293
293
293
293
293
293
293
293
293
293
293
293
293
293
293
293
293
293
293
293
293
293
293
293
293
293
293
293
293
293
293
293
293
293
293
293
293
293
293
293
293
293
293
293
293
293
293
293
293
293
293
293
293
293
293
293
293
293
293
293
293
293
293
293
293
293
293
293
293
293
293
293
293
293
293
293
293
293
293
293
293
293
293
293
293
293
293
293
293
293
293
293
293
293
293
293
293
293
293
293
293
293
293
293
293
293
293
293
293
293
293
293
293
293
293
293
293
293
293
293
293
293
293
293
293
293
293
293
293
293
293
293
293
293
293
293
293.001
293.002
293.003
293.005
293.007
293.009
293
293
293
293
293.001
293.001
293.002
293.004
293.005
293.007
293
293
293
293
293
293.001
293.002
293.003
293.004
293.005
293
293
293
293
293
293
293.001
293.002
293.002
293.003
293
293
293
293
293
293
293
293.001
293.001
293.002
293
293
293
293
293
293
293
293
293.001
293.001
293
293
293
293
293
293
293
293
293
293
293
293
293
293
293
293
293
293
293
293
293
293
293
293
293
293
293
293
293
293
293
293
293
293
293
293
293
293
293
293
293
293
293
293
293
293
293
293
293
293
293
293
293
293
293
293
293
293
293
293
293
293
293
293
293
293
293
293
293
293
293
293
293
293
293
293
293
293
293
293
293
293
293
293
293
293
293
293
293
293
293
293
293
293
293
293
293
293
293
293
293
293
293
293
293
293
293
293
293
293
293
293
293
293
293
293
293
293
293
293
293
293
293
293
293
293
293
293
293
293
293
293
293
293
293
293
293
293
293
293
293
293
293
293
293
293
293
293
293
293
293
293
293
293
293
293
293
293
293
293
293
293
293
293
293
293
293
293
293
293
293
293
293
293
293
293
293
293
293
293
293
293
293
293
293
293
293
293
293
293
293
293
293
293
293
293.001
293.001
293.002
293.002
293.003
293
293
293
293
293
293
293.001
293.001
293.002
293.002
293
293
293
293
293
293
293
293.001
293.001
293.002
293
293
293
293
293
293
293
293
293.001
293.001
293
293
293
293
293
293
293
293
293
293.001
293
293
293
293
293
293
293
293
293
293
293
293
293
293
293
293
293
293
293
293
293
293
293
293
293
293
293
293
293
293
293
293
293
293
293
293
293
293
293
293
293
293
293
293
293
293
293
293
293
293
293
293
293
293
293
293
293
293
293
293
293
293
293
293
293
293
293
293
293
293
293
293
293
293
293
293
293
293
293
293
293
293
293
293
293
293
293
293
293
293
293
293
293
293
293
293
293
293
293
293
293
293
293
293
293
293
293
293
293
293
293
293
293
293
293
293
293
293
293
293
293
293
293
293
293
293
293
293
293
293
293
293
293
293
293
293
293
293
293
293
293
293
293
293
293
293
293
293
293
293
293
293
293
293
293
293
293
293
293
293
293
293
293
293
293
293
293
293
293
293
293
293
293
293
293
293
293
293
293
293
293
293
293
293
293
293
293
293
293
293
293
293
293
293
293
293
293
293
293
293
293
293
293
293
293
293
293
293
293.001
293.001
293
293
293
293
293
293
293
293
293
293.001
293
293
293
293
293
293
293
293
293
293
293
293
293
293
293
293
293
293
293
293
293
293
293
293
293
293
293
293
293
293
293
293
293
293
293
293
293
293
293
293
293
293
293
293
293
293
293
293
293
293
293
293
293
293
293
293
293
293
293
293
293
293
293
293
293
293
293
293
293
293
293
293
293
293
293
293
293
293
293
293
293
293
293
293
293
293
293
293
293
293
293
293
293
293
293
293
293
293
293
293
293
293
293
293
293
293
293
293
293
293
293
293
293
293
293
293
293
293
293
293
293
293
293
293
293
293
293
293
293
293
293
293
293
293
293
293
293
293
293
293
293
293
293
293
293
293
293
293
293
293
293
293
293
293
293
293
293
293
293
293
293
293
293
293
293
293
293
293
293
293
293
293
293
293
293
293
293
293
293
293
293
293
293
293
293
293
293
293
293
293
293
293
293
293
293
293
293
293
293
293
293
293
293
293
293
293
293
293
293
293
293
293
293
293
293
293
293
293
293
293
293
293
293
293
293
293
293
293
293
293
293
293
293
293
293
293
293
293
293
293
293
293
293
293
293
293
293
293
293
293
293
293
293
293
293
293
293
293
293
293
293
293
293
293
293
293
293
293
293
293
293
293
293
293
293
293
293
293
293
293
293
293
293
293
293
293
293
293
293
293
293
293
293
293
293
293
293
293
293
293
293
293
293
293
293
293
293
293
293
293
293
293
293
293
293
293
293
293
293
293
293
293
293
293
293
293
293
293
293
293
293
293
293
293
293
293
293
293
293
293
293
293
293
293
293
293
293
293
293
293
293
293
293
293
293
293
293
293
293
293
293
293
293
293
293
293
293
293
293
293
293
293
293
293
293
293
293
293
293
293
293
293
293
293
293
293
293
293
293
293
293
293
293
293
293
293
293
293
293
293
293
293
293
293
293
293
293
293
293
293
293
293
293
293
293
293
293
293
293
293
293
293
293
293
293
293
293
293
293
293
293
293
293
293
293
293
293
293
293
293
293
293
293
293
293
293
293
293
293
293
293
293
293
293
293
293
293
293
293
293
293
293
293
293
293
293
293
293
293
293
293
293
293
293
293
293
293
293
293
293
293
293
293
293
293
293
293
293
293
293
293
293
293
293
293
293
293
293
293
293
293
293
293
293
293
293
293
293
293
293
293
293
293
293
293
293
293
293
293
293
293
293
293
293
293
293
293
293
293
293
293
293
293
293
293
293
293
293
293
293
293
293
293
293
293
293
293
293
293
293
293
293
293
293
293
293
293
293
293
293
293
293
293
293
293
293
293
293
293
293
293
293
293
293
293
293
293
293
293
293
293
293
293
293
293
293
293
293
293
293
293
293
293
293
293
293
293
293
293
293
293
293
293
293
293
293
293
293
293
293
293
293
293
293
293
293
293
293
293
293
293
293
293
293
293
293
293
293
293
293
293
293
293
293
293
293
293
293
293
293
293
293
293
293
293
293
293
293
293
293
293
293
293
293
293
293
293
293
293
293
293
293
293
293
293
293
293
293
293
293
293
293
293
293
293
293
293
293
293
293
293
293
293
293
293
293
293
293
293
293
293
293
293
293
293
293
293
293
293
293
293
293
293
293
293
293
293
293
293
293
293
293
293
293
293
293
293
293
293
293
293
293
293
293
293
293
293
293
293
293
293
293
293
293
293
293
293
293
293
293
293
293
293
293
293
293
293
293
293
293
293
293
293
293
293
293
293
293
293
293
293
293
293
293
293
293
293
293
293
293
293
293
293
293
293
293
293
293
293
293
293
293
293
293
293
293
293
293
293
293
293
293
293
293
293
293
293
293
293
293
293
293
293
293
293
293
293
293
293
293
293
293
293
293
293
293
293
293
293
293
293
293
293
293
293
293
293
293
293
293
293
293
293
293
293
293
293
293
293
293
293
293
293
293
293
293
293
293
293
293
293
293
293
293
293
293
293
293
293
293
293
293
293
293
293
293
293
293
293
293
293
293
293
293
293
293
293
293
293
293
293
293
293
293
293
293
293
293
293
293
293
293
293
293
293
293
293
293
293
293
293
293
293
293
293
293
293
293
293
293
293
293
293
293
293
293
293
293
293
293
293
293
293
293
293
293
293
293
293
293
293
293
293
293
293
293
293
293
293
293
293
293
293
293
293
293
293
293
293
293
293
293
293
293
293
293
293
293
293
293
293
293
293
293
293
293
293
293
293
293
293
293
293
293
293
293
293
293
293
293
293
293
293
293
293
293
293
293
293
293
293
293
293
293
293
293
293
293
293
293
293
293
293
293
293
293
293
293
293
293
293
293
293
293
293
293
293
293
293
293
293
293
293
293
293
293
293
293
293
293
293
293
293
293
293
293
293
293
293
293
293
293
293
293
293
293
293
293
293
293
293
293
293
293
293
293
293
293
293
293
293
293
293
293
293
293
293
293
293
293
293
293
293
293
293
293
293
293
293
293
293
293
293
293
293
293
293
293
293
293
293
293
293
293
293
293
293
293
293
293
293
293
293
293
293
293
293
293
293
293
293
293
293
293
293
293
293
293
293
293
293
293
293
293
293
293
293
293
293
293
293
293
293
293
293
293
293
293
293
293
293
293
293
293
293
293
293
293
293
293
293
293
293
293
293
293
293
293
293
293
293
293
293
293
293
293
293
293
293
293
293
293
293
293
293
293
293
293
293
293
293
293
293
293
293
293
293
293
293
293
293
293
293
293
293
293
293
293
293
293
293
293
293
293
293
293
293
293
293
293
293
293
293
293
293
293
293
293
293
293
293
293
293
293
293
293
293
293
293
293
293
293
293
293
293
293
293
293
293
293
293
293
293
293
293
293
293
293
293
293
293
293
293
293
293
293
293
293
293
293
293
293
293
293
293
293
293
293
293
293
293
293
293
293
293
293
293
293
293
293
293
293
293
293
293
293
293
293
293
293
293
293
293
293
293
293
293
293
293
293
293
293
293
293
293
293
293
293
293
293
293
293
293
293
293
293
293
293
293
293
293
293
293
293
293
293
293
293
293
293
293
293
293
293
293
293
293
293
293
293
293
293
293
293
293
293
293
293
293
293
293
293
293
293
293
293
293
293
293
293
293
293
293
293
293
293
293
293
293
293
293
293
293
293
293
293
293
293
293
293
293
293
293
293
293
293
293
293
293
293
293
293
293
293
293
293
293
293
293
293
293
293
293
293
293
293
293
293
293
293
293
293
293
293
293
293
293
293
293
293
293
293
293
293
293
293
293
293
293
293
293
293
293
293
293
293
293
293
293
293
293
293
293
293
293
293
293
293
293
293
293
293
293
293
293
293
293
293
293
293
293
293
293
293
293
293
293
293
293
293
293
293
293
293
293
293
293
293
293
293
293
293
293
293
293
293
293
293
293
293
293
293
293
293
293
293
293
293
293
293
293
293
293
293
293
293
293
293
293
293
293
293
293
293
293
293
293
293
293
293
293
293
293
293
293
293
293
293
293
293
293
293
293
293
293
293
293
293
293
293
293
293
293
293
293
293
293
293
293
293
293
293
293
293
293
293
293
293
293
293
293
293
293
293
293
293
293
293
293
293
293
293
293
293
293
293
293
293
293
293
293
293
293
293
293
293
293
293
293
293
293
293
293
293
293
293
293
293
293
293
293
293
293
293
293
293
293
293
293
293
293
293
293
293
293
293
293
293
293
293
293
293
293
293
293
293
293
293
293
293
293
293
293
293
293
293
293
293
293
293
293
293
293
293
293
293
293
293
293
293
293
293
293
293
293
293
293
293
293
293
293
293
293
293
293
293
293
293
293
293
293
293
293
293
293
293
293
293
293
293
293
293
293
293
293
293
293
293
293
293
293
293
293
293
293
293
293
293
293
293
293
293
293
293
293
293
293
293
293
293
293
293
293
293
293
293
293
293
293
293
293
293
293
293
293
293
293
293
293
293
293
293
293
293
293
293
293
293
293
293
293
293
293
293
293
293
293
293
293
293
293
293
293
293
293
293
293
293
293
293
293
293
293
293
293
293
293
293
293
293
293
293
293
293
293
293
293
293
293
293
293
293
293
293
293
293
293
293
293
293
293
293
293
293
293
293
293
293
293
293
293
293
293
293
293
293
293
293
293
293
293
293
293
293
293
293
293
293
293
293
293
293
293
293
293
293
293
293
293
293
293
293
293
293
293
293
293
293
293
293
293
293
293
293
293
293
293
293
293
293
293
293
293
293
293
293
293
293
293
293
293
293
293
293
293
293
293
293
293
293
293
293
293
293
293
293
293
293
293
293
293
293
293
293
293
293
293
293
293
293
293
293
293
293
293
293
293
293
293
293
293
293
293
293
293
293
293
293
293
293
293
293
293
293
293
293
293
293
293
293
293
293
293
293
293
293
293
293
293
293
293
293
293
293
293
293
293
293
293
293
293
293
293
293
293
293
293
293
293
293
293
293
293
293
293
293
293
293
293
293
293
293
293
293
293
293
293
293
293
293
293
293
293
293
293
293
293
293
293
293
293
293
293
293
293
293
293
293
293
293
293
293
293
293
293
293
293
293
293
293
293
293
293
293
293
293
293
293
293
293
293
293
293
293
293
293
293
293
293
293
293
293
293
293
293
293
293
293
293
293
293
293
293
293
293
293
293
293
293
293
293
293
293
293
293
293
293
293
293
293
293
293
293
293
293
293
293
293
293
293
293
293
293
293
293
293
293
293
293
293
293
293
293
293
293
293
293
293
293
293
293
293
293
293
293
293
293
293
293
293
293
293
293
293
293
293
293
293
293
293
293
293
293
293
293
293
293
293
293
293
293
293
293
293
293
293
293
293
293
293
293
293
293
293
293
293
293
293
293
293
293
293
293
293
293
293
293
293
293
293
293
293
293
293
293
293
293
293
293
293
293
293
293
293
293
293
293
293
293
293
293
293
293
293
293
293
293
293
293
293
293
293
293
293
293
293
293
293
293
293
293
293
293
293
293
293
293
293
293
293
293
293
293
293
293
293
293
293
293
293
293
293
293
293
293
293
293
293
293
293
293
293
293
293
293
293
293
293
293
293
293
293
293
293
293
293
293
293
293
293
293
293
293
293
293
293
293
293
293
293
293
293
293
293
293
293
293
293
293
293
293
293
293
293
293
293
293
293
293
293
293
293
293
293
293
293
293
293
293
293
293
293
293
293
293
293
293
293
293
293
293
293
293
293
293
293
293
293
293
293
293
293
293
293
293
293
293
293
293
293
293
293
293
293
293
293
293
293
293
293
293
293
293
293
293
293
293
293
293
293
293
293
293
293
293
293
293
293
293
293
293
293
293
293
293
293
293
293
293
293
293
293
293
293
293
293
293
293
293
293
293
293
293
293
293
293
293
293
293
293
293
293
293
293
293
293
293
293
293
293
293
293
293
293
293
293
293
293
293
293
293
293
293
293
293
293
293
293
293
293
293
293
293
293
293
293
293
293
293
293
293
293
293
293
293
293
293
293
293
293
293
293
293
293
293
293
293
293
293
293
293
293
293
293
293
293
293
293
293
293
293
293
293
293
293
293
293
293
293
293
293
293
293
293
293
293
293
293
293
293
293
293
293
293
293
293
293
293
293
293
293
293
293
293
293
293
293
293
293
293
293
293
293
293
293
293
293
293
293
293
293
293
293
293
293
293
293
293
293
293
293
293
293
293
293
293
293
293
293
293
293
293
293
293
293
293
293
293
293
293
293
293
293
293
293
293
293
293
293
293
293
293
293
293
293
293
293
293
293
293
293
293
293
293
293
293
293
293
293
293
293
293
293
293
293
293
293
293
293
293
293
293
293
293
293
293
293
293
293
293
293
293
293
293
293
293
293
293
293
293
293
293
293
293
293
293
293
293
293
293
293
293
293
293
293
293
293
293
293
293
293
293
293
293
293
293
293
293
293
293
293
293
293
293
293
293
293
293
293
293
293
293
293
293
293
293
293
293
293
293
293
293
293
293
293
293
293
293
293
293
293
293
293
293
293
293
293
293
293
293
293
293
293
293
293
293
293
293
293
293
293
293
293
293
293
293
293
293
293
293
293
293
293
293
293
293
293
293
293
293
293
293
293
293
293
293
293
293
293
293
293
293
293
293
293
293
293
293
293
293
293
293
293
293
293
293
293
293
293
293
293
293
293
293
293
293
293
293
293
293
293
293
293
293
293
293
293
293
293
293
293
293
293
293
293
293
293
293
293
293
293
293
293
293
293
293
293
293
293
293
293
293
293
293
293
293
293
293
293
293
293
293
293
293
293
293
293
293
293
293
293
293
293
293
293
293
293
293
293
293
293
293
293
293
293
293
293
293
293
293
293
293
293
293
293
293
293
293
293
293
293
293
293
293
293
293
293
293
293
293
293
293
293
293
293
293
293
293
293
293
293
293
293
293
293
293
293
293
293
293
293
293
293
293
293
293
293
293
293
293
293
293
293
293
293
293
293
293
293
293
293
293
293
293
293
293
293
293
293
293
293
293
293
293
293
293
293
293
293
293
293
293
293
293
293
293
293
293
293
293
293
293
293
293
293
293
293
293
293
293
293
293
293
293
293
293
293
293
293
293
293
293
293
293
293
293
293
293
293
293
293
293
293
293
293
293
293
293
293
293
293
293
293
293
293
293
293
293
293
293
293
293
293
293
293
293
293
293
293
293
293
293
293
293
293
293
293
293
293
293
293
293
293
293
293
293
293
293
293
293
293
293
293
293
293
293
293
293
293
293
293
293
293
293
293
293
293
293
293
293
293
293
293
293
293
293
293
293
293
293
293
293
293
293
293
293
293
293
293
293
293
293
293
293
293
298.348
297.711
296.616
295.961
295.604
295.404
295.289
295.222
295.182
295.159
295.146
295.138
295.133
295.129
295.126
295.121
297.48
297.101
296.398
295.927
295.642
295.468
295.361
295.294
295.252
295.226
295.211
295.203
295.199
295.196
295.194
295.19
296.777
296.588
296.252
295.962
295.747
295.594
295.488
295.414
295.363
295.327
295.302
295.287
295.277
295.271
295.266
295.262
296.041
296.052
296.017
295.943
295.848
295.749
295.657
295.578
295.513
295.462
295.422
295.391
295.367
295.349
295.336
295.325
295.228
295.294
295.349
295.393
295.422
295.438
295.442
295.437
295.425
295.411
295.394
295.377
295.361
295.346
295.333
295.321
294.465
294.53
294.595
294.658
294.717
294.772
294.821
294.865
294.902
294.935
294.961
294.984
295.001
295.016
295.026
295.034
293.866
293.914
293.963
294.014
294.064
294.114
294.163
294.21
294.256
294.299
294.339
294.376
294.41
294.44
294.467
294.49
293.46
293.489
293.521
293.553
293.586
293.619
293.653
293.688
293.721
293.755
293.787
293.818
293.847
293.875
293.901
293.924
293.218
293.234
293.251
293.269
293.287
293.306
293.325
293.345
293.365
293.385
293.405
293.424
293.443
293.461
293.479
293.494
293.091
293.099
293.107
293.115
293.124
293.133
293.143
293.152
293.162
293.172
293.183
293.193
293.203
293.212
293.221
293.23
293.033
293.036
293.04
293.043
293.047
293.05
293.054
293.059
293.063
293.067
293.072
293.076
293.08
293.085
293.089
293.093
293.01
293.011
293.012
293.014
293.015
293.016
293.018
293.019
293.021
293.022
293.024
293.026
293.027
293.029
293.031
293.032
293.003
293.003
293.003
293.004
293.004
293.004
293.005
293.005
293.006
293.006
293.007
293.007
293.008
293.008
293.009
293.009
293
293
293.001
293.001
293.001
293.001
293.001
293.001
293.001
293.001
293.001
293.002
293.002
293.002
293.002
293.002
293
293
293
293
293
293
293
293
293
293
293
293
293
293
293
293
293
293
293
293
293
293
293
293
293
293
293
293
293
293
293
293
293
293
293
293
293
293
293
293
293
293
293
293
293
293
293
293
293
293
293
293
293
293
293
293
293
293
293
293
293
293
293
293
293
293
293
293
293
293
293
293
293
293
293
293
293
293
293
293
293
293
293
293
293
293
293
293
293
293
293
293
293
293
293
293
293
293
293
293
293
293
293
293
293
293
293
293
293
293
293
293
293
293
293
293
293
293
293
293
293
293
293
293
293
293
293
293
293
293
293
293
293
293
293
293
293
293
293
293
293
293
293
293
293
293
293
293
293
293
293
293
293
293
293
293
293
293
293
293
293
293
293
293
293
293
293
293
293
293
297.342
297.201
296.711
296.267
295.941
295.711
295.55
295.434
295.351
295.291
295.248
295.217
295.194
295.177
295.164
295.153
296.878
296.785
296.504
296.198
295.944
295.75
295.605
295.497
295.416
295.355
295.311
295.278
295.254
295.235
295.221
295.209
296.372
296.34
296.234
296.086
295.931
295.791
295.672
295.576
295.499
295.438
295.389
295.351
295.321
295.298
295.28
295.264
295.607
295.659
295.693
295.705
295.694
295.665
295.623
295.575
295.527
295.481
295.439
295.402
295.37
295.341
295.317
295.295
294.841
294.908
294.973
295.032
295.085
295.129
295.163
295.189
295.206
295.216
295.22
295.22
295.216
295.211
295.204
295.196
294.183
294.24
294.298
294.355
294.412
294.467
294.519
294.567
294.612
294.652
294.687
294.718
294.745
294.767
294.784
294.799
293.688
293.728
293.768
293.81
293.853
293.895
293.938
293.98
294.021
294.061
294.098
294.133
294.166
294.196
294.223
294.246
293.361
293.385
293.409
293.435
293.462
293.489
293.516
293.544
293.572
293.6
293.627
293.653
293.678
293.702
293.724
293.744
293.169
293.182
293.195
293.209
293.223
293.238
293.253
293.269
293.285
293.301
293.316
293.332
293.347
293.362
293.376
293.388
293.07
293.076
293.082
293.088
293.095
293.102
293.11
293.117
293.125
293.133
293.141
293.149
293.156
293.164
293.171
293.178
293.025
293.027
293.03
293.033
293.035
293.038
293.041
293.045
293.048
293.051
293.055
293.058
293.061
293.065
293.068
293.071
293.008
293.008
293.009
293.01
293.011
293.012
293.013
293.014
293.016
293.017
293.018
293.019
293.021
293.022
293.023
293.024
293.002
293.002
293.002
293.003
293.003
293.003
293.004
293.004
293.004
293.005
293.005
293.005
293.006
293.006
293.007
293.007
293
293
293
293
293
293.001
293.001
293.001
293.001
293.001
293.001
293.001
293.001
293.001
293.001
293.002
293
293
293
293
293
293
293
293
293
293
293
293
293
293
293
293
293
293
293
293
293
293
293
293
293
293
293
293
293
293
293
293
293
293
293
293
293
293
293
293
293
293
293
293
293
293
293
293
293
293
293
293
293
293
293
293
293
293
293
293
293
293
293
293
293
293
293
293
293
293
293
293
293
293
293
293
293
293
293
293
293
293
293
293
293
293
293
293
293
293
293
293
293
293
293
293
293
293
293
293
293
293
293
293
293
293
293
293
293
293
293
293
293
293
293
293
293
293
293
293
293
293
293
293
293
293
293
293
293
293
293
293
293
293
293
293
293
293
293
293
293
293
293
293
293
293
293
293
293
293
293
293
293
293
293
293
293
293
293
293
293
293
293
293
293
293
293
293
293
293
296.349
296.377
296.338
296.234
296.096
295.951
295.814
295.693
295.588
295.5
295.427
295.367
295.318
295.277
295.244
295.216
296.147
296.167
296.146
296.082
295.991
295.887
295.783
295.685
295.597
295.52
295.454
295.397
295.35
295.311
295.278
295.249
295.775
295.812
295.827
295.818
295.786
295.737
295.68
295.619
295.559
295.503
295.451
295.404
295.362
295.325
295.293
295.264
295.101
295.164
295.222
295.272
295.31
295.337
295.352
295.356
295.351
295.339
295.323
295.304
295.284
295.262
295.238
295.215
294.46
294.519
294.579
294.637
294.693
294.746
294.794
294.836
294.873
294.903
294.927
294.946
294.959
294.97
294.977
294.979
293.927
293.972
294.02
294.068
294.116
294.164
294.211
294.257
294.3
294.341
294.379
294.413
294.443
294.47
294.492
294.512
293.533
293.564
293.596
293.629
293.663
293.697
293.732
293.766
293.801
293.834
293.866
293.897
293.926
293.952
293.977
293.998
293.276
293.295
293.314
293.334
293.354
293.375
293.397
293.419
293.441
293.462
293.484
293.505
293.525
293.544
293.562
293.578
293.128
293.137
293.147
293.158
293.169
293.18
293.192
293.204
293.216
293.228
293.241
293.253
293.264
293.276
293.286
293.296
293.052
293.056
293.061
293.066
293.071
293.077
293.082
293.088
293.094
293.1
293.106
293.112
293.117
293.123
293.129
293.134
293.018
293.02
293.022
293.024
293.026
293.028
293.03
293.033
293.035
293.038
293.04
293.043
293.045
293.048
293.05
293.053
293.005
293.006
293.007
293.007
293.008
293.009
293.01
293.01
293.011
293.012
293.013
293.014
293.015
293.016
293.017
293.018
293.001
293.001
293.002
293.002
293.002
293.002
293.002
293.003
293.003
293.003
293.004
293.004
293.004
293.004
293.005
293.005
293
293
293
293
293
293
293
293
293.001
293.001
293.001
293.001
293.001
293.001
293.001
293.001
293
293
293
293
293
293
293
293
293
293
293
293
293
293
293
293
293
293
293
293
293
293
293
293
293
293
293
293
293
293
293
293
293
293
293
293
293
293
293
293
293
293
293
293
293
293
293
293
293
293
293
293
293
293
293
293
293
293
293
293
293
293
293
293
293
293
293
293
293
293
293
293
293
293
293
293
293
293
293
293
293
293
293
293
293
293
293
293
293
293
293
293
293
293
293
293
293
293
293
293
293
293
293
293
293
293
293
293
293
293
293
293
293
293
293
293
293
293
293
293
293
293
293
293
293
293
293
293
293
293
293
293
293
293
293
293
293
293
293
293
293
293
293
293
293
293
293
293
293
293
293
293
293
293
293
293
293
293
293
293
293
293
293
293
293
293
293
293
293
293
293
295.459
295.505
295.548
295.58
295.595
295.594
295.578
295.551
295.515
295.476
295.434
295.391
295.35
295.311
295.273
295.239
295.361
295.407
295.448
295.48
295.498
295.503
295.496
295.479
295.454
295.424
295.391
295.356
295.321
295.287
295.254
295.223
295.1
295.154
295.204
295.247
295.28
295.303
295.314
295.316
295.31
295.298
295.28
295.26
295.237
295.212
295.187
295.162
294.603
294.659
294.715
294.769
294.82
294.867
294.907
294.942
294.97
294.991
295.006
295.016
295.02
295.018
295.011
295
294.114
294.161
294.21
294.259
294.308
294.356
294.403
294.447
294.487
294.524
294.557
294.586
294.611
294.634
294.652
294.664
293.701
293.737
293.774
293.812
293.85
293.889
293.927
293.966
294.003
294.038
294.072
294.103
294.132
294.158
294.182
294.204
293.399
293.423
293.448
293.473
293.499
293.526
293.553
293.579
293.606
293.633
293.658
293.683
293.707
293.728
293.749
293.767
293.204
293.218
293.233
293.248
293.264
293.28
293.296
293.312
293.329
293.346
293.362
293.378
293.393
293.408
293.422
293.435
293.093
293.1
293.108
293.116
293.124
293.133
293.141
293.15
293.159
293.168
293.177
293.186
293.195
293.204
293.212
293.219
293.037
293.04
293.044
293.048
293.051
293.055
293.059
293.064
293.068
293.072
293.077
293.081
293.085
293.09
293.094
293.097
293.013
293.014
293.015
293.017
293.018
293.02
293.022
293.023
293.025
293.027
293.029
293.031
293.033
293.034
293.036
293.038
293.004
293.004
293.005
293.005
293.006
293.006
293.007
293.007
293.008
293.009
293.009
293.01
293.011
293.011
293.012
293.012
293.001
293.001
293.001
293.001
293.001
293.001
293.002
293.002
293.002
293.002
293.002
293.003
293.003
293.003
293.003
293.003
293
293
293
293
293
293
293
293
293
293
293
293
293
293.001
293.001
293.001
293
293
293
293
293
293
293
293
293
293
293
293
293
293
293
293
293
293
293
293
293
293
293
293
293
293
293
293
293
293
293
293
293
293
293
293
293
293
293
293
293
293
293
293
293
293
293
293
293
293
293
293
293
293
293
293
293
293
293
293
293
293
293
293
293
293
293
293
293
293
293
293
293
293
293
293
293
293
293
293
293
293
293
293
293
293
293
293
293
293
293
293
293
293
293
293
293
293
293
293
293
293
293
293
293
293
293
293
293
293
293
293
293
293
293
293
293
293
293
293
293
293
293
293
293
293
293
293
293
293
293
293
293
293
293
293
293
293
293
293
293
293
293
293
293
293
293
293
293
293
293
293
293
293
293
293
293
293
293
293
293
293
293
293
293
293
293
293
293
293
293
293
293
294.754
294.792
294.833
294.873
294.912
294.948
294.978
295.003
295.022
295.034
295.041
295.043
295.04
295.033
295.023
295.01
294.668
294.711
294.755
294.798
294.839
294.876
294.907
294.933
294.953
294.968
294.976
294.98
294.979
294.974
294.966
294.955
294.489
294.536
294.584
294.63
294.674
294.715
294.751
294.783
294.81
294.83
294.846
294.855
294.86
294.861
294.857
294.85
294.163
294.208
294.254
294.3
294.345
294.389
294.431
294.47
294.506
294.538
294.567
294.592
294.612
294.627
294.636
294.64
293.811
293.849
293.887
293.926
293.965
294.004
294.042
294.079
294.115
294.149
294.181
294.21
294.237
294.261
294.283
294.3
293.509
293.536
293.564
293.593
293.623
293.652
293.682
293.712
293.741
293.769
293.796
293.822
293.846
293.868
293.889
293.908
293.287
293.305
293.323
293.342
293.362
293.382
293.402
293.422
293.442
293.462
293.482
293.501
293.519
293.535
293.551
293.565
293.145
293.155
293.166
293.177
293.188
293.2
293.212
293.224
293.237
293.249
293.261
293.273
293.284
293.295
293.306
293.315
293.065
293.07
293.075
293.081
293.087
293.093
293.1
293.106
293.113
293.119
293.126
293.133
293.139
293.145
293.151
293.156
293.025
293.028
293.03
293.033
293.035
293.038
293.041
293.044
293.047
293.05
293.054
293.057
293.06
293.063
293.066
293.068
293.008
293.009
293.01
293.011
293.012
293.013
293.015
293.016
293.017
293.018
293.02
293.021
293.022
293.024
293.025
293.026
293.002
293.003
293.003
293.003
293.004
293.004
293.004
293.005
293.005
293.006
293.006
293.007
293.007
293.007
293.008
293.008
293
293
293.001
293.001
293.001
293.001
293.001
293.001
293.001
293.001
293.001
293.002
293.002
293.002
293.002
293.002
293
293
293
293
293
293
293
293
293
293
293
293
293
293
293
293
293
293
293
293
293
293
293
293
293
293
293
293
293
293
293
293
293
293
293
293
293
293
293
293
293
293
293
293
293
293
293
293
293
293
293
293
293
293
293
293
293
293
293
293
293
293
293
293
293
293
293
293
293
293
293
293
293
293
293
293
293
293
293
293
293
293
293
293
293
293
293
293
293
293
293
293
293
293
293
293
293
293
293
293
293
293
293
293
293
293
293
293
293
293
293
293
293
293
293
293
293
293
293
293
293
293
293
293
293
293
293
293
293
293
293
293
293
293
293
293
293
293
293
293
293
293
293
293
293
293
293
293
293
293
293
293
293
293
293
293
293
293
293
293
293
293
293
293
293
293
293
293
293
293
293
293
293
293
293
293
293
293
293
293
293
293
293
293
293
293
293
293
293
293
293
293
294.24
294.272
294.304
294.337
294.37
294.402
294.433
294.462
294.488
294.512
294.532
294.549
294.562
294.572
294.579
294.582
294.142
294.177
294.212
294.247
294.282
294.316
294.349
294.38
294.408
294.433
294.455
294.473
294.488
294.499
294.507
294.511
294.01
294.047
294.084
294.121
294.158
294.194
294.228
294.261
294.291
294.319
294.343
294.364
294.382
294.395
294.405
294.411
293.798
293.833
293.868
293.903
293.939
293.974
294.008
294.042
294.074
294.103
294.131
294.156
294.179
294.199
294.215
294.226
293.56
293.588
293.617
293.646
293.676
293.705
293.735
293.764
293.792
293.82
293.846
293.87
293.893
293.914
293.933
293.95
293.349
293.37
293.391
293.412
293.434
293.456
293.478
293.5
293.522
293.544
293.565
293.584
293.603
293.62
293.636
293.651
293.195
293.208
293.221
293.235
293.25
293.264
293.279
293.294
293.308
293.323
293.337
293.351
293.365
293.377
293.389
293.399
293.097
293.104
293.112
293.12
293.128
293.136
293.145
293.154
293.163
293.171
293.18
293.189
293.197
293.205
293.212
293.219
293.042
293.046
293.05
293.054
293.058
293.062
293.067
293.071
293.076
293.081
293.085
293.09
293.095
293.099
293.103
293.107
293.016
293.018
293.019
293.021
293.023
293.025
293.027
293.029
293.031
293.033
293.035
293.038
293.04
293.042
293.044
293.046
293.005
293.006
293.006
293.007
293.008
293.009
293.009
293.01
293.011
293.012
293.013
293.014
293.014
293.015
293.016
293.017
293.001
293.001
293.002
293.002
293.002
293.002
293.003
293.003
293.003
293.003
293.004
293.004
293.004
293.005
293.005
293.005
293
293
293
293
293
293
293.001
293.001
293.001
293.001
293.001
293.001
293.001
293.001
293.001
293.001
293
293
293
293
293
293
293
293
293
293
293
293
293
293
293
293
293
293
293
293
293
293
293
293
293
293
293
293
293
293
293
293
293
293
293
293
293
293
293
293
293
293
293
293
293
293
293
293
293
293
293
293
293
293
293
293
293
293
293
293
293
293
293
293
293
293
293
293
293
293
293
293
293
293
293
293
293
293
293
293
293
293
293
293
293
293
293
293
293
293
293
293
293
293
293
293
293
293
293
293
293
293
293
293
293
293
293
293
293
293
293
293
293
293
293
293
293
293
293
293
293
293
293
293
293
293
293
293
293
293
293
293
293
293
293
293
293
293
293
293
293
293
293
293
293
293
293
293
293
293
293
293
293
293
293
293
293
293
293
293
293
293
293
293
293
293
293
293
293
293
293
293
293
293
293
293
293
293
293
293
293
293
293
293
293
293
293
293
293
293
293
293
293.851
293.878
293.906
293.934
293.961
293.988
294.014
294.04
294.063
294.086
294.106
294.124
294.14
294.153
294.163
294.171
293.759
293.786
293.814
293.842
293.869
293.896
293.922
293.948
293.972
293.994
294.015
294.034
294.051
294.065
294.076
294.085
293.657
293.685
293.713
293.741
293.768
293.796
293.823
293.849
293.874
293.897
293.919
293.939
293.957
293.972
293.985
293.994
293.518
293.544
293.569
293.595
293.621
293.647
293.673
293.699
293.723
293.747
293.769
293.79
293.809
293.826
293.841
293.853
293.363
293.383
293.404
293.426
293.447
293.469
293.49
293.512
293.533
293.553
293.573
293.592
293.609
293.625
293.64
293.653
293.225
293.24
293.255
293.27
293.285
293.301
293.317
293.333
293.349
293.365
293.38
293.394
293.408
293.421
293.433
293.444
293.124
293.133
293.143
293.152
293.162
293.172
293.183
293.193
293.204
293.214
293.224
293.234
293.244
293.253
293.261
293.269
293.061
293.065
293.071
293.076
293.082
293.088
293.093
293.099
293.106
293.112
293.118
293.124
293.129
293.135
293.14
293.145
293.026
293.028
293.031
293.033
293.036
293.039
293.042
293.045
293.048
293.051
293.055
293.058
293.061
293.064
293.067
293.069
293.01
293.011
293.012
293.013
293.014
293.015
293.017
293.018
293.019
293.021
293.022
293.024
293.025
293.026
293.028
293.029
293.003
293.003
293.004
293.004
293.005
293.005
293.006
293.006
293.007
293.007
293.008
293.008
293.009
293.009
293.01
293.01
293.001
293.001
293.001
293.001
293.001
293.001
293.001
293.002
293.002
293.002
293.002
293.002
293.003
293.003
293.003
293.003
293
293
293
293
293
293
293
293
293
293
293
293
293
293.001
293.001
293.001
293
293
293
293
293
293
293
293
293
293
293
293
293
293
293
293
293
293
293
293
293
293
293
293
293
293
293
293
293
293
293
293
293
293
293
293
293
293
293
293
293
293
293
293
293
293
293
293
293
293
293
293
293
293
293
293
293
293
293
293
293
293
293
293
293
293
293
293
293
293
293
293
293
293
293
293
293
293
293
293
293
293
293
293
293
293
293
293
293
293
293
293
293
293
293
293
293
293
293
293
293
293
293
293
293
293
293
293
293
293
293
293
293
293
293
293
293
293
293
293
293
293
293
293
293
293
293
293
293
293
293
293
293
293
293
293
293
293
293
293
293
293
293
293
293
293
293
293
293
293
293
293
293
293
293
293
293
293
293
293
293
293
293
293
293
293
293
293
293
293
293
293
293
293
293
293
293
293
293
293
293
293
293
293
293
293
293
293
293
293
293
293
293.556
293.579
293.601
293.624
293.647
293.669
293.691
293.712
293.732
293.752
293.77
293.787
293.802
293.815
293.826
293.835
293.483
293.504
293.525
293.546
293.567
293.588
293.609
293.629
293.648
293.666
293.684
293.7
293.714
293.727
293.738
293.747
293.408
293.428
293.448
293.469
293.489
293.509
293.529
293.548
293.567
293.585
293.602
293.618
293.632
293.645
293.657
293.666
293.318
293.335
293.353
293.372
293.39
293.408
293.427
293.445
293.462
293.48
293.496
293.512
293.526
293.539
293.551
293.561
293.221
293.235
293.249
293.263
293.278
293.293
293.308
293.323
293.338
293.353
293.367
293.38
293.393
293.405
293.416
293.425
293.135
293.145
293.155
293.165
293.176
293.187
293.198
293.208
293.219
293.23
293.241
293.251
293.261
293.27
293.278
293.286
293.074
293.079
293.086
293.092
293.099
293.105
293.112
293.119
293.126
293.133
293.14
293.147
293.153
293.16
293.165
293.171
293.035
293.038
293.042
293.045
293.049
293.052
293.056
293.06
293.064
293.068
293.072
293.076
293.08
293.084
293.087
293.09
293.015
293.016
293.018
293.019
293.021
293.023
293.025
293.027
293.029
293.031
293.033
293.035
293.037
293.039
293.041
293.042
293.005
293.006
293.006
293.007
293.008
293.009
293.009
293.01
293.011
293.012
293.013
293.014
293.015
293.016
293.016
293.017
293.002
293.002
293.002
293.002
293.002
293.003
293.003
293.003
293.004
293.004
293.004
293.005
293.005
293.005
293.006
293.006
293
293
293
293
293.001
293.001
293.001
293.001
293.001
293.001
293.001
293.001
293.001
293.001
293.002
293.002
293
293
293
293
293
293
293
293
293
293
293
293
293
293
293
293
293
293
293
293
293
293
293
293
293
293
293
293
293
293
293
293
293
293
293
293
293
293
293
293
293
293
293
293
293
293
293
293
293
293
293
293
293
293
293
293
293
293
293
293
293
293
293
293
293
293
293
293
293
293
293
293
293
293
293
293
293
293
293
293
293
293
293
293
293
293
293
293
293
293
293
293
293
293
293
293
293
293
293
293
293
293
293
293
293
293
293
293
293
293
293
293
293
293
293
293
293
293
293
293
293
293
293
293
293
293
293
293
293
293
293
293
293
293
293
293
293
293
293
293
293
293
293
293
293
293
293
293
293
293
293
293
293
293
293
293
293
293
293
293
293
293
293
293
293
293
293
293
293
293
293
293
293
293
293
293
293
293
293
293
293
293
293
293
293
293
293
293
293
293
293
293
293
293
293
293
293
293
293
293
293
293
293
293
293
293
293
293
293.343
293.36
293.377
293.394
293.412
293.429
293.446
293.462
293.479
293.494
293.509
293.523
293.536
293.548
293.558
293.567
293.574
293.291
293.306
293.322
293.337
293.352
293.368
293.383
293.398
293.412
293.427
293.44
293.453
293.464
293.475
293.485
293.493
293.499
293.24
293.254
293.268
293.282
293.296
293.31
293.324
293.337
293.351
293.364
293.377
293.388
293.4
293.41
293.419
293.427
293.433
293.183
293.195
293.207
293.219
293.231
293.243
293.256
293.268
293.28
293.292
293.304
293.315
293.325
293.335
293.343
293.351
293.358
293.125
293.134
293.143
293.153
293.162
293.172
293.182
293.192
293.202
293.212
293.221
293.23
293.239
293.247
293.255
293.262
293.268
293.076
293.082
293.088
293.095
293.101
293.108
293.115
293.122
293.129
293.136
293.143
293.15
293.156
293.162
293.168
293.173
293.04
293.044
293.048
293.052
293.056
293.06
293.064
293.069
293.073
293.077
293.082
293.086
293.09
293.094
293.098
293.102
293.019
293.021
293.023
293.025
293.027
293.029
293.032
293.034
293.036
293.039
293.041
293.044
293.046
293.049
293.051
293.053
293.008
293.009
293.009
293.01
293.011
293.012
293.014
293.015
293.016
293.017
293.018
293.019
293.021
293.022
293.023
293.024
293.003
293.003
293.003
293.004
293.004
293.004
293.005
293.005
293.006
293.006
293.007
293.007
293.008
293.009
293.009
293.009
293.001
293.001
293.001
293.001
293.001
293.001
293.001
293.002
293.002
293.002
293.002
293.002
293.003
293.003
293.003
293.003
293
293
293
293
293
293
293
293
293
293
293
293.001
293.001
293.001
293.001
293.001
293
293
293
293
293
293
293
293
293
293
293
293
293
293
293
293
293
293
293
293
293
293
293
293
293
293
293
293
293
293
293
293
293
293
293
293
293
293
293
293
293
293
293
293
293
293
293
293
293
293
293
293
293
293
293
293
293
293
293
293
293
293
293
293
293
293
293
293
293
293
293
293
293
293
293
293
293
293
293
293
293
293
293
293
293
293
293
293
293
293
293
293
293
293
293
293
293
293
293
293
293
293
293
293
293
293
293
293
293
293
293
293
293
293
293
293
293
293
293
293
293
293
293
293
293
293
293
293
293
293
293
293
293
293
293
293
293
293
293
293
293
293
293
293
293
293
293
293
293
293
293
293
293
293
293
293
293
293
293
293
293
293
293
293
293
293
293
293
293
293
293
293
293
293
293
293
293
293
293
293
293
293
293
293
293
293
293
293
293
293
293
293
293
293
293
293
293
293
293
293
293
293
293
293
293
293
293
293
293.199
293.21
293.222
293.234
293.246
293.258
293.27
293.282
293.294
293.306
293.317
293.328
293.338
293.347
293.355
293.362
293.369
293.165
293.175
293.185
293.196
293.206
293.217
293.227
293.238
293.248
293.258
293.268
293.277
293.286
293.294
293.301
293.308
293.314
293.133
293.141
293.15
293.159
293.168
293.178
293.187
293.196
293.205
293.214
293.223
293.231
293.239
293.247
293.253
293.259
293.265
293.099
293.106
293.113
293.121
293.129
293.136
293.144
293.152
293.16
293.168
293.175
293.183
293.19
293.196
293.202
293.208
293.213
293.066
293.072
293.077
293.083
293.089
293.094
293.101
293.107
293.113
293.119
293.125
293.131
293.136
293.142
293.147
293.151
293.156
293.039
293.043
293.046
293.05
293.054
293.058
293.062
293.066
293.071
293.075
293.079
293.083
293.088
293.091
293.095
293.098
293.102
293.021
293.023
293.025
293.027
293.029
293.032
293.034
293.037
293.039
293.042
293.044
293.047
293.05
293.052
293.054
293.057
293.059
293.009
293.01
293.011
293.013
293.014
293.015
293.016
293.018
293.019
293.02
293.022
293.023
293.025
293.026
293.027
293.029
293.03
293.004
293.004
293.005
293.005
293.006
293.006
293.007
293.007
293.008
293.009
293.009
293.01
293.011
293.011
293.012
293.013
293.013
293.001
293.001
293.001
293.002
293.002
293.002
293.002
293.003
293.003
293.003
293.003
293.004
293.004
293.004
293.005
293.005
293.005
293
293
293
293
293
293.001
293.001
293.001
293.001
293.001
293.001
293.001
293.001
293.001
293.001
293.001
293.002
293
293
293
293
293
293
293
293
293
293
293
293
293
293
293
293
293
293
293
293
293
293
293
293
293
293
293
293
293
293
293
293
293
293
293
293
293
293
293
293
293
293
293
293
293
293
293
293
293
293
293
293
293
293
293
293
293
293
293
293
293
293
293
293
293
293
293
293
293
293
293
293
293
293
293
293
293
293
293
293
293
293
293
293
293
293
293
293
293
293
293
293
293
293
293
293
293
293
293
293
293
293
293
293
293
293
293
293
293
293
293
293
293
293
293
293
293
293
293
293
293
293
293
293
293
293
293
293
293
293
293
293
293
293
293
293
293
293
293
293
293
293
293
293
293
293
293
293
293
293
293
293
293
293
293
293
293
293
293
293
293
293
293
293
293
293
293
293
293
293
293
293
293
293
293
293
293
293
293
293
293
293
293
293
293
293
293
293
293
293
293
293
293
293
293
293
293
293
293
293
293
293
293
293
293
293
293
293
293
293
293
293
293
293
293
293
293
293
293
293
293
293
293
293
293
293
293
293
293
293
293
293
293
293
293
293
293
293
293.107
293.114
293.122
293.129
293.137
293.145
293.153
293.161
293.169
293.177
293.184
293.192
293.199
293.205
293.211
293.217
293.221
293.225
293.087
293.093
293.1
293.106
293.113
293.119
293.126
293.133
293.14
293.146
293.153
293.159
293.165
293.171
293.176
293.181
293.185
293.188
293.068
293.073
293.079
293.084
293.09
293.095
293.101
293.107
293.113
293.118
293.124
293.129
293.135
293.14
293.144
293.148
293.152
293.155
293.05
293.054
293.058
293.062
293.067
293.071
293.076
293.081
293.085
293.09
293.095
293.099
293.104
293.108
293.112
293.115
293.119
293.121
293.032
293.035
293.038
293.042
293.045
293.048
293.052
293.055
293.059
293.062
293.066
293.069
293.073
293.076
293.079
293.082
293.085
293.087
293.019
293.021
293.023
293.025
293.027
293.029
293.031
293.034
293.036
293.038
293.041
293.043
293.046
293.048
293.05
293.052
293.054
293.056
293.01
293.011
293.012
293.013
293.014
293.015
293.017
293.018
293.019
293.021
293.022
293.024
293.025
293.027
293.028
293.029
293.03
293.032
293.004
293.005
293.005
293.006
293.006
293.007
293.008
293.008
293.009
293.01
293.011
293.011
293.012
293.013
293.014
293.014
293.015
293.016
293.002
293.002
293.002
293.002
293.002
293.003
293.003
293.003
293.004
293.004
293.004
293.005
293.005
293.005
293.006
293.006
293.006
293.007
293
293
293.001
293.001
293.001
293.001
293.001
293.001
293.001
293.001
293.001
293.002
293.002
293.002
293.002
293.002
293.002
293.002
293
293
293
293
293
293
293
293
293
293
293
293
293
293
293.001
293.001
293.001
293.001
293
293
293
293
293
293
293
293
293
293
293
293
293
293
293
293
293
293
293
293
293
293
293
293
293
293
293
293
293
293
293
293
293
293
293
293
293
293
293
293
293
293
293
293
293
293
293
293
293
293
293
293
293
293
293
293
293
293
293
293
293
293
293
293
293
293
293
293
293
293
293
293
293
293
293
293
293
293
293
293
293
293
293
293
293
293
293
293
293
293
293
293
293
293
293
293
293
293
293
293
293
293
293
293
293
293
293
293
293
293
293
293
293
293
293
293
293
293
293
293
293
293
293
293
293
293
293
293
293
293
293
293
293
293
293
293
293
293
293
293
293
293
293
293
293
293
293
293
293
293
293
293
293
293
293
293
293
293
293
293
293
293
293
293
293
293
293
293
293
293
293
293
293
293
293
293
293
293
293
293
293
293
293
293
293
293
293
293
293
293
293
293
293
293
293
293
293
293
293
293
293
293
293
293
293
293
293
293
293
293
293
293
293
293
293
293
293
293
293
293
293
293
293
293
293
293
293
293
293
293
293
293
293
293
293
293
293
293
293
293
293
293
293
293
293
293
293
293
293
293
293
293
293.053
293.058
293.062
293.066
293.071
293.076
293.08
293.085
293.09
293.095
293.099
293.104
293.109
293.113
293.117
293.12
293.124
293.126
293.043
293.046
293.05
293.053
293.057
293.061
293.065
293.069
293.073
293.077
293.081
293.085
293.089
293.092
293.096
293.099
293.102
293.104
293.033
293.035
293.038
293.041
293.044
293.047
293.051
293.054
293.057
293.061
293.064
293.067
293.07
293.074
293.076
293.079
293.081
293.084
293.023
293.025
293.027
293.03
293.032
293.034
293.037
293.04
293.042
293.045
293.048
293.05
293.053
293.055
293.058
293.06
293.062
293.063
293.015
293.016
293.018
293.019
293.021
293.023
293.024
293.026
293.028
293.03
293.032
293.034
293.036
293.038
293.04
293.041
293.043
293.044
293.008
293.009
293.01
293.011
293.012
293.013
293.014
293.016
293.017
293.018
293.019
293.021
293.022
293.023
293.024
293.025
293.027
293.027
293.004
293.005
293.005
293.006
293.006
293.007
293.007
293.008
293.009
293.01
293.01
293.011
293.012
293.013
293.013
293.014
293.015
293.015
293.002
293.002
293.002
293.002
293.003
293.003
293.003
293.004
293.004
293.004
293.005
293.005
293.006
293.006
293.006
293.007
293.007
293.007
293.001
293.001
293.001
293.001
293.001
293.001
293.001
293.001
293.001
293.002
293.002
293.002
293.002
293.002
293.003
293.003
293.003
293.003
293
293
293
293
293
293
293
293
293
293
293.001
293.001
293.001
293.001
293.001
293.001
293.001
293.001
293
293
293
293
293
293
293
293
293
293
293
293
293
293
293
293
293
293
293
293
293
293
293
293
293
293
293
293
293
293
293
293
293
293
293
293
293
293
293
293
293
293
293
293
293
293
293
293
293
293
293
293
293
293
293
293
293
293
293
293
293
293
293
293
293
293
293
293
293
293
293
293
293
293
293
293
293
293
293
293
293
293
293
293
293
293
293
293
293
293
293
293
293
293
293
293
293
293
293
293
293
293
293
293
293
293
293
293
293
293
293
293
293
293
293
293
293
293
293
293
293
293
293
293
293
293
293
293
293
293
293
293
293
293
293
293
293
293
293
293
293
293
293
293
293
293
293
293
293
293
293
293
293
293
293
293
293
293
293
293
293
293
293
293
293
293
293
293
293
293
293
293
293
293
293
293
293
293
293
293
293
293
293
293
293
293
293
293
293
293
293
293
293
293
293
293
293
293
293
293
293
293
293
293
293
293
293
293
293
293
293
293
293
293
293
293
293
293
293
293
293
293
293
293
293
293
293
293
293
293
293
293
293
293
293
293
293
293
293
293
293
293
293
293
293
293
293
293
293
293
293
293
293
293
293
293
293
293
293
293
293
293
293
293
293
293
293
293
293
293
293.024
293.027
293.029
293.031
293.034
293.036
293.039
293.041
293.044
293.047
293.05
293.052
293.055
293.057
293.06
293.062
293.064
293.066
293.019
293.021
293.023
293.025
293.027
293.029
293.031
293.033
293.035
293.037
293.04
293.042
293.044
293.046
293.048
293.05
293.052
293.053
293.014
293.016
293.017
293.019
293.02
293.022
293.023
293.025
293.027
293.029
293.031
293.032
293.034
293.036
293.037
293.039
293.04
293.042
293.01
293.011
293.012
293.013
293.014
293.015
293.017
293.018
293.019
293.021
293.022
293.023
293.025
293.026
293.027
293.029
293.03
293.031
293.006
293.007
293.007
293.008
293.009
293.01
293.011
293.012
293.012
293.013
293.014
293.015
293.016
293.017
293.018
293.019
293.02
293.021
293.003
293.004
293.004
293.005
293.005
293.006
293.006
293.007
293.007
293.008
293.008
293.009
293.01
293.01
293.011
293.011
293.012
293.012
293.001
293.002
293.002
293.002
293.002
293.003
293.003
293.003
293.004
293.004
293.004
293.005
293.005
293.005
293.006
293.006
293.006
293.007
293.001
293.001
293.001
293.001
293.001
293.001
293.001
293.001
293.002
293.002
293.002
293.002
293.002
293.002
293.003
293.003
293.003
293.003
293
293
293
293
293
293
293
293
293
293.001
293.001
293.001
293.001
293.001
293.001
293.001
293.001
293.001
293
293
293
293
293
293
293
293
293
293
293
293
293
293
293
293
293
293
293
293
293
293
293
293
293
293
293
293
293
293
293
293
293
293
293
293
293
293
293
293
293
293
293
293
293
293
293
293
293
293
293
293
293
293
293
293
293
293
293
293
293
293
293
293
293
293
293
293
293
293
293
293
293
293
293
293
293
293
293
293
293
293
293
293
293
293
293
293
293
293
293
293
293
293
293
293
293
293
293
293
293
293
293
293
293
293
293
293
293
293
293
293
293
293
293
293
293
293
293
293
293
293
293
293
293
293
293
293
293
293
293
293
293
293
293
293
293
293
293
293
293
293
293
293
293
293
293
293
293
293
293
293
293
293
293
293
293
293
293
293
293
293
293
293
293
293
293
293
293
293
293
293
293
293
293
293
293
293
293
293
293
293
293
293
293
293
293
293
293
293
293
293
293
293
293
293
293
293
293
293
293
293
293
293
293
293
293
293
293
293
293
293
293
293
293
293
293
293
293
293
293
293
293
293
293
293
293
293
293
293
293
293
293
293
293
293
293
293
293
293
293
293
293
293
293
293
293
293
293
293
293
293
293
293
293
293
293
293
293
293
293
293
293
293
293
293
293
293
293
293
293
293
293
293
293
293
293
293
293
293
293
293
293
293
293
293
293
293
293.01
293.011
293.012
293.013
293.015
293.016
293.017
293.018
293.02
293.021
293.023
293.024
293.025
293.027
293.028
293.029
293.03
293.031
293.008
293.009
293.009
293.01
293.011
293.012
293.013
293.014
293.016
293.017
293.018
293.019
293.02
293.021
293.022
293.023
293.024
293.025
293.006
293.006
293.007
293.008
293.008
293.009
293.01
293.011
293.012
293.012
293.013
293.014
293.015
293.016
293.017
293.018
293.018
293.019
293.004
293.004
293.005
293.005
293.006
293.006
293.007
293.007
293.008
293.009
293.009
293.01
293.011
293.011
293.012
293.012
293.013
293.014
293.002
293.002
293.003
293.003
293.003
293.004
293.004
293.005
293.005
293.005
293.006
293.006
293.007
293.007
293.008
293.008
293.008
293.009
293.001
293.001
293.001
293.002
293.002
293.002
293.002
293.002
293.003
293.003
293.003
293.004
293.004
293.004
293.004
293.005
293.005
293.005
293
293
293.001
293.001
293.001
293.001
293.001
293.001
293.001
293.001
293.002
293.002
293.002
293.002
293.002
293.002
293.002
293.003
293
293
293
293
293
293
293
293
293
293
293.001
293.001
293.001
293.001
293.001
293.001
293.001
293.001
293
293
293
293
293
293
293
293
293
293
293
293
293
293
293
293
293
293
293
293
293
293
293
293
293
293
293
293
293
293
293
293
293
293
293
293
293
293
293
293
293
293
293
293
293
293
293
293
293
293
293
293
293
293
293
293
293
293
293
293
293
293
293
293
293
293
293
293
293
293
293
293
293
293
293
293
293
293
293
293
293
293
293
293
293
293
293
293
293
293
293
293
293
293
293
293
293
293
293
293
293
293
293
293
293
293
293
293
293
293
293
293
293
293
293
293
293
293
293
293
293
293
293
293
293
293
293
293
293
293
293
293
293
293
293
293
293
293
293
293
293
293
293
293
293
293
293
293
293
293
293
293
293
293
293
293
293
293
293
293
293
293
293
293
293
293
293
293
293
293
293
293
293
293
293
293
293
293
293
293
293
293
293
293
293
293
293
293
293
293
293
293
293
293
293
293
293
293
293
293
293
293
293
293
293
293
293
293
293
293
293
293
293
293
293
293
293
293
293
293
293
293
293
293
293
293
293
293
293
293
293
293
293
293
293
293
293
293
293
293
293
293
293
293
293
293
293
293
293
293
293
293
293
293
293
293
293
293
293
293
293
293
293
293
293
293
293
293
293
293
293
293
293
293
293
293
293
293
293
293
293
293
293
293
293
293
293
293
293
293
293
293
293
293
293
293
293
293
293
293
293
293
293
293
293
293
293.004
293.004
293.005
293.005
293.006
293.006
293.007
293.007
293.008
293.009
293.009
293.01
293.011
293.011
293.012
293.013
293.013
293.014
293.003
293.003
293.003
293.004
293.004
293.005
293.005
293.006
293.006
293.007
293.007
293.008
293.008
293.009
293.009
293.01
293.01
293.011
293.002
293.002
293.002
293.003
293.003
293.003
293.004
293.004
293.004
293.005
293.005
293.006
293.006
293.006
293.007
293.007
293.008
293.008
293.001
293.001
293.002
293.002
293.002
293.002
293.002
293.003
293.003
293.003
293.003
293.004
293.004
293.004
293.005
293.005
293.005
293.005
293.001
293.001
293.001
293.001
293.001
293.001
293.001
293.002
293.002
293.002
293.002
293.002
293.002
293.003
293.003
293.003
293.003
293.003
293
293
293
293
293
293.001
293.001
293.001
293.001
293.001
293.001
293.001
293.001
293.001
293.002
293.002
293.002
293.002
293
293
293
293
293
293
293
293
293
293
293
293
293.001
293.001
293.001
293.001
293.001
293.001
293
293
293
293
293
293
293
293
293
293
293
293
293
293
293
293
293
293
293
293
293
293
293
293
293
293
293
293
293
293
293
293
293
293
293
293
293
293
293
293
293
293
293
293
293
293
293
293
293
293
293
293
293
293
293
293
293
293
293
293
293
293
293
293
293
293
293
293
293
293
293
293
293
293
293
293
293
293
293
293
293
293
293
293
293
293
293
293
293
293
293
293
293
293
293
293
293
293
293
293
293
293
293
293
293
293
293
293
293
293
293
293
293
293
293
293
293
293
293
293
293
293
293
293
293
293
293
293
293
293
293
293
293
293
293
293
293
293
293
293
293
293
293
293
293
293
293
293
293
293
293
293
293
293
293
293
293
293
293
293
293
293
293
293
293
293
293
293
293
293
293
293
293
293
293
293
293
293
293
293
293
293
293
293
293
293
293
293
293
293
293
293
293
293
293
293
293
293
293
293
293
293
293
293
293
293
293
293
293
293
293
293
293
293
293
293
293
293
293
293
293
293
293
293
293
293
293
293
293
293
293
293
293
293
293
293
293
293
293
293
293
293
293
293
293
293
293
293
293
293
293
293
293
293
293
293
293
293
293
293
293
293
293
293
293
293
293
293
293
293
293
293
293
293
293
293
293
293
293
293
293
293
293
293
293
293
293
293
293
293
293
293
293
293
293
293
293
293
293
293
293
293
293
293
293
293
293
293
293
293
293
293
293
293
293
293
293
293
293
293
293
293
293
293
293.001
293.001
293.002
293.002
293.002
293.002
293.002
293.003
293.003
293.003
293.003
293.004
293.004
293.004
293.005
293.005
293.005
293.005
293.005
293.006
293.001
293.001
293.001
293.001
293.001
293.002
293.002
293.002
293.002
293.002
293.003
293.003
293.003
293.003
293.003
293.004
293.004
293.004
293.004
293.004
293
293.001
293.001
293.001
293.001
293.001
293.001
293.001
293.001
293.002
293.002
293.002
293.002
293.002
293.002
293.003
293.003
293.003
293.003
293.003
293
293
293
293
293.001
293.001
293.001
293.001
293.001
293.001
293.001
293.001
293.001
293.001
293.002
293.002
293.002
293.002
293.002
293.002
293
293
293
293
293
293
293
293
293
293
293.001
293.001
293.001
293.001
293.001
293.001
293.001
293.001
293.001
293.001
293
293
293
293
293
293
293
293
293
293
293
293
293
293
293
293
293
293
293.001
293.001
293
293
293
293
293
293
293
293
293
293
293
293
293
293
293
293
293
293
293
293
293
293
293
293
293
293
293
293
293
293
293
293
293
293
293
293
293
293
293
293
293
293
293
293
293
293
293
293
293
293
293
293
293
293
293
293
293
293
293
293
293
293
293
293
293
293
293
293
293
293
293
293
293
293
293
293
293
293
293
293
293
293
293
293
293
293
293
293
293
293
293
293
293
293
293
293
293
293
293
293
293
293
293
293
293
293
293
293
293
293
293
293
293
293
293
293
293
293
293
293
293
293
293
293
293
293
293
293
293
293
293
293
293
293
293
293
293
293
293
293
293
293
293
293
293
293
293
293
293
293
293
293
293
293
293
293
293
293
293
293
293
293
293
293
293
293
293
293
293
293
293
293
293
293
293
293
293
293
293
293
293
293
293
293
293
293
293
293
293
293
293
293
293
293
293
293
293
293
293
293
293
293
293
293
293
293
293
293
293
293
293
293
293
293
293
293
293
293
293
293
293
293
293
293
293
293
293
293
293
293
293
293
293
293
293
293
293
293
293
293
293
293
293
293
293
293
293
293
293
293
293
293
293
293
293
293
293
293
293
293
293
293
293
293
293
293
293
293
293
293
293
293
293
293
293
293
293
293
293
293
293
293
293
293
293
293
293
293
293
293
293
293
293
293
293
293
293
293
293
293
293
293
293
293
293
293
293
293
293
293
293
293
293
293
293
293
293
293
293
293
293
293
293
293
293
293
293
293
293
293
293
293
293
293
293
293
293
293
293
293
293
293
293
293
293
293
293
293
293
293
293
293
293
293
293
293
293
293
293
293
293
293
293
293
293
293
293
293
293
293
293
293
293
293
293
293
293
293
293
293
293
293
293
293
293
293.001
293.001
293.001
293.001
293.001
293.001
293.001
293.001
293.001
293.001
293.002
293.002
293.002
293.002
293.002
293
293
293
293
293
293
293
293
293.001
293.001
293.001
293.001
293.001
293.001
293.001
293.001
293.001
293.001
293.001
293.001
293
293
293
293
293
293
293
293
293
293
293
293
293.001
293.001
293.001
293.001
293.001
293.001
293.001
293.001
293
293
293
293
293
293
293
293
293
293
293
293
293
293
293
293
293
293
293.001
293.001
293
293
293
293
293
293
293
293
293
293
293
293
293
293
293
293
293
293
293
293
293
293
293
293
293
293
293
293
293
293
293
293
293
293
293
293
293
293
293
293
293
293
293
293
293
293
293
293
293
293
293
293
293
293
293
293
293
293
293
293
293
293
293
293
293
293
293
293
293
293
293
293
293
293
293
293
293
293
293
293
293
293
293
293
293
293
293
293
293
293
293
293
293
293
293
293
293
293
293
293
293
293
293
293
293
293
293
293
293
293
293
293
293
293
293
293
293
293
293
293
293
293
293
293
293
293
293
293
293
293
293
293
293
293
293
293
293
293
293
293
293
293
293
293
293
293
293
293
293
293
293
293
293
293
293
293
293
293
293
293
293
293
293
293
293
293
293
293
293
293
293
293
293
293
293
293
293
293
293
293
293
293
293
293
293
293
293
293
293
293
293
293
293
293
293
293
293
293
293
293
293
293
293
293
293
293
293
293
293
293
293
293
293
293
293
293
293
293
293
293
293
293
293
293
293
293
293
293
293
293
293
293
293
293
293
293
293
293
293
293
293
293
293
293
293
293
293
293
293
293
293
293
293
293
293
293
293
293
293
293
293
293
293
293
293
293
293
293
293
293
293
293
293
293
293
293
293
293
293
293
293
293
293
293
293
293
293
293
293
293
293
293
293
293
293
293
293
293
293
293
293
293
293
293
293
293
293
293
293
293
293
293
293
293
293
293
293
293
293
293
293
293
293
293
293
293
293
293
293
293
293
293
293
293
293
293
293
293
293
293
293
293
293
293
293
293
293
293
293
293
293
293
293
293
293
293
293
293
293
293
293
293
293
293
293
293
293
293
293
293
293
293
293
293
293
293
293
293
293
293
293
293
293
293
293
293
293
293
293
293
293
293
293
293
293
293
293
293
293
293
293
293
293
293
293
293
293
293
293
293
293
293
293
293
293
293
293
293
293
293
293
293
293
293
293
293
293
293
293
293
293
293
293
293
293
293
293
293
293
293
293
293
293
293
293
293
293
293
293
293
293
293
293
293
293
293
293
293
293
293
293
293
293
293
293
293
293
293
293
293
293
293
293
293
293
293
293
293
293
293
293
293
293
293
293
293
293
293
293
293
293
293
293
293
293
293
293
293
293
293
293
293
293
293
293
293
293
293
293
293
293
293
293
293
293
293
293
293
293
293
293
293
293
293
293
293
293
293
293
293
293
293
293
293
293
293
293
293
293
293
293
293
293
293
293
293
293
293
293
293
293
293
293
293
293
293
293
293
293
293
293
293
293
293
293
293
293
293
293
293
293
293
293
293
293
293
293
293
293
293
293
293
293
293
293
293
293
293
293
293
293
293
293
293
293
293
293
293
293
293
293
293
293
293
293
293
293
293
293
293
293
293
293
293
293
293
293
293
293
293
293
293
293
293
293
293
293
293
293
293
293
293
293
293
293
293
293
293
293
293
293
293
293
293
293
293
293
293
293
293
293
293
293
293
293
293
293
293
293
293
293
293
293
293
293
293
293
293
293
293
293
293
293
293
293
293
293
293
293
293
293
293
293
293
293
293
293
293
293
293
293
293
293
293
293
293
293
293
293
293
293
293
293
293
293
293
293
293
293
293
293
293
293
293
293
293
293
293
293
293
293
293
293
293
293
293
293
293
293
293
293
293
293
293
293
293
293
293
293
293
293
293
293
293
293
293
293
293
293
293
293
293
293
293
293
293
293
293
293
293
293
293
293
293
293
293
293
293
293
293
293
293
293
293
293
293
293
293
293
293
293
293
293
293
293
293
293
293
293
293
293
293
293
293
293
293
293
293
293
293
293
293
293
293
293
293
293
293
293
293
293
293
293
293
293
293
293
293
293
293
293
293
293
293
293
293
293
293
293
293
293
293
293
293
293
293
293
293
293
293
293
293
293
293
293
293
293
293
293
293
293
293
293
293
293
293
293
293
293
293
293
293
293
293
293
293
293
293
293
293
293
293
293
293
293
293
293
293
293
293
293
293
293
293
293
293
293
293
293
293
293
293
293
293
293
293
293
293
293
293
293
293
293
293
293
293
293
293
293
293
293
293
293
293
293
293
293
293
293
293
293
293
293
293
293
293
293
293
293
293
293
293
293
293
293
293
293
293
293
293
293
293
293
293
293
293
293
293
293
293
293
293
293
293
293
293
293
293
293
293
293
293
293
293
293
293
293
293
293
293
293
293
293
293
293
293
293
293
293
293
293
293
293
293
293
293
293
293
293
293
293
293
293
293
293
293
293
293
293
293
293
293
293
293
293
293
293
293
293
293
293
293
293
293
293
293
293
293
293
293
293
293
293
293
293
293
293
293
293
293
293
293
293
293
293
293
293
293
293
293
293
293
293
293
293
293
293
293
293
293
293
293
293
293
293
293
293
293
293
293
293
293
293
293
293
293
293
293
293
293
293
293
293
293
293
293
293
293
293
293
293
293
293
293
293
293
293
293
293
293
293
293
293
293
293
293
293
293
293
293
293
293
293
293
293
293
293
293
293
293
293
293
293
293
293
293
293
293
293
293
293
293
293
293
293
293
293
293
293
293
293
293
293
293
293
293
293
293
293
293
293
293
293
293
293
293
293
293
293
293
293
293
293
293
293
293
293
293
293
293
293
293
293
293
293
293
293
293
293
293
293
293
293
293
293
293
293
293
293
293
293
293
293
293
293
293
293
293
293
293
293
293
293
293
293
293
293
293
293
293
293
293
293
293
293
293
293
293
293
293
293
293
293
293
293
293
293
293
293
293
293
293
293
293
293
293
293
293
293
293
293
293
293
293
293
293
293
293
293
293
293
293
293
293
293
293
293
293
293
293
293
293
293
293
293
293
293
293
293
293
293
293
293
293
293
293
293
293
293
293
293
293
293
293
293
293
293
293
293
293
293
293
293
293
293
293
293
293
293
293
293
293
293
293
293
293
293
293
293
293
293
293
293
293
293
293
293
293
293
293
293
293
293
293
293
293
293
293
293
293
293
293
293
293
293
293
293
293
293
293
293
293
293
293
293
293
293
293
293
293
293
293
293
293
293
293
293
293
293
293
293
293
293
293
293
293
293
293
293
293
293
293
293
293
293
293
293
293
293
293
293
293
293
293
293
293
293
293
293
293
293
293
293
293
293
293
293
293
293
293
293
293
293
293
293
293
293
293
293
293
293
293
293
293
293
293
293
293
293
293
293
293
293
293
293
293
293
293
293
293
293
293
293
293
293
293
293
293
293
293
293
293
293
293
293
293
293
293
293
293
293
293
293
293
293
293
293
293
293
293
293
293
293
293
293
293
293
293
293
293
293
293
293
293
293
293
293
293
293
293
293
293
293
293
293
293
293
293
293
293
293
293
293
293
293
293
293
293
293
293
293
293
293
293
293
293
293
293
293
293
293
293
293
293
293
293
293
293
293
293
293
293
293
293
293
293
293
293
293
293
293
293
293
293
293
293
293
293
293
293
293
293
293
293
293
293
293
293
293
293
293
293
293
293
293
293
293
293
293
293
293
293
293
293
293
293
293
293
293
293
293
293
293
293
293
293
293
293
293
293
293
293
293
293
293
293
293
293
293
293
293
293
293
293
293
293
293
293
293
293
293
293
293
293
293
293
293
293
293
293
293
293
293
293
293
293
293
293
293
293
293
293
293
293
293
293
293
293
293
293
293
293
293
293
293
293
293
293
293
293
293
293
293
293
293
293
293
293
293
293
293
293
293
293
293
293
293
293
293
293
293
293
293
293
293
293
293
293
293
293
293
293
293
293
293
293
293
293
293
293
293
293
293
293
293
293
293
293
293
293
293
293
293
293
293
293
293
293
293
293
293
293
293
293
293
293
293
293
293
293
293
293
293
293
293
293
293
293
293
293
293
293
293
293
293
293
293
293
293
293
293
293
293
293
293
293
293
293
293
293
293
293
293
293
293
293
293
293
293
293
293
293
293
293
293
293
293
293
293
293
293
293
293
293
293
293
293
293
293
293
293
293
293
293
293
293
293
293
293
293
293
293
293
293
293
293
293
293
293
293
293
293
293
293
293
293
293
293
293
293
293
293
293
293
293
293
293
293
293
293
293
293
293
293
293
293
293
293
293
293
293
293
293
293
293
293
293
293
293
293
293
293
293
293
293
293
293
293
293
293
293
293
293
293
293
293
293
293
293
293
293
293
293
293
293
293
293
293
293
293
293
293
293
293
293
293
293
293
293
293
293
293
293
293
293
293
293
293
293
293
293
293
293
293
293
293
293
293
293
293
293
293
293
293
293
293
293
293
293
293
293
293
293
293
293
293
293
293
293
293
293
293
293
293
293
293
293
293
293
293
293
293
293
293
293
293
293
293
293
293
293
293
293
293
293
293
293
293
293
293
293
293
293
293
293
293
293
293
293
293
293
293
293
293
293
293
293
293
293
293
293
293
293
293
293
293
293
293
293
293
293
293
293
293
293
293
293
293
293
293
293
293
293
293
293
293
293
293
293
293
293
293
293
293
293
293
293
293
293
293
293
293
293
293
293
293
293
293
293
293
293
293
293
293
293
293
293
293
293
293
293
293
293
293
293
293
293
293
293
293
293
293
293
293
293
293
293
293
293
293
293
293
293
293
293
293
293
293
293
293
293
293
293
293
293
293
293
293
293
293
293
293
293
293
293
293
293
293
293
293
293
293
293
293
293
293
293
293
293
293
293
293
293
293
293
293
293
293
293
293
293
293
293
293
293
293
293
293
293
293
293
293
293
293
293
293
293
293
293
293
293
293
293
293
293
293
293
293
293
293
293
293
293
293
293
293
293
293
293
293
293
293
293
293
293
293
293
293
293
293
293
293
293
293
293
293
293
293
293
293
293
293
293
293
293
293
293
293
293
293
293
293
293
293
293
293
293
293
293
293
293
293
293
293
293
293
293
293
293
293
293
293
293
293
293
293
293
293
293
293
293
293
293
293
293
293
293
293
293
293
293
293
293
293
293
293
293
293
293
293
293
293
293
293
293
293
293
293
293
293
293
293
293
293
293
293
293
293
293
293
293
293
293
293
293
293
293
293
293
293
293
293
293
293
293
293
293
293
293
293
293
293
293
293
293
293
293
293
293
293
293
293
293
293
293
293
293
293
293
293
293
293
293
293
293
293
293
293
293
293
293
293
293
293
293
293
293
293
293
293
293
293
293
293
293
293
293
293
293
293
293
293
293
293
293
293
293
293
293
293
293
293
293
293
293
293
293
293
293
293
293
293
293
293
293
293
293
293
293
293
293
293
293
293
293
293
293
293
293
293
293
293
293
293
293
293
293
293
293
293
293
293
293
293
293
293
293
293
293
293
293
293
293
293
293
293
293
293
293
293
293
293
293
293
293
293
293
293
293
293
293
293
293
293
293
293
293
293
293
293
293
293
293
293
293
293
293
293
293
293
293
293
293
293
293
293
293
293
293
293
293
293
293
293
293
293
293
293
293
293
293
293
293
293
293
293
293
293
293
293
293
293
293
293
293
293
293
293
293
293
293
293
293
293
293
293
293
293
293
293
293
293
293
293
293
293
293
293
293
293
293
293
293
293
293
293
293
293
293
293
293
293
293
293
293
293
293
293
293
293
293
293
293
293
293
293
293
293
293
293
293
293
293
293
293
293
293
293
293
293
293
293
293
293
293
293
293
293
293
293
293
293
293
293
293
293
293
293
293
293
293
293
293
293
293
293
293
293
293
293
293
293
293
293
293
293
293
293
293
293
293
293
293
293
293
293
293
293
293
293
293
293
293
293
293
293
293
293
293
293
293
293
293
293
293
293
293
293
293
293
293
293
293
293
293
293
293
293
293
293
293
293
293
293
293
293
293
293
293
293
293
293
293
293
293
293
293
293
293
293
293
293
293
293
293
293
293
293
293
293
293
293
293
293
293
293
293
293
293
293
293
293
293
293
293
293
293
293
293
293
293
293
293
293
293
293
293
293
293
293
293
293
293
293
293
293
293
293
293
293
293
293
293
293
293
293
293
293
293
293
293
293
293
293
293
293
293
293
293
293
293
293
293
293
293
293
293
293
293
293
293
293
293
293
293
293
293
293
293
293
293
293
293
293
293
293
293
293
293
293
293
293
293
293
293
293
293
293
293
293
293
293
293
293
293
293
293
293
293
293
293
293
293
293
293
293
293
293
293
293
293
293
293
293
293
293
293
293
293
293
293
293
293
293
293
293
293
293
293
293
293
293
293
293
293
293
293
293
293
293
293
293
293
293
293
293
293
293
293
293
293
293
293
293
293
293
293
293
293
293
293
293
293
293
293
293
293
293
293
293
293
293
293
293
293
293
293
293
293
293
293
293
293
293
293
293
293
293
293
293
293
293
293
293
293
293
293
293
293
293
293
293
293
293
293
293
293
293
293
293
293
293
293
293
293
293
293
293
293
293
293
293
293
293
293
293
293
293
293
293
293
293
293
293
293
293
293
293
293
293
293
293
293
293
293
293
293
293
293
293
293
293
293
293
293
293
293
293
293
293
293
293
293
293
293
293
293
293
293
293
293
293
293
293
293
293
293
293
293
293
293
293
293
293
293
293
293
293
293
293
293
293
293
293
293
293
293
293
293
293
293
293
293
293
293
293
293
293
293
293
293
293
293
293
293
293
293
293
293
293
293
293
293
293
293
293
293
293
293
293
293
293
293
293
293
293
293
293
293
293
293
293
293
293
293
293
293
293
293
293
293
293
293
293
293
293
293
293
293
293
293
293
293
293
293
293
293
293
293
293
293
293
293
293
293
293
293
293
293
293
293
293
293
293
293
293
293
293
293
293
293
293
293
293
293
293
293
293
293
293
293
293
293
293
293
293
293
293
293
293
293
293
293
293
293
293
293
293
293
293
293
293
293
293
293
293
293
293
293
293
293
293
293
293
293
293
293
293
293
293
293
293
293
293
293
293
293
293
293
293
293
293
293
293
293
293
293
293
293
293
293
293
293
293
293
293
293
293
293
293
293
293
293
293
293
293
293
293
293
293
293
293
293
293
293
293
293
293
293
293
293
293
293
293
293
293
293
293
293
293
293
293
293
293
293
293
293
293
293
293
293
293
293
293
293
293
293
293
293
293
293
293
293
293
293
293
293
293
293
293
293
293
293
293
293
293
293
293
293
293
293
293
293
293
293
293
293
293
293
293
293
293
293
293
293
293
293
293
293
293
293
293
293
293
293
293
293
293
293
293
293
293
293
293
293
293
293
293
293
293
293
293
293
293
293
293
293
293
293
293
293
293
293
293
293
293
293
293
293
293
293
293
293
293
293
293
293
293
293
293
293
293
293
293
293
293
293
293
293
293
293
293
293
293
293
293
293
293
293
293
293
293
293
293
293
293
293
293
293
293
293
293
293
293
293
293
293
293
293
293
293
293
293
293
293
293
293
293
293
293
293
293
293
293
293
293
293
293
293
293
293
293
293
293
293
293
293
293
293
293
293
293
293
293
293
293
293
293
293
293
293
293
293
293
293
293
293
293
293
293
293
293
293
293
293
293
293
293
293
293
293
293
293
293
293
293
293
293
293
293
293
293
293
293
293
293
293
293
293
293
293
293
293
293
293
293
293
293
293
293
293
293
293
293
293
293
293
293
293
293
293
293
293
293
293
293
293
293
293
293
293
293
293
293
293
293
293
293
293
293
293
293
293
293
293
293
293
293
293
293
293
293
293
293
293
293
293
293
293
293
293
293
293
293
293
293
293
293
293
293
293
293
293
293
293
293
293
293
293
293
293
293
293
293
293
293
293
293
293
293
293
293
293
293
293
293
293
293
293
293
293
293
293
293
293
293
293
293
293
293
293
293
293
293
293
293
293
293
293
293
293
293
293
293
293
293
293
293
293
293
293
293
293
293
293
293
293
293
293
293
293
293
293
293
293
293
293
293
293
293
293
293
293
293
293
293
293
293
293
293
293
293
293
293
293
293
293
293
293
293
293
293
293
293
293
293
293
293
293
293
293
293
293
293
293
293
293
293
293
293
293
293
293
293
293
293
293
293
293
293
293
293
293
293
293
293
293
293
293
293
293
293
293
293
293
293
293
293
293
293
293
293
293
293
293
293
293
293
293
293
293
293
293
293
293
293
293
293
293
293
293
293
293
293
293
293
293
293
293
293
293
293
293
293
293
293
293
293
293
293
293
293
293
293
293
293
293
293
293
293
293
293
293
293
293
293
293
293
293
293
293
293
293
293
293
293
293
293
293
293
293
293
293
293
293
293
293
293
293
293
293
293
293
293
293
293
293
293
293
293
293
293
293
293
293
293
293
293
293
293
293
293
293
293
293
293
293
293
293
293
293
293
293
293
293
293
293
293
293
293
293
293
293
293
293
293
293
293
293
293
293
293
293
293
293
293
293
293
293
293
293
293
293
293
293
293
293
293
293
293
293
293
293
293
293
293
293
293
293
293
293
293
293
293
293
293
293
293
293
293
293
293
293
293
293
293
293
293
293
293
293
293
293
293
293
293
293
293
293
293
293
293
293
293
293
293
293
293
293
293
293
293
293
293
293
293
293
293
293
293
293
293
293
293
293
293
293
293
293
293
293
293
293
293
293
293
293
293
293
293
293
293
293
293
293
293
293
293
293
293
293
293
293
293
293
293
293
293
293
293
293
293
293
293
293
293
293
293
293
293
293
293
293
293
293
293
293
293
293
293
293
293
293
293
293
293
293
293
293
293
293
293
293
293
293
293
293
293
293
293
293
293
293
293
293
293
293
293
293
293
293
293
293
293
293
293
293
293
293
293
293
293
293
293
293
293
293
293
293
293
293
293
293
293
293
293
293
293
293
293
293
293
293
293
293
293
293
293
293
293
293
293
293
293
293
293
293
293
293
293
293
293
293
293
293
293
293
293
293
293
293
293
293
293
293
293
293
293
293
293
293
293
293
293
293
293
293
293
293
293
293
293
293
293
293
293
293
293
293
293
293
293
293
293
293
293
293
293
293
293
293
293
293
293
293
293
293
293
293
293
293
293
293
293
293
293
293
293
293
293
293
293
293
293
293
293
293
293
293
293
293
293
293
293
293
293
293
293
293
293
293
293
293
293
293
293
293
293
293
293
293
293
293
293
293
293
293
293
293
293
293
293
293
293
293
293
293
293
293
293
293
293
293
293
293
293
293
293
293
293
293
293
293
293
293
293
293
293
293
293
293
293
293
293
293
293
293
293
293
293
293
293
293
293
293
293
293
293
293
293
293
293
293
293
293
293
293
293
293
293
293
293
293
293
293
293
293
293
293
293
293
293
293
293
293
293
293
293
293
293
293
293
293
293
293
293
293
293
293
293
293
293
293
293
293
293
293
293
293
293
293
293
293
293
293
293
293
293
293
293
293
293
293
293
293
293
293
293
293
293
293
293
293
293
293
293
293
293
293
293
293
293
293
293
293
293
293
293
293
293
293
293
293
293
293
293
293
293
293
293
293
293
293
293
293
293
293
293
293
293
293
293
293
293
293
293
293
293
293
293
293
293
293
293
293
293
293
293
293
293
293
293
293
293
293
293
293
293
293
293
293
293
293
293
293
293
293
293
293
293
293
293
293
293
293
293
293
293
293
293
293
293
293
293
293
293
293
293
293
293
293
293
293
293
293
293
293
293
293
293
293
293
293
293
293
293
293
293
293
293
293
293
293
293
293
293
293
293
293
293
293
293
293
293
293
293
293
293
293
293
293
293
293
293
293
293
293
293
293
293
293
293
293
293
293
293
293
293
293
293
293
293
293
293
293
293
293
293
293
293
293
293
293
293
293
293
293
293
293
293
293
293
293
293
293
293
293
293
293
293
293
293
293
293
293
293
293
293
293
293
293
293
293
293
293
293
293
293
293
293
293
293
293
293
293
293
293
293
293
293
293
293
293
293
293
293
293
293
293
293
293
293
293
293
293
293
293
293
293
293
293
293
293
293
293
293
293
293
293
293
293
293
293
293
293
293
293
293
293
293
293
293
293
293
293
293
293
293
293
293
293
293
293
293
293
293
293
293
293
293
293
293
293
293
293
293
293
293
293
293
293
293
293
293
293
293
293
293
293
293
293
293
293
293
293
293
293
293
293
293
293
293
293
293
293
293
293
293
293
293
293
293
293
293
293
293
293
293
293
293
293
293
293
293
293
293
293
293
293
293
293
293
293
293
293
293
293
293
293
293
293
293
293
293
293
293
293
293
293
293
293
293
293
293
293
293
293
293
293
293
293
293
293
293
293
293
293
293
293
293
293
293
293
293
293
293
293
293
293
293
293
293
293
293
293
293
293
293
293
293
293
293
293
293
293
293
293
293
293
293
293
293
293
293
293
293
293
293
293
293
293
293
293
293
293
293
293
293
293
293
293
293
293
293
293
293
293
293
293
293
293
293
293
293
293
293
293
293
293
293
293
293
293
293
293
293
293
293
293
293
293
293
293
293
293
293
293
293
293
293
293
293
293
293
293
293
293
293
293
293
293
293
293
293
293
293
293
293
293
293
293
293
293
293
293
293
293
293
293
293
293
293
293
293
293
293
293
293
293
293
293
293
293
293
293
293
293
293
293
293
293
293
293
293
293
293
293
293
293
293
293
293
293
293
293
293
293
293
293
293
293
293
293
293
293
293
293
293
293
293
293
293
293
293
293
293
293
293
293
293
293
293
293
293
293
293
293
293
293
293
293
293
293
293
293
293
293
293
293
293
293
293
293
293
293
293
293
293
293
293
293
293
293
293
293
293
293
293
293
293
293
293
293
293
293
293
293
293
293
293
293
293
293
293
293
293
293
293
293
293
293
293
293
293
293
293
293
293
293
293
293
293
293
293
293
293
293
293
293
293
293
293
293
293
293
293
293
293
293
293
293
293
293
293
293
293
293
293
293
293
293
293
293
293
293
293
293
293
293
293
293
293
293
293
293
293
293
293
293
293
293
293
293
293
293
293
293
293
293
293
293
293
293
293
293
293
293
293
293
293
293
293
293
293
293
293
293
293
293
293
293
293
293
293
293
293
293
293
293
293
293
293
293
293
293
293
293
293
293
293
293
293
293
293
293
293
293
293
293
293
293
293
293
293
293
293
293
293
293
293
293
293
293
293
293
293
293
293
293
293
293
293
293
293
293
293
293
293
293
293
293
293
293
293
293
293
293
293
293
293
293
293
293
293
293
293
293
293
293
293
293
293
293
293
293
293
293
293
293
293
293
293
293
293
293
293
293
293
293
293
293
293
293
293
293
293
293
293
293
293
293
293
293
293
293
293
293
293
293
293
293
293
293
293
293
293
293
293
293
293
293
293
293
293
293
293
293
293
293
293
293
293
293
293
293
293
293
293
293
293
293
293
293
293
293
293
293
293
293
293
293
293
293
293
293
293
293
293
293
293
293
293
293
293
293
293
293
293
293
293
293
293
293
293
293
293
293
293
293
293
293
293
293
293
293
293
293
293
293
293
293
293
293
293
293
293
293
293
293
293
293
293
293
293
293
293
293
293
293
293
293
293
293
293
293
293
293
293
293
293
293
293
293
293
293
293
293
293
293
293
293
293
293
293
293
293
300.338
298.866
297.003
295.903
295.392
295.151
295.034
294.975
294.943
294.923
294.909
294.898
294.888
299.691
298.449
296.869
296.028
295.587
295.348
295.213
295.136
295.089
295.061
295.042
295.028
295.017
295.008
294.999
294.991
298.799
298.292
297.038
296.172
295.684
295.401
295.234
295.132
295.066
295.023
294.992
294.97
294.952
294.939
294.928
294.919
298.114
297.79
296.944
296.344
295.941
295.668
295.481
295.351
295.261
295.196
295.15
295.116
295.09
295.071
295.055
295.043
297.165
297.293
296.926
296.449
296.061
295.775
295.568
295.419
295.31
295.23
295.17
295.123
295.086
295.057
295.034
295.015
296.548
296.621
296.561
296.398
296.196
295.996
295.818
295.667
295.543
295.442
295.361
295.296
295.243
295.201
295.166
295.138
297.263
297.445
297.062
296.533
296.123
295.822
295.602
295.44
295.319
295.227
295.157
295.103
295.06
295.026
294.999
294.977
296.1
296.211
296.258
296.198
296.077
295.934
295.795
295.669
295.56
295.467
295.389
295.322
295.267
295.22
295.18
295.146
295.554
295.608
295.663
295.701
295.714
295.704
295.673
295.629
295.576
295.52
295.463
295.409
295.357
295.31
295.266
295.228
296.246
296.513
296.555
296.401
296.197
296.001
295.83
295.686
295.565
295.464
295.381
295.311
295.252
295.203
295.162
295.127
295.445
295.491
295.549
295.596
295.621
295.621
295.601
295.565
295.521
295.473
295.423
295.375
295.329
295.286
295.246
295.208
294.887
294.92
294.958
294.998
295.038
295.075
295.105
295.128
295.143
295.151
295.152
295.148
295.139
295.126
295.11
295.092
295.522
295.616
295.719
295.795
295.826
295.814
295.773
295.714
295.646
295.576
295.509
295.446
295.388
295.336
295.289
295.247
294.915
294.95
294.99
295.032
295.072
295.108
295.137
295.157
295.17
295.176
295.176
295.169
295.157
295.141
295.122
295.1
294.398
294.429
294.461
294.493
294.526
294.558
294.589
294.618
294.644
294.666
294.685
294.7
294.712
294.72
294.725
294.726
294.921
294.983
295.054
295.129
295.201
295.262
295.31
295.341
295.358
295.362
295.355
295.341
295.321
295.297
295.272
295.245
294.418
294.456
294.496
294.537
294.578
294.619
294.658
294.694
294.725
294.753
294.775
294.793
294.805
294.813
294.817
294.816
293.992
294.022
294.052
294.083
294.113
294.143
294.172
294.2
294.226
294.25
294.272
294.292
294.309
294.323
294.333
294.341
294.372
294.423
294.478
294.536
294.597
294.659
294.72
294.778
294.83
294.875
294.913
294.943
294.965
294.981
294.991
294.995
294.994
293.984
294.02
294.057
294.094
294.131
294.169
294.206
294.243
294.278
294.311
294.342
294.369
294.394
294.414
294.431
294.444
294.454
293.664
293.69
293.717
293.743
293.77
293.796
293.822
293.847
293.871
293.895
293.916
293.936
293.955
293.971
293.984
293.996
293.916
293.958
294.001
294.045
294.092
294.139
294.188
294.238
294.286
294.334
294.379
294.421
294.459
294.493
294.522
294.547
294.567
293.64
293.669
293.699
293.729
293.76
293.79
293.821
293.852
293.882
293.912
293.94
293.967
293.992
294.015
294.035
294.053
294.068
293.418
293.438
293.459
293.479
293.5
293.521
293.542
293.563
293.583
293.602
293.621
293.638
293.655
293.67
293.683
293.695
293.705
293.572
293.603
293.634
293.667
293.701
293.735
293.77
293.806
293.843
293.879
293.914
293.949
293.982
294.014
294.043
294.069
294.093
293.389
293.41
293.432
293.454
293.477
293.5
293.523
293.546
293.569
293.592
293.614
293.635
293.655
293.674
293.692
293.708
293.722
293.246
293.26
293.275
293.289
293.304
293.32
293.335
293.35
293.365
293.379
293.394
293.407
293.42
293.432
293.443
293.453
293.462
293.332
293.353
293.374
293.396
293.419
293.443
293.467
293.491
293.516
293.541
293.566
293.59
293.614
293.636
293.658
293.678
293.696
293.713
293.22
293.234
293.248
293.263
293.279
293.294
293.31
293.326
293.342
293.358
293.373
293.388
293.403
293.417
293.43
293.442
293.453
293.462
293.135
293.144
293.153
293.163
293.173
293.183
293.193
293.203
293.213
293.223
293.233
293.242
293.251
293.26
293.268
293.275
293.282
293.287
293.178
293.191
293.204
293.218
293.233
293.247
293.263
293.278
293.294
293.31
293.325
293.341
293.356
293.371
293.386
293.399
293.411
293.422
293.115
293.124
293.132
293.141
293.151
293.161
293.17
293.18
293.19
293.201
293.211
293.22
293.23
293.239
293.248
293.256
293.263
293.27
293.069
293.074
293.079
293.085
293.091
293.097
293.103
293.109
293.115
293.121
293.128
293.134
293.14
293.145
293.15
293.155
293.16
293.163
293.088
293.095
293.103
293.111
293.119
293.127
293.136
293.145
293.154
293.164
293.173
293.182
293.192
293.201
293.209
293.217
293.225
293.232
293.055
293.06
293.065
293.07
293.075
293.081
293.086
293.092
293.098
293.104
293.11
293.116
293.121
293.127
293.132
293.137
293.142
293.146
293.032
293.035
293.038
293.041
293.044
293.047
293.051
293.054
293.058
293.061
293.065
293.068
293.072
293.075
293.078
293.081
293.084
293.086
293.04
293.043
293.047
293.051
293.056
293.06
293.065
293.069
293.074
293.079
293.085
293.09
293.095
293.1
293.104
293.109
293.113
293.117
293.024
293.027
293.029
293.032
293.034
293.037
293.04
293.043
293.046
293.049
293.052
293.056
293.059
293.062
293.065
293.067
293.07
293.072
293.014
293.015
293.016
293.018
293.019
293.021
293.023
293.025
293.026
293.028
293.03
293.032
293.034
293.035
293.037
293.039
293.04
293.042
293.016
293.018
293.02
293.022
293.024
293.026
293.028
293.03
293.033
293.035
293.038
293.04
293.043
293.045
293.047
293.05
293.052
293.054
293.01
293.011
293.012
293.013
293.014
293.016
293.017
293.018
293.02
293.021
293.023
293.024
293.026
293.027
293.029
293.03
293.032
293.033
293.005
293.006
293.006
293.007
293.008
293.009
293.009
293.01
293.011
293.012
293.013
293.014
293.014
293.015
293.016
293.017
293.018
293.018
293.011
293.012
293.013
293.015
293.016
293.018
293.019
293.021
293.023
293.025
293.027
293.029
293.031
293.033
293.035
293.037
293.009
293.01
293.011
293.012
293.013
293.014
293.016
293.017
293.019
293.02
293.022
293.024
293.025
293.027
293.029
293.03
293.032
293.033
293.035
293.036
293.006
293.007
293.007
293.008
293.009
293.01
293.011
293.012
293.013
293.014
293.015
293.016
293.017
293.018
293.02
293.021
293.022
293.023
293.023
293.024
293.003
293.004
293.004
293.005
293.005
293.006
293.006
293.007
293.008
293.008
293.009
293.01
293.01
293.011
293.012
293.012
293.013
293.013
293.014
293.014
293.002
293.002
293.002
293.002
293.003
293.003
293.003
293.004
293.004
293.004
293.005
293.005
293.006
293.006
293.006
293.007
293.007
293.007
293.008
293.008
293.003
293.004
293.004
293.005
293.006
293.006
293.007
293.008
293.008
293.009
293.01
293.011
293.012
293.012
293.013
293.014
293.015
293.016
293.016
293.017
293.003
293.003
293.004
293.004
293.005
293.005
293.006
293.006
293.007
293.007
293.008
293.009
293.009
293.01
293.011
293.011
293.012
293.013
293.013
293.014
293.002
293.002
293.002
293.003
293.003
293.003
293.004
293.004
293.004
293.005
293.005
293.006
293.006
293.007
293.007
293.008
293.008
293.008
293.009
293.009
293.001
293.001
293.001
293.001
293.002
293.002
293.002
293.002
293.003
293.003
293.003
293.003
293.004
293.004
293.004
293.004
293.005
293.005
293.005
293.005
293
293
293.001
293.001
293.001
293.001
293.001
293.001
293.001
293.001
293.002
293.002
293.002
293.002
293.002
293.002
293.002
293.003
293.003
293.003
293.001
293.001
293.001
293.001
293.002
293.002
293.002
293.002
293.003
293.003
293.003
293.003
293.004
293.004
293.004
293.005
293.005
293.005
293.005
293.006
293.001
293.001
293.001
293.001
293.001
293.001
293.002
293.002
293.002
293.002
293.003
293.003
293.003
293.003
293.003
293.004
293.004
293.004
293.004
293.005
293
293
293.001
293.001
293.001
293.001
293.001
293.001
293.001
293.001
293.002
293.002
293.002
293.002
293.002
293.002
293.003
293.003
293.003
293.003
293
293
293
293
293
293
293
293.001
293.001
293.001
293.001
293.001
293.001
293.001
293.001
293.001
293.001
293.001
293.002
293.002
293
293
293
293
293
293
293
293
293
293
293
293
293
293
293.001
293.001
293.001
293.001
293.001
293.001
293
293
293
293
293
293
293
293.001
293.001
293.001
293.001
293.001
293.001
293.001
293.001
293.001
293.001
293.001
293.002
293.002
293
293
293
293
293
293
293
293
293
293.001
293.001
293.001
293.001
293.001
293.001
293.001
293.001
293.001
293.001
293.001
293
293
293
293
293
293
293
293
293
293
293
293
293
293
293.001
293.001
293.001
293.001
293.001
293.001
293
293
293
293
293
293
293
293
293
293
293
293
293
293
293
293
293
293
293
293
293
293
293
293
293
293
293
293
293
293
293
293
293
293
293
293
293
293
293
293
293
293
293
293
293
293
293
293
293
293
293
293
293
293
293
293
293
293
293
293
293
293
293
293
293
293
293
293
293
293
293
293
293
293
293
293
293
293
293
293
293
293
293
293
293
293
293
293
293
293
293
293
293
293
293
293
293
293
293
293
293
293
293
293
293
293
293
293
293
293
293
293
293
293
293
293
293
293
293
293
293
293
293
293
293
293
293
293
293
293
293
293
293
293
293
293
293
293
293
293
293
293
293
293
293
293
293
293
293
293
293
293
293
293
293
293
293
293
293
293
293
293
293
293
293
293
293
293
293
293
293
293
293
293
293
293
293
293
293
293
293
293
293
293
293
293
293
293
293
293
293
293
293
293
293
293
293
293
293
293
293
293
293
293
293
293
293
293
293
293
293
293
293
293
293
293
293
293
293
293
293
293
293
293
293
293
293
293
293
293
293
293
293
293
293
293
293
293
293
293
293
293
293
293
293
293
293
293
293
293
293
293
293
293
293
293
293
293
293
293
293
293
293
293
293
293
293
293
293
293
293
293
293
293
293
293
293
293
293
293
293
293
293
293
293
293
293
293
293
293
293
293
293
293
293
293
293
293
293
293
293
293
293
293
293
293
293
293
293
293
293
293
293
293
293
293
293
293
293
293
293
293
293
293
293
293
293
293
293
293
293
293
293
293
293
293
293
293
293
293
293
293
293
293
293
293
293
293
293
293
293
293
293
293
293
293
293
293
293
293
293
293
293
293
293
293
293
293
293
293
293
293
293
293
293
293
293
293
293
293
293
293
293
293
293
293
293
293
293
293
293
293
293
293
293
293
293
293
293
293
293
293
293
293
293
293
293
293
293
293
293
293
293
293
293
293
293
293
293
293
293
293
293
293
293
293
293
293
293
293
293
293
293
293
293
293
293
293
293
293
293
293
293
293
293
293
293
293
293
293
293
293
293
293
293
293
293
293
293
293
293
293
293
293
293
293
293
293
293
293
293
293
293
293
293
293
293
293
293
293
293
293
293
293
293
293
293
293
293
293
293
293
293
293
293
293
293
293
293
293
293
293
296.35
300.563
301.495
301.727
301.698
301.673
301.634
301.577
301.478
301.339
296.072
299.752
301.032
301.3
301.308
301.334
301.334
301.289
301.158
300.887
295.7
298.06
299.908
300.469
300.573
300.707
300.739
300.696
300.611
300.399
295.029
297.405
298.8
299.464
299.422
299.379
299.243
299.096
298.979
299.077
294.765
296.743
297.596
298.602
298.736
298.717
298.691
298.618
298.481
298.438
294.447
295.77
296.497
297.1
297.447
297.749
297.938
298.023
297.994
297.951
294.262
295.705
296.61
297.377
297.78
297.913
297.776
297.627
297.447
297.586
294.046
295.179
295.903
296.587
296.913
297.116
297.142
297.101
296.989
296.907
293.808
294.573
295.131
295.588
295.885
296.076
296.237
296.365
296.45
296.478
293.752
294.632
295.348
295.986
296.405
296.676
296.733
296.712
296.559
296.561
293.594
294.264
294.831
295.347
295.705
295.943
296.06
296.108
296.083
296.038
293.434
293.889
294.301
294.661
294.939
295.14
295.276
295.365
295.442
295.511
293.422
293.956
294.483
294.981
295.385
295.684
295.875
295.977
295.965
295.973
293.318
293.715
294.118
294.503
294.824
295.071
295.243
295.349
295.398
295.419
293.221
293.488
293.769
294.038
294.271
294.461
294.607
294.714
294.793
294.858
293.221
293.536
293.896
294.261
294.594
294.875
295.096
295.257
295.364
295.449
293.16
293.388
293.653
293.926
294.179
294.397
294.573
294.708
294.806
294.882
293.105
293.256
293.435
293.621
293.798
293.956
294.091
294.201
294.291
294.367
293.108
293.285
293.512
293.762
294.011
294.24
294.44
294.607
294.743
294.864
293.075
293.199
293.362
293.542
293.724
293.895
294.046
294.176
294.284
294.379
293.047
293.127
293.233
293.353
293.476
293.594
293.703
293.799
293.885
293.961
293.049
293.142
293.276
293.435
293.604
293.773
293.931
294.075
294.203
294.321
293.032
293.096
293.188
293.3
293.42
293.541
293.657
293.763
293.859
293.948
293.019
293.059
293.117
293.189
293.268
293.349
293.428
293.503
293.572
293.638
293.02
293.066
293.138
293.232
293.339
293.452
293.565
293.674
293.777
293.875
293.013
293.043
293.091
293.155
293.229
293.308
293.387
293.465
293.539
293.61
293.007
293.025
293.055
293.094
293.141
293.192
293.245
293.297
293.348
293.398
293.008
293.028
293.064
293.115
293.177
293.246
293.32
293.395
293.468
293.541
293.005
293.018
293.041
293.075
293.116
293.163
293.213
293.265
293.316
293.367
293.002
293.01
293.024
293.044
293.069
293.099
293.131
293.164
293.198
293.232
293.003
293.011
293.027
293.052
293.085
293.124
293.168
293.215
293.263
293.311
293.001
293.007
293.017
293.033
293.054
293.08
293.109
293.14
293.173
293.206
293.001
293.004
293.009
293.019
293.031
293.047
293.065
293.084
293.105
293.126
293.001
293.005
293.015
293.001
293.004
293.011
293.022
293.038
293.058
293.081
293.108
293.136
293.166
293
293.002
293.006
293.013
293.023
293.036
293.051
293.069
293.087
293.107
293
293.001
293.003
293.007
293.013
293.02
293.03
293.04
293.051
293.064
293
293.002
293.005
293.012
293.021
293.034
293.05
293.069
293.09
293.113
293
293.001
293.004
293.008
293.015
293.024
293.036
293.05
293.065
293.081
293
293.001
293.002
293.005
293.009
293.015
293.022
293.031
293.04
293.051
293
293
293.001
293.002
293.005
293.008
293.012
293.017
293.023
293.029
293
293.001
293
293
293.002
293.004
293.008
293.013
293.021
293.029
293.04
293.051
293
293
293.001
293.003
293.005
293.009
293.014
293.021
293.028
293.036
293
293
293.001
293.001
293.003
293.005
293.009
293.013
293.017
293.022
293
293
293
293.001
293.002
293.003
293.005
293.007
293.009
293.012
293
293
293
293.001
293.003
293.006
293.009
293.014
293.019
293
293
293
293.001
293.003
293.005
293.008
293.011
293.016
293.021
293
293
293
293.001
293.002
293.003
293.005
293.008
293.011
293.015
293
293
293
293
293.001
293.002
293.003
293.005
293.006
293.009
293
293
293
293
293
293.001
293.001
293.002
293.003
293.005
293
293
293
293
293.001
293.002
293.003
293.005
293.007
293.01
293
293
293
293
293.001
293.001
293.002
293.004
293.006
293.008
293
293
293
293
293
293.001
293.002
293.003
293.004
293.005
293
293
293
293
293
293
293.001
293.001
293.002
293.003
293
293
293
293
293
293
293
293.001
293.001
293.002
293
293
293
293
293
293
293.001
293.001
293.002
293.003
293
293
293
293
293
293
293.001
293.001
293.002
293.002
293
293
293
293
293
293
293
293.001
293.001
293.002
293
293
293
293
293
293
293
293
293.001
293.001
293
293
293
293
293
293
293
293
293
293
293
293
293
293
293
293
293
293
293
293.001
293
293
293
293
293
293
293
293
293
293.001
293
293
293
293
293
293
293
293
293
293
293
293
293
293
293
293
293
293
293
293
293
293
293
293
293
293
293
293
293
293
293
293
293
293
293
293
293
293
293
293
293
293
293
293
293
293
293
293
293
293
293
293
293
293
293
293
293
293
293
293
293
293
293
293
293
293
293
293
293
293
293
293
293
293
293
293
293
293
293
293
293
293
293
293
293
293
293
293
293
293
293
293
293
293
293
293
293
293
293
293
293
293
293
293
293
293
293
293
293
293
293
293
293
293
293
293
293
293
293
293
293
293
293
293
293
293
293
293
293
293
293
293
293
293
293
293
293
293
293
293
293
293
293
293
293
293
293
293
293
293
293
293
293
293
293
293
293
293
293
293
293
293
293
293
293
293
293
293
293
293
293
293
293
293
293
293
293
293
293
293
293
293
293
293
293
293
293
293
293
293
293
293
293
293
293
293
293
293
293
293
293
293
293
293
293
293
293
293
293
293
293
293
293
293
293
293
293
293
293
293
293
293
293
293
293
293
293
293
293
293
293
293
293
293
293
293
293
293
293
293
293
293
293
293
293
293
293
293
293
293
293
293
293
293
293
293
293
293
293
293
293
293
293
293
293
293
293
293
293
293
293
293
293
293
293
293
293
293
293
293
293
293
293
293
293
293
293
293
293
293
293
293
293
293
293
293
293
293
293
293
293
293
293
293
293
293
293
293
293
293
293
293
293
293
293
293
293
293
293
293
293
293
293
293
293
293
293
293
293
293
293
293
293
293
293
293
293
293
293
293
293
293
293
293
293
293
293
293
293
293
293
293
293
293
293
)
;

boundaryField
{
    inlet
    {
        type            fixedValue;
        value           nonuniform List<scalar> 0();
    }
    outlet
    {
        type            inletOutlet;
        inletValue      nonuniform List<scalar> 0();
        value           nonuniform List<scalar> 0();
    }
    walls
    {
        type            zeroGradient;
    }
    fluid_to_solid
    {
        type            compressible::turbulentTemperatureCoupledBaffleMixed;
        refValue        nonuniform List<scalar> 
171
(
348.874
348.872
348.867
340.764
340.76
340.751
333.045
333.041
333.032
325.94
325.937
325.929
319.628
319.625
319.619
314.246
314.245
314.24
309.885
309.885
309.881
306.591
306.591
306.589
304.392
304.392
304.39
303.293
303.293
303.291
348.867
348.875
348.879
348.881
348.881
348.882
348.882
348.881
348.879
348.876
340.751
340.766
340.774
340.778
340.78
340.781
340.781
340.78
340.776
340.77
333.032
333.048
333.056
333.06
333.062
333.065
333.066
333.065
333.061
333.054
325.929
325.943
325.951
325.954
325.955
325.957
325.959
325.959
325.956
325.949
319.619
319.631
319.637
319.64
319.64
319.641
319.644
319.644
319.642
319.638
314.24
314.249
314.254
314.256
314.255
314.256
314.26
314.261
314.261
314.259
309.881
309.888
309.891
309.891
309.891
309.893
309.898
309.901
309.902
309.901
306.589
306.594
306.596
306.597
306.597
306.601
306.606
306.609
306.611
306.611
304.39
304.395
304.398
304.4
304.4
304.401
304.406
304.41
304.412
304.412
303.291
303.296
303.299
303.301
303.3
303.301
303.305
303.309
303.311
303.312
348.876
340.77
333.054
325.949
319.638
314.259
309.901
306.611
304.412
303.311
303.312
303.293
303.297
303.3
303.301
303.299
303.297
303.299
303.302
303.306
303.307
303.293
303.297
303.3
303.301
303.299
303.299
303.303
303.307
303.31
303.311
303.291
303.296
303.299
303.301
303.3
303.301
303.305
303.309
303.311
303.312
)
;
        refGradient     uniform 0;
        valueFraction   nonuniform List<scalar> 
171
(
0.999699
0.999699
0.999699
0.999699
0.999699
0.999699
0.999699
0.999699
0.999699
0.999699
0.999699
0.999699
0.999699
0.999699
0.999699
0.999699
0.999699
0.999699
0.999699
0.999699
0.999699
0.999699
0.999699
0.999699
0.999699
0.999699
0.999699
0.999699
0.999699
0.999699
0.999698
0.999698
0.999698
0.999698
0.999698
0.999698
0.999698
0.999698
0.999698
0.999698
0.999698
0.999698
0.999698
0.999698
0.999698
0.999698
0.999698
0.999698
0.999698
0.999698
0.999698
0.999698
0.999698
0.999698
0.999698
0.999698
0.999698
0.999698
0.999698
0.999698
0.999698
0.999698
0.999698
0.999698
0.999698
0.999698
0.999698
0.999698
0.999698
0.999698
0.999698
0.999698
0.999698
0.999698
0.999698
0.999698
0.999698
0.999698
0.999698
0.999698
0.999698
0.999698
0.999698
0.999698
0.999698
0.999698
0.999698
0.999698
0.999698
0.999698
0.999698
0.999698
0.999698
0.999698
0.999698
0.999698
0.999698
0.999698
0.999698
0.999698
0.999698
0.999698
0.999698
0.999698
0.999698
0.999698
0.999698
0.999698
0.999698
0.999698
0.999698
0.999698
0.999698
0.999698
0.999698
0.999698
0.999698
0.999698
0.999698
0.999698
0.999698
0.999698
0.999698
0.999698
0.999698
0.999698
0.999698
0.999698
0.999698
0.999698
0.9997
0.9997
0.9997
0.9997
0.9997
0.9997
0.9997
0.9997
0.9997
0.9997
0.9997
0.999699
0.999699
0.999699
0.999699
0.999699
0.999699
0.999699
0.999699
0.999699
0.999699
0.999699
0.999699
0.999699
0.999699
0.999699
0.999699
0.999699
0.999699
0.999699
0.999699
0.999699
0.999699
0.999699
0.999699
0.999699
0.999699
0.999699
0.999699
0.999699
0.999699
)
;
        source          uniform 0;
        value           nonuniform List<scalar> 
171
(
348.867
348.864
348.857
340.756
340.751
340.741
333.037
333.033
333.023
325.933
325.93
325.922
319.622
319.619
319.613
314.242
314.24
314.235
309.882
309.881
309.877
306.589
306.588
306.586
304.39
304.39
304.387
303.291
303.291
303.288
348.858
348.87
348.875
348.878
348.878
348.878
348.878
348.877
348.875
348.871
340.742
340.762
340.771
340.777
340.778
340.779
340.779
340.777
340.773
340.765
333.024
333.044
333.054
333.059
333.061
333.063
333.065
333.063
333.059
333.05
325.922
325.94
325.95
325.953
325.954
325.956
325.958
325.957
325.954
325.946
319.614
319.628
319.636
319.639
319.639
319.64
319.643
319.643
319.641
319.635
314.236
314.248
314.253
314.255
314.254
314.256
314.259
314.261
314.26
314.257
309.878
309.887
309.89
309.891
309.89
309.893
309.897
309.9
309.901
309.899
306.586
306.593
306.595
306.596
306.597
306.6
306.605
306.608
306.61
306.61
304.388
304.394
304.397
304.4
304.399
304.401
304.405
304.409
304.411
304.412
303.288
303.294
303.299
303.3
303.299
303.3
303.305
303.308
303.311
303.311
348.872
340.764
333.048
325.945
319.635
314.256
309.899
306.61
304.412
303.311
303.311
303.291
303.297
303.299
303.3
303.298
303.297
303.299
303.302
303.305
303.307
303.291
303.296
303.3
303.301
303.299
303.298
303.302
303.306
303.309
303.31
303.288
303.294
303.298
303.3
303.299
303.3
303.304
303.308
303.31
303.311
)
;
        Tnbr            T;
        kappaMethod     fluidThermo;
    }
    procBoundary13to0
    {
        type            processor;
        value           nonuniform List<scalar> 
54
(
293
293
293
293
293
293
293
293
293
293
293
293
293
293
293
293
293
293
293
293
293
293
293
293
293
293
293
293
293
293
293
293
293
293
293
293
293
293
293
293
293
293
293
293
293
293
293
293
293
293
293
293
293
293
)
;
    }
    procBoundary13to3
    {
        type            processor;
        value           nonuniform List<scalar> 
1130
(
294.911
295.001
295.279
296.345
299.038
300.905
300.619
299.606
298.647
297.879
297.273
296.709
296.063
295.326
294.545
293.838
293.347
293.104
293.022
293.003
293.001
293
293
293
295.191
295.235
295.376
295.973
297.641
299.131
298.904
297.731
296.499
295.519
294.822
294.349
294.07
293.839
293.572
293.308
293.125
293.037
293.008
293.001
293
293
293
293
295.492
295.492
295.496
295.496
295.548
295.548
295.878
295.878
296.911
296.911
297.891
297.891
297.536
297.536
296.36
296.36
295.121
295.121
294.193
294.193
293.631
293.631
293.39
293.39
293.301
293.301
293.24
293.24
293.162
293.162
293.084
293.084
293.032
293.032
293.009
293.009
293.002
293.002
293
293
293
293
293
295.68
295.676
295.702
295.881
296.462
297.085
296.78
295.757
294.631
293.793
293.334
293.148
293.088
293.064
293.041
293.021
293.007
293.002
293
293
293
293
293
293
293
293
293
295.418
295.458
295.565
295.801
296.233
296.609
296.228
295.275
294.293
293.603
293.236
293.083
293.032
293.016
293.009
293.004
293.001
293
293
293
293
293
293
293
293
294.992
295.125
295.125
295.231
295.424
295.725
296.064
296.249
295.811
294.944
294.089
293.5
293.189
293.06
293.017
293.005
293.002
293.001
293
293
293
293
293
293
293
293
293
293
293
293
294.83
295.011
295.011
295.011
295.167
295.167
295.394
295.394
295.682
295.682
295.92
295.92
295.939
295.939
295.434
295.434
294.63
294.63
293.893
293.404
293.151
293.047
293.012
293.003
293.001
293
293
293
293
293
293
293
293
293
294.872
294.996
295.168
295.388
295.617
295.764
295.631
295.072
294.333
293.687
293.687
293.687
293.303
293.303
293.112
293.112
293.034
293.034
293.009
293.009
293.002
293.002
293
293
293
293
293
293
293
293
293
293
293
293
294.999
295.112
295.249
295.4
295.528
295.553
295.245
294.626
293.976
293.493
293.211
293.076
293.023
293.006
293.001
293
293
293
293
293
293
293
293
293
293
293
293
295.088
295.173
295.265
295.353
295.4
295.247
294.765
294.158
293.646
293.31
293.128
293.045
293.013
293.003
293
293
293
293
293
293
293
293
293
293
293
293
293
294.712
294.828
294.936
295.116
295.186
295.257
295.316
295.309
295.041
294.509
293.945
293.509
293.238
293.097
293.034
293.01
293.002
293
293
293
293
293
293
293
293
293
293
293
293
295.144
295.199
295.251
295.276
295.185
294.811
294.266
293.762
293.4
293.184
293.074
293.025
293.007
293.002
293
293
293
293
293
293
293
293
293
293
293
293
293
295.193
295.225
295.239
295.192
294.976
294.53
294.017
293.593
293.305
293.138
293.055
293.019
293.005
293.001
293
293
293
293
293
293
293
293
293
293
293
293
293
293
295.207
295.193
295.137
294.986
294.671
294.222
293.783
293.446
293.226
293.101
293.039
293.013
293.004
293.001
293
293
293
293
293
293
293
293
293
293
293
293
293
293
293
294.995
294.941
294.84
294.64
294.313
293.925
293.578
293.324
293.161
293.071
293.027
293.009
293.002
293
293
293
293
293
293
293
293
293
293
293
293
294.582
294.512
294.413
294.234
293.963
293.665
293.409
293.225
293.11
293.048
293.018
293.006
293.001
293
293
293
293
293
293
293
293
293
293
293
293
294.175
294.09
294.001
293.862
293.664
293.454
293.275
293.149
293.072
293.03
293.011
293.003
293.001
293
293
293
293
293
293
293
293
293
293
293
293
293.841
293.841
293.754
293.754
293.674
293.674
293.57
293.57
293.434
293.434
293.293
293.176
293.093
293.044
293.018
293.006
293.002
293
293
293
293
293
293
293
293
293
293
293
293
293
293.579
293.505
293.439
293.363
293.273
293.178
293.178
293.178
293.105
293.105
293.055
293.055
293.025
293.025
293.01
293.01
293.003
293.003
293.001
293.001
293
293
293
293
293
293
293
293
293
293
293
293
293
293
293
293
293
293
293
293
293
293
293
293
293
293
293.374
293.374
293.318
293.318
293.269
293.269
293.217
293.217
293.159
293.159
293.104
293.104
293.06
293.06
293.031
293.031
293.014
293.014
293.005
293.005
293.002
293.002
293
293
293
293
293
293
293
293
293
293
293
293
293
293
293
293
293
293
293
293
293
293
293
293
293
293
293
293
293.229
293.191
293.158
293.124
293.089
293.057
293.032
293.016
293.007
293.003
293.001
293
293
293
293
293
293
293
293
293
293
293
293
293
293
293.129
293.106
293.085
293.065
293.045
293.028
293.016
293.008
293.003
293.001
293
293
293
293
293
293
293
293
293
293
293
293
293
293
293
293.067
293.054
293.043
293.032
293.021
293.013
293.007
293.003
293.001
293
293
293
293
293
293
293
293
293
293
293
293
293
293
293
293
293.032
293.026
293.02
293.014
293.009
293.005
293.003
293.001
293
293
293
293
293
293
293
293
293
293
293
293
293
293
293
293
293
293.014
293.014
293.014
293.011
293.011
293.011
293.008
293.008
293.008
293.006
293.006
293.006
293.004
293.004
293.004
293.002
293.002
293.002
293.001
293.001
293.001
293
293
293
293
293
293
293
293
293
293
293
293
293
293
293
293
293
293
293
293
293
293
293
293
293
293
293
293
293
293
293
293
293
293
293
293
293
293
293
293
293
293
293
293
293
293
293
293
293
293
293
293
293
293
293.006
293.004
293.003
293.002
293.001
293.001
293
293
293
293
293
293
293
293
293
293
293
293
293
293
293
293
293
293
293
293.002
293.001
293.001
293.001
293
293
293
293
293
293
293
293
293
293
293
293
293
293
293
293
293
293
293
293
293
293
293
293
293
293
293
293
293
293
293
293
293
293
293
293
293
293
293
293
293
293
293
293
293
293
293
293
293
293
293
293
293
293
293
293
293
293
293
293
293
293
293
293
293
293
293
293
293
293
293
293
293
293
293
293
293
293
293
293
293
293
293
293
293
293
293
293
293
293
293
293
293
293
293
293
293
293
293
293
293
293
293
293
293
293
293
293
293
293
293
293
293
293
293
293
293
293
293
293
293
293
293
293
293
293
293
293
293
293
293
293
293
293
293
293
293
293
293
293
293
293
293
293
293
293
293
293
293
293
293
293
293
293
293
293
293
293
293
293
293
293
293
293
293
293
293
293
293
293
293
293
293
293
293
293
293
293
293
293
293
293
293
293
293
293
293
293
293
293
293
293
293
293
293
293
293
293
293
293
293
293
293
293
293
293
293
293
293
293
293
293
293
293
293
293
293
293
293
293
293
293
293
294.983
294.912
295.033
295
295.115
294.959
295.117
295.193
295.097
295.174
295.072
295.209
295.077
294.724
295.217
295.217
294.812
294.812
294.345
294.989
294.459
294.004
294.004
294.004
294.582
294.08
293.712
294.113
294.113
293.734
293.734
293.469
293.469
293.727
293.47
293.292
293.432
293.275
293.167
293.238
293.149
293.088
293.12
293.074
293.043
293.084
293.056
293.056
293.057
293.034
293.034
293.035
293.019
293.019
293.02
293.037
293.025
293.015
293.008
293.017
293.014
293.009
293.005
293.003
293.006
293.005
293.003
293.002
293.001
293.002
293.001
293.001
293
293
293
293
293
293
293
293
293
293
293
293
293
293
293
293
293
293
293
293
293
293
)
;
    }
    procBoundary13to8
    {
        type            processor;
        value           nonuniform List<scalar> 
1102
(
297.395
295.789
295.39
294.971
293.256
293.176
293.169
293.162
293.028
293.017
293.017
293.017
293.01
293.003
293.002
293.002
293.007
293.001
293.001
293.001
293.006
293.001
293.001
293
293.005
293.001
293
293
293.004
293
293
293
293
293
293
293
293.003
293
293
293
293
293.002
293
293
293
294.829
294.694
294.568
294.568
294.305
294.219
294.088
294.088
293.662
293.662
293.239
293.127
293.059
293.024
293.008
293.003
293.001
293
293
293
293
293
293
293
293
293
293
293
293
293.16
293.157
293.154
293.154
293.138
293.131
293.124
293.124
293.082
293.082
293.027
293.014
293.006
293.002
293.001
293
293
293
293
293
293
293
293
293
293
293
293
293
293
293.016
293.016
293.016
293.016
293.015
293.015
293.014
293.014
293.008
293.008
293.003
293.001
293.001
293
293
293
293
293
293
293
293
293
293
293
293
293
293
293
293
293.002
293.002
293.002
293.002
293.002
293.002
293.001
293.001
293.001
293.001
293
293
293
293
293
293
293
293
293
293
293
293
293
293
293
293
293
293
293
293.001
293
293
293
293
293
293
293
293
293
293
293
293
293
293
293
293
293
293
293
293
293
293
293
293
293
293
293
293
293
293
293
293
293
293
293
293
293
293
293
293
293
293
293
293
293
293
293
293
293
293
293
293
293
293
293
293
293
293
293
293
293
293
293
293
293
293
293
293
293
293
293
293
293
293
293
293
293
293
293
293
293
293
293
293
293
293
293
293
293
293
293
293
293
293
293
293
293
293
293
293
293
293
293
293
293
293
293
293
293
293
293
293
293
293
293
293
293
293
293
293
293
293
293
293
293
293
293
293
293
293
293
293
293
293
293
293
293
293
293
293
293
293
293
293
293
293
293
293
293
293
293
293
293
293
293
293
293
293
293
293
293
293
293
293
293
293
293
293
293
293
293
293
293
293
293
293
293
293
293
293
293
293
293
293.001
293
293
293
293
293.001
293.013
293.157
293
293
293
293
293
293.007
293.088
293
293
293
293
293
293.004
293.043
293
293
293
293
293
293.002
293.019
293
293
293
293
293
293.001
293.007
293
293
293
293
293
293
293.003
293
293
293
293
293
293
293.001
293
293
293
293
293
293
293
293
293
293
293
293
293
293
293
293
293
293
293
293
293
293
293
293
293
293
293
293
293
293
293
293
293
293
293
293
293
293
293
293
293
293
293
293
293
293
293
293
293
293
293
293
293
293
293
293
293
293
293
293
293
293
293
293
293
293
293
293
293
293
293
293
293
293
293
293
293
293
293
293
293
293
293
293
293
293
293
293
293
293
293
293
293
293
293
293
293
293
293
293
293
293
293
293
293
293
293
293
293
293
293
293
293
293
293
293
293
293
293
293
293
293
293
293
293
293
293
293
293
293
293
293
293
293
293
293
293
293
293
293
293
293
293
293
293
293
293
293
293
293
293
293
293
293
293
293
293
293
293
293
293
293
293
293
293
293
293
293
293
293
293
293
293
293
293
293
293
293
293
293
293
293
293
293
293
293
293
293
293
293
293
293
293
293
293
293
293
293
293
293
293
293
293
293
293
293
293
293
293
293
293
293
293
293
293
293
293
293
293
293
293
293
293
293
293
293
293
293
293
293
293
293
293
293
293
293
293
293
293
293
293
293
293
293
293
293
293
293
293
293
293
293
293
293
293
293
293
293
293
293
293
293
293
293
293
293
293
293
293
293
293
293
293
293
293
293
293
293
293
293
293
293
293
293
293
293
293
293
293
293
293
293
293
293
293
293
293
293
293
293
293
293
293
293
293
293
293
293
293
293
293
293
293
293
293
293
293
293
293
293
293
293
293
293
293
293
293
293
293
293
293
293
293
293
293
293
293
293
293
293
293
293
293
293
293
293
293
293
293
293
293
293
293
293
293
293
293
293
293
293
293
293
293
293
293
293
293
293
293
293
293
293
293
293
293
293
293
293
293
293
293
293
293
293
293
293
293
293
293
293
293
293
293
293
293
293
293
293
293
293
293
293
293
293
293
293
293
293
293
293
293
293
293
293
293
293
293
293
293
293
293
293
293
293
293
293
293
293
293
293
293
293
293
293
293
293
293
293
293
293
293
293
293
293
293
293
293
293
293
293
293
293
293
293
293
293
293
293
293
293
293
293
293
293
293
293
293
293
293
293
293
293
293
293
293
293
293
293
293
293
293
293
293
293
293
293
293
293
293
293
293
293
293
293
293
293
293
293
293
293
293
293
293
293
293
293
293
293
293
293
293
293
293
293
293
293
293
293
293
293
293
293
293
293
293
293
293
293
293
293
293
293
293
293
293
293
293
293
293
293
293
293
293
293
293
293
293
293
293
293
293
293
293
293
293
293
293
293
293
293
293
293
293
293
293
293
293
293
293
293
293
293
293
293
293
293
293
293
293
293
293
293
293
293
293
293
293
293
293
293
293
293
293
293
293
293
293
293
293
293
293
293
293
293
293
293
293
293
293
293
293
293
293
293
293
293
293
293
293
293
293
293
293
293
293
293
293
293
293
293
293
293
293
293
293
293
293
293
293
293
293
293
293
293
293
293
293
293
293
293
293
293
293
293
293
293
293
293
293
293
293
293
293
293
293
293
293
293
293
293
293
293
293
293
293
293
293
293
293
293
293
293
293
293
293
293
293
293
293
293
293
293
293
293
293
293
293
293
293
293
293
293
293
293
293
293
293
)
;
    }
    procBoundary13to9
    {
        type            processor;
        value           nonuniform List<scalar> 
64
(
300.056
306.365
325.128
293.793
297.35
315.251
293.196
294.963
307.73
293.121
294.408
304.467
293.1
294.172
302.487
293.086
293.987
300.771
293.077
293.866
299.539
293.062
293.705
298.325
293.044
293.513
297.099
293.026
293.333
296.039
293.02
293.247
293
293
293
293
293
293
293
293
293
293
293
293
293
293
293
293
293
293
293
293
293
293
293
293
293
293
293
293
293
293
293
293
)
;
    }
    procBoundary13to10
    {
        type            processor;
        value           nonuniform List<scalar> 
372
(
293
293
293
293
293
293
293
293
293
293
293
293
293
293
293
293
293
293
293
293
293
293
293
293
293
293
293
293
293
293
293
293
293
293
293
293
293
293
293
293
293
293
293
293
293
293
293
293
293
293
293
293
293
293
293
293
293
293
293
293
293
293
293
293
293
293
293
293
293
293
293
293
293
293
293
293
293
293
293
293
293
293
293
293
293
293
293
293
293
293
293
293
293
293
293
293
293
293
293
293
293
293
293
293
293
293
293
293
293
293
293
293
293
293
293
293
293
293
293
293
293
293
293
293
293
293
293
293
293
293
293
293
293
293
293
293
293
293
293
293
293
293
293
293
293
293
293
293
293
293
293
293
293
293
293
293
293
293
293
293
293
293
293
293
293
293
293
293
293
293
293
293
293
293
293
293
293
293
293
293
293
293
293
293
293
293
293
293
293
293
293
293
293
293
293
293
293
293
293
293
293
293
293
293
293
293
293
293
293
293
293
293
293
293
293
293
293
293
293
293
293
293
293
293
293
293
293
293
293
293
293
293
293
293
293
293
293
293
293
293
293
293
293
293
293
293
293
293
293
293
293
293
293
293
293
293
293
293
293
293
293
293
293
293
293
293
293
293
293
293
293
293
293
293
293
293
293
293
293
293
293
293
293
293
293
293
293
293
293
293
293
293
293
293
293
293
293
293
293
293
293
293
293
293
293
293
293
293
293
293
293
293
293
293
293
293
293
293
293
293
293
293
293
293
293
293
293
293
293
293
293
293
293
293
293
293
293
293
293
293
293
293
293
293
293
293
293
293
293
293
293
293
293
293
293
293
293
293
293
293
293
293
293
293
293
293
293
293
293
293
293
293
)
;
    }
    procBoundary13to11
    {
        type            processor;
        value           nonuniform List<scalar> 
42
(
293
293
293
293
293
293
293
293
293
293
293
293
293
293
293
293
293
293
293
293
293
293
293
293
293
293
293
293
293
293
293
293
293
293
293
293
293
293
293
293
293
293
)
;
    }
    procBoundary13to12
    {
        type            processor;
        value           nonuniform List<scalar> 
1000
(
308.929
298.467
303.007
298.467
295.975
294.965
294.673
294.631
294.655
294.694
294.734
294.775
294.816
297.683
295.312
295.788
295.312
294.952
294.812
294.798
294.833
294.882
294.935
294.988
295.042
295.097
296.031
294.986
295.13
294.986
294.986
294.94
294.958
295.007
295.068
295.133
295.2
295.268
295.336
295.404
295.742
295.073
295.051
294.994
295.051
295.051
295.11
295.11
295.177
295.177
295.246
295.246
295.316
295.316
295.384
295.384
295.449
295.449
295.511
295.569
295.623
295.093
295.037
295.084
295.142
295.197
295.243
295.281
295.31
295.402
295.329
295.402
295.402
295.406
295.406
295.402
295.402
295.391
295.048
295.081
295.123
295.155
295.173
295.177
295.167
295.144
295.11
295.067
295.018
294.964
294.968
294.91
294.845
294.778
336.387
319.062
308.929
323.43
304.326
297.683
315.421
300.084
296.031
312.238
299.346
295.742
295.742
309.847
299.077
295.712
295.093
295.093
307.828
299.01
295.799
295.037
295.048
295.048
295.081
295.123
295.155
295.173
295.177
295.167
295.144
306.04
299.053
295.961
295.089
294.925
294.919
294.931
294.933
294.921
294.9
294.869
294.828
294.968
294.968
294.91
294.845
294.778
304.447
299.155
296.206
295.19
294.94
294.902
294.901
294.9
294.892
294.875
294.849
294.815
294.774
294.729
294.68
294.631
303.072
303.072
299.25
299.25
296.539
296.539
295.377
295.377
295.004
295.004
294.907
294.907
294.888
294.888
294.886
294.886
294.884
294.884
294.876
294.862
294.842
294.818
294.791
294.761
294.731
302.38
299.901
297.287
295.796
295.154
294.898
294.798
294.757
294.739
294.883
294.883
294.883
294.875
294.875
294.866
294.866
294.855
294.855
294.844
294.831
294.819
295.1
294.223
293.635
293.296
293.124
293.047
293.017
293.005
293.002
293
293
293
293
293
293
293
293
293
293
293
293
293
293
293
293
293
293
293
293
293
293
293
293
293
293
293
301.069
301.069
299.512
297.377
295.954
295.313
295.02
294.884
294.818
294.785
294.766
294.754
294.745
294.737
294.879
294.879
294.879
294.871
294.871
294.864
294.864
299.729
299.729
298.957
297.393
296.133
295.526
295.206
295.032
294.935
294.877
294.841
294.818
294.802
294.79
294.781
294.774
294.769
298.396
298.396
298.396
298.258
298.258
297.306
297.306
296.369
296.369
295.826
295.826
295.492
295.492
295.282
295.282
295.146
295.146
295.055
295.055
294.992
294.992
294.948
294.948
294.916
294.916
294.893
294.893
294.875
294.875
294.861
294.861
294.85
294.85
298.661
298.531
297.799
296.735
296.123
295.72
295.443
295.249
295.111
295.011
294.937
294.883
294.842
294.812
294.788
294.771
297.831
297.878
297.517
296.835
296.367
296.021
295.758
295.555
295.399
295.277
295.181
295.105
295.045
294.997
294.959
294.929
296.665
297.028
297.072
296.793
296.503
296.249
296.033
295.85
295.695
295.566
295.457
295.366
295.29
295.225
295.172
295.126
295.558
295.731
295.914
296.038
296.089
296.077
296.021
295.941
295.849
295.756
295.667
295.584
295.509
295.441
295.38
295.327
294.792
294.885
294.99
295.104
295.216
295.317
295.4
295.46
295.498
295.516
295.517
295.505
295.483
295.455
295.423
295.388
295.354
294.201
294.263
294.33
294.402
294.48
294.562
294.644
294.724
294.8
294.868
294.928
294.979
295.02
295.051
295.074
295.089
295.097
293.758
293.801
293.846
293.894
293.945
293.998
294.054
294.112
294.171
294.229
294.286
294.341
294.392
294.439
294.482
294.519
294.551
293.446
293.475
293.505
293.536
293.569
293.604
293.639
293.676
293.714
293.753
293.792
293.83
293.868
293.905
293.94
293.972
294.002
294.029
293.244
293.261
293.28
293.299
293.32
293.341
293.363
293.385
293.408
293.432
293.456
293.48
293.504
293.527
293.55
293.571
293.591
293.61
293.122
293.122
293.132
293.143
293.154
293.166
293.178
293.19
293.203
293.217
293.23
293.244
293.258
293.272
293.286
293.299
293.311
293.323
293.334
293.056
293.056
293.061
293.067
293.073
293.079
293.085
293.092
293.099
293.106
293.113
293.12
293.128
293.135
293.143
293.15
293.157
293.163
293.169
293.028
293.031
293.035
293.038
293.041
293.045
293.049
293.053
293.058
293.062
293.067
293.072
293.076
293.081
293.086
293.09
293.023
293.023
293.023
293.026
293.026
293.028
293.028
293.031
293.031
293.034
293.034
293.037
293.037
293.04
293.04
293.044
293.044
293.047
293.047
293.051
293.051
293.054
293.054
293.058
293.058
293.062
293.062
293.065
293.065
293.069
293.069
293.072
293.072
293.076
293.076
293.079
293.079
293.082
293.011
293.012
293.013
293.015
293.016
293.018
293.019
293.021
293.023
293.025
293.027
293.029
293.031
293.033
293.035
293.037
293.039
293.039
293.039
293.041
293.041
293.043
293.043
293.044
293.044
293.003
293.004
293.004
293.005
293.006
293.006
293.007
293.008
293.008
293.009
293.01
293.011
293.012
293.012
293.013
293.014
293.015
293.016
293.016
293.017
293.001
293.001
293.001
293.001
293.002
293.002
293.002
293.002
293.003
293.003
293.003
293.003
293.004
293.004
293.004
293.005
293.005
293.005
293.005
293.006
293
293
293
293
293
293
293
293.001
293.001
293.001
293.001
293.001
293.001
293.001
293.001
293.001
293.001
293.001
293.002
293.002
293
293
293
293
293
293
293
293
293
293
293
293
293
293
293
293
293
293
293
293
293
293
293
293
293
293
293
293
293
293
293
293
293
293
293
293
293
293
293
293
293
293
293
293
293
293
293
293
293
293
293
293
293
293
293
293
293
293
293
293
293
293
293
293
293
293
293
293
293
293
293
293
293
293
293
293
293
293
293
293
293
293
293
293
293
293
293
293
293
293
293
293
296.49
300.924
301.477
301.828
301.87
301.877
301.862
301.847
301.842
301.884
295.168
297.849
299.435
299.687
299.701
299.735
299.703
299.661
299.752
300.097
294.384
296.064
296.992
297.93
298.226
298.293
298.318
298.277
298.368
298.792
293.848
294.89
295.692
296.401
296.869
297.278
297.408
297.433
297.584
297.93
293.489
294.131
294.749
295.323
295.8
296.163
296.463
296.681
296.997
297.294
293.264
293.649
294.083
294.52
294.922
295.265
295.559
295.792
296.036
296.234
293.132
293.353
293.634
293.942
294.249
294.534
294.79
295.011
295.216
295.416
293.061
293.18
293.349
293.55
293.764
293.977
294.18
294.367
294.54
294.71
293.026
293.085
293.179
293.3
293.438
293.584
293.73
293.872
294.008
294.143
293.01
293.037
293.085
293.152
293.233
293.325
293.422
293.52
293.618
293.716
293.004
293.004
293.015
293.015
293.037
293.037
293.071
293.115
293.168
293.226
293.288
293.353
293.419
293.001
293.006
293.017
293.03
293.03
293.03
293.052
293.052
293.079
293.079
293.112
293.112
293.147
293.147
293.186
293.186
293.227
293.227
293
293
293.002
293.002
293.006
293.014
293.026
293.041
293.061
293.083
293.109
293.137
293
293.001
293.002
293.002
293.002
293.005
293.005
293.009
293.009
293.016
293.016
293.025
293.025
293.036
293.036
293.048
293.048
293.062
293
293
293
293.001
293.003
293.006
293.009
293.014
293.019
293.026
293.026
293.026
293
293
293
293
293.001
293.002
293.003
293.005
293.007
293.01
293
293
293
293
293
293
293.001
293.001
293.002
293.003
293
293
293
293
293
293
293
293
293
293.001
293
293
293
293
293
293
293
293
293
293
293
293
293
293
293
293
293
293
293
293
293
293
293
293
293
293
293
293
293
293
293
293
293
293
293
293
293
293
293
293
293
293
293
293
293
293
293
293
293
293
293
293
293
293
293
293
293
293
293
293
293
293
293
293
293
293
)
;
    }
    procBoundary13to14
    {
        type            processor;
        value           nonuniform List<scalar> 8(293 293 293 293 293 293 293 293);
    }
    procBoundary13to15
    {
        type            processor;
        value           nonuniform List<scalar> 
1205
(
293
293
293
293
293
293
293
293
293
293
293
293
293
293
293
293
293
293
293
293
293
293
293
293
293
293
293
293
293
293
293
293
293
293
293
293
293
293
293
293
293
293
293
293
293
293
293
293
293
293
293
293
293
293
293
293
293
293
293
293
293
293
293
293
293
293
293
293
293
293
293
293
293
293
293
293
293
293
293
293
293
293
293
293
293
293
293
293
293
293
293
293
293
293
293
293
293
293
293
293
293
293
293
293
293
293
293
293
293
293
293
293
293
293
293
293
293
293
293
293
293
293
293
293
293
293
293
293
293
293
293
293
293
293
293
293
293
293
293
293
293
293
293
293
293
293
293
293
293
293
293
293
293
293
293
293
293
293
293
293
293
293
293
293
293
293
293
293
293
293
293
293
293
293
293
293
293
293
293
293
293
293
293
293
293
293
293
293
293
293
293
293
293
293
293
293
293
293
293
293
293
293
293
293
293
293
293
293
293
293
293
293
293
293
293
293
293
293
293
293
293
293
293
293
293
293
293
293
293
293
293
293
293
293
293
293
293
293
293
293
293
293
293
293
293
293
293
293
293
293
293
293
293
293
293
293
293
293
293
293
293
293
293
293
293
293
293
293
293
293
293
293
293
293
293
293
293
293
293
293
293
293
293
293
293
293
293
293
293
293
293
293
293
293
293
293
293
293
293
293
293
293
293
293
293
293
293
293
293
293
293
293
293
293
293
293
293
293
293
293
293
293
293
293
293
293
293
293
293
293
293
293
293
293
293
293
293
293
293
293
293
293
293
293
293
293
293
293
293
293
293
293
293
293
293
293
293
293
293
293
293
293
293
293
293
293
293
293
293
293
293
293
293
293
293
293
293
293
293
293
293
293
293
293
293
293
293
293
293
293
293
293
293
293
293
293
293
293
293
293
293
293
293
293
293
293
293
293
293
293
293
293
293
293
293
293
293
293
293
293
293
293
293
293
293
293
293
293
293
293
293
293
293
293
293
293
293
293
293
293
293
293
293
293
293
293
293
293
293
293
293
293
293
293
293
293
293
293
293
293
293
293
293
293
293
293
293
293
293
293
293
293
293
293
293
293
293
293
293
293
293
293
293
293
293
293
293
293
293
293
293
293
293
293
293
293
293
293
293
293
293
293
293
293
293
293
293
293
293
293
293
293
293
293
293
293
293
293
293
293
293
293
293
293
293
293
293
293
293
293
293
293
293
293
293
293
293
293
293
293
293
293
293
293
293
293
293
293
293
293
293
293
293
293
293
293
293
293
293
293
293
293
293
293
293
293
293
293
293
293
293
293
293
293
293
293
293
293
293
293
293
293
293
293
293
293
293
293
293
293
293
293
293
293
293
293
293
293
293
293
293
293
293
293
293
293
293
293
293
293
293
293
293
293
293
293
293
293
293
293
293
293
293
293
293
293
293
293
293
293
293
293
293
293
293
293
293
293
293
293
293
293
293
293
293
293
293
293
293
293
293
293
293
293
293
293
293
293
293
293
293
293
293
293
293
293
293
293
293
293
293
293
293
293
293
293
293
293
293
293
293
293
293
293
293
293
293
293
293
293
293
293
293
293
293
293
293
293
293
293
293
293
293
293
293
293
293
293
293
293
293
293
293
293
293
293
293
293
293
293
293
293
293
293
293
293
293
293
293
293
293
293
293
293
293
293
293
293
293
293
293
293
293
293
293
293
293
293
293
293
293
293
293
293
293
293
293
293
293
293
293
293
293
293
293
293
293
293
293
293
293
293
293
293
293
293
293
293
293
293
293
293
293
293
293
293
293
293
293
293
293
293
293
293
293
293
293
293
293
293
293
293
293
293
293
293
293
293
293
293
293
293
293
293
293
293
293
293
293
293
293
293
293
293
293
293
293
293
293
293
293
293
293
293
293
293
293
293
293
293
293
293
293
293
293
293
293
293
293
293
293
293
293
293
293
293
293
293
293
293
293
293
293
293
293
293
293
293
293
293
293
293
293
293
293
293
293
293
293
293
293
293
293
293
293
293
293
293
293
293
293
293
293
293
293
293
293
293
293
293
293
293
293
293
293
293
293
293
293
293
293
293
293
293
293
293
293
293
293
293
293
293
293
293
293
293
293
293
293
293
293
293
293
293
293
293
293
293
293
293
293
293
293
293
293
293
293
293
293
293
293
293
293
293
293
293
293
293
293
293
293
293
293
293
293
293
293
293
293
293
293
293
293
293
293
293
293
293
293
293
293
293
293
293
293
293
293
293
293
293
293
293
293
293
293
293
293
293
293
293
293
293
293
293
293
293
293
293
293
293
293
293
293
293
293
293
293
293
293
293
293
293
293
293
293
293
293
293
293
293
293
293
293
293
293
293
293
293
293
293
293
293
293
293
293
293
293
293
293
293
293
293
293
293
293
293
293
293
293
293
293
293
293
293
293
293
293
293
293
293
293
293
293
293
293
293
293
293
293
293
293
293
293
293
293
293
293
293
293
293
293
293
293
293
293
293
293
293
293
293
293
293
293
293
293
293
293
293
293
293
293
293
293
293
293
293
293
293
293
293
293
293
293
293
293
293
293
293
293
293
293
293
293
293
293
293
293
293
293
293
293
293
293
293
293
293
293
293
293
293
293
293
293
293
293
293
293
293
293
293
293
293
293
293
293
293
293
293
293
293
293
293
293
293
293
293
293
293
293
293
293
293
293
293
293
293
293
293
293
293
293
293
293
293
293
293
293
293
293
293
293
293
293
293
293
)
;
    }
}


// ************************************************************************* //
