/*--------------------------------*- C++ -*----------------------------------*\
| =========                 |                                                 |
| \\      /  F ield         | OpenFOAM: The Open Source CFD Toolbox           |
|  \\    /   O peration     | Version:  2412                                  |
|   \\  /    A nd           | Website:  www.openfoam.com                      |
|    \\/     M anipulation  |                                                 |
\*---------------------------------------------------------------------------*/
FoamFile
{
    version     2.0;
    format      ascii;
    arch        "LSB;label=32;scalar=64";
    class       volScalarField;
    location    "500";
    object      p;
}
// * * * * * * * * * * * * * * * * * * * * * * * * * * * * * * * * * * * * * //

dimensions      [0 2 -2 0 0 0 0];

internalField   nonuniform List<scalar> 
18750
(
-7.68313
-7.76555
-7.79867
-7.81109
-7.82239
-7.83414
-7.84506
-7.85507
-7.86454
-7.87367
-7.88255
-7.89122
-7.89971
-7.90805
-7.91624
-7.92431
-7.93226
-7.94009
-7.94781
-7.95543
-7.96293
-7.97034
-7.97765
-7.98485
-7.99197
-7.99898
-8.0059
-8.01274
-8.01948
-8.02614
-8.03271
-8.0392
-8.04561
-8.05194
-8.0582
-8.06438
-8.07048
-8.07644
-8.08234
-8.08829
-8.09426
-8.10023
-8.1062
-8.11218
-8.11817
-8.12419
-8.13024
-8.13634
-8.1425
-8.14873
-8.15506
-8.16149
-8.16805
-8.17475
-8.18162
-8.18868
-8.19595
-8.20347
-8.21125
-8.21934
-8.22776
-8.23655
-8.24576
-8.25543
-8.26559
-8.27631
-8.28764
-8.29964
-8.31238
-8.32593
-8.34037
-8.35578
-8.37227
-8.38994
-8.40892
-8.42937
-8.45137
-8.475
-8.50042
-8.52787
-8.55757
-8.58976
-8.62475
-8.66285
-8.70445
-8.74998
-8.79999
-8.8551
-8.91607
-8.98383
-9.05957
-9.14476
-9.24134
-9.35191
-9.48006
-9.63099
-9.81263
-10.0378
-10.3303
-10.7325
-7.71299
-7.7672
-7.79628
-7.8092
-7.82051
-7.83215
-7.84309
-7.8532
-7.86279
-7.87204
-7.88104
-7.88982
-7.89841
-7.90684
-7.91512
-7.92325
-7.93126
-7.93914
-7.94691
-7.95456
-7.96209
-7.96952
-7.97684
-7.98406
-7.99118
-7.9982
-8.00512
-8.01195
-8.01869
-8.02534
-8.0319
-8.03838
-8.04479
-8.05112
-8.05737
-8.06355
-8.06966
-8.07572
-8.08175
-8.08775
-8.09375
-8.09973
-8.1057
-8.11168
-8.11767
-8.12369
-8.12974
-8.13584
-8.14199
-8.14822
-8.15455
-8.16097
-8.16753
-8.17422
-8.18109
-8.18814
-8.1954
-8.20291
-8.21068
-8.21876
-8.22717
-8.23595
-8.24514
-8.25479
-8.26493
-8.27563
-8.28694
-8.29891
-8.31161
-8.32512
-8.33952
-8.35488
-8.37131
-8.38893
-8.40782
-8.42804
-8.44973
-8.47308
-8.49825
-8.52544
-8.55485
-8.58673
-8.62135
-8.65903
-8.70012
-8.74506
-8.79434
-8.84856
-8.90842
-8.97478
-9.04869
-9.13144
-9.22466
-9.33041
-9.45127
-9.59047
-9.75183
-9.93937
-10.1554
-10.3941
-7.74145
-7.77068
-7.79568
-7.81013
-7.82183
-7.8333
-7.84413
-7.8542
-7.86373
-7.87291
-7.88183
-7.89053
-7.89903
-7.90737
-7.91557
-7.92362
-7.93155
-7.93936
-7.94706
-7.95464
-7.96212
-7.96949
-7.97676
-7.98393
-7.991
-7.99797
-8.00485
-8.01164
-8.01834
-8.02496
-8.03149
-8.03794
-8.04432
-8.05062
-8.05685
-8.06302
-8.06914
-8.07525
-8.08132
-8.08734
-8.09331
-8.09928
-8.10524
-8.1112
-8.11717
-8.12317
-8.12919
-8.13527
-8.1414
-8.14761
-8.1539
-8.1603
-8.16681
-8.17347
-8.18029
-8.1873
-8.19451
-8.20196
-8.20967
-8.21767
-8.22601
-8.2347
-8.2438
-8.25334
-8.26336
-8.27393
-8.28509
-8.29689
-8.30941
-8.32271
-8.33687
-8.35197
-8.36808
-8.38527
-8.40367
-8.42342
-8.44463
-8.46745
-8.49203
-8.51853
-8.54713
-8.57807
-8.61158
-8.64796
-8.68751
-8.7306
-8.77766
-8.82917
-8.88568
-8.94785
-9.01642
-9.09224
-9.17629
-9.26961
-9.37326
-9.48816
-9.6147
-9.75214
-9.89683
-10.0391
-7.76316
-7.7787
-7.79815
-7.81218
-7.82335
-7.83403
-7.84434
-7.85413
-7.86349
-7.87256
-7.8814
-7.89006
-7.89856
-7.9069
-7.9151
-7.92318
-7.93113
-7.93897
-7.94669
-7.9543
-7.96181
-7.9692
-7.97649
-7.98368
-7.99077
-7.99777
-8.00467
-8.01147
-8.01819
-8.02481
-8.03136
-8.03782
-8.04421
-8.05052
-8.05676
-8.06294
-8.06906
-8.07514
-8.08117
-8.08716
-8.09311
-8.09906
-8.105
-8.11094
-8.11688
-8.12285
-8.12885
-8.13489
-8.14098
-8.14714
-8.15338
-8.15971
-8.16617
-8.17275
-8.17949
-8.18641
-8.19352
-8.20086
-8.20844
-8.21631
-8.22449
-8.23301
-8.24191
-8.25124
-8.26103
-8.27133
-8.2822
-8.29368
-8.30583
-8.31871
-8.33237
-8.34691
-8.3624
-8.37894
-8.39662
-8.41555
-8.43581
-8.45753
-8.48085
-8.50591
-8.53286
-8.5619
-8.59322
-8.62704
-8.6636
-8.70316
-8.746
-8.79244
-8.84281
-8.89745
-8.95669
-9.02083
-9.0901
-9.16457
-9.24401
-9.32772
-9.41424
-9.50091
-9.58335
-9.65468
-7.78091
-7.78918
-7.80273
-7.81494
-7.82538
-7.83538
-7.84522
-7.85476
-7.86399
-7.87298
-7.88177
-7.89039
-7.89885
-7.90716
-7.91534
-7.92339
-7.93132
-7.93913
-7.94683
-7.95441
-7.96188
-7.96925
-7.97652
-7.98368
-7.99074
-7.99771
-8.00458
-8.01135
-8.01804
-8.02464
-8.03116
-8.03759
-8.04395
-8.05024
-8.05645
-8.0626
-8.0687
-8.07475
-8.08076
-8.08673
-8.09267
-8.09859
-8.10449
-8.11039
-8.11628
-8.12219
-8.12813
-8.13409
-8.1401
-8.14617
-8.15231
-8.15854
-8.16486
-8.17131
-8.1779
-8.18464
-8.19156
-8.19868
-8.20604
-8.21364
-8.22153
-8.22973
-8.23828
-8.24721
-8.25656
-8.26636
-8.27667
-8.28753
-8.29899
-8.31111
-8.32394
-8.33754
-8.352
-8.36736
-8.38371
-8.40113
-8.4197
-8.43953
-8.4607
-8.48333
-8.50752
-8.5334
-8.56109
-8.59071
-8.6224
-8.65627
-8.69246
-8.73104
-8.77211
-8.81569
-8.86174
-8.91012
-8.96055
-9.01255
-9.06538
-9.11795
-9.1687
-9.21553
-9.25576
-9.28574
-7.79552
-7.79995
-7.80887
-7.81871
-7.82809
-7.83726
-7.84643
-7.8555
-7.86442
-7.87318
-7.88181
-7.89031
-7.89869
-7.90695
-7.91508
-7.92311
-7.93101
-7.93881
-7.9465
-7.95408
-7.96155
-7.96892
-7.97619
-7.98335
-7.99041
-7.99738
-8.00425
-8.01103
-8.01772
-8.02431
-8.03083
-8.03726
-8.04361
-8.04988
-8.05609
-8.06223
-8.06831
-8.07433
-8.08031
-8.08624
-8.09213
-8.09799
-8.10383
-8.10965
-8.11546
-8.12128
-8.1271
-8.13295
-8.13883
-8.14474
-8.15072
-8.15675
-8.16287
-8.16909
-8.17541
-8.18187
-8.18847
-8.19524
-8.20219
-8.20936
-8.21676
-8.22441
-8.23236
-8.24062
-8.24923
-8.25821
-8.26761
-8.27746
-8.2878
-8.29867
-8.31012
-8.32217
-8.33489
-8.34833
-8.36252
-8.37753
-8.39341
-8.41021
-8.42797
-8.44676
-8.46662
-8.4876
-8.50972
-8.53303
-8.55752
-8.58321
-8.61004
-8.63796
-8.66685
-8.69653
-8.72678
-8.75724
-8.78747
-8.81689
-8.84475
-8.87014
-8.89193
-8.90884
-8.91937
-8.92199
-7.80385
-7.80688
-7.81359
-7.82181
-7.83026
-7.83879
-7.84747
-7.85619
-7.86487
-7.87348
-7.882
-7.89043
-7.89875
-7.90697
-7.91508
-7.92308
-7.93097
-7.93875
-7.94643
-7.95399
-7.96145
-7.96881
-7.97606
-7.98321
-7.99026
-7.99721
-8.00406
-8.01082
-8.01749
-8.02406
-8.03055
-8.03696
-8.04328
-8.04953
-8.0557
-8.0618
-8.06784
-8.07382
-8.07974
-8.08562
-8.09145
-8.09724
-8.103
-8.10873
-8.11445
-8.12016
-8.12586
-8.13157
-8.13729
-8.14304
-8.14882
-8.15465
-8.16053
-8.16648
-8.17251
-8.17864
-8.18488
-8.19125
-8.19776
-8.20444
-8.2113
-8.21836
-8.22564
-8.23317
-8.24096
-8.24906
-8.25747
-8.26622
-8.27535
-8.28488
-8.29484
-8.30527
-8.31618
-8.32761
-8.33959
-8.35215
-8.3653
-8.37908
-8.3935
-8.40858
-8.42432
-8.44072
-8.45777
-8.47544
-8.49367
-8.51241
-8.53155
-8.55096
-8.57046
-8.58983
-8.60878
-8.62697
-8.64397
-8.65927
-8.67227
-8.68227
-8.68852
-8.69015
-8.6863
-8.67622
-7.80853
-7.81096
-7.81655
-7.82382
-7.83167
-7.8398
-7.84816
-7.85665
-7.86518
-7.87367
-7.88211
-7.89047
-7.89875
-7.90694
-7.91502
-7.92301
-7.93088
-7.93865
-7.94632
-7.95388
-7.96133
-7.96868
-7.97592
-7.98306
-7.9901
-7.99704
-8.00389
-8.01064
-8.01729
-8.02386
-8.03034
-8.03673
-8.04303
-8.04926
-8.05541
-8.06149
-8.06751
-8.07345
-8.07934
-8.08518
-8.09096
-8.0967
-8.1024
-8.10807
-8.11371
-8.11933
-8.12494
-8.13054
-8.13614
-8.14175
-8.14739
-8.15304
-8.15874
-8.16448
-8.17028
-8.17616
-8.18212
-8.18817
-8.19434
-8.20063
-8.20706
-8.21365
-8.22041
-8.22737
-8.23454
-8.24193
-8.24957
-8.25748
-8.26568
-8.27418
-8.28301
-8.29219
-8.30172
-8.31164
-8.32195
-8.33267
-8.3438
-8.35535
-8.36732
-8.37969
-8.39245
-8.40557
-8.41901
-8.43271
-8.44659
-8.46055
-8.47447
-8.48818
-8.5015
-8.51419
-8.52596
-8.53649
-8.54539
-8.55223
-8.55653
-8.55776
-8.55535
-8.54874
-8.53735
-8.52063
-7.81212
-7.81416
-7.81899
-7.82555
-7.83289
-7.84068
-7.84878
-7.85708
-7.86546
-7.87385
-7.88222
-7.89053
-7.89878
-7.90693
-7.915
-7.92297
-7.93083
-7.93859
-7.94625
-7.9538
-7.96124
-7.96858
-7.97582
-7.98295
-7.98999
-7.99692
-8.00375
-8.01049
-8.01713
-8.02368
-8.03014
-8.03652
-8.04281
-8.04901
-8.05514
-8.06119
-8.06717
-8.07308
-8.07893
-8.08472
-8.09045
-8.09613
-8.10177
-8.10736
-8.11292
-8.11844
-8.12395
-8.12943
-8.1349
-8.14037
-8.14583
-8.15131
-8.1568
-8.16232
-8.16787
-8.17347
-8.17912
-8.18484
-8.19063
-8.19651
-8.20249
-8.20857
-8.21478
-8.22113
-8.22762
-8.23427
-8.2411
-8.24811
-8.25532
-8.26275
-8.27039
-8.27826
-8.28637
-8.29472
-8.30331
-8.31214
-8.32121
-8.3305
-8.33999
-8.34965
-8.35946
-8.36936
-8.37929
-8.38917
-8.39891
-8.4084
-8.41749
-8.42602
-8.4338
-8.4406
-8.44616
-8.4502
-8.4524
-8.4524
-8.44983
-8.44429
-8.43539
-8.42274
-8.40599
-8.38479
-7.81478
-7.81657
-7.82089
-7.82693
-7.83389
-7.8414
-7.84929
-7.85742
-7.86569
-7.874
-7.88231
-7.89058
-7.89879
-7.90693
-7.91498
-7.92293
-7.93078
-7.93854
-7.94618
-7.95373
-7.96116
-7.9685
-7.97573
-7.98285
-7.98988
-7.9968
-8.00362
-8.01035
-8.01698
-8.02352
-8.02996
-8.03632
-8.04258
-8.04877
-8.05487
-8.06089
-8.06684
-8.07271
-8.07852
-8.08426
-8.08993
-8.09555
-8.10112
-8.10663
-8.1121
-8.11753
-8.12292
-8.12828
-8.13361
-8.13892
-8.14422
-8.1495
-8.15478
-8.16007
-8.16536
-8.17067
-8.176
-8.18136
-8.18676
-8.19221
-8.19771
-8.20327
-8.2089
-8.21461
-8.2204
-8.22629
-8.23228
-8.23837
-8.24457
-8.25089
-8.25732
-8.26387
-8.27053
-8.2773
-8.28417
-8.29112
-8.29815
-8.30521
-8.31228
-8.31933
-8.32629
-8.33312
-8.33973
-8.34604
-8.35195
-8.35734
-8.36206
-8.36596
-8.36886
-8.37056
-8.37082
-8.36941
-8.36606
-8.3605
-8.35243
-8.34157
-8.32764
-8.31038
-8.28956
-8.26498
-7.81661
-7.81825
-7.82224
-7.82793
-7.83461
-7.84192
-7.84966
-7.85768
-7.86586
-7.87412
-7.88238
-7.89062
-7.89881
-7.90693
-7.91496
-7.9229
-7.93075
-7.93849
-7.94613
-7.95367
-7.9611
-7.96843
-7.97565
-7.98277
-7.98978
-7.9967
-8.00351
-8.01023
-8.01684
-8.02337
-8.02979
-8.03613
-8.04238
-8.04854
-8.05461
-8.0606
-8.06651
-8.07235
-8.07811
-8.0838
-8.08942
-8.09497
-8.10046
-8.10589
-8.11127
-8.1166
-8.12187
-8.1271
-8.13229
-8.13744
-8.14255
-8.14764
-8.1527
-8.15774
-8.16276
-8.16777
-8.17276
-8.17776
-8.18275
-8.18775
-8.19276
-8.19779
-8.20282
-8.20788
-8.21297
-8.21807
-8.2232
-8.22836
-8.23354
-8.23874
-8.24396
-8.24918
-8.2544
-8.2596
-8.26477
-8.26988
-8.2749
-8.2798
-8.28454
-8.28907
-8.29333
-8.29725
-8.30076
-8.30376
-8.30615
-8.30782
-8.30862
-8.30842
-8.30705
-8.30433
-8.30008
-8.29408
-8.28614
-8.27604
-8.26355
-8.24848
-8.23062
-8.20981
-8.1859
-8.15875
-7.81768
-7.81923
-7.82305
-7.82854
-7.83506
-7.84224
-7.84989
-7.85784
-7.86597
-7.87419
-7.88242
-7.89064
-7.89882
-7.90692
-7.91495
-7.92288
-7.93072
-7.93846
-7.9461
-7.95363
-7.96105
-7.96837
-7.97559
-7.9827
-7.98971
-7.99661
-8.00342
-8.01012
-8.01672
-8.02323
-8.02964
-8.03596
-8.04218
-8.04832
-8.05436
-8.06032
-8.0662
-8.07199
-8.07771
-8.08334
-8.0889
-8.09439
-8.09981
-8.10516
-8.11044
-8.11566
-8.12081
-8.12591
-8.13095
-8.13594
-8.14087
-8.14575
-8.15058
-8.15537
-8.16011
-8.16482
-8.16948
-8.1741
-8.17868
-8.18323
-8.18774
-8.19222
-8.19666
-8.20106
-8.20543
-8.20975
-8.21402
-8.21825
-8.22241
-8.22651
-8.23052
-8.23444
-8.23824
-8.24191
-8.24542
-8.24874
-8.25184
-8.25467
-8.25719
-8.25935
-8.26107
-8.2623
-8.26294
-8.26292
-8.26213
-8.26045
-8.25778
-8.25397
-8.24889
-8.24238
-8.23429
-8.22445
-8.2127
-8.19888
-8.18282
-8.16438
-8.14342
-8.11982
-8.0935
-8.06437
-7.81803
-7.81956
-7.82332
-7.82874
-7.8352
-7.84235
-7.84997
-7.8579
-7.86601
-7.87421
-7.88243
-7.89065
-7.89881
-7.90692
-7.91494
-7.92287
-7.9307
-7.93844
-7.94607
-7.9536
-7.96102
-7.96833
-7.97554
-7.98265
-7.98965
-7.99655
-8.00334
-8.01003
-8.01662
-8.02311
-8.02951
-8.03581
-8.04201
-8.04812
-8.05413
-8.06006
-8.0659
-8.07165
-8.07732
-8.0829
-8.0884
-8.09382
-8.09916
-8.10442
-8.10961
-8.11472
-8.11976
-8.12472
-8.12961
-8.13443
-8.13918
-8.14385
-8.14846
-8.153
-8.15746
-8.16185
-8.16617
-8.17042
-8.17459
-8.17869
-8.18271
-8.18664
-8.19048
-8.19423
-8.19789
-8.20143
-8.20486
-8.20817
-8.21133
-8.21434
-8.21718
-8.21983
-8.22226
-8.22445
-8.22637
-8.22799
-8.22926
-8.23014
-8.23057
-8.23051
-8.22988
-8.22862
-8.22665
-8.22388
-8.22022
-8.21557
-8.20982
-8.20286
-8.19456
-8.1848
-8.17345
-8.16038
-8.14547
-8.12859
-8.10962
-8.08846
-8.06502
-8.03922
-8.01101
-7.98033
-7.81768
-7.81923
-7.82305
-7.82853
-7.83505
-7.84224
-7.84989
-7.85784
-7.86596
-7.87418
-7.88241
-7.89063
-7.8988
-7.90691
-7.91493
-7.92286
-7.93069
-7.93843
-7.94606
-7.95358
-7.961
-7.96831
-7.97552
-7.98261
-7.98961
-7.9965
-8.00328
-8.00996
-8.01654
-8.02302
-8.02939
-8.03567
-8.04185
-8.04794
-8.05392
-8.05982
-8.06562
-8.07133
-8.07695
-8.08248
-8.08792
-8.09327
-8.09853
-8.10371
-8.1088
-8.1138
-8.11872
-8.12355
-8.12829
-8.13295
-8.13751
-8.14198
-8.14636
-8.15065
-8.15483
-8.15892
-8.1629
-8.16678
-8.17055
-8.1742
-8.17772
-8.18112
-8.18438
-8.18749
-8.19045
-8.19323
-8.19584
-8.19825
-8.20045
-8.20241
-8.20412
-8.20555
-8.20667
-8.20746
-8.20787
-8.20787
-8.20742
-8.20647
-8.20497
-8.20286
-8.20007
-8.19655
-8.19221
-8.18697
-8.18075
-8.17347
-8.16502
-8.15531
-8.14423
-8.13169
-8.11758
-8.1018
-8.08425
-8.06484
-8.04349
-8.02012
-7.99468
-7.96713
-7.93742
-7.90552
-7.8166
-7.81824
-7.82224
-7.82792
-7.83461
-7.84191
-7.84965
-7.85767
-7.86585
-7.8741
-7.88236
-7.8906
-7.89878
-7.90689
-7.91492
-7.92286
-7.93069
-7.93843
-7.94606
-7.95358
-7.961
-7.9683
-7.9755
-7.9826
-7.98958
-7.99646
-8.00324
-8.00991
-8.01648
-8.02294
-8.0293
-8.03556
-8.04172
-8.04778
-8.05374
-8.0596
-8.06536
-8.07103
-8.0766
-8.08208
-8.08746
-8.09274
-8.09793
-8.10303
-8.10802
-8.11292
-8.11772
-8.12242
-8.12701
-8.1315
-8.13588
-8.14015
-8.14431
-8.14835
-8.15227
-8.15606
-8.15971
-8.16323
-8.1666
-8.16981
-8.17286
-8.17574
-8.17843
-8.18092
-8.1832
-8.18526
-8.18707
-8.18863
-8.18989
-8.19086
-8.19149
-8.19176
-8.19165
-8.19111
-8.19011
-8.18861
-8.18656
-8.18392
-8.18064
-8.17665
-8.1719
-8.16632
-8.15985
-8.15241
-8.14392
-8.13432
-8.1235
-8.11141
-8.09794
-8.08302
-8.06656
-8.04849
-8.02874
-8.00723
-7.98392
-7.95875
-7.93169
-7.90271
-7.87181
-7.83895
-7.81477
-7.81656
-7.82088
-7.82692
-7.83387
-7.84138
-7.84927
-7.85741
-7.86567
-7.87398
-7.88228
-7.89055
-7.89875
-7.90688
-7.91492
-7.92286
-7.9307
-7.93844
-7.94607
-7.95359
-7.96101
-7.96831
-7.97551
-7.9826
-7.98958
-7.99645
-8.00322
-8.00988
-8.01643
-8.02288
-8.02923
-8.03547
-8.04161
-8.04764
-8.05357
-8.0594
-8.06513
-8.07076
-8.07628
-8.08171
-8.08703
-8.09225
-8.09737
-8.10238
-8.10728
-8.11208
-8.11676
-8.12133
-8.12578
-8.13012
-8.13432
-8.1384
-8.14234
-8.14615
-8.1498
-8.1533
-8.15664
-8.15981
-8.16279
-8.16559
-8.16818
-8.17056
-8.17271
-8.17461
-8.17625
-8.17761
-8.17867
-8.17941
-8.17981
-8.17983
-8.17945
-8.17864
-8.17737
-8.1756
-8.17329
-8.1704
-8.16688
-8.16269
-8.15778
-8.1521
-8.14557
-8.13816
-8.12978
-8.12039
-8.10991
-8.09826
-8.0854
-8.07124
-8.05571
-8.03876
-8.02032
-8.00033
-7.97874
-7.95549
-7.93056
-7.90392
-7.87554
-7.84542
-7.81355
-7.77993
-7.81211
-7.81415
-7.81898
-7.82554
-7.83288
-7.84066
-7.84876
-7.85705
-7.86543
-7.87382
-7.88218
-7.89049
-7.89872
-7.90687
-7.91493
-7.92288
-7.93073
-7.93847
-7.9461
-7.95362
-7.96104
-7.96834
-7.97554
-7.98262
-7.9896
-7.99647
-8.00322
-8.00987
-8.01642
-8.02285
-8.02918
-8.03541
-8.04152
-8.04753
-8.05344
-8.05924
-8.06493
-8.07052
-8.076
-8.08138
-8.08664
-8.0918
-8.09684
-8.10178
-8.10659
-8.11129
-8.11586
-8.12031
-8.12463
-8.12881
-8.13285
-8.13674
-8.14048
-8.14406
-8.14746
-8.15069
-8.15373
-8.15656
-8.15919
-8.16159
-8.16375
-8.16565
-8.16729
-8.16863
-8.16967
-8.17038
-8.17073
-8.17071
-8.17029
-8.16943
-8.16812
-8.16631
-8.16397
-8.16106
-8.15755
-8.15339
-8.14854
-8.14295
-8.13657
-8.12936
-8.12125
-8.11219
-8.10214
-8.09102
-8.07878
-8.06536
-8.05071
-8.03477
-8.01748
-7.9988
-7.97866
-7.95704
-7.9339
-7.9092
-7.88292
-7.85505
-7.82558
-7.79452
-7.76187
-7.72763
-7.80852
-7.81095
-7.81654
-7.82381
-7.83165
-7.83978
-7.84814
-7.85663
-7.86514
-7.87363
-7.88206
-7.89042
-7.89869
-7.90686
-7.91493
-7.9229
-7.93075
-7.9385
-7.94614
-7.95366
-7.96108
-7.96838
-7.97557
-7.98266
-7.98963
-7.99649
-8.00324
-8.00988
-8.01642
-8.02284
-8.02916
-8.03537
-8.04146
-8.04745
-8.05333
-8.05911
-8.06477
-8.07032
-8.07576
-8.08109
-8.0863
-8.0914
-8.09638
-8.10124
-8.10597
-8.11057
-8.11504
-8.11938
-8.12357
-8.12761
-8.13149
-8.13521
-8.13876
-8.14212
-8.14529
-8.14826
-8.15102
-8.15354
-8.15583
-8.15786
-8.15962
-8.16109
-8.16224
-8.16307
-8.16355
-8.16366
-8.16336
-8.16264
-8.16147
-8.15981
-8.15763
-8.15491
-8.1516
-8.14766
-8.14306
-8.13776
-8.13171
-8.12487
-8.11719
-8.10862
-8.09911
-8.08862
-8.07709
-8.06447
-8.05071
-8.03577
-8.01959
-8.00214
-7.98336
-7.96321
-7.94167
-7.9187
-7.89428
-7.86838
-7.84101
-7.81215
-7.78181
-7.75
-7.71674
-7.68202
-7.80383
-7.80686
-7.81357
-7.82179
-7.83024
-7.83877
-7.84744
-7.85616
-7.86484
-7.87344
-7.88195
-7.89036
-7.89867
-7.90688
-7.91497
-7.92295
-7.93082
-7.93857
-7.94622
-7.95375
-7.96116
-7.96847
-7.97566
-7.98274
-7.9897
-7.99656
-8.00331
-8.00994
-8.01646
-8.02288
-8.02918
-8.03537
-8.04145
-8.04741
-8.05327
-8.05901
-8.06464
-8.07016
-8.07555
-8.08084
-8.086
-8.09104
-8.09596
-8.10074
-8.1054
-8.10992
-8.11429
-8.11852
-8.12259
-8.1265
-8.13024
-8.1338
-8.13717
-8.14034
-8.14329
-8.14603
-8.14852
-8.15077
-8.15274
-8.15443
-8.15582
-8.15689
-8.15761
-8.15797
-8.15794
-8.15749
-8.15661
-8.15525
-8.1534
-8.15101
-8.14806
-8.14452
-8.14033
-8.13548
-8.12991
-8.12359
-8.11647
-8.10852
-8.09968
-8.08991
-8.07917
-8.06742
-8.0546
-8.04067
-8.02559
-8.00932
-7.99182
-7.97305
-7.95298
-7.93157
-7.90881
-7.88468
-7.85915
-7.83223
-7.8039
-7.77418
-7.74308
-7.71061
-7.6768
-7.64166
-7.79551
-7.79993
-7.80885
-7.81869
-7.82806
-7.83723
-7.84639
-7.85546
-7.86437
-7.87313
-7.88175
-7.89024
-7.8986
-7.90684
-7.91496
-7.92296
-7.93084
-7.9386
-7.94625
-7.95379
-7.96121
-7.96851
-7.97571
-7.98279
-7.98976
-7.99662
-8.00336
-8.00999
-8.01651
-8.02291
-8.0292
-8.03538
-8.04144
-8.04739
-8.05322
-8.05894
-8.06453
-8.07001
-8.07536
-8.08059
-8.0857
-8.09067
-8.09551
-8.10021
-8.10477
-8.10919
-8.11344
-8.11754
-8.12146
-8.12521
-8.12877
-8.13213
-8.13528
-8.13821
-8.1409
-8.14334
-8.14551
-8.14741
-8.149
-8.15027
-8.15121
-8.15178
-8.15196
-8.15174
-8.15108
-8.14996
-8.14835
-8.14622
-8.14354
-8.14027
-8.13638
-8.13183
-8.12659
-8.12063
-8.11389
-8.10634
-8.09795
-8.08867
-8.07846
-8.06728
-8.05509
-8.04185
-8.02752
-8.01207
-7.99546
-7.97766
-7.95863
-7.93836
-7.91683
-7.894
-7.86987
-7.84443
-7.81767
-7.7896
-7.76023
-7.72957
-7.69763
-7.66446
-7.63007
-7.59448
-7.78089
-7.78916
-7.80271
-7.81491
-7.82535
-7.83535
-7.84519
-7.85472
-7.86394
-7.87292
-7.8817
-7.8903
-7.89875
-7.90704
-7.9152
-7.92322
-7.93112
-7.93889
-7.94654
-7.95408
-7.96149
-7.96879
-7.97597
-7.98304
-7.99
-7.99684
-8.00356
-8.01017
-8.01667
-8.02305
-8.02932
-8.03546
-8.04149
-8.0474
-8.05319
-8.05886
-8.06441
-8.06984
-8.07515
-8.08032
-8.08537
-8.09028
-8.09505
-8.09967
-8.10415
-8.10846
-8.11261
-8.11659
-8.12038
-8.12398
-8.12738
-8.13056
-8.13352
-8.13623
-8.13868
-8.14087
-8.14276
-8.14434
-8.14559
-8.1465
-8.14703
-8.14717
-8.14689
-8.14616
-8.14496
-8.14326
-8.14102
-8.13822
-8.13482
-8.1308
-8.1261
-8.12071
-8.11458
-8.10768
-8.09996
-8.0914
-8.08195
-8.07157
-8.06024
-8.0479
-8.03453
-8.0201
-8.00457
-7.9879
-7.97008
-7.95108
-7.93088
-7.90945
-7.88679
-7.86288
-7.83772
-7.81131
-7.78365
-7.75474
-7.72461
-7.69328
-7.66076
-7.62708
-7.59229
-7.5564
-7.76314
-7.77868
-7.79812
-7.81216
-7.82333
-7.834
-7.84431
-7.85408
-7.86343
-7.87249
-7.88133
-7.88997
-7.89845
-7.90677
-7.91495
-7.923
-7.93092
-7.93872
-7.94639
-7.95395
-7.96139
-7.96871
-7.97592
-7.98301
-7.98998
-7.99684
-8.00358
-8.01021
-8.01672
-8.02312
-8.02939
-8.03555
-8.04158
-8.04749
-8.05328
-8.05894
-8.06448
-8.0699
-8.07518
-8.08031
-8.08531
-8.09018
-8.09491
-8.09949
-8.10392
-8.10818
-8.11227
-8.11618
-8.11991
-8.12343
-8.12673
-8.12982
-8.13266
-8.13525
-8.13758
-8.13961
-8.14134
-8.14275
-8.14381
-8.14451
-8.14481
-8.1447
-8.14416
-8.14314
-8.14163
-8.13959
-8.137
-8.13381
-8.13001
-8.12555
-8.1204
-8.11452
-8.10788
-8.10045
-8.09217
-8.08303
-8.07297
-8.06197
-8.05
-8.037
-8.02297
-8.00785
-7.99163
-7.97428
-7.95578
-7.93609
-7.91522
-7.89313
-7.86983
-7.84531
-7.81956
-7.79258
-7.76439
-7.735
-7.70442
-7.67267
-7.63977
-7.60577
-7.5707
-7.53456
-7.74142
-7.77066
-7.79565
-7.81011
-7.8218
-7.83326
-7.84409
-7.85415
-7.86368
-7.87285
-7.88176
-7.89044
-7.89892
-7.90724
-7.91541
-7.92344
-7.93133
-7.9391
-7.94675
-7.95428
-7.96169
-7.96898
-7.97616
-7.98323
-7.99018
-7.99701
-8.00374
-8.01034
-8.01683
-8.02321
-8.02946
-8.0356
-8.04161
-8.0475
-8.05326
-8.0589
-8.06441
-8.06983
-8.07513
-8.08027
-8.08526
-8.09011
-8.09481
-8.09937
-8.10377
-8.108
-8.11206
-8.11594
-8.11962
-8.1231
-8.12636
-8.12939
-8.13217
-8.1347
-8.13695
-8.1389
-8.14055
-8.14186
-8.14282
-8.1434
-8.14358
-8.14334
-8.14265
-8.14148
-8.1398
-8.13759
-8.1348
-8.13142
-8.1274
-8.12271
-8.11731
-8.11118
-8.10427
-8.09655
-8.08799
-8.07854
-8.06817
-8.05684
-8.04453
-8.0312
-8.01682
-8.00136
-7.98479
-7.96709
-7.94823
-7.9282
-7.90699
-7.88458
-7.86096
-7.83613
-7.81009
-7.78284
-7.7544
-7.72476
-7.69396
-7.66201
-7.62894
-7.59476
-7.55951
-7.52318
-7.71296
-7.76718
-7.79626
-7.80917
-7.82048
-7.83212
-7.84305
-7.85316
-7.86273
-7.87198
-7.88096
-7.88973
-7.8983
-7.90671
-7.91496
-7.92307
-7.93104
-7.93888
-7.94659
-7.95419
-7.96166
-7.96901
-7.97624
-7.98335
-7.99035
-7.99723
-8.00399
-8.01063
-8.01715
-8.02356
-8.02984
-8.036
-8.04204
-8.04795
-8.05372
-8.05936
-8.06486
-8.07022
-8.07545
-8.08057
-8.08556
-8.09041
-8.09511
-8.09967
-8.10406
-8.10828
-8.11233
-8.11619
-8.11985
-8.12331
-8.12655
-8.12956
-8.13231
-8.13481
-8.13702
-8.13894
-8.14055
-8.14181
-8.14272
-8.14325
-8.14337
-8.14307
-8.1423
-8.14106
-8.1393
-8.13699
-8.13411
-8.13062
-8.12649
-8.12169
-8.11617
-8.10991
-8.10287
-8.09501
-8.08629
-8.07669
-8.06616
-8.05468
-8.0422
-8.0287
-8.01414
-7.9985
-7.98176
-7.96388
-7.94485
-7.92465
-7.90327
-7.88069
-7.85691
-7.83193
-7.80574
-7.77836
-7.74979
-7.72004
-7.68913
-7.65708
-7.62392
-7.58966
-7.55435
-7.51796
-7.68311
-7.76552
-7.79865
-7.81107
-7.82236
-7.83411
-7.84502
-7.85502
-7.86448
-7.8736
-7.88247
-7.89113
-7.8996
-7.90791
-7.91608
-7.92412
-7.93203
-7.93982
-7.9475
-7.95505
-7.9625
-7.96982
-7.97704
-7.98414
-7.99113
-7.99801
-8.00477
-8.01141
-8.01794
-8.02435
-8.03064
-8.03681
-8.04285
-8.04876
-8.05454
-8.06018
-8.06566
-8.07092
-8.07603
-8.08108
-8.08605
-8.09088
-8.09558
-8.10012
-8.10451
-8.10873
-8.11278
-8.11663
-8.12029
-8.12375
-8.12698
-8.12998
-8.13273
-8.13522
-8.13743
-8.13934
-8.14094
-8.1422
-8.1431
-8.14361
-8.14373
-8.14341
-8.14264
-8.14138
-8.1396
-8.13729
-8.13439
-8.13089
-8.12674
-8.12192
-8.11639
-8.11011
-8.10305
-8.09518
-8.08644
-8.07682
-8.06628
-8.05478
-8.04228
-8.02877
-8.0142
-7.99855
-7.98179
-7.96391
-7.94487
-7.92467
-7.90328
-7.88071
-7.85693
-7.83196
-7.80579
-7.77842
-7.74986
-7.72014
-7.68925
-7.65724
-7.62411
-7.5899
-7.55465
-7.51837
-11.4314
-11.3907
-11.1316
-10.7311
-10.239
-9.65267
-9.16321
-8.75275
-8.37116
-8.01692
-7.68473
-7.37503
-7.08738
-6.81999
-6.57077
-6.33772
-6.11892
-5.91259
-5.71697
-5.53053
-5.35144
-5.17993
-5.015
-4.85422
-4.71086
-10.6378
-10.6889
-10.5485
-10.2835
-9.91653
-9.43846
-8.95028
-8.57024
-8.231
-7.91264
-7.60739
-7.31823
-7.04673
-6.79208
-6.55286
-6.32767
-6.1151
-5.91374
-5.72225
-5.53939
-5.36395
-5.19567
-5.03423
-4.87844
-4.73894
-10.1618
-10.2231
-10.1661
-9.9844
-9.68195
-9.26552
-8.82463
-8.46772
-8.15478
-7.85925
-7.57118
-7.29501
-7.03372
-6.78715
-6.55427
-6.33404
-6.12538
-5.92722
-5.73848
-5.55818
-5.38542
-5.21979
-5.06107
-4.90862
-4.7712
-9.70587
-9.72674
-9.6874
-9.56117
-9.33172
-8.99694
-8.60151
-8.28078
-8.00366
-7.74141
-7.48163
-7.22861
-6.9862
-6.75498
-6.53453
-6.32435
-6.12389
-5.93248
-5.74946
-5.57414
-5.40595
-5.24455
-5.08983
-4.94155
-4.80724
-9.30132
-9.29871
-9.2623
-9.16803
-8.99157
-8.7214
-8.3842
-8.10244
-7.85747
-7.62444
-7.39053
-7.15932
-6.93506
-6.71899
-6.51115
-6.31149
-6.11988
-5.93602
-5.75954
-5.59004
-5.4271
-5.27046
-5.12008
-4.97585
-4.84404
-8.91533
-8.89712
-8.85713
-8.77771
-8.63715
-8.4199
-8.1353
-7.89402
-7.68275
-7.48036
-7.27497
-7.06933
-6.86737
-6.67055
-6.47924
-6.2937
-6.1141
-5.94049
-5.77283
-5.61101
-5.45489
-5.3043
-5.15924
-5.01981
-4.89175
-8.65939
-8.63384
-8.59118
-8.51714
-8.39332
-8.20622
-7.95685
-7.74341
-7.55578
-7.37417
-7.18818
-7.00045
-6.81451
-6.63176
-6.45272
-6.27787
-6.10758
-5.94209
-5.78149
-5.62586
-5.47517
-5.32938
-5.18854
-5.0526
-4.92872
-8.49818
-8.46811
-8.42305
-8.35066
-8.23477
-8.06309
-7.83275
-7.63579
-7.46222
-7.29327
-7.11943
-6.94322
-6.76785
-6.59462
-6.42414
-6.25692
-6.09342
-5.93396
-5.77874
-5.62789
-5.48145
-5.33944
-5.2019
-5.06871
-4.94703
-8.35866
-8.3254
-8.27829
-8.20648
-8.09603
-7.93589
-7.72225
-7.53957
-7.3781
-7.22024
-7.05719
-6.89126
-6.72539
-6.56081
-6.39815
-6.23796
-6.08078
-5.92696
-5.77678
-5.63038
-5.4879
-5.3494
-5.21496
-5.08454
-4.96535
-8.2362
-8.20083
-8.1523
-8.08082
-7.97412
-7.82252
-7.62228
-7.45129
-7.29989
-7.15143
-6.99769
-6.84077
-6.68336
-6.5266
-6.37113
-6.21752
-6.06628
-5.91782
-5.77244
-5.63031
-5.49162
-5.3565
-5.22506
-5.09725
-4.98009
-8.12797
-8.09105
-8.04169
-7.97078
-7.86705
-7.72196
-7.53294
-7.3717
-7.22874
-7.08826
-6.94259
-6.79358
-6.64368
-6.49398
-6.34504
-6.19743
-6.05167
-5.90817
-5.76724
-5.62911
-5.49402
-5.36212
-5.23355
-5.1083
-4.9933
-8.03204
-7.99392
-7.94392
-7.87351
-7.7723
-7.63257
-7.45302
-7.30003
-7.16415
-7.03054
-6.89185
-6.74973
-6.60644
-6.46297
-6.31987
-6.17768
-6.03687
-5.89789
-5.76106
-5.62669
-5.49498
-5.36612
-5.24026
-5.11743
-5.00436
-7.94681
-7.90779
-7.85732
-7.78732
-7.68818
-7.55285
-7.38116
-7.2352
-7.1054
-6.97773
-6.84513
-6.70903
-6.57155
-6.43361
-6.29572
-6.15838
-6.02209
-5.88728
-5.75428
-5.6234
-5.49486
-5.36886
-5.24557
-5.12503
-5.01385
-7.87108
-7.83135
-7.78055
-7.71093
-7.61352
-7.48185
-7.31675
-7.17669
-7.05207
-6.92949
-6.80213
-6.6713
-6.53894
-6.40592
-6.27269
-6.13976
-6.00758
-5.87659
-5.74711
-5.61945
-5.49385
-5.37052
-5.24962
-5.13124
-5.02185
-7.80378
-7.76353
-7.71249
-7.64324
-7.5473
-7.4187
-7.25913
-7.12405
-7.00384
-6.88564
-6.76283
-6.63658
-6.50872
-6.38005
-6.25099
-6.12201
-5.99354
-5.86601
-5.73974
-5.61504
-5.49216
-5.37129
-5.25263
-5.13626
-5.02849
-7.74419
-7.70351
-7.65231
-7.58339
-7.48872
-7.3627
-7.20781
-7.07693
-6.96048
-6.84605
-6.72718
-6.60492
-6.481
-6.35616
-6.2308
-6.10534
-5.98021
-5.85581
-5.73246
-5.61047
-5.49007
-5.37148
-5.25489
-5.14041
-5.03427
-7.69144
-7.65047
-7.59918
-7.5306
-7.43704
-7.31323
-7.16223
-7.03487
-6.92158
-6.81036
-6.69487
-6.57607
-6.45558
-6.33409
-6.21199
-6.08965
-5.9675
-5.8459
-5.72518
-5.60563
-5.4875
-5.37099
-5.25629
-5.14348
-5.0386
-7.64547
-7.60425
-7.55291
-7.48464
-7.39207
-7.27013
-7.12268
-6.99832
-6.8877
-6.77925
-6.66672
-6.55093
-6.43344
-6.31491
-6.19568
-6.07612
-5.95661
-5.83752
-5.71917
-5.60183
-5.48575
-5.37114
-5.25819
-5.14702
-5.04362
-7.60481
-7.56339
-7.51202
-7.44403
-7.35229
-7.23174
-7.08702
-6.96505
-6.85651
-6.75035
-6.64029
-6.52703
-6.41205
-6.29603
-6.17925
-6.06207
-5.94485
-5.82795
-5.71167
-5.59628
-5.48203
-5.36912
-5.25773
-5.14797
-5.04544
-7.55732
-7.51573
-7.46438
-7.39683
-7.30624
-7.18721
-7.04576
-6.92651
-6.82023
-6.71672
-6.60961
-6.49932
-6.3873
-6.27421
-6.16035
-6.04601
-5.93153
-5.81726
-5.70348
-5.59046
-5.47844
-5.36763
-5.25821
-5.15037
-5.04886
-7.51903
-7.4774
-7.42633
-7.35947
-7.27014
-7.15335
-7.01445
-6.89698
-6.79275
-6.69165
-6.58708
-6.47932
-6.36984
-6.25928
-6.1479
-6.03598
-5.92383
-5.81179
-5.70013
-5.58913
-5.47902
-5.37002
-5.26234
-5.15611
-5.0564
-7.49701
-7.4554
-7.40473
-7.33852
-7.25012
-7.13513
-6.99707
-6.87991
-6.77685
-6.67721
-6.57405
-6.46768
-6.35959
-6.25043
-6.14043
-6.02985
-5.91902
-5.80823
-5.69777
-5.58791
-5.47889
-5.37092
-5.26425
-5.1589
-5.0605
-7.48541
-7.44378
-7.39346
-7.32769
-7.23985
-7.12609
-6.98837
-6.87099
-6.76862
-6.6699
-6.56759
-6.462
-6.35467
-6.24627
-6.13702
-6.02717
-5.91703
-5.80692
-5.6971
-5.58785
-5.47939
-5.37196
-5.26581
-5.16094
-5.06363
-7.48013
-7.43864
-7.38864
-7.32325
-7.23578
-7.12245
-6.98489
-6.86762
-6.76543
-6.66708
-6.5652
-6.46002
-6.35309
-6.24508
-6.13622
-6.02675
-5.91698
-5.80722
-5.69774
-5.5888
-5.48063
-5.37345
-5.26747
-5.16252
-5.06456
-7.48073
-7.43925
-7.38915
-7.32379
-7.23647
-7.12271
-6.98591
-6.86948
-6.76722
-6.66888
-6.56714
-6.46211
-6.35532
-6.24745
-6.13872
-6.02937
-5.91972
-5.81006
-5.70067
-5.5918
-5.4837
-5.37656
-5.27059
-5.16561
-5.06597
-4.59335
-4.55088
-4.52206
-4.49657
-4.47013
-4.44327
-4.41671
-4.39051
-4.3646
-4.33897
-4.31364
-4.28859
-4.26386
-4.23942
-4.21529
-4.19147
-4.16796
-4.14474
-4.12183
-4.09922
-4.0769
-4.05486
-4.03311
-4.01165
-3.99045
-3.96952
-3.94886
-3.92845
-3.9083
-3.88839
-3.86872
-3.84929
-3.83008
-3.8111
-3.79235
-3.7738
-3.75547
-3.73734
-3.71941
-3.70168
-3.68414
-3.66679
-3.64962
-3.63264
-3.61583
-3.59919
-3.58272
-3.56642
-3.55028
-3.53431
-3.51849
-3.50282
-3.48731
-3.47194
-3.45672
-3.44165
-3.42671
-3.41192
-3.39726
-3.38274
-3.36835
-3.35409
-3.33996
-3.32596
-3.31208
-3.29832
-3.28469
-3.27117
-3.25778
-3.2445
-3.23133
-3.21828
-3.20534
-3.19251
-3.17979
-3.16717
-3.15467
-3.14226
-3.12996
-3.11777
-3.10567
-3.09368
-3.08178
-3.06998
-3.05828
-3.04667
-3.03516
-3.02375
-3.01242
-3.00119
-2.99004
-2.97899
-2.96803
-2.95715
-2.94637
-2.93567
-2.92505
-2.91452
-2.90408
-2.89372
-2.88345
-2.87325
-2.86314
-2.85312
-2.84317
-2.83331
-2.82352
-2.81382
-2.8042
-2.79466
-2.7852
-2.77582
-2.76652
-2.7573
-2.74816
-2.7391
-2.73011
-2.72121
-2.71239
-2.70364
-2.69498
-2.68639
-2.67788
-2.66939
-2.66098
-4.62209
-4.57887
-4.55021
-4.52526
-4.4993
-4.47283
-4.4466
-4.42074
-4.39515
-4.36981
-4.34475
-4.31995
-4.29544
-4.2712
-4.24725
-4.22357
-4.20018
-4.17707
-4.15424
-4.13168
-4.10939
-4.08738
-4.06563
-4.04414
-4.02291
-4.00194
-3.98122
-3.96074
-3.9405
-3.9205
-3.90073
-3.88119
-3.86187
-3.84277
-3.82388
-3.80521
-3.78674
-3.76847
-3.7504
-3.73252
-3.71483
-3.69733
-3.68001
-3.66287
-3.64591
-3.62912
-3.61249
-3.59604
-3.57975
-3.56361
-3.54764
-3.53182
-3.51615
-3.50063
-3.48525
-3.47003
-3.45494
-3.43999
-3.42518
-3.41051
-3.39597
-3.38156
-3.36729
-3.35313
-3.33911
-3.32521
-3.31143
-3.29777
-3.28423
-3.27081
-3.25751
-3.24432
-3.23124
-3.21827
-3.20541
-3.19267
-3.18002
-3.16749
-3.15506
-3.14273
-3.13051
-3.11838
-3.10636
-3.09444
-3.08261
-3.07088
-3.05925
-3.04771
-3.03626
-3.02491
-3.01365
-3.00248
-2.99141
-2.98042
-2.96952
-2.95871
-2.94798
-2.93734
-2.92679
-2.91633
-2.90594
-2.89565
-2.88543
-2.8753
-2.86526
-2.85529
-2.84541
-2.83561
-2.82588
-2.81624
-2.80669
-2.79721
-2.78781
-2.77849
-2.76924
-2.76008
-2.751
-2.74199
-2.73306
-2.72421
-2.71544
-2.70674
-2.69812
-2.68951
-2.681
-4.65318
-4.60879
-4.58005
-4.55539
-4.52974
-4.50356
-4.47765
-4.4521
-4.42685
-4.40185
-4.37711
-4.35263
-4.32842
-4.30447
-4.28078
-4.25736
-4.23419
-4.21129
-4.18864
-4.16624
-4.1441
-4.1222
-4.10056
-4.07915
-4.05799
-4.03706
-4.01637
-3.99591
-3.97567
-3.95566
-3.93587
-3.91629
-3.89693
-3.87777
-3.85882
-3.84008
-3.82153
-3.80317
-3.78501
-3.76703
-3.74924
-3.73163
-3.7142
-3.69695
-3.67987
-3.66295
-3.6462
-3.62962
-3.6132
-3.59693
-3.58082
-3.56487
-3.54906
-3.53341
-3.5179
-3.50253
-3.4873
-3.47222
-3.45727
-3.44245
-3.42777
-3.41322
-3.39881
-3.38451
-3.37035
-3.35631
-3.34239
-3.32859
-3.31491
-3.30135
-3.2879
-3.27457
-3.26136
-3.24825
-3.23526
-3.22237
-3.20959
-3.19692
-3.18436
-3.1719
-3.15954
-3.14728
-3.13513
-3.12307
-3.11112
-3.09926
-3.0875
-3.07583
-3.06426
-3.05278
-3.0414
-3.0301
-3.0189
-3.00779
-2.99677
-2.98584
-2.975
-2.96424
-2.95357
-2.94299
-2.93249
-2.92208
-2.91175
-2.90151
-2.89135
-2.88127
-2.87128
-2.86136
-2.85153
-2.84178
-2.83211
-2.82253
-2.81302
-2.80359
-2.79424
-2.78497
-2.77578
-2.76667
-2.75763
-2.74868
-2.7398
-2.731
-2.72227
-2.71356
-2.70497
-4.691
-4.64659
-4.61829
-4.59421
-4.56911
-4.54344
-4.518
-4.4929
-4.46807
-4.44347
-4.4191
-4.39497
-4.37107
-4.34742
-4.324
-4.30082
-4.27787
-4.25516
-4.23268
-4.21043
-4.18842
-4.16663
-4.14507
-4.12373
-4.10262
-4.08172
-4.06104
-4.04058
-4.02033
-4.00029
-3.98046
-3.96083
-3.9414
-3.92217
-3.90313
-3.88429
-3.86563
-3.84717
-3.82889
-3.81078
-3.79286
-3.77512
-3.75754
-3.74014
-3.7229
-3.70583
-3.68893
-3.67218
-3.65559
-3.63916
-3.62288
-3.60675
-3.59077
-3.57494
-3.55925
-3.5437
-3.5283
-3.51303
-3.4979
-3.4829
-3.46804
-3.45331
-3.43871
-3.42423
-3.40988
-3.39566
-3.38155
-3.36757
-3.35371
-3.33996
-3.32634
-3.31282
-3.29943
-3.28614
-3.27297
-3.2599
-3.24694
-3.23409
-3.22135
-3.20871
-3.19618
-3.18375
-3.17142
-3.15919
-3.14706
-3.13503
-3.1231
-3.11126
-3.09952
-3.08787
-3.07632
-3.06486
-3.05349
-3.04222
-3.03103
-3.01994
-3.00893
-2.99801
-2.98718
-2.97644
-2.96578
-2.95521
-2.94473
-2.93433
-2.92401
-2.91377
-2.90362
-2.89355
-2.88356
-2.87366
-2.86383
-2.85408
-2.84441
-2.83482
-2.82531
-2.81588
-2.80652
-2.79724
-2.78803
-2.7789
-2.76984
-2.76086
-2.75194
-2.74304
-2.73425
-4.72793
-4.68343
-4.65561
-4.63214
-4.60759
-4.58243
-4.55749
-4.53288
-4.50851
-4.48436
-4.46042
-4.43671
-4.41322
-4.38994
-4.36688
-4.34405
-4.32142
-4.29902
-4.27682
-4.25484
-4.23307
-4.21151
-4.19015
-4.169
-4.14806
-4.12731
-4.10677
-4.08642
-4.06627
-4.04632
-4.02655
-4.00698
-3.98759
-3.96838
-3.94936
-3.93052
-3.91186
-3.89337
-3.87506
-3.85692
-3.83895
-3.82114
-3.8035
-3.78603
-3.76871
-3.75155
-3.73455
-3.71771
-3.70101
-3.68447
-3.66807
-3.65182
-3.63572
-3.61976
-3.60394
-3.58826
-3.57271
-3.5573
-3.54203
-3.52689
-3.51187
-3.49699
-3.48223
-3.4676
-3.4531
-3.43871
-3.42445
-3.41031
-3.39629
-3.38238
-3.36859
-3.35491
-3.34135
-3.3279
-3.31456
-3.30133
-3.2882
-3.27519
-3.26228
-3.24947
-3.23677
-3.22417
-3.21168
-3.19928
-3.18699
-3.17479
-3.16269
-3.15069
-3.13878
-3.12697
-3.11525
-3.10363
-3.0921
-3.08066
-3.06931
-3.05805
-3.04688
-3.0358
-3.02481
-3.01391
-3.00309
-2.99236
-2.98171
-2.97115
-2.96068
-2.95029
-2.93998
-2.92975
-2.91961
-2.90954
-2.89956
-2.88966
-2.87984
-2.8701
-2.86044
-2.85086
-2.84135
-2.83193
-2.82258
-2.81331
-2.80411
-2.795
-2.78595
-2.77692
-2.76804
-4.77816
-4.73416
-4.70685
-4.68392
-4.65991
-4.63528
-4.61085
-4.58673
-4.56284
-4.53914
-4.51564
-4.49234
-4.46924
-4.44634
-4.42364
-4.40113
-4.37882
-4.3567
-4.33477
-4.31304
-4.2915
-4.27014
-4.24898
-4.228
-4.20721
-4.1866
-4.16617
-4.14592
-4.12585
-4.10596
-4.08625
-4.0667
-4.04734
-4.02814
-4.00911
-3.99025
-3.97156
-3.95303
-3.93466
-3.91645
-3.8984
-3.88051
-3.86278
-3.8452
-3.82777
-3.81049
-3.79336
-3.77638
-3.75955
-3.74285
-3.7263
-3.7099
-3.69363
-3.67749
-3.6615
-3.64564
-3.62991
-3.61431
-3.59885
-3.58351
-3.5683
-3.55322
-3.53826
-3.52342
-3.50871
-3.49411
-3.47964
-3.46528
-3.45104
-3.43692
-3.42291
-3.40901
-3.39522
-3.38155
-3.36798
-3.35453
-3.34118
-3.32794
-3.3148
-3.30177
-3.28884
-3.27601
-3.26329
-3.25066
-3.23814
-3.22571
-3.21338
-3.20115
-3.18901
-3.17697
-3.16502
-3.15317
-3.14141
-3.12974
-3.11816
-3.10667
-3.09527
-3.08396
-3.07274
-3.06161
-3.05056
-3.0396
-3.02872
-3.01793
-3.00723
-2.9966
-2.98606
-2.9756
-2.96522
-2.95493
-2.94471
-2.93458
-2.92452
-2.91454
-2.90464
-2.89482
-2.88507
-2.87541
-2.86581
-2.8563
-2.84685
-2.83749
-2.82819
-2.81889
-2.80976
-4.81751
-4.77435
-4.74757
-4.72498
-4.70131
-4.67704
-4.65295
-4.62917
-4.6056
-4.5822
-4.55899
-4.53597
-4.51314
-4.49049
-4.46803
-4.44575
-4.42365
-4.40174
-4.38
-4.35844
-4.33707
-4.31587
-4.29484
-4.27399
-4.25331
-4.23281
-4.21247
-4.19231
-4.17231
-4.15249
-4.13282
-4.11332
-4.09399
-4.07481
-4.0558
-4.03694
-4.01824
-3.9997
-3.98131
-3.96308
-3.94499
-3.92706
-3.90928
-3.89164
-3.87415
-3.8568
-3.8396
-3.82254
-3.80561
-3.78883
-3.77218
-3.75568
-3.7393
-3.72306
-3.70695
-3.69097
-3.67512
-3.6594
-3.64381
-3.62834
-3.61299
-3.59777
-3.58267
-3.56769
-3.55283
-3.53809
-3.52347
-3.50896
-3.49456
-3.48028
-3.46612
-3.45206
-3.43811
-3.42428
-3.41055
-3.39693
-3.38342
-3.37001
-3.3567
-3.3435
-3.3304
-3.31741
-3.30451
-3.29171
-3.27901
-3.26641
-3.25391
-3.2415
-3.22919
-3.21698
-3.20485
-3.19282
-3.18089
-3.16904
-3.15728
-3.14562
-3.13404
-3.12256
-3.11116
-3.09984
-3.08862
-3.07748
-3.06642
-3.05545
-3.04456
-3.03376
-3.02303
-3.01239
-3.00183
-2.99136
-2.98096
-2.97064
-2.96039
-2.95023
-2.94014
-2.93013
-2.9202
-2.91034
-2.90055
-2.89084
-2.8812
-2.87164
-2.86214
-2.85263
-2.84328
-4.83555
-4.79278
-4.76659
-4.74454
-4.72134
-4.69753
-4.67388
-4.65052
-4.62735
-4.60435
-4.58151
-4.55884
-4.53635
-4.51402
-4.49187
-4.46989
-4.44807
-4.42642
-4.40495
-4.38364
-4.36249
-4.34151
-4.3207
-4.30004
-4.27956
-4.25923
-4.23906
-4.21905
-4.19921
-4.17951
-4.15998
-4.1406
-4.12138
-4.1023
-4.08339
-4.06462
-4.046
-4.02753
-4.0092
-3.99102
-3.97299
-3.9551
-3.93736
-3.91975
-3.90229
-3.88496
-3.86777
-3.85072
-3.8338
-3.81702
-3.80037
-3.78385
-3.76746
-3.7512
-3.73507
-3.71906
-3.70318
-3.68743
-3.6718
-3.65629
-3.6409
-3.62563
-3.61048
-3.59545
-3.58054
-3.56574
-3.55106
-3.53649
-3.52203
-3.50768
-3.49345
-3.47932
-3.4653
-3.45139
-3.43759
-3.42389
-3.4103
-3.39681
-3.38342
-3.37014
-3.35695
-3.34387
-3.33089
-3.318
-3.30522
-3.29253
-3.27993
-3.26743
-3.25503
-3.24272
-3.2305
-3.21837
-3.20634
-3.1944
-3.18254
-3.17078
-3.1591
-3.14751
-3.13601
-3.1246
-3.11327
-3.10203
-3.09087
-3.0798
-3.0688
-3.05789
-3.04707
-3.03632
-3.02566
-3.01507
-3.00457
-2.99414
-2.9838
-2.97353
-2.96334
-2.95322
-2.94319
-2.93322
-2.92334
-2.91353
-2.90379
-2.89413
-2.88454
-2.87495
-2.86552
-4.85663
-4.81461
-4.78876
-4.76698
-4.74409
-4.72058
-4.69723
-4.67416
-4.65126
-4.62852
-4.60594
-4.58352
-4.56126
-4.53917
-4.51723
-4.49546
-4.47384
-4.45239
-4.43109
-4.40996
-4.38898
-4.36815
-4.34749
-4.32698
-4.30662
-4.28642
-4.26637
-4.24647
-4.22672
-4.20713
-4.18768
-4.16838
-4.14923
-4.13023
-4.11137
-4.09265
-4.07408
-4.05565
-4.03737
-4.01922
-4.00121
-3.98335
-3.96562
-3.94802
-3.93056
-3.91323
-3.89604
-3.87898
-3.86205
-3.84525
-3.82858
-3.81204
-3.79562
-3.77933
-3.76316
-3.74712
-3.7312
-3.7154
-3.69972
-3.68416
-3.66872
-3.6534
-3.63819
-3.6231
-3.60812
-3.59326
-3.57851
-3.56387
-3.54934
-3.53492
-3.52061
-3.50641
-3.49231
-3.47832
-3.46444
-3.45065
-3.43698
-3.4234
-3.40993
-3.39656
-3.38328
-3.37011
-3.35703
-3.34406
-3.33117
-3.31839
-3.3057
-3.2931
-3.2806
-3.26819
-3.25587
-3.24365
-3.23151
-3.21947
-3.20751
-3.19564
-3.18386
-3.17217
-3.16057
-3.14905
-3.13761
-3.12626
-3.11499
-3.10381
-3.09271
-3.08169
-3.07076
-3.0599
-3.04912
-3.03843
-3.02781
-3.01727
-3.00681
-2.99642
-2.98612
-2.97588
-2.96573
-2.95564
-2.94564
-2.9357
-2.92584
-2.91605
-2.90633
-2.8966
-2.88703
-4.87233
-4.83074
-4.80527
-4.78384
-4.76131
-4.73814
-4.71514
-4.69239
-4.66982
-4.6474
-4.62512
-4.603
-4.58103
-4.55921
-4.53755
-4.51603
-4.49467
-4.47346
-4.4524
-4.43148
-4.41072
-4.3901
-4.36963
-4.34931
-4.32914
-4.30911
-4.28922
-4.26948
-4.24988
-4.23043
-4.21111
-4.19194
-4.17291
-4.15402
-4.13527
-4.11665
-4.09817
-4.07983
-4.06162
-4.04355
-4.02561
-4.0078
-3.99013
-3.97258
-3.95517
-3.93788
-3.92072
-3.90369
-3.88679
-3.87001
-3.85335
-3.83682
-3.82041
-3.80413
-3.78796
-3.77191
-3.75599
-3.74018
-3.72448
-3.70891
-3.69345
-3.6781
-3.66286
-3.64774
-3.63273
-3.61784
-3.60305
-3.58837
-3.57379
-3.55933
-3.54497
-3.53072
-3.51657
-3.50253
-3.48859
-3.47475
-3.46101
-3.44737
-3.43384
-3.4204
-3.40706
-3.39382
-3.38068
-3.36763
-3.35467
-3.34182
-3.32905
-3.31638
-3.3038
-3.29131
-3.27892
-3.26661
-3.2544
-3.24227
-3.23023
-3.21828
-3.20641
-3.19464
-3.18294
-3.17134
-3.15982
-3.14838
-3.13702
-3.12575
-3.11456
-3.10345
-3.09242
-3.08147
-3.07061
-3.05982
-3.04911
-3.03847
-3.02792
-3.01744
-3.00704
-2.99671
-2.98646
-2.97629
-2.96619
-2.95616
-2.94621
-2.93633
-2.92651
-2.9167
-2.90705
-4.88751
-4.84659
-4.82152
-4.80043
-4.77824
-4.75542
-4.73275
-4.71032
-4.68805
-4.66592
-4.64392
-4.62207
-4.60037
-4.5788
-4.55738
-4.5361
-4.51496
-4.49396
-4.47311
-4.45239
-4.43182
-4.41138
-4.39109
-4.37093
-4.35091
-4.33104
-4.31129
-4.29169
-4.27222
-4.25289
-4.23369
-4.21463
-4.1957
-4.17691
-4.15824
-4.13971
-4.12131
-4.10304
-4.0849
-4.06689
-4.04901
-4.03126
-4.01363
-3.99613
-3.97875
-3.9615
-3.94437
-3.92736
-3.91048
-3.89372
-3.87708
-3.86055
-3.84415
-3.82786
-3.8117
-3.79564
-3.77971
-3.76389
-3.74818
-3.73258
-3.7171
-3.70173
-3.68647
-3.67132
-3.65627
-3.64134
-3.62652
-3.6118
-3.59718
-3.58267
-3.56827
-3.55397
-3.53977
-3.52568
-3.51168
-3.49779
-3.48399
-3.4703
-3.4567
-3.4432
-3.4298
-3.41649
-3.40328
-3.39017
-3.37714
-3.36422
-3.35138
-3.33864
-3.32598
-3.31342
-3.30095
-3.28856
-3.27627
-3.26406
-3.25194
-3.23991
-3.22797
-3.21611
-3.20433
-3.19264
-3.18103
-3.16951
-3.15806
-3.1467
-3.13542
-3.12423
-3.11311
-3.10207
-3.09111
-3.08023
-3.06943
-3.0587
-3.04805
-3.03748
-3.02698
-3.01656
-3.00621
-2.99594
-2.98574
-2.97561
-2.96556
-2.95558
-2.94566
-2.93574
-2.92598
-4.89997
-4.85958
-4.83487
-4.81409
-4.79222
-4.76972
-4.74735
-4.72522
-4.70325
-4.6814
-4.65969
-4.63811
-4.61666
-4.59535
-4.57418
-4.55314
-4.53223
-4.51146
-4.49082
-4.47032
-4.44995
-4.42971
-4.4096
-4.38963
-4.36978
-4.35007
-4.33049
-4.31104
-4.29172
-4.27253
-4.25347
-4.23454
-4.21573
-4.19705
-4.1785
-4.16008
-4.14178
-4.1236
-4.10555
-4.08762
-4.06982
-4.05214
-4.03458
-4.01714
-3.99982
-3.98262
-3.96554
-3.94858
-3.93174
-3.91502
-3.89841
-3.88191
-3.86553
-3.84927
-3.83312
-3.81708
-3.80115
-3.78534
-3.76963
-3.75404
-3.73855
-3.72318
-3.70791
-3.69275
-3.67769
-3.66274
-3.6479
-3.63315
-3.61852
-3.60398
-3.58955
-3.57522
-3.56099
-3.54685
-3.53282
-3.51889
-3.50505
-3.49132
-3.47767
-3.46413
-3.45068
-3.43732
-3.42406
-3.41089
-3.39781
-3.38483
-3.37193
-3.35913
-3.34642
-3.33379
-3.32126
-3.30881
-3.29645
-3.28418
-3.27199
-3.25989
-3.24787
-3.23594
-3.2241
-3.21233
-3.20065
-3.18905
-3.17753
-3.1661
-3.15474
-3.14346
-3.13227
-3.12115
-3.11011
-3.09915
-3.08827
-3.07746
-3.06673
-3.05607
-3.04549
-3.03499
-3.02455
-3.0142
-3.00391
-2.9937
-2.98356
-2.97349
-2.96349
-2.95348
-2.94364
-4.91103
-4.87122
-4.84685
-4.82639
-4.80483
-4.78265
-4.76059
-4.73875
-4.71707
-4.6955
-4.67405
-4.65273
-4.63154
-4.61048
-4.58954
-4.56873
-4.54804
-4.52749
-4.50705
-4.48675
-4.46657
-4.44652
-4.42659
-4.40679
-4.38711
-4.36756
-4.34813
-4.32882
-4.30964
-4.29059
-4.27165
-4.25284
-4.23415
-4.21559
-4.19714
-4.17881
-4.16061
-4.14253
-4.12456
-4.10671
-4.08898
-4.07137
-4.05388
-4.0365
-4.01924
-4.0021
-3.98507
-3.96815
-3.95135
-3.93466
-3.91809
-3.90163
-3.88527
-3.86903
-3.8529
-3.83688
-3.82096
-3.80516
-3.78946
-3.77387
-3.75839
-3.74301
-3.72774
-3.71257
-3.6975
-3.68254
-3.66768
-3.65292
-3.63826
-3.62371
-3.60925
-3.59489
-3.58063
-3.56647
-3.55241
-3.53844
-3.52457
-3.51079
-3.49711
-3.48352
-3.47003
-3.45663
-3.44332
-3.43011
-3.41698
-3.40394
-3.391
-3.37814
-3.36538
-3.3527
-3.3401
-3.3276
-3.31518
-3.30285
-3.2906
-3.27844
-3.26636
-3.25436
-3.24245
-3.23062
-3.21887
-3.2072
-3.19562
-3.18411
-3.17269
-3.16134
-3.15007
-3.13888
-3.12777
-3.11673
-3.10577
-3.09489
-3.08409
-3.07336
-3.0627
-3.05212
-3.04161
-3.03117
-3.02081
-3.01052
-3.00031
-2.99016
-2.98008
-2.97
-2.96008
-4.9205
-4.88122
-4.8572
-4.83703
-4.81578
-4.7939
-4.77213
-4.75058
-4.72918
-4.70788
-4.68669
-4.66563
-4.64468
-4.62386
-4.60315
-4.58257
-4.5621
-4.54176
-4.52153
-4.50143
-4.48144
-4.46157
-4.44182
-4.42219
-4.40268
-4.38329
-4.36402
-4.34487
-4.32583
-4.30691
-4.28811
-4.26943
-4.25086
-4.23241
-4.21408
-4.19586
-4.17776
-4.15977
-4.1419
-4.12414
-4.1065
-4.08897
-4.07155
-4.05424
-4.03705
-4.01997
-4.00299
-3.98613
-3.96938
-3.95274
-3.93621
-3.91979
-3.90347
-3.88726
-3.87116
-3.85516
-3.83927
-3.82349
-3.80781
-3.79223
-3.77676
-3.76139
-3.74612
-3.73095
-3.71589
-3.70092
-3.68606
-3.67129
-3.65662
-3.64206
-3.62758
-3.61321
-3.59893
-3.58475
-3.57066
-3.55667
-3.54277
-3.52897
-3.51526
-3.50164
-3.48811
-3.47468
-3.46133
-3.44808
-3.43491
-3.42183
-3.40884
-3.39594
-3.38313
-3.3704
-3.35776
-3.34521
-3.33274
-3.32035
-3.30805
-3.29583
-3.28369
-3.27164
-3.25967
-3.24778
-3.23597
-3.22424
-3.21259
-3.20102
-3.18953
-3.17812
-3.16678
-3.15552
-3.14434
-3.13324
-3.12221
-3.11125
-3.10037
-3.08957
-3.07884
-3.06818
-3.05759
-3.04708
-3.03664
-3.02627
-3.01597
-3.00575
-2.99558
-2.98541
-2.9754
-4.9283
-4.88947
-4.86575
-4.84585
-4.82488
-4.80327
-4.78177
-4.76048
-4.73933
-4.71828
-4.69734
-4.67651
-4.6558
-4.6352
-4.61471
-4.59434
-4.57408
-4.55394
-4.53391
-4.51399
-4.49419
-4.4745
-4.45492
-4.43546
-4.41611
-4.39688
-4.37776
-4.35875
-4.33985
-4.32107
-4.3024
-4.28384
-4.2654
-4.24706
-4.22884
-4.21073
-4.19273
-4.17484
-4.15706
-4.13939
-4.12183
-4.10438
-4.08703
-4.0698
-4.05267
-4.03566
-4.01875
-4.00194
-3.98525
-3.96865
-3.95217
-3.93579
-3.91951
-3.90334
-3.88727
-3.87131
-3.85544
-3.83968
-3.82403
-3.80847
-3.79301
-3.77766
-3.7624
-3.74724
-3.73218
-3.71722
-3.70236
-3.68759
-3.67292
-3.65835
-3.64387
-3.62949
-3.6152
-3.601
-3.5869
-3.57289
-3.55898
-3.54515
-3.53142
-3.51777
-3.50422
-3.49076
-3.47738
-3.4641
-3.4509
-3.43779
-3.42477
-3.41183
-3.39898
-3.38621
-3.37353
-3.36093
-3.34842
-3.33599
-3.32364
-3.31138
-3.2992
-3.2871
-3.27508
-3.26314
-3.25127
-3.23949
-3.22779
-3.21617
-3.20462
-3.19316
-3.18176
-3.17045
-3.15921
-3.14805
-3.13696
-3.12595
-3.11502
-3.10415
-3.09336
-3.08265
-3.07201
-3.06144
-3.05094
-3.04051
-3.03016
-3.01988
-3.00966
-2.99944
-2.98938
-4.93563
-4.89734
-4.87393
-4.8543
-4.8336
-4.81227
-4.79103
-4.77
-4.7491
-4.72829
-4.70759
-4.68699
-4.6665
-4.64611
-4.62584
-4.60567
-4.58561
-4.56566
-4.54581
-4.52608
-4.50645
-4.48693
-4.46752
-4.44822
-4.42902
-4.40994
-4.39096
-4.37209
-4.35333
-4.33468
-4.31614
-4.2977
-4.27937
-4.26115
-4.24303
-4.22502
-4.20712
-4.18933
-4.17164
-4.15406
-4.13658
-4.11921
-4.10194
-4.08478
-4.06772
-4.05077
-4.03392
-4.01717
-4.00053
-3.98399
-3.96755
-3.95122
-3.93498
-3.91885
-3.90282
-3.88688
-3.87105
-3.85532
-3.83968
-3.82415
-3.80871
-3.79337
-3.77813
-3.76298
-3.74793
-3.73298
-3.71812
-3.70336
-3.68869
-3.67411
-3.65963
-3.64524
-3.63094
-3.61673
-3.60262
-3.5886
-3.57466
-3.56082
-3.54707
-3.5334
-3.51983
-3.50634
-3.49294
-3.47962
-3.4664
-3.45326
-3.4402
-3.42723
-3.41434
-3.40154
-3.38882
-3.37618
-3.36363
-3.35116
-3.33876
-3.32646
-3.31423
-3.30208
-3.29001
-3.27802
-3.2661
-3.25427
-3.24251
-3.23083
-3.21923
-3.20771
-3.19626
-3.18488
-3.17358
-3.16235
-3.1512
-3.14012
-3.12912
-3.11819
-3.10733
-3.09654
-3.08582
-3.07517
-3.06459
-3.05409
-3.04365
-3.03328
-3.02298
-3.01266
-3.0025
-4.94039
-4.90239
-4.87925
-4.8599
-4.83946
-4.81838
-4.7974
-4.77661
-4.75594
-4.73537
-4.71489
-4.69451
-4.67423
-4.65406
-4.63399
-4.61402
-4.59415
-4.57439
-4.55473
-4.53517
-4.51572
-4.49637
-4.47712
-4.45797
-4.43893
-4.42
-4.40116
-4.38244
-4.36381
-4.34529
-4.32687
-4.30855
-4.29034
-4.27223
-4.25423
-4.23633
-4.21853
-4.20083
-4.18323
-4.16574
-4.14835
-4.13106
-4.11388
-4.09679
-4.07981
-4.06292
-4.04614
-4.02946
-4.01287
-3.99639
-3.98001
-3.96372
-3.94754
-3.93145
-3.91546
-3.89956
-3.88377
-3.86807
-3.85247
-3.83696
-3.82155
-3.80624
-3.79102
-3.77589
-3.76086
-3.74592
-3.73108
-3.71632
-3.70166
-3.68709
-3.67262
-3.65823
-3.64394
-3.62973
-3.61561
-3.60159
-3.58765
-3.5738
-3.56004
-3.54636
-3.53277
-3.51927
-3.50586
-3.49253
-3.47928
-3.46612
-3.45304
-3.44005
-3.42714
-3.41431
-3.40156
-3.3889
-3.37632
-3.36382
-3.35139
-3.33905
-3.32679
-3.31461
-3.3025
-3.29047
-3.27852
-3.26665
-3.25486
-3.24314
-3.2315
-3.21993
-3.20844
-3.19702
-3.18568
-3.17441
-3.16321
-3.15209
-3.14105
-3.13007
-3.11917
-3.10834
-3.09758
-3.0869
-3.07628
-3.06574
-3.05527
-3.04488
-3.03455
-3.02421
-3.01403
-4.94723
-4.9097
-4.88674
-4.86755
-4.84731
-4.82642
-4.80563
-4.78503
-4.76456
-4.74417
-4.72387
-4.70368
-4.68358
-4.66358
-4.64368
-4.62388
-4.60418
-4.58458
-4.56507
-4.54567
-4.52636
-4.50716
-4.48805
-4.46905
-4.45014
-4.43133
-4.41262
-4.39402
-4.37551
-4.3571
-4.33879
-4.32058
-4.30247
-4.28446
-4.26655
-4.24874
-4.23103
-4.21342
-4.19591
-4.17849
-4.16118
-4.14396
-4.12684
-4.10982
-4.0929
-4.07607
-4.05935
-4.04272
-4.02618
-4.00975
-3.99341
-3.97717
-3.96102
-3.94497
-3.92901
-3.91315
-3.89738
-3.88171
-3.86613
-3.85065
-3.83526
-3.81996
-3.80476
-3.78964
-3.77462
-3.75969
-3.74485
-3.7301
-3.71545
-3.70088
-3.6864
-3.67201
-3.65771
-3.6435
-3.62937
-3.61534
-3.60139
-3.58752
-3.57374
-3.56005
-3.54644
-3.53292
-3.51949
-3.50613
-3.49286
-3.47967
-3.46657
-3.45355
-3.44061
-3.42775
-3.41497
-3.40227
-3.38965
-3.37711
-3.36465
-3.35227
-3.33996
-3.32774
-3.31559
-3.30352
-3.29152
-3.2796
-3.26775
-3.25598
-3.24429
-3.23267
-3.22112
-3.20964
-3.19824
-3.18691
-3.17565
-3.16446
-3.15335
-3.1423
-3.13133
-3.12042
-3.10958
-3.09881
-3.08811
-3.07748
-3.06691
-3.05642
-3.04598
-3.03553
-3.02521
-4.94918
-4.91186
-4.88912
-4.87021
-4.85023
-4.82959
-4.80902
-4.78865
-4.76839
-4.74822
-4.72813
-4.70814
-4.68824
-4.66843
-4.64872
-4.6291
-4.60957
-4.59014
-4.5708
-4.55156
-4.53241
-4.51335
-4.49439
-4.47553
-4.45676
-4.43809
-4.41951
-4.40103
-4.38265
-4.36436
-4.34617
-4.32807
-4.31007
-4.29216
-4.27436
-4.25664
-4.23903
-4.22151
-4.20408
-4.18675
-4.16952
-4.15238
-4.13534
-4.1184
-4.10155
-4.08479
-4.06813
-4.05156
-4.03509
-4.01871
-4.00243
-3.98624
-3.97014
-3.95414
-3.93823
-3.92241
-3.90669
-3.89105
-3.87551
-3.86006
-3.84471
-3.82944
-3.81426
-3.79918
-3.78418
-3.76927
-3.75446
-3.73973
-3.72509
-3.71054
-3.69607
-3.6817
-3.66741
-3.6532
-3.63909
-3.62506
-3.61111
-3.59725
-3.58348
-3.56978
-3.55618
-3.54265
-3.52921
-3.51585
-3.50257
-3.48938
-3.47627
-3.46323
-3.45028
-3.43741
-3.42461
-3.4119
-3.39926
-3.38671
-3.37423
-3.36183
-3.3495
-3.33725
-3.32508
-3.31298
-3.30096
-3.28901
-3.27714
-3.26534
-3.25362
-3.24197
-3.23039
-3.21888
-3.20745
-3.19608
-3.18479
-3.17357
-3.16242
-3.15134
-3.14033
-3.12939
-3.11853
-3.10773
-3.097
-3.08634
-3.07575
-3.06523
-3.05477
-3.04432
-3.03399
-4.95381
-4.9168
-4.89424
-4.87563
-4.85597
-4.8356
-4.81529
-4.79517
-4.77517
-4.75524
-4.7354
-4.71564
-4.69597
-4.67639
-4.65689
-4.63749
-4.61817
-4.59894
-4.5798
-4.56076
-4.5418
-4.52293
-4.50415
-4.48546
-4.46686
-4.44835
-4.42994
-4.41162
-4.39338
-4.37524
-4.35719
-4.33924
-4.32137
-4.3036
-4.28591
-4.26832
-4.25083
-4.23342
-4.21611
-4.19889
-4.18176
-4.16472
-4.14777
-4.13092
-4.11416
-4.09749
-4.08091
-4.06442
-4.04802
-4.03172
-4.0155
-3.99938
-3.98334
-3.9674
-3.95154
-3.93578
-3.92011
-3.90452
-3.88902
-3.87362
-3.8583
-3.84307
-3.82792
-3.81287
-3.7979
-3.78302
-3.76823
-3.75352
-3.7389
-3.72436
-3.70991
-3.69555
-3.68127
-3.66707
-3.65296
-3.63894
-3.62499
-3.61113
-3.59735
-3.58365
-3.57004
-3.55651
-3.54305
-3.52968
-3.51639
-3.50318
-3.49005
-3.47699
-3.46402
-3.45112
-3.4383
-3.42556
-3.4129
-3.40031
-3.3878
-3.37536
-3.363
-3.35071
-3.3385
-3.32636
-3.31429
-3.3023
-3.29038
-3.27853
-3.26675
-3.25504
-3.24341
-3.23184
-3.22034
-3.20891
-3.19755
-3.18626
-3.17504
-3.16388
-3.15279
-3.14177
-3.13081
-3.11992
-3.1091
-3.09834
-3.08765
-3.07702
-3.06646
-3.0559
-3.04543
-4.96122
-4.9242
-4.90175
-4.88344
-4.86406
-4.84391
-4.82379
-4.80387
-4.78407
-4.76433
-4.74467
-4.72509
-4.70559
-4.68617
-4.66684
-4.64758
-4.62841
-4.60933
-4.59033
-4.57142
-4.55259
-4.53384
-4.51518
-4.49661
-4.47813
-4.45973
-4.44142
-4.4232
-4.40507
-4.38702
-4.36907
-4.3512
-4.33342
-4.31573
-4.29812
-4.28061
-4.26319
-4.24585
-4.2286
-4.21145
-4.19438
-4.1774
-4.16051
-4.14371
-4.127
-4.11037
-4.09384
-4.07739
-4.06104
-4.04477
-4.02859
-4.0125
-3.99649
-3.98058
-3.96475
-3.94901
-3.93335
-3.91779
-3.90231
-3.88692
-3.87161
-3.85639
-3.84126
-3.82621
-3.81125
-3.79637
-3.78158
-3.76687
-3.75225
-3.73771
-3.72325
-3.70888
-3.69459
-3.68038
-3.66626
-3.65222
-3.63826
-3.62438
-3.61058
-3.59687
-3.58323
-3.56967
-3.5562
-3.5428
-3.52948
-3.51624
-3.50308
-3.49
-3.47699
-3.46406
-3.45121
-3.43843
-3.42573
-3.4131
-3.40055
-3.38807
-3.37566
-3.36333
-3.35107
-3.33889
-3.32677
-3.31473
-3.30276
-3.29086
-3.27902
-3.26726
-3.25556
-3.24394
-3.23237
-3.22088
-3.20945
-3.19809
-3.18679
-3.17555
-3.16438
-3.15327
-3.14222
-3.13123
-3.1203
-3.10943
-3.09861
-3.08786
-3.07716
-3.06646
-3.05578
-4.9634
-4.92585
-4.90357
-4.88572
-4.86671
-4.8468
-4.8269
-4.8072
-4.78761
-4.76807
-4.7486
-4.7292
-4.70987
-4.69062
-4.67144
-4.65234
-4.63331
-4.61437
-4.5955
-4.57671
-4.55801
-4.53938
-4.52084
-4.50238
-4.484
-4.4657
-4.44749
-4.42936
-4.41132
-4.39336
-4.37548
-4.35769
-4.33999
-4.32237
-4.30484
-4.28739
-4.27003
-4.25276
-4.23557
-4.21847
-4.20146
-4.18454
-4.1677
-4.15094
-4.13428
-4.1177
-4.10121
-4.0848
-4.06848
-4.05225
-4.0361
-4.02004
-4.00407
-3.98818
-3.97238
-3.95667
-3.94104
-3.92549
-3.91003
-3.89466
-3.87937
-3.86417
-3.84905
-3.83402
-3.81906
-3.8042
-3.78942
-3.77472
-3.7601
-3.74557
-3.73111
-3.71675
-3.70246
-3.68825
-3.67413
-3.66009
-3.64613
-3.63224
-3.61844
-3.60472
-3.59108
-3.57752
-3.56403
-3.55062
-3.5373
-3.52405
-3.51087
-3.49778
-3.48476
-3.47181
-3.45894
-3.44615
-3.43343
-3.42079
-3.40822
-3.39572
-3.3833
-3.37095
-3.35867
-3.34646
-3.33432
-3.32226
-3.31026
-3.29834
-3.28648
-3.27469
-3.26297
-3.25131
-3.23972
-3.2282
-3.21674
-3.20534
-3.194
-3.18272
-3.1715
-3.16034
-3.14923
-3.13818
-3.12717
-3.11622
-3.1053
-3.09443
-3.0836
-3.07275
-3.06185
-4.96631
-4.92855
-4.90646
-4.88895
-4.87016
-4.85036
-4.83053
-4.81088
-4.79133
-4.77183
-4.75238
-4.733
-4.71369
-4.69445
-4.67529
-4.6562
-4.6372
-4.61827
-4.59941
-4.58064
-4.56195
-4.54335
-4.52482
-4.50638
-4.48802
-4.46975
-4.45155
-4.43345
-4.41542
-4.39749
-4.37963
-4.36187
-4.34418
-4.32659
-4.30907
-4.29165
-4.27431
-4.25705
-4.23989
-4.2228
-4.20581
-4.1889
-4.17207
-4.15534
-4.13869
-4.12212
-4.10564
-4.08925
-4.07294
-4.05672
-4.04059
-4.02454
-4.00857
-3.9927
-3.9769
-3.9612
-3.94557
-3.93004
-3.91458
-3.89922
-3.88393
-3.86873
-3.85362
-3.83859
-3.82364
-3.80877
-3.79399
-3.77929
-3.76468
-3.75014
-3.73569
-3.72132
-3.70703
-3.69283
-3.6787
-3.66465
-3.65069
-3.6368
-3.623
-3.60927
-3.59562
-3.58205
-3.56856
-3.55515
-3.54181
-3.52856
-3.51538
-3.50227
-3.48924
-3.47629
-3.46341
-3.45061
-3.43789
-3.42523
-3.41265
-3.40015
-3.38772
-3.37536
-3.36307
-3.35085
-3.33871
-3.32664
-3.31464
-3.3027
-3.29084
-3.27905
-3.26732
-3.25566
-3.24407
-3.23255
-3.22109
-3.20969
-3.19836
-3.18709
-3.17588
-3.16473
-3.15363
-3.14259
-3.1316
-3.12065
-3.10975
-3.09887
-3.08803
-3.07716
-3.06619
-4.96771
-4.93052
-4.90848
-4.89093
-4.87217
-4.85242
-4.83263
-4.81304
-4.79354
-4.77409
-4.75469
-4.73536
-4.7161
-4.69691
-4.67779
-4.65875
-4.63978
-4.62089
-4.60208
-4.58335
-4.5647
-4.54612
-4.52763
-4.50922
-4.49089
-4.47265
-4.45449
-4.4364
-4.41841
-4.40049
-4.38266
-4.36492
-4.34726
-4.32968
-4.31219
-4.29478
-4.27746
-4.26022
-4.24307
-4.226
-4.20902
-4.19213
-4.17532
-4.15859
-4.14195
-4.1254
-4.10893
-4.09255
-4.07625
-4.06004
-4.04391
-4.02787
-4.01191
-3.99604
-3.98026
-3.96455
-3.94894
-3.93341
-3.91796
-3.90259
-3.88731
-3.87212
-3.857
-3.84197
-3.82703
-3.81217
-3.79738
-3.78269
-3.76807
-3.75354
-3.73908
-3.72471
-3.71042
-3.69621
-3.68209
-3.66804
-3.65407
-3.64018
-3.62637
-3.61264
-3.59899
-3.58542
-3.57192
-3.55851
-3.54517
-3.53191
-3.51872
-3.50561
-3.49258
-3.47962
-3.46674
-3.45393
-3.4412
-3.42854
-3.41595
-3.40344
-3.39101
-3.37864
-3.36635
-3.35413
-3.34198
-3.3299
-3.3179
-3.30596
-3.2941
-3.28231
-3.27059
-3.25893
-3.24735
-3.23584
-3.22439
-3.21302
-3.20171
-3.19048
-3.17931
-3.16821
-3.15718
-3.14621
-3.13531
-3.12448
-3.1137
-3.10298
-3.09231
-3.08166
-3.07091
-4.97309
-4.93826
-4.91555
-4.89688
-4.87745
-4.85729
-4.83719
-4.81732
-4.79762
-4.77801
-4.75848
-4.73905
-4.71971
-4.70046
-4.68129
-4.66221
-4.64321
-4.6243
-4.60546
-4.58671
-4.56804
-4.54946
-4.53095
-4.51253
-4.49419
-4.47594
-4.45777
-4.43968
-4.42167
-4.40375
-4.38591
-4.36816
-4.35049
-4.33291
-4.31541
-4.29799
-4.28066
-4.26342
-4.24626
-4.22918
-4.2122
-4.19529
-4.17847
-4.16174
-4.14509
-4.12853
-4.11205
-4.09566
-4.07936
-4.06314
-4.047
-4.03095
-4.01498
-3.9991
-3.98331
-3.9676
-3.95197
-3.93643
-3.92097
-3.9056
-3.89031
-3.8751
-3.85998
-3.84494
-3.82998
-3.81511
-3.80032
-3.78561
-3.77098
-3.75644
-3.74198
-3.72759
-3.71329
-3.69907
-3.68493
-3.67088
-3.6569
-3.643
-3.62918
-3.61544
-3.60177
-3.58819
-3.57468
-3.56126
-3.54791
-3.53463
-3.52143
-3.50831
-3.49527
-3.4823
-3.46941
-3.45659
-3.44384
-3.43117
-3.41858
-3.40606
-3.39361
-3.38123
-3.36893
-3.3567
-3.34454
-3.33245
-3.32044
-3.30849
-3.29662
-3.28482
-3.27309
-3.26143
-3.24984
-3.23832
-3.22687
-3.21549
-3.20419
-3.19296
-3.1818
-3.17072
-3.15971
-3.14879
-3.13794
-3.12719
-3.11654
-3.10598
-3.09555
-3.08524
-3.07501
-2.63918
-2.60406
-2.55925
-2.51562
-2.47555
-2.43784
-2.40192
-2.3677
-2.33512
-2.30405
-2.27439
-2.24605
-2.21893
-2.19295
-2.16805
-2.14415
-2.1212
-2.09912
-2.07789
-2.05744
-2.03773
-2.01871
-2.00036
-1.98264
-1.9655
-1.94893
-1.93289
-1.91735
-1.9023
-1.88769
-1.87352
-1.85977
-1.8464
-1.8334
-1.82076
-1.80845
-1.79647
-1.78479
-1.7734
-1.76228
-1.75143
-1.74083
-1.73046
-1.72032
-1.7104
-1.70069
-1.69116
-1.68183
-1.67267
-1.66368
-1.65485
-1.64617
-1.63763
-1.62924
-1.62098
-1.61284
-1.60482
-1.59692
-1.58914
-1.58146
-1.57388
-1.5664
-1.55902
-1.55174
-1.54455
-1.53745
-1.53044
-1.52352
-1.5167
-1.50998
-1.50335
-1.49681
-1.49037
-1.48402
-1.47771
-2.65903
-2.62337
-2.57797
-2.53352
-2.49269
-2.45434
-2.4178
-2.38297
-2.3498
-2.31817
-2.28798
-2.25911
-2.23149
-2.20503
-2.17966
-2.15532
-2.13193
-2.10944
-2.08781
-2.06697
-2.04688
-2.02751
-2.00881
-1.99074
-1.97328
-1.95638
-1.94003
-1.9242
-1.90884
-1.89396
-1.87951
-1.86548
-1.85185
-1.83859
-1.8257
-1.81315
-1.80092
-1.789
-1.77738
-1.76604
-1.75497
-1.74416
-1.73358
-1.72324
-1.71312
-1.70321
-1.6935
-1.68398
-1.67464
-1.66548
-1.65648
-1.64764
-1.63895
-1.6304
-1.62199
-1.61372
-1.60557
-1.59755
-1.58964
-1.58185
-1.57417
-1.5666
-1.55913
-1.55177
-1.5445
-1.53734
-1.53027
-1.52331
-1.51644
-1.50968
-1.50301
-1.49645
-1.48999
-1.48361
-1.47729
-2.68296
-2.6467
-2.60061
-2.55522
-2.5135
-2.47437
-2.43708
-2.40153
-2.36765
-2.33534
-2.30449
-2.275
-2.24677
-2.21973
-2.1938
-2.16891
-2.145
-2.12201
-2.09988
-2.07857
-2.05803
-2.03822
-2.01909
-2.00061
-1.98275
-1.96547
-1.94874
-1.93254
-1.91683
-1.90159
-1.88681
-1.87245
-1.85849
-1.84493
-1.83173
-1.81888
-1.80636
-1.79416
-1.78226
-1.77065
-1.75932
-1.74824
-1.73742
-1.72683
-1.71647
-1.70633
-1.69639
-1.68665
-1.6771
-1.66773
-1.65854
-1.6495
-1.64063
-1.63191
-1.62333
-1.61489
-1.60659
-1.59842
-1.59038
-1.58246
-1.57466
-1.56697
-1.5594
-1.55194
-1.54459
-1.53735
-1.53021
-1.52318
-1.51626
-1.50944
-1.50273
-1.49613
-1.48963
-1.48323
-1.47688
-2.71181
-2.67483
-2.62793
-2.58145
-2.53869
-2.49862
-2.46045
-2.42403
-2.38931
-2.35619
-2.32456
-2.29431
-2.26536
-2.23761
-2.21101
-2.18546
-2.16092
-2.13732
-2.11461
-2.09273
-2.07164
-2.05129
-2.03165
-2.01267
-1.99432
-1.97657
-1.95938
-1.94273
-1.92659
-1.91094
-1.89574
-1.88099
-1.86665
-1.8527
-1.83913
-1.82592
-1.81306
-1.80052
-1.78829
-1.77635
-1.7647
-1.75332
-1.7422
-1.73132
-1.72068
-1.71026
-1.70006
-1.69006
-1.68026
-1.67065
-1.66121
-1.65196
-1.64287
-1.63394
-1.62516
-1.61654
-1.60806
-1.59972
-1.59151
-1.58344
-1.5755
-1.56768
-1.55998
-1.55241
-1.54495
-1.53761
-1.53039
-1.52328
-1.51628
-1.5094
-1.50262
-1.49596
-1.48941
-1.48295
-1.47656
-2.74553
-2.70774
-2.6598
-2.61212
-2.56817
-2.52703
-2.48784
-2.45041
-2.41471
-2.38065
-2.34811
-2.31698
-2.28717
-2.25861
-2.23121
-2.2049
-2.17962
-2.1553
-2.13189
-2.10934
-2.0876
-2.06663
-2.04637
-2.02681
-2.00788
-1.98958
-1.97185
-1.95468
-1.93803
-1.92188
-1.9062
-1.89097
-1.87617
-1.86178
-1.84778
-1.83414
-1.82087
-1.80792
-1.7953
-1.78299
-1.77096
-1.75922
-1.74775
-1.73653
-1.72556
-1.71482
-1.7043
-1.694
-1.68391
-1.67402
-1.66431
-1.6548
-1.64546
-1.63629
-1.62728
-1.61844
-1.60975
-1.60121
-1.59281
-1.58456
-1.57645
-1.56848
-1.56064
-1.55292
-1.54534
-1.53788
-1.53055
-1.52334
-1.51625
-1.50929
-1.50244
-1.49571
-1.48909
-1.48258
-1.47615
-2.78664
-2.74793
-2.69876
-2.64969
-2.60439
-2.56196
-2.52152
-2.48288
-2.446
-2.41079
-2.37715
-2.34495
-2.31411
-2.28455
-2.25618
-2.22894
-2.20275
-2.17756
-2.15331
-2.12995
-2.10742
-2.08568
-2.06469
-2.0444
-2.02478
-2.0058
-1.98742
-1.96961
-1.95235
-1.9356
-1.91934
-1.90355
-1.8882
-1.87327
-1.85875
-1.84461
-1.83085
-1.81743
-1.80434
-1.79158
-1.77912
-1.76695
-1.75507
-1.74345
-1.73209
-1.72097
-1.7101
-1.69945
-1.68902
-1.6788
-1.66879
-1.65897
-1.64934
-1.6399
-1.63063
-1.62153
-1.6126
-1.60384
-1.59523
-1.58677
-1.57847
-1.57031
-1.5623
-1.55442
-1.54669
-1.53909
-1.53162
-1.52429
-1.51708
-1.51
-1.50305
-1.49622
-1.48952
-1.48291
-1.4764
-2.8197
-2.78051
-2.73013
-2.67998
-2.6337
-2.59027
-2.54884
-2.50923
-2.47141
-2.4353
-2.40077
-2.36772
-2.33606
-2.30569
-2.27655
-2.24855
-2.22164
-2.19575
-2.17082
-2.1468
-2.12363
-2.10127
-2.07968
-2.05881
-2.03863
-2.01911
-2.0002
-1.98188
-1.96411
-1.94688
-1.93015
-1.9139
-1.89811
-1.88276
-1.86782
-1.85328
-1.83911
-1.82531
-1.81186
-1.79873
-1.78593
-1.77342
-1.76121
-1.74928
-1.73761
-1.7262
-1.71504
-1.70411
-1.69342
-1.68294
-1.67268
-1.66263
-1.65277
-1.64311
-1.63363
-1.62434
-1.61522
-1.60627
-1.59749
-1.58887
-1.58042
-1.57211
-1.56396
-1.55595
-1.5481
-1.54038
-1.5328
-1.52536
-1.51806
-1.51089
-1.50385
-1.49694
-1.49015
-1.48347
-1.47687
-2.84187
-2.80227
-2.75113
-2.70026
-2.65332
-2.60924
-2.56715
-2.52691
-2.48848
-2.45177
-2.41665
-2.38304
-2.35082
-2.31992
-2.29026
-2.26177
-2.23437
-2.208
-2.18262
-2.15815
-2.13455
-2.11177
-2.08978
-2.06852
-2.04796
-2.02806
-2.00879
-1.99012
-1.97202
-1.95446
-1.93741
-1.92085
-1.90476
-1.88911
-1.87389
-1.85907
-1.84464
-1.83058
-1.81687
-1.8035
-1.79045
-1.77772
-1.76528
-1.75313
-1.74126
-1.72964
-1.71829
-1.70717
-1.6963
-1.68565
-1.67522
-1.665
-1.65499
-1.64518
-1.63556
-1.62613
-1.61688
-1.6078
-1.5989
-1.59017
-1.5816
-1.5732
-1.56495
-1.55685
-1.5489
-1.54111
-1.53345
-1.52594
-1.51857
-1.51133
-1.50423
-1.49727
-1.49043
-1.4837
-1.47707
-2.86303
-2.82304
-2.77128
-2.71976
-2.67219
-2.62749
-2.58479
-2.54395
-2.50494
-2.46766
-2.432
-2.39784
-2.3651
-2.33369
-2.30354
-2.27456
-2.2467
-2.21988
-2.19405
-2.16916
-2.14515
-2.12198
-2.09959
-2.07796
-2.05703
-2.03678
-2.01717
-1.99817
-1.97974
-1.96186
-1.94451
-1.92765
-1.91127
-1.89535
-1.87985
-1.86477
-1.85008
-1.83578
-1.82183
-1.80822
-1.79495
-1.782
-1.76935
-1.757
-1.74492
-1.73312
-1.72158
-1.71029
-1.69924
-1.68843
-1.67784
-1.66747
-1.65731
-1.64736
-1.6376
-1.62804
-1.61867
-1.60948
-1.60047
-1.59163
-1.58296
-1.57446
-1.56611
-1.55793
-1.5499
-1.54202
-1.5343
-1.52671
-1.51927
-1.51198
-1.50481
-1.49779
-1.4909
-1.48412
-1.47743
-2.8829
-2.84257
-2.79025
-2.73811
-2.68995
-2.64468
-2.60142
-2.56003
-2.52048
-2.48267
-2.44648
-2.41182
-2.37859
-2.3467
-2.31609
-2.28666
-2.25836
-2.23112
-2.20488
-2.17959
-2.15519
-2.13164
-2.10889
-2.08689
-2.06562
-2.04504
-2.0251
-2.00578
-1.98705
-1.96888
-1.95123
-1.9341
-1.91745
-1.90125
-1.8855
-1.87017
-1.85525
-1.8407
-1.82653
-1.8127
-1.79922
-1.78606
-1.77321
-1.76066
-1.7484
-1.73642
-1.72471
-1.71325
-1.70204
-1.69107
-1.68033
-1.66981
-1.65952
-1.64943
-1.63955
-1.62987
-1.62038
-1.61107
-1.60196
-1.59301
-1.58425
-1.57565
-1.56722
-1.55895
-1.55084
-1.54289
-1.53509
-1.52744
-1.51993
-1.51257
-1.50535
-1.49828
-1.49133
-1.48451
-1.47777
-2.90161
-2.86097
-2.80815
-2.75544
-2.70673
-2.66094
-2.61716
-2.57525
-2.53519
-2.49689
-2.46022
-2.42509
-2.3914
-2.35906
-2.32801
-2.29816
-2.26945
-2.24181
-2.21518
-2.18951
-2.16475
-2.14084
-2.11774
-2.09542
-2.07382
-2.05292
-2.03268
-2.01306
-1.99404
-1.97558
-1.95767
-1.94027
-1.92336
-1.90692
-1.89092
-1.87536
-1.8602
-1.84544
-1.83105
-1.81702
-1.80334
-1.78998
-1.77695
-1.76422
-1.75178
-1.73963
-1.72775
-1.71614
-1.70477
-1.69366
-1.68278
-1.67213
-1.6617
-1.65149
-1.64149
-1.63169
-1.62209
-1.61268
-1.60346
-1.59443
-1.58557
-1.57688
-1.56837
-1.56002
-1.55183
-1.54381
-1.53593
-1.52822
-1.52065
-1.51323
-1.50596
-1.49882
-1.49183
-1.48495
-1.47817
-2.9191
-2.8782
-2.82493
-2.7717
-2.72249
-2.67621
-2.63195
-2.58957
-2.54904
-2.51028
-2.47317
-2.4376
-2.40348
-2.37073
-2.33927
-2.30902
-2.27992
-2.25191
-2.22492
-2.19889
-2.17379
-2.14954
-2.12612
-2.10348
-2.08158
-2.06038
-2.03985
-2.01995
-2.00066
-1.98194
-1.96377
-1.94612
-1.92897
-1.91229
-1.89607
-1.88029
-1.86492
-1.84995
-1.83536
-1.82114
-1.80726
-1.79373
-1.78052
-1.76762
-1.75502
-1.74271
-1.73067
-1.71891
-1.7074
-1.69615
-1.68514
-1.67436
-1.66381
-1.65348
-1.64337
-1.63346
-1.62376
-1.61425
-1.60493
-1.5958
-1.58686
-1.57809
-1.56949
-1.56107
-1.55281
-1.54471
-1.53677
-1.52899
-1.52136
-1.51389
-1.50656
-1.49937
-1.49233
-1.48541
-1.47858
-2.9354
-2.8943
-2.84063
-2.78693
-2.73726
-2.69053
-2.64583
-2.60301
-2.56205
-2.52287
-2.48534
-2.44936
-2.41485
-2.38171
-2.34987
-2.31926
-2.2898
-2.26144
-2.2341
-2.20775
-2.18232
-2.15777
-2.13404
-2.11111
-2.08892
-2.06744
-2.04664
-2.02648
-2.00693
-1.98796
-1.96955
-1.95167
-1.93429
-1.9174
-1.90096
-1.88497
-1.8694
-1.85424
-1.83946
-1.82505
-1.81101
-1.7973
-1.78392
-1.77086
-1.75811
-1.74565
-1.73347
-1.72157
-1.70993
-1.69855
-1.68742
-1.67652
-1.66585
-1.65542
-1.64519
-1.63519
-1.62538
-1.61578
-1.60637
-1.59716
-1.58813
-1.57928
-1.5706
-1.5621
-1.55377
-1.54561
-1.53761
-1.52976
-1.52208
-1.51454
-1.50716
-1.49992
-1.49283
-1.48586
-1.47899
-2.95056
-2.9093
-2.85528
-2.80114
-2.75104
-2.70391
-2.65881
-2.61559
-2.57423
-2.53466
-2.49674
-2.46039
-2.42551
-2.39201
-2.35983
-2.32887
-2.29908
-2.27039
-2.24275
-2.21608
-2.19035
-2.16551
-2.1415
-2.11829
-2.09584
-2.0741
-2.05304
-2.03264
-2.01285
-1.99365
-1.97502
-1.95692
-1.93933
-1.92223
-1.9056
-1.88942
-1.87366
-1.85831
-1.84336
-1.82879
-1.81457
-1.80071
-1.78718
-1.77397
-1.76108
-1.74848
-1.73617
-1.72414
-1.71237
-1.70087
-1.68962
-1.67861
-1.66784
-1.6573
-1.64698
-1.63688
-1.62698
-1.61729
-1.6078
-1.5985
-1.58939
-1.58047
-1.57172
-1.56315
-1.55475
-1.54652
-1.53846
-1.53056
-1.52281
-1.51522
-1.50779
-1.5005
-1.49336
-1.48634
-1.47942
-2.96451
-2.92319
-2.86888
-2.81434
-2.76385
-2.71634
-2.67088
-2.62729
-2.58558
-2.54564
-2.50738
-2.47068
-2.43546
-2.40164
-2.36913
-2.33785
-2.30776
-2.27877
-2.25083
-2.22388
-2.19787
-2.17276
-2.14849
-2.12502
-2.10232
-2.08034
-2.05905
-2.03841
-2.01841
-1.99899
-1.98015
-1.96185
-1.94406
-1.92677
-1.90995
-1.89359
-1.87766
-1.86215
-1.84703
-1.8323
-1.81793
-1.80392
-1.79025
-1.7769
-1.76387
-1.75114
-1.73871
-1.72656
-1.71468
-1.70306
-1.6917
-1.68059
-1.66972
-1.65908
-1.64867
-1.63847
-1.62849
-1.61872
-1.60914
-1.59977
-1.59058
-1.58159
-1.57277
-1.56413
-1.55567
-1.54738
-1.53925
-1.53129
-1.52349
-1.51584
-1.50835
-1.50102
-1.49383
-1.48677
-1.47981
-2.97744
-2.9361
-2.88154
-2.82662
-2.77577
-2.72792
-2.68212
-2.63821
-2.59616
-2.5559
-2.51732
-2.4803
-2.44478
-2.41065
-2.37784
-2.34628
-2.3159
-2.28663
-2.25842
-2.23121
-2.20495
-2.17958
-2.15507
-2.13137
-2.10843
-2.08623
-2.06472
-2.04388
-2.02367
-2.00406
-1.98502
-1.96653
-1.94856
-1.9311
-1.91411
-1.89758
-1.88149
-1.86582
-1.85055
-1.83567
-1.82117
-1.80702
-1.79321
-1.77974
-1.76659
-1.75374
-1.74119
-1.72893
-1.71695
-1.70523
-1.69377
-1.68256
-1.6716
-1.66087
-1.65037
-1.6401
-1.63004
-1.62018
-1.61054
-1.60109
-1.59184
-1.58277
-1.57389
-1.56519
-1.55667
-1.54831
-1.54013
-1.53211
-1.52425
-1.51656
-1.50901
-1.50162
-1.49438
-1.48726
-1.48024
-2.9891
-2.94787
-2.89312
-2.83785
-2.78665
-2.73849
-2.6924
-2.64818
-2.60583
-2.56528
-2.5264
-2.48911
-2.45329
-2.41889
-2.38581
-2.35398
-2.32334
-2.29382
-2.26536
-2.23791
-2.21141
-2.18582
-2.16108
-2.13716
-2.11402
-2.09161
-2.0699
-2.04886
-2.02846
-2.00867
-1.98945
-1.97079
-1.95265
-1.93502
-1.91788
-1.9012
-1.88496
-1.86914
-1.85374
-1.83872
-1.82409
-1.80981
-1.79589
-1.78229
-1.76903
-1.75607
-1.74341
-1.73105
-1.71896
-1.70715
-1.6956
-1.6843
-1.67325
-1.66244
-1.65186
-1.64151
-1.63137
-1.62145
-1.61173
-1.60221
-1.59289
-1.58377
-1.57482
-1.56606
-1.55748
-1.54906
-1.54082
-1.53275
-1.52484
-1.51708
-1.50949
-1.50205
-1.49476
-1.4876
-1.48054
-3.00001
-2.959
-2.90414
-2.84852
-2.79698
-2.74854
-2.70218
-2.65769
-2.61506
-2.57423
-2.53509
-2.49752
-2.46145
-2.42679
-2.39346
-2.36139
-2.33051
-2.30075
-2.27206
-2.24439
-2.21767
-2.19186
-2.16692
-2.1428
-2.11946
-2.09686
-2.07496
-2.05374
-2.03317
-2.0132
-1.99382
-1.975
-1.95671
-1.93893
-1.92164
-1.90481
-1.88844
-1.87249
-1.85696
-1.84182
-1.82707
-1.81268
-1.79864
-1.78494
-1.77157
-1.75851
-1.74576
-1.7333
-1.72113
-1.70923
-1.69759
-1.68622
-1.67509
-1.6642
-1.65355
-1.64313
-1.63292
-1.62293
-1.61315
-1.60358
-1.5942
-1.58501
-1.57601
-1.56719
-1.55855
-1.55009
-1.54179
-1.53366
-1.52569
-1.51789
-1.51023
-1.50273
-1.49538
-1.48815
-1.48101
-3.00903
-2.96833
-2.9134
-2.85743
-2.80557
-2.75689
-2.71031
-2.66559
-2.62274
-2.58168
-2.54231
-2.50452
-2.46823
-2.43335
-2.39981
-2.36753
-2.33644
-2.30648
-2.2776
-2.24973
-2.22283
-2.19683
-2.17171
-2.14742
-2.1239
-2.10114
-2.07909
-2.05771
-2.03698
-2.01687
-1.99734
-1.97838
-1.95995
-1.94204
-1.92462
-1.90767
-1.89118
-1.87512
-1.85947
-1.84422
-1.82936
-1.81487
-1.80073
-1.78694
-1.77347
-1.76033
-1.74749
-1.73495
-1.72269
-1.71071
-1.699
-1.68755
-1.67636
-1.6654
-1.65468
-1.6442
-1.63393
-1.62388
-1.61405
-1.60441
-1.59498
-1.58574
-1.57668
-1.56781
-1.55912
-1.55061
-1.54226
-1.53408
-1.52606
-1.5182
-1.5105
-1.50295
-1.49555
-1.48828
-1.48108
-3.02044
-2.98025
-2.92533
-2.86889
-2.8166
-2.76763
-2.7208
-2.6758
-2.63266
-2.59132
-2.55168
-2.51361
-2.47705
-2.4419
-2.40809
-2.37554
-2.3442
-2.31399
-2.28485
-2.25674
-2.2296
-2.20338
-2.17803
-2.15352
-2.12979
-2.10682
-2.08456
-2.06299
-2.04207
-2.02177
-2.00206
-1.98293
-1.96433
-1.94626
-1.92868
-1.91158
-1.89493
-1.87872
-1.86294
-1.84756
-1.83256
-1.81795
-1.80369
-1.78977
-1.7762
-1.76294
-1.75
-1.73735
-1.725
-1.71293
-1.70113
-1.68959
-1.67831
-1.66728
-1.65648
-1.64592
-1.63558
-1.62546
-1.61555
-1.60586
-1.59636
-1.58705
-1.57794
-1.56901
-1.56026
-1.55168
-1.54328
-1.53503
-1.52695
-1.51902
-1.51125
-1.50362
-1.49613
-1.48876
-1.48146
-3.03099
-2.99209
-2.9369
-2.87985
-2.82717
-2.77794
-2.73084
-2.68557
-2.64215
-2.60053
-2.56061
-2.52227
-2.48544
-2.45003
-2.41596
-2.38316
-2.35157
-2.32111
-2.29174
-2.2634
-2.23604
-2.20959
-2.18403
-2.15931
-2.13538
-2.11222
-2.08977
-2.06801
-2.04691
-2.02644
-2.00657
-1.98727
-1.96852
-1.95029
-1.93257
-1.91532
-1.89854
-1.8822
-1.86629
-1.85078
-1.83567
-1.82094
-1.80657
-1.79255
-1.77887
-1.76552
-1.75248
-1.73974
-1.7273
-1.71515
-1.70326
-1.69165
-1.68029
-1.66919
-1.65832
-1.6477
-1.6373
-1.62712
-1.61715
-1.6074
-1.59785
-1.5885
-1.57933
-1.57036
-1.56156
-1.55294
-1.54449
-1.5362
-1.52807
-1.52009
-1.51225
-1.50456
-1.49699
-1.48954
-1.48212
-3.03715
-2.99897
-2.94351
-2.8862
-2.83338
-2.78401
-2.73677
-2.69135
-2.64777
-2.606
-2.56592
-2.52743
-2.49044
-2.45488
-2.42066
-2.38772
-2.35598
-2.32539
-2.29589
-2.26741
-2.23992
-2.21335
-2.18767
-2.16283
-2.13879
-2.11551
-2.09296
-2.0711
-2.0499
-2.02934
-2.00937
-1.98998
-1.97114
-1.95283
-1.93503
-1.91771
-1.90085
-1.88444
-1.86845
-1.85288
-1.83771
-1.82291
-1.80848
-1.79441
-1.78067
-1.76727
-1.75418
-1.74139
-1.72891
-1.71671
-1.70478
-1.69313
-1.68174
-1.67059
-1.6597
-1.64904
-1.63861
-1.6284
-1.61841
-1.60864
-1.59907
-1.5897
-1.58052
-1.57153
-1.56273
-1.5541
-1.54565
-1.53736
-1.52924
-1.52127
-1.51344
-1.50576
-1.4982
-1.49075
-1.48331
-3.04106
-3.00203
-2.94674
-2.88975
-2.83698
-2.78756
-2.74026
-2.69479
-2.65115
-2.60931
-2.56916
-2.53059
-2.49353
-2.45789
-2.42359
-2.39057
-2.35876
-2.3281
-2.29852
-2.26998
-2.24242
-2.21578
-2.19004
-2.16514
-2.14103
-2.1177
-2.09509
-2.07317
-2.05192
-2.0313
-2.01128
-1.99184
-1.97296
-1.9546
-1.93675
-1.91938
-1.90249
-1.88603
-1.87001
-1.8544
-1.83919
-1.82436
-1.8099
-1.79579
-1.78203
-1.76859
-1.75547
-1.74266
-1.73015
-1.71793
-1.70598
-1.6943
-1.68289
-1.67172
-1.66081
-1.65013
-1.63968
-1.62946
-1.61946
-1.60967
-1.60009
-1.59071
-1.58153
-1.57254
-1.56374
-1.55512
-1.54667
-1.5384
-1.5303
-1.52237
-1.51459
-1.50696
-1.49948
-1.49212
-1.48481
-3.04437
-3.00311
-2.9487
-2.89241
-2.8397
-2.7902
-2.74285
-2.69733
-2.65364
-2.61173
-2.57152
-2.53289
-2.49577
-2.46007
-2.42572
-2.39265
-2.36078
-2.33007
-2.30044
-2.27185
-2.24424
-2.21756
-2.19177
-2.16682
-2.14268
-2.1193
-2.09665
-2.0747
-2.0534
-2.03275
-2.0127
-1.99322
-1.97431
-1.95592
-1.93804
-1.92064
-1.90372
-1.88724
-1.87119
-1.85556
-1.84032
-1.82547
-1.81098
-1.79685
-1.78307
-1.76961
-1.75648
-1.74365
-1.73112
-1.71888
-1.70692
-1.69522
-1.68379
-1.67262
-1.66169
-1.651
-1.64054
-1.63031
-1.6203
-1.6105
-1.60092
-1.59153
-1.58235
-1.57335
-1.56455
-1.55594
-1.5475
-1.53925
-1.53117
-1.52327
-1.51554
-1.50798
-1.50059
-1.49336
-1.48623
-3.04663
-3.00352
-2.95
-2.89424
-2.84161
-2.79209
-2.74472
-2.69916
-2.65543
-2.61348
-2.57322
-2.53455
-2.49739
-2.46165
-2.42725
-2.39414
-2.36224
-2.33149
-2.30182
-2.2732
-2.24555
-2.21884
-2.19302
-2.16805
-2.14387
-2.12047
-2.09779
-2.07581
-2.0545
-2.03382
-2.01375
-1.99426
-1.97532
-1.95691
-1.93901
-1.9216
-1.90466
-1.88816
-1.8721
-1.85645
-1.8412
-1.82634
-1.81184
-1.7977
-1.7839
-1.77044
-1.75729
-1.74445
-1.73192
-1.71967
-1.7077
-1.696
-1.68456
-1.67338
-1.66244
-1.65175
-1.64128
-1.63105
-1.62103
-1.61123
-1.60164
-1.59225
-1.58306
-1.57407
-1.56526
-1.55665
-1.54821
-1.53996
-1.53189
-1.524
-1.51629
-1.50876
-1.50142
-1.49428
-1.48734
-1.46726
-1.45088
-1.42875
-1.40475
-1.37988
-1.35365
-1.32571
-1.29597
-1.26437
-1.23082
-1.1953
-1.1578
-1.11836
-1.07706
-1.03404
-0.989473
-0.943568
-0.896589
-0.848835
-0.800635
-0.752352
-0.704353
-0.657072
-0.610621
-0.566938
-0.528164
-0.498854
-0.475353
-0.453584
-0.432422
-0.412154
-0.392915
-0.374652
-0.357297
-0.340808
-0.325142
-0.310261
-0.296121
-0.282684
-0.269911
-0.257765
-0.246212
-0.235219
-0.224753
-0.214786
-0.205287
-0.196232
-0.187593
-0.179348
-0.171475
-0.163951
-0.156759
-0.149879
-0.143294
-0.136988
-0.130945
-0.125152
-0.119594
-0.114259
-0.109135
-0.104211
-0.0994765
-0.0949221
-0.0905377
-0.0863145
-0.0822439
-0.078318
-0.0745293
-0.0708713
-0.0673378
-0.0639244
-0.060628
-0.0574476
-0.0543966
-0.0514174
-0.0482194
-0.0446946
-0.0404801
-0.036567
-0.0331394
-0.0300629
-0.0272527
-0.024677
-0.0223118
-0.0201334
-0.0181206
-0.0162565
-0.0145267
-0.0129193
-0.0114241
-0.0100323
-0.00873675
-0.00753113
-0.00640988
-0.00536806
-0.00440104
-0.0035041
-0.0026732
-0.00190099
-0.00133326
-1.46682
-1.45034
-1.42809
-1.40397
-1.37901
-1.35272
-1.32478
-1.29509
-1.26358
-1.23019
-1.19488
-1.15764
-1.11851
-1.07757
-1.03492
-0.990746
-0.945244
-0.898663
-0.85129
-0.803446
-0.755478
-0.707747
-0.66067
-0.614354
-0.570713
-0.531877
-0.502502
-0.478934
-0.457113
-0.435896
-0.41556
-0.396247
-0.377902
-0.360462
-0.343882
-0.328122
-0.313144
-0.298906
-0.285369
-0.272496
-0.260251
-0.248599
-0.237509
-0.226948
-0.216887
-0.207297
-0.198153
-0.189428
-0.1811
-0.173146
-0.165545
-0.158278
-0.151326
-0.144672
-0.138301
-0.132195
-0.126341
-0.120726
-0.115336
-0.11016
-0.105187
-0.100405
-0.0958058
-0.0913789
-0.0871156
-0.0830071
-0.0790457
-0.0752238
-0.0715349
-0.0679732
-0.0645344
-0.0612157
-0.0580165
-0.0549496
-0.051961
-0.0487235
-0.0451284
-0.0408779
-0.0369281
-0.0334604
-0.0303462
-0.0275018
-0.0248948
-0.0225008
-0.0202961
-0.0182594
-0.0163737
-0.0146243
-0.0129993
-0.0114882
-0.0100825
-0.0087746
-0.00755806
-0.00642716
-0.0053767
-0.00440183
-0.00349761
-0.0026598
-0.00188369
-0.00129636
-1.46636
-1.44974
-1.42741
-1.40315
-1.37807
-1.35173
-1.32379
-1.29414
-1.26275
-1.22954
-1.19448
-1.15754
-1.11877
-1.07823
-1.03603
-0.992321
-0.947293
-0.901185
-0.854267
-0.806846
-0.759257
-0.711846
-0.665012
-0.618885
-0.575251
-0.536393
-0.506971
-0.483271
-0.461403
-0.440129
-0.419711
-0.400305
-0.381864
-0.364321
-0.347631
-0.331759
-0.316663
-0.302306
-0.288649
-0.275655
-0.26329
-0.251519
-0.240311
-0.229633
-0.219459
-0.209758
-0.200506
-0.191676
-0.183246
-0.175194
-0.167499
-0.160141
-0.153102
-0.146364
-0.139912
-0.133729
-0.127802
-0.122116
-0.116659
-0.111419
-0.106385
-0.101546
-0.0968918
-0.0924129
-0.0881004
-0.0839455
-0.0799405
-0.0760778
-0.0723511
-0.0687546
-0.0652841
-0.0619373
-0.0587138
-0.0556241
-0.0526228
-0.0493372
-0.0456594
-0.0413701
-0.0373707
-0.0338529
-0.0306935
-0.0278079
-0.0251627
-0.0227336
-0.0204969
-0.0184312
-0.016519
-0.0147458
-0.0130993
-0.0115691
-0.0101463
-0.00882337
-0.0075936
-0.00645105
-0.00539029
-0.00440625
-0.00349375
-0.00264851
-0.00187181
-0.00124164
-1.46593
-1.44914
-1.42674
-1.40232
-1.37712
-1.35072
-1.32277
-1.29318
-1.26192
-1.22891
-1.19412
-1.15754
-1.11918
-1.0791
-1.03741
-0.99424
-0.949767
-0.904211
-0.857829
-0.810908
-0.763767
-0.71674
-0.670199
-0.624307
-0.580673
-0.54182
-0.512357
-0.488491
-0.466572
-0.445238
-0.424723
-0.405208
-0.386652
-0.368987
-0.352169
-0.336161
-0.320927
-0.306428
-0.292627
-0.279489
-0.266979
-0.255065
-0.243715
-0.232898
-0.222586
-0.212752
-0.203369
-0.194413
-0.18586
-0.177689
-0.16988
-0.162411
-0.155266
-0.148426
-0.141876
-0.1356
-0.129583
-0.123812
-0.118274
-0.112957
-0.107848
-0.102939
-0.0982181
-0.0936759
-0.0893035
-0.0850921
-0.0810339
-0.0771215
-0.0733484
-0.0697092
-0.0661995
-0.0628172
-0.0595621
-0.0564417
-0.0534193
-0.0500786
-0.0463102
-0.0419723
-0.0379092
-0.0343302
-0.0311167
-0.0281814
-0.02549
-0.0230186
-0.0207433
-0.0186424
-0.0166983
-0.0148962
-0.0132238
-0.0116705
-0.0102272
-0.00888614
-0.00764052
-0.00648416
-0.00541143
-0.00441698
-0.00349552
-0.00264265
-0.0018636
-0.00119635
-1.46546
-1.44849
-1.42597
-1.4014
-1.37606
-1.3496
-1.32166
-1.29214
-1.26102
-1.22824
-1.19376
-1.15756
-1.11967
-1.08013
-1.03902
-0.996467
-0.952635
-0.907721
-0.861964
-0.815631
-0.769022
-0.722451
-0.676266
-0.630659
-0.587055
-0.548192
-0.518686
-0.494663
-0.472683
-0.451283
-0.430661
-0.411023
-0.392337
-0.374533
-0.357566
-0.341402
-0.326006
-0.311342
-0.297373
-0.284066
-0.271387
-0.259304
-0.247787
-0.236806
-0.226332
-0.216339
-0.206802
-0.197695
-0.188997
-0.180685
-0.172739
-0.165139
-0.157867
-0.150906
-0.144239
-0.137851
-0.131727
-0.125853
-0.120217
-0.114807
-0.10961
-0.104616
-0.0998152
-0.095197
-0.0907526
-0.0864733
-0.0823511
-0.0783788
-0.0745497
-0.0708583
-0.0673004
-0.0638736
-0.0605774
-0.0574167
-0.0543605
-0.0509615
-0.0471012
-0.0426969
-0.0385547
-0.0349023
-0.0316243
-0.0286297
-0.0258831
-0.0233611
-0.0210396
-0.0188966
-0.0169142
-0.0150776
-0.0133741
-0.011793
-0.0103251
-0.00896242
-0.007698
-0.00652547
-0.00543903
-0.00443313
-0.00350238
-0.00264233
-0.00186025
-0.00117007
-1.46556
-1.44842
-1.42575
-1.40102
-1.37556
-1.34903
-1.32109
-1.29164
-1.26067
-1.22813
-1.19399
-1.15821
-1.12082
-1.08186
-1.04138
-0.999509
-0.95638
-0.912175
-0.867109
-0.821427
-0.775407
-0.729342
-0.683554
-0.638239
-0.594732
-0.555831
-0.52624
-0.5021
-0.480033
-0.458535
-0.437787
-0.418004
-0.39916
-0.381188
-0.364042
-0.347691
-0.332102
-0.31724
-0.303071
-0.289561
-0.27668
-0.264396
-0.252678
-0.2415
-0.230833
-0.22065
-0.210927
-0.201641
-0.192768
-0.184286
-0.176176
-0.168418
-0.160995
-0.153887
-0.14708
-0.140557
-0.134305
-0.128309
-0.122555
-0.117033
-0.11173
-0.106635
-0.101737
-0.0970278
-0.092497
-0.088136
-0.0839368
-0.0798921
-0.075995
-0.07224
-0.0686224
-0.0651393
-0.0617895
-0.0585759
-0.0554667
-0.052007
-0.0480638
-0.0435634
-0.0393252
-0.0355877
-0.0322335
-0.0291686
-0.0263573
-0.023776
-0.0214002
-0.0192078
-0.0171806
-0.0153034
-0.0135634
-0.0119498
-0.0104533
-0.00906566
-0.00777983
-0.00658938
-0.00548834
-0.00447115
-0.00353211
-0.00266672
-0.00188236
-0.00118548
-1.46593
-1.44874
-1.42587
-1.40101
-1.37548
-1.3489
-1.32095
-1.29156
-1.26071
-1.22835
-1.19445
-1.15899
-1.12197
-1.08343
-1.04344
-1.00208
-0.959492
-0.915831
-0.871298
-0.826122
-0.780562
-0.734894
-0.689429
-0.644302
-0.601004
-0.561985
-0.532261
-0.508142
-0.486006
-0.46441
-0.443564
-0.423671
-0.404705
-0.386598
-0.36931
-0.352809
-0.337066
-0.322045
-0.307714
-0.294042
-0.280997
-0.26855
-0.256671
-0.245333
-0.234509
-0.224172
-0.214299
-0.204866
-0.19585
-0.187231
-0.178988
-0.171101
-0.163553
-0.156326
-0.149404
-0.142772
-0.136414
-0.130317
-0.124468
-0.118854
-0.113463
-0.108285
-0.103309
-0.0985244
-0.0939226
-0.0894946
-0.0852321
-0.0811276
-0.0771742
-0.0733658
-0.0696975
-0.0661657
-0.0627681
-0.0595082
-0.0563419
-0.0528474
-0.0488665
-0.0442637
-0.0399449
-0.0361412
-0.032725
-0.0296026
-0.0267388
-0.0241095
-0.0216899
-0.0194574
-0.0173938
-0.0154835
-0.0137139
-0.0120738
-0.0105539
-0.00914596
-0.00784299
-0.00663856
-0.00552684
-0.00450229
-0.00355936
-0.00269323
-0.00190867
-0.0012506
-1.4661
-1.44885
-1.42585
-1.40091
-1.37532
-1.34872
-1.32076
-1.2914
-1.26062
-1.22838
-1.19465
-1.15939
-1.12263
-1.08438
-1.04471
-1.00371
-0.961483
-0.918195
-0.874032
-0.829209
-0.783973
-0.738588
-0.693357
-0.648384
-0.605236
-0.566136
-0.536337
-0.51223
-0.490059
-0.468407
-0.447502
-0.427541
-0.408495
-0.390301
-0.372919
-0.356321
-0.340474
-0.325347
-0.310908
-0.297126
-0.283971
-0.271414
-0.259425
-0.247979
-0.237047
-0.226606
-0.21663
-0.207097
-0.197983
-0.189269
-0.180934
-0.172959
-0.165325
-0.158016
-0.151015
-0.144307
-0.137877
-0.13171
-0.125794
-0.120117
-0.114666
-0.10943
-0.104399
-0.0995632
-0.0949123
-0.0904378
-0.0861314
-0.0819853
-0.0779927
-0.074147
-0.0704431
-0.0668766
-0.0634443
-0.0601501
-0.0569419
-0.0534271
-0.0494267
-0.0447505
-0.0403736
-0.0365238
-0.0330651
-0.0299033
-0.0270035
-0.0243413
-0.0218915
-0.0196315
-0.0175427
-0.0156098
-0.0138196
-0.0121612
-0.0106251
-0.00920327
-0.00788855
-0.00667471
-0.00555604
-0.00452714
-0.00358261
-0.0027177
-0.00193615
-0.00129973
-1.46637
-1.44907
-1.42598
-1.40095
-1.37531
-1.34867
-1.32071
-1.29138
-1.26067
-1.22853
-1.19494
-1.15988
-1.12334
-1.08536
-1.04599
-1.0053
-0.963414
-0.920473
-0.876651
-0.832157
-0.787223
-0.742104
-0.697093
-0.652278
-0.60926
-0.570108
-0.540242
-0.516126
-0.493932
-0.472234
-0.451273
-0.431247
-0.412126
-0.393849
-0.376379
-0.359686
-0.343742
-0.328514
-0.313972
-0.300085
-0.286825
-0.274162
-0.262069
-0.250518
-0.239485
-0.228943
-0.218868
-0.209239
-0.200032
-0.191227
-0.182804
-0.174744
-0.167028
-0.15964
-0.152563
-0.145782
-0.139281
-0.133048
-0.127068
-0.12133
-0.115821
-0.11053
-0.105447
-0.100561
-0.0958625
-0.0913433
-0.0869946
-0.0828085
-0.0787779
-0.0748961
-0.0711573
-0.0675567
-0.06409
-0.0607603
-0.0575098
-0.0539784
-0.0499647
-0.0452181
-0.0407823
-0.0368882
-0.0333896
-0.0301904
-0.0272565
-0.0245631
-0.0220847
-0.0197985
-0.0176858
-0.0157311
-0.0139214
-0.0122454
-0.0106938
-0.0092585
-0.0079325
-0.00670969
-0.00558457
-0.00455201
-0.00360684
-0.0027446
-0.00196909
-0.00134986
-1.46667
-1.44933
-1.42616
-1.40105
-1.37535
-1.34868
-1.32072
-1.29142
-1.26076
-1.22872
-1.19527
-1.16037
-1.12405
-1.08631
-1.04721
-1.00682
-0.965252
-0.922632
-0.879131
-0.834944
-0.790295
-0.745427
-0.700626
-0.655969
-0.613076
-0.573878
-0.543942
-0.519812
-0.497605
-0.475871
-0.454859
-0.434771
-0.415581
-0.397227
-0.379674
-0.362893
-0.346856
-0.331533
-0.316893
-0.302908
-0.289548
-0.276785
-0.264593
-0.252944
-0.241813
-0.231175
-0.221007
-0.211286
-0.20199
-0.193098
-0.184591
-0.17645
-0.168656
-0.161192
-0.154043
-0.147192
-0.140624
-0.134327
-0.128287
-0.12249
-0.116925
-0.111581
-0.106448
-0.101514
-0.0967707
-0.0922087
-0.0878195
-0.0835951
-0.0795281
-0.0756115
-0.071839
-0.068205
-0.0647043
-0.0613389
-0.0580448
-0.0545009
-0.0504802
-0.0456645
-0.0411702
-0.0372339
-0.033698
-0.0304638
-0.0274976
-0.0247747
-0.0222693
-0.0199583
-0.017823
-0.0158477
-0.0140193
-0.0123265
-0.01076
-0.00931177
-0.00797486
-0.00674341
-0.00561218
-0.0045764
-0.00363129
-0.00277283
-0.00200527
-0.00140561
-1.46702
-1.44964
-1.4264
-1.40122
-1.37546
-1.34876
-1.32079
-1.29151
-1.26091
-1.22896
-1.19563
-1.16089
-1.12476
-1.08724
-1.0484
-1.00828
-0.967001
-0.92468
-0.881476
-0.837575
-0.793193
-0.748562
-0.703961
-0.659458
-0.616688
-0.577448
-0.547438
-0.523294
-0.501084
-0.479322
-0.458263
-0.438118
-0.418863
-0.400438
-0.382806
-0.365942
-0.349818
-0.334405
-0.319674
-0.305595
-0.29214
-0.279283
-0.266996
-0.255254
-0.24403
-0.233302
-0.223045
-0.213236
-0.203856
-0.194881
-0.186294
-0.178076
-0.170207
-0.162671
-0.155453
-0.148535
-0.141904
-0.135546
-0.129447
-0.123595
-0.117977
-0.112583
-0.107401
-0.102422
-0.0976358
-0.093033
-0.0886052
-0.0843442
-0.0802423
-0.0762924
-0.0724875
-0.0688213
-0.0652873
-0.0618864
-0.0585474
-0.0549942
-0.0509714
-0.0460876
-0.0415365
-0.0375608
-0.0339902
-0.0307233
-0.0277269
-0.0249763
-0.0224455
-0.0201112
-0.0179545
-0.0159597
-0.0141136
-0.0124048
-0.010824
-0.00936319
-0.00801562
-0.00677563
-0.00563833
-0.00459938
-0.00365457
-0.00280053
-0.00204241
-0.0014654
-1.46739
-1.44999
-1.42669
-1.40143
-1.37562
-1.34889
-1.32092
-1.29166
-1.26111
-1.22924
-1.19601
-1.16142
-1.12546
-1.08816
-1.04954
-1.00968
-0.968664
-0.926618
-0.88369
-0.840057
-0.795923
-0.751514
-0.707102
-0.662751
-0.620102
-0.580819
-0.550733
-0.526577
-0.50437
-0.482587
-0.461484
-0.441287
-0.421972
-0.403479
-0.385774
-0.368832
-0.352626
-0.337129
-0.32231
-0.308143
-0.2946
-0.281653
-0.269277
-0.257446
-0.246135
-0.23532
-0.224979
-0.215088
-0.205627
-0.196574
-0.187911
-0.179619
-0.171679
-0.164075
-0.156791
-0.14981
-0.143119
-0.136703
-0.130549
-0.124643
-0.118976
-0.113533
-0.108306
-0.103284
-0.0984565
-0.0938149
-0.0893504
-0.0850547
-0.0809198
-0.0769382
-0.0731025
-0.0694056
-0.0658396
-0.0624038
-0.0590188
-0.0554586
-0.051436
-0.0464857
-0.041881
-0.037869
-0.0342664
-0.0309691
-0.0279446
-0.0251683
-0.0226138
-0.0202577
-0.018081
-0.0160678
-0.0142049
-0.0124809
-0.0108863
-0.00941329
-0.00805518
-0.00680654
-0.00566287
-0.00462036
-0.00367548
-0.00282579
-0.00207779
-0.0015254
-1.46777
-1.45038
-1.42702
-1.40169
-1.37582
-1.34907
-1.32109
-1.29185
-1.26134
-1.22954
-1.19642
-1.16196
-1.12616
-1.08904
-1.05064
-1.01101
-0.970242
-0.928451
-0.885778
-0.842392
-0.79849
-0.754289
-0.710052
-0.665849
-0.623321
-0.583993
-0.553825
-0.529661
-0.507466
-0.485666
-0.464524
-0.444277
-0.424906
-0.406349
-0.388576
-0.37156
-0.355278
-0.339701
-0.3248
-0.31055
-0.296923
-0.283892
-0.271432
-0.259517
-0.248124
-0.237228
-0.226806
-0.216837
-0.2073
-0.198174
-0.189439
-0.181077
-0.173071
-0.165402
-0.158055
-0.151015
-0.144267
-0.137796
-0.131589
-0.125634
-0.119918
-0.114431
-0.109161
-0.104097
-0.0992314
-0.0945533
-0.0900542
-0.0857257
-0.0815597
-0.0775483
-0.0736837
-0.0699579
-0.0663616
-0.0628923
-0.0594615
-0.0558942
-0.0518707
-0.046857
-0.0422036
-0.0381588
-0.034527
-0.0312019
-0.0281515
-0.0253514
-0.0227749
-0.0203986
-0.0182032
-0.0161729
-0.0142942
-0.0125557
-0.0109479
-0.00946296
-0.00809429
-0.00683669
-0.00568601
-0.00463901
-0.00369297
-0.00284654
-0.00210796
-0.00157975
-1.46816
-1.4508
-1.42741
-1.40199
-1.37607
-1.34929
-1.32131
-1.29208
-1.26161
-1.22988
-1.19685
-1.16251
-1.12686
-1.08991
-1.0517
-1.01228
-0.971738
-0.930182
-0.887743
-0.844585
-0.800896
-0.756887
-0.712815
-0.668752
-0.626345
-0.586972
-0.556714
-0.532549
-0.51037
-0.488558
-0.46738
-0.447086
-0.427662
-0.409047
-0.391208
-0.374124
-0.35777
-0.342118
-0.327141
-0.312812
-0.299106
-0.285996
-0.273457
-0.261464
-0.249993
-0.23902
-0.228524
-0.218482
-0.208873
-0.199677
-0.190875
-0.182448
-0.174378
-0.166649
-0.159243
-0.152147
-0.145345
-0.138822
-0.132566
-0.126564
-0.120804
-0.115274
-0.109963
-0.104862
-0.0999596
-0.0952471
-0.0907156
-0.0863565
-0.0821615
-0.0781225
-0.0742311
-0.0704786
-0.0668544
-0.0633541
-0.0598794
-0.0563018
-0.0522714
-0.0471999
-0.0425046
-0.038431
-0.0347728
-0.0314224
-0.0283485
-0.0255266
-0.02293
-0.0205349
-0.0183223
-0.0162761
-0.0143826
-0.0126305
-0.0110101
-0.00951342
-0.0081341
-0.00686702
-0.00570834
-0.00465536
-0.00370617
-0.00286065
-0.00212897
-0.00162104
-1.46855
-1.45125
-1.42782
-1.40233
-1.37635
-1.34954
-1.32156
-1.29235
-1.26191
-1.23024
-1.19729
-1.16306
-1.12754
-1.09075
-1.05271
-1.01349
-0.973153
-0.93181
-0.889587
-0.846637
-0.803144
-0.759311
-0.715389
-0.671459
-0.62917
-0.589752
-0.559401
-0.53524
-0.513084
-0.491262
-0.470049
-0.449711
-0.430236
-0.411566
-0.393667
-0.376519
-0.360097
-0.344375
-0.329326
-0.314925
-0.301145
-0.287961
-0.275348
-0.263281
-0.251738
-0.240694
-0.230127
-0.220017
-0.210341
-0.20108
-0.192215
-0.183727
-0.175598
-0.167812
-0.160352
-0.153204
-0.146351
-0.13978
-0.133479
-0.127433
-0.121631
-0.116061
-0.110713
-0.105576
-0.10064
-0.0958958
-0.0913342
-0.0869468
-0.082725
-0.0786606
-0.0747448
-0.0709683
-0.0673194
-0.0637914
-0.0602774
-0.0566825
-0.0526333
-0.0475131
-0.042785
-0.0386866
-0.0350048
-0.0316317
-0.0285367
-0.0256951
-0.02308
-0.020668
-0.0184396
-0.0163786
-0.0144715
-0.0127065
-0.0110741
-0.00956598
-0.00817585
-0.00689862
-0.00573067
-0.00466971
-0.00371455
-0.00286619
-0.00213672
-0.00164097
-1.46896
-1.45176
-1.42829
-1.40271
-1.37667
-1.34984
-1.32185
-1.29265
-1.26224
-1.23062
-1.19775
-1.16361
-1.12821
-1.09156
-1.05368
-1.01463
-0.974487
-0.933337
-0.891308
-0.848548
-0.805232
-0.761557
-0.717771
-0.673963
-0.631785
-0.59233
-0.561888
-0.537737
-0.515604
-0.493772
-0.472527
-0.452146
-0.432624
-0.413902
-0.395947
-0.378738
-0.362254
-0.346466
-0.331351
-0.316882
-0.303034
-0.289781
-0.277099
-0.264965
-0.253354
-0.242244
-0.231613
-0.221439
-0.211702
-0.202381
-0.193457
-0.184912
-0.176729
-0.168891
-0.16138
-0.154183
-0.147284
-0.140669
-0.134325
-0.128239
-0.122398
-0.116792
-0.11141
-0.10624
-0.101273
-0.096499
-0.0919099
-0.0874965
-0.0832503
-0.0791629
-0.0752253
-0.0714279
-0.0677579
-0.0642067
-0.0606613
-0.0570376
-0.0529513
-0.0477956
-0.0430455
-0.0389266
-0.0352239
-0.0318309
-0.028717
-0.0258577
-0.0232261
-0.0207986
-0.0185559
-0.0164815
-0.0145618
-0.0127849
-0.0111409
-0.00962168
-0.00822055
-0.00693243
-0.00575373
-0.00468237
-0.00371763
-0.00286141
-0.00212727
-0.00163132
-1.46932
-1.45226
-1.42876
-1.40308
-1.37698
-1.35013
-1.32214
-1.29295
-1.26257
-1.231
-1.1982
-1.16415
-1.12886
-1.09233
-1.0546
-1.01571
-0.975727
-0.934752
-0.892898
-0.850309
-0.807152
-0.763619
-0.719953
-0.676254
-0.634172
-0.594694
-0.56417
-0.540031
-0.517918
-0.496077
-0.4748
-0.454379
-0.434813
-0.416043
-0.398036
-0.380772
-0.36423
-0.348383
-0.333207
-0.318676
-0.304765
-0.291449
-0.278705
-0.266509
-0.254837
-0.243667
-0.232976
-0.222744
-0.21295
-0.203574
-0.194597
-0.186001
-0.177768
-0.169882
-0.162325
-0.155084
-0.148143
-0.141487
-0.135104
-0.128981
-0.123106
-0.117467
-0.112052
-0.106852
-0.101857
-0.0970569
-0.0924427
-0.0880057
-0.0837376
-0.0796297
-0.0756731
-0.0718579
-0.0681709
-0.0646021
-0.0610363
-0.0573681
-0.0532207
-0.0480469
-0.0432868
-0.0391515
-0.0354306
-0.0320202
-0.0288898
-0.0260148
-0.0233685
-0.0209272
-0.0186716
-0.0165851
-0.0146539
-0.012866
-0.0112113
-0.00968122
-0.00826904
-0.0069694
-0.0057785
-0.00469422
-0.00371596
-0.002846
-0.00209856
-0.00158611
-1.46977
-1.45289
-1.42935
-1.40356
-1.3774
-1.35052
-1.32252
-1.29334
-1.26299
-1.23146
-1.19871
-1.16474
-1.12954
-1.09312
-1.05551
-1.01675
-0.976922
-0.936098
-0.894397
-0.851955
-0.808935
-0.765524
-0.721957
-0.678349
-0.636331
-0.596878
-0.566297
-0.542159
-0.520056
-0.498201
-0.47689
-0.456429
-0.43682
-0.418004
-0.399948
-0.382633
-0.366036
-0.350135
-0.334902
-0.320313
-0.306345
-0.292972
-0.28017
-0.267917
-0.256188
-0.244963
-0.234218
-0.223934
-0.214088
-0.204662
-0.195637
-0.186994
-0.178715
-0.170785
-0.163187
-0.155906
-0.148926
-0.142234
-0.135816
-0.12966
-0.123753
-0.118083
-0.11264
-0.107413
-0.102392
-0.0975681
-0.0929313
-0.0884732
-0.0841854
-0.0800594
-0.0760864
-0.0722567
-0.0685572
-0.0649768
-0.0614047
-0.057674
-0.0534377
-0.048267
-0.0435094
-0.0393613
-0.0356246
-0.0321993
-0.0290546
-0.0261658
-0.0235063
-0.0210528
-0.0187856
-0.0166883
-0.0147467
-0.0129487
-0.0112838
-0.00974331
-0.00832005
-0.00700827
-0.00580378
-0.00470401
-0.00370807
-0.00281797
-0.00204757
-0.00149933
-1.46995
-1.45326
-1.42969
-1.40378
-1.37756
-1.35066
-1.32267
-1.2935
-1.26318
-1.23168
-1.199
-1.1651
-1.12998
-1.09366
-1.05617
-1.01754
-0.977844
-0.937162
-0.895603
-0.853299
-0.810408
-0.767111
-0.723634
-0.680115
-0.638117
-0.598738
-0.568165
-0.54401
-0.521909
-0.500044
-0.478707
-0.458213
-0.43857
-0.419717
-0.401621
-0.384264
-0.367624
-0.351676
-0.336396
-0.32176
-0.307743
-0.294321
-0.281471
-0.269169
-0.257392
-0.24612
-0.235328
-0.224998
-0.215108
-0.205639
-0.196571
-0.187887
-0.17957
-0.171601
-0.163967
-0.15665
-0.149636
-0.142912
-0.136463
-0.130277
-0.124342
-0.118646
-0.113178
-0.107927
-0.102883
-0.0980376
-0.0933807
-0.0889039
-0.0845988
-0.0804571
-0.0764702
-0.0726288
-0.068921
-0.0653347
-0.0617725
-0.0579563
-0.0536006
-0.0484574
-0.0437145
-0.0395566
-0.0358066
-0.0323691
-0.0292124
-0.0263117
-0.0236409
-0.0211768
-0.0188997
-0.016793
-0.0148424
-0.0130354
-0.0113615
-0.00981148
-0.0083777
-0.0070539
-0.0058352
-0.00471835
-0.00370151
-0.00278582
-0.00198407
-0.00137268
-1.47037
-1.45389
-1.43027
-1.40422
-1.37791
-1.35101
-1.32302
-1.29387
-1.26357
-1.23212
-1.19949
-1.16567
-1.13065
-1.09445
-1.05708
-1.01859
-0.979049
-0.938524
-0.897124
-0.854973
-0.812224
-0.769048
-0.72566
-0.682229
-0.640163
-0.600976
-0.570517
-0.546281
-0.524132
-0.502242
-0.480867
-0.460327
-0.440636
-0.421734
-0.403587
-0.386176
-0.36948
-0.353476
-0.338138
-0.323443
-0.309366
-0.295885
-0.282976
-0.270615
-0.258782
-0.247452
-0.236605
-0.226221
-0.216278
-0.206757
-0.19764
-0.188908
-0.180543
-0.172531
-0.164853
-0.157495
-0.150442
-0.14368
-0.137195
-0.130975
-0.125007
-0.11928
-0.113782
-0.108503
-0.103433
-0.0985627
-0.0938827
-0.0893846
-0.0850601
-0.0809011
-0.0769
-0.0730483
-0.069336
-0.065751
-0.0622257
-0.0582801
-0.0537251
-0.0486484
-0.0439425
-0.0397757
-0.0360102
-0.0325592
-0.029389
-0.0264746
-0.0237907
-0.0213141
-0.0190253
-0.0169075
-0.014946
-0.0131281
-0.0114429
-0.0098806
-0.00843285
-0.00709246
-0.00585345
-0.00471099
-0.00366171
-0.00270468
-0.00185093
-0.0011289
-1.47104
-1.45467
-1.43094
-1.40484
-1.37854
-1.35164
-1.32368
-1.29455
-1.26428
-1.23288
-1.20031
-1.16656
-1.13163
-1.09552
-1.05827
-1.0199
-0.980482
-0.940088
-0.898816
-0.856787
-0.814146
-0.771056
-0.727713
-0.684264
-0.641982
-0.603176
-0.57309
-0.548739
-0.526409
-0.504438
-0.48302
-0.462431
-0.442687
-0.423733
-0.405533
-0.388069
-0.371318
-0.355256
-0.339861
-0.325109
-0.310974
-0.297436
-0.284469
-0.272052
-0.260163
-0.248778
-0.237879
-0.227442
-0.217448
-0.207878
-0.198712
-0.189934
-0.181525
-0.173468
-0.165749
-0.158351
-0.15126
-0.144461
-0.137941
-0.131688
-0.125688
-0.119931
-0.114405
-0.109099
-0.104003
-0.0991088
-0.0944059
-0.0898862
-0.0855416
-0.0813641
-0.0773471
-0.0734847
-0.0697704
-0.0661979
-0.0627374
-0.0586043
-0.0537886
-0.0488103
-0.0441734
-0.0400059
-0.0362264
-0.0327641
-0.0295831
-0.0266575
-0.0239628
-0.021476
-0.0191778
-0.0170511
-0.015081
-0.0132546
-0.0115603
-0.00998775
-0.00852783
-0.00717216
-0.00591305
-0.00474347
-0.00365651
-0.00264582
-0.00170878
-0.000849644
-1.47191
-1.45497
-1.43124
-1.40535
-1.37915
-1.35227
-1.32432
-1.29522
-1.26498
-1.2336
-1.20106
-1.16734
-1.13245
-1.09639
-1.05919
-1.02088
-0.981521
-0.941188
-0.899976
-0.858003
-0.815409
-0.772351
-0.729014
-0.685506
-0.642925
-0.604474
-0.574872
-0.550359
-0.527813
-0.505762
-0.484311
-0.463686
-0.443904
-0.424913
-0.406678
-0.389178
-0.37239
-0.356293
-0.340861
-0.326071
-0.311901
-0.298325
-0.285323
-0.272871
-0.260947
-0.249529
-0.238596
-0.228127
-0.218102
-0.208501
-0.199307
-0.190499
-0.182063
-0.173981
-0.166237
-0.158815
-0.1517
-0.144879
-0.138338
-0.132063
-0.126043
-0.120266
-0.114722
-0.109399
-0.104287
-0.0993775
-0.094661
-0.090129
-0.0857743
-0.0815897
-0.0775686
-0.0737045
-0.0699941
-0.0664365
-0.063034
-0.0587572
-0.0537427
-0.0488513
-0.0442732
-0.0401076
-0.0363194
-0.0328503
-0.0296632
-0.0267308
-0.0240294
-0.0215364
-0.0192325
-0.0171002
-0.0151249
-0.013293
-0.011593
-0.0100139
-0.00854597
-0.00717993
-0.00590715
-0.00471883
-0.00360622
-0.00255996
-0.00157113
-0.000626662
-1.47285
-1.45488
-1.43136
-1.40581
-1.37971
-1.35285
-1.32491
-1.29582
-1.26559
-1.23422
-1.20169
-1.16799
-1.13311
-1.09707
-1.05989
-1.02161
-0.982277
-0.941969
-0.900781
-0.858829
-0.816252
-0.773202
-0.729857
-0.686299
-0.643439
-0.605281
-0.576107
-0.551409
-0.528689
-0.506586
-0.485114
-0.464463
-0.444654
-0.425638
-0.407378
-0.389853
-0.373041
-0.356919
-0.341463
-0.326648
-0.312454
-0.298854
-0.285829
-0.273353
-0.261406
-0.249967
-0.239013
-0.228523
-0.218478
-0.208858
-0.199644
-0.190818
-0.182364
-0.174263
-0.166502
-0.159063
-0.151934
-0.145098
-0.138544
-0.132259
-0.126229
-0.120442
-0.114888
-0.109554
-0.104433
-0.0995136
-0.094788
-0.0902476
-0.085885
-0.0816931
-0.0776659
-0.0737981
-0.0700879
-0.0665367
-0.0631675
-0.0588019
-0.0536734
-0.0488423
-0.0443013
-0.040137
-0.0363443
-0.0328722
-0.0296825
-0.0267471
-0.024043
-0.0215475
-0.0192413
-0.017107
-0.0151298
-0.013296
-0.0115939
-0.0100122
-0.00854105
-0.00717067
-0.00589176
-0.00469492
-0.00357041
-0.00250745
-0.00149343
-0.000498287
-1.47369
-1.45473
-1.43156
-1.40633
-1.3803
-1.35343
-1.32549
-1.29641
-1.26618
-1.23481
-1.20228
-1.16858
-1.13371
-1.09768
-1.0605
-1.02222
-0.982895
-0.942591
-0.901405
-0.859453
-0.816872
-0.773813
-0.730451
-0.686861
-0.643797
-0.60582
-0.576917
-0.552044
-0.529208
-0.507075
-0.485586
-0.464914
-0.445083
-0.426047
-0.407768
-0.390223
-0.373392
-0.35725
-0.341775
-0.326943
-0.31273
-0.299114
-0.286071
-0.273579
-0.261617
-0.250162
-0.239193
-0.22869
-0.218631
-0.208997
-0.19977
-0.190933
-0.182469
-0.17436
-0.16659
-0.159142
-0.152003
-0.145159
-0.138597
-0.132303
-0.126265
-0.120471
-0.11491
-0.109571
-0.104444
-0.0995195
-0.0947895
-0.090245
-0.0858789
-0.0816839
-0.0776543
-0.0737851
-0.070075
-0.0665258
-0.0631652
-0.0587634
-0.0535879
-0.0487891
-0.0442679
-0.0401051
-0.0363111
-0.0328387
-0.0296487
-0.0267129
-0.0240082
-0.0215124
-0.0192059
-0.0170714
-0.015094
-0.0132601
-0.0115576
-0.00997548
-0.00850343
-0.00713162
-0.00585052
-0.0046505
-0.00352172
-0.00245374
-0.0014356
-0.00043734
-1.47433
-1.45479
-1.4319
-1.40686
-1.38085
-1.35399
-1.32606
-1.29698
-1.26675
-1.23538
-1.20284
-1.16914
-1.13427
-1.09823
-1.06105
-1.02276
-0.983422
-0.943108
-0.90191
-0.859943
-0.817345
-0.774266
-0.730879
-0.687271
-0.644102
-0.606239
-0.577437
-0.552445
-0.529542
-0.507384
-0.485874
-0.465182
-0.445332
-0.426278
-0.407982
-0.390421
-0.373574
-0.357417
-0.341928
-0.327081
-0.312855
-0.299226
-0.286171
-0.273668
-0.261695
-0.25023
-0.239253
-0.228742
-0.218676
-0.209034
-0.1998
-0.190955
-0.182483
-0.174368
-0.166591
-0.159138
-0.151993
-0.145145
-0.138578
-0.13228
-0.126238
-0.120441
-0.114877
-0.109535
-0.104406
-0.0994801
-0.0947483
-0.0902025
-0.085835
-0.0816391
-0.0776088
-0.0737392
-0.0700291
-0.0664799
-0.0631145
-0.058711
-0.0535256
-0.0487386
-0.0442253
-0.0400642
-0.0362705
-0.0327988
-0.0296094
-0.0266743
-0.0239702
-0.021475
-0.0191692
-0.0170354
-0.0150586
-0.0132253
-0.0115234
-0.00994184
-0.00847022
-0.0070987
-0.00581768
-0.00461752
-0.00348853
-0.00242095
-0.0014066
-0.000432639
-4.29818
-4.29626
-4.29372
-4.29041
-4.28665
-4.28282
-4.27872
-4.27475
-4.27154
-4.26854
-4.26537
-4.26215
-4.25896
-4.25576
-4.25253
-4.24927
-4.24596
-4.24249
-4.23882
-4.23523
-4.23163
-4.2273
-4.22239
-4.21673
-4.21015
-4.54917
-4.5435
-4.53646
-4.52785
-4.51659
-4.50312
-4.48953
-4.47715
-4.46665
-4.45659
-4.44604
-4.43514
-4.42397
-4.4125
-4.40088
-4.38912
-4.37699
-4.36443
-4.35145
-4.33767
-4.32199
-4.30581
-4.28803
-4.26754
-4.24741
-4.70141
-4.69487
-4.68567
-4.67275
-4.65637
-4.63841
-4.61985
-4.60315
-4.58873
-4.57486
-4.56038
-4.54546
-4.53023
-4.51458
-4.49838
-4.48153
-4.46388
-4.44534
-4.42563
-4.40361
-4.38006
-4.35476
-4.32599
-4.2921
-4.26033
-4.89591
-4.88701
-4.873
-4.85339
-4.83018
-4.80533
-4.77966
-4.75675
-4.73708
-4.7182
-4.69856
-4.67844
-4.65793
-4.63669
-4.61464
-4.59202
-4.56845
-4.54304
-4.51513
-4.48294
-4.44803
-4.40979
-4.36627
-4.31508
-4.26467
-5.09846
-5.08519
-5.06355
-5.03667
-5.00618
-4.97312
-4.93859
-4.90868
-4.88329
-4.85913
-4.83412
-4.80847
-4.78279
-4.75739
-4.73151
-4.70416
-4.67485
-4.6431
-4.60767
-4.56797
-4.52419
-4.47437
-4.41706
-4.34915
-4.27593
-5.36852
-5.34817
-5.31437
-5.27473
-5.23083
-5.1831
-5.13422
-5.0928
-5.05724
-5.02303
-4.98851
-4.95438
-4.92016
-4.88517
-4.84896
-4.81104
-4.77138
-4.72988
-4.6844
-4.63691
-4.58485
-4.5263
-4.46041
-4.38448
-4.29915
-5.61917
-5.58788
-5.54199
-5.49049
-5.43266
-5.36777
-5.30392
-5.25279
-5.2084
-5.16595
-5.12304
-5.07978
-5.03618
-4.99185
-4.9464
-4.8999
-4.85209
-4.80204
-4.74814
-4.69145
-4.63123
-4.56508
-4.4921
-4.41074
-4.31358
-5.82247
-5.78297
-5.7268
-5.66463
-5.59427
-5.51424
-5.43686
-5.377
-5.32472
-5.27427
-5.22342
-5.17272
-5.12215
-5.07124
-5.0196
-4.96723
-4.91387
-4.85832
-4.79932
-4.737
-4.67169
-4.60067
-4.52295
-4.43786
-4.33414
-6.0382
-5.98898
-5.922
-5.84842
-5.76436
-5.66835
-5.57682
-5.50736
-5.44583
-5.38592
-5.32601
-5.26692
-5.20846
-5.15004
-5.09159
-5.03286
-4.97321
-4.91163
-4.84683
-4.77918
-4.70891
-4.63315
-4.55108
-4.46288
-4.35594
-6.26999
-6.20904
-6.12977
-6.04321
-5.94343
-5.82937
-5.72316
-5.64351
-5.57151
-5.50128
-5.43166
-5.36345
-5.29632
-5.22984
-5.16402
-5.09849
-5.03214
-4.96438
-4.89392
-4.82051
-4.74544
-4.66533
-4.57925
-4.48824
-4.37944
-6.51985
-6.44531
-6.35228
-6.25094
-6.13341
-5.99823
-5.87632
-5.78551
-5.70209
-5.62086
-5.54093
-5.46294
-5.38654
-5.3116
-5.23792
-5.16487
-5.09148
-5.01722
-4.94102
-4.86163
-4.78168
-4.6974
-4.60746
-4.51361
-4.40374
-6.78935
-6.69913
-6.59084
-6.47306
-6.33568
-6.17586
-6.0368
-5.93363
-5.83791
-5.74502
-5.6542
-5.56588
-5.47976
-5.39579
-5.3137
-5.23267
-5.152
-5.07086
-4.98863
-4.90313
-4.81797
-4.72949
-4.63584
-4.53888
-4.42808
-7.08013
-6.972
-6.84667
-6.7103
-6.55117
-6.36399
-6.20522
-6.08835
-5.97953
-5.87418
-5.77171
-5.67246
-5.57629
-5.48288
-5.39173
-5.30219
-5.21387
-5.12569
-5.03682
-4.94535
-4.85451
-4.76161
-4.66424
-4.56404
-4.45221
-7.39387
-7.26538
-7.1214
-6.96426
-6.78066
-6.56367
-6.38219
-6.25038
-6.12754
-6.00882
-5.89393
-5.7832
-5.67624
-5.5728
-5.47221
-5.37384
-5.27723
-5.18162
-5.08601
-4.98849
-4.89157
-4.79388
-4.69244
-4.58884
-4.47597
-7.73115
-7.57986
-7.41578
-7.23602
-7.02581
-6.77606
-6.56855
-6.42041
-6.28245
-6.14931
-6.02105
-5.89817
-5.77995
-5.66575
-5.55515
-5.4476
-5.34239
-5.23899
-5.13639
-5.03243
-4.9291
-4.82634
-4.72048
-4.61309
-4.49906
-8.09267
-7.91626
-7.73199
-7.52648
-7.28688
-7.002
-6.7653
-6.59913
-6.44477
-6.29605
-6.15359
-6.0176
-5.88726
-5.76175
-5.64063
-5.5235
-5.40956
-5.2979
-5.18768
-5.07699
-4.96706
-4.85896
-4.74847
-4.63687
-4.52138
-8.47864
-8.27491
-8.07126
-7.83706
-7.56476
-7.24245
-6.97355
-6.78726
-6.61498
-6.44951
-6.29171
-6.14175
-5.99836
-5.86092
-5.72892
-5.60167
-5.47837
-5.35806
-5.23994
-5.12225
-5.00547
-4.89173
-4.77634
-4.66019
-4.54293
-8.88423
-8.65237
-8.4313
-8.16785
-7.86042
-7.49814
-7.19424
-6.98535
-6.79333
-6.60983
-6.43548
-6.27037
-6.11322
-5.96328
-5.81976
-5.68182
-5.5487
-5.41945
-5.29314
-5.16813
-5.04429
-4.92462
-4.8041
-4.68308
-4.56377
-9.3069
-9.04737
-8.8097
-8.51617
-8.17281
-7.7693
-7.42847
-7.19433
-6.98038
-6.77721
-6.58491
-6.40351
-6.23173
-6.06843
-5.91269
-5.76365
-5.62038
-5.48187
-5.34709
-5.21451
-5.08343
-4.95758
-4.83171
-4.70557
-4.58392
-9.74014
-9.45781
-9.20533
-8.88006
-8.50052
-8.05602
-7.67749
-7.41597
-7.17808
-6.95355
-6.74178
-6.54267
-6.35485
-6.17711
-6.00837
-5.84757
-5.69364
-5.54545
-5.40189
-5.2615
-5.12295
-4.99062
-4.85918
-4.72769
-4.60343
-10.17
-9.8709
-9.61071
-9.25673
-8.84117
-8.3546
-7.9381
-7.64804
-7.38498
-7.13813
-6.90581
-6.68792
-6.48313
-6.29005
-6.10746
-5.93414
-5.76892
-5.61057
-5.45784
-5.3092
-5.16308
-5.02394
-4.88665
-4.74953
-4.62236
-10.5978
-10.282
-10.0229
-9.64609
-9.19064
-8.65792
-8.20264
-7.88187
-7.59159
-7.32148
-7.06847
-6.83195
-6.61039
-6.40216
-6.20585
-6.02012
-5.84367
-5.67518
-5.5133
-5.35642
-5.20279
-5.05682
-4.91368
-4.771
-4.64069
-11.023
-10.688
-10.4282
-10.0399
-9.55576
-8.98586
-8.4908
-8.13457
-7.81212
-7.51456
-7.23767
-6.9802
-6.74024
-6.5158
-6.30509
-6.10649
-5.91851
-5.7397
-5.56855
-5.4037
-5.24215
-5.08911
-4.94013
-4.79217
-4.65846
-11.3761
-11.0424
-10.7709
-10.4208
-9.94779
-9.36214
-8.83676
-8.44885
-8.09094
-7.75974
-7.45206
-7.16679
-6.90216
-6.65599
-6.42617
-6.21075
-6.00792
-5.81598
-5.63322
-5.4582
-5.28738
-5.12555
-4.9693
-4.8142
-4.67608
-11.6613
-11.3761
-11.0614
-10.6916
-10.2163
-9.62236
-9.09719
-8.69635
-8.31667
-7.96284
-7.63294
-7.32645
-7.04221
-6.77825
-6.53241
-6.30263
-6.08694
-5.88349
-5.69046
-5.50631
-5.32832
-5.15841
-4.99579
-4.83544
-4.69208
-4.17798
-4.14504
-4.11572
-4.08697
-4.05938
-4.03296
-4.00746
-3.98267
-3.9585
-3.93489
-3.91175
-3.88902
-3.86668
-3.84468
-3.82301
-3.80164
-3.78056
-3.75975
-3.73919
-3.71887
-3.69878
-3.67893
-3.65929
-3.63988
-3.62068
-3.60169
-3.5829
-3.5643
-3.5459
-3.52768
-3.50965
-3.49181
-3.47414
-3.45664
-3.43932
-3.42216
-3.40517
-3.38834
-3.37167
-3.35516
-3.3388
-3.32259
-3.30653
-3.29061
-3.27485
-3.25922
-3.24374
-3.22839
-3.21319
-3.19812
-3.18319
-3.1684
-3.15373
-3.1392
-3.1248
-3.11053
-3.09639
-3.08238
-3.0685
-3.05474
-3.0411
-3.02759
-3.0142
-3.00094
-2.98779
-2.97477
-2.96187
-2.94908
-2.93641
-2.92386
-2.91143
-2.89911
-2.8869
-2.87481
-2.86284
-2.85097
-2.83922
-2.82757
-2.81604
-2.80462
-2.7933
-2.78209
-2.77099
-2.75999
-2.7491
-2.73832
-2.72763
-2.71705
-2.70657
-2.69619
-2.68592
-2.67574
-2.66566
-2.65568
-2.6458
-2.63601
-2.62631
-2.6167
-2.60715
-2.59768
-2.58828
-2.57895
-2.5697
-2.56053
-2.55144
-2.54244
-2.53351
-2.52466
-2.51589
-2.50719
-2.49855
-2.48999
-2.48149
-2.47305
-2.46466
-2.45631
-2.448
-2.43971
-2.43144
-2.4232
-2.41496
-2.40673
-2.39846
-2.39015
-2.38206
-4.21316
-4.16716
-4.13209
-4.10095
-4.07183
-4.04428
-4.01799
-3.99259
-3.96789
-3.94378
-3.92024
-3.89719
-3.87456
-3.85232
-3.83044
-3.80888
-3.78763
-3.76667
-3.74597
-3.72553
-3.70532
-3.68536
-3.66563
-3.64612
-3.62683
-3.60774
-3.58886
-3.57019
-3.55172
-3.53345
-3.51538
-3.49748
-3.47975
-3.46221
-3.44483
-3.42762
-3.41058
-3.3937
-3.37698
-3.36042
-3.34402
-3.32776
-3.31166
-3.2957
-3.27989
-3.26422
-3.24869
-3.2333
-3.21805
-3.20294
-3.18797
-3.17312
-3.15842
-3.14384
-3.1294
-3.11509
-3.1009
-3.08685
-3.07292
-3.05911
-3.04544
-3.03188
-3.01845
-3.00514
-2.99195
-2.97887
-2.96592
-2.95309
-2.94038
-2.92778
-2.91529
-2.90292
-2.89067
-2.87853
-2.8665
-2.85458
-2.84278
-2.83108
-2.81949
-2.80801
-2.79664
-2.78537
-2.77421
-2.76315
-2.75219
-2.74134
-2.73059
-2.71994
-2.70939
-2.69894
-2.68859
-2.67833
-2.66817
-2.65811
-2.64814
-2.63828
-2.62854
-2.61894
-2.60945
-2.60003
-2.59068
-2.5814
-2.5722
-2.56308
-2.55404
-2.54508
-2.53619
-2.52739
-2.51865
-2.51
-2.50141
-2.4929
-2.48445
-2.47607
-2.46775
-2.45948
-2.45125
-2.44306
-2.43491
-2.4268
-2.41871
-2.41066
-2.40262
-2.39456
-2.38643
-4.24385
-4.19515
-4.15309
-4.11798
-4.08634
-4.05671
-4.02863
-4.0019
-3.97623
-3.95138
-3.92722
-3.90365
-3.88058
-3.85795
-3.83573
-3.81387
-3.79235
-3.77114
-3.75023
-3.72958
-3.70919
-3.68905
-3.66916
-3.64951
-3.63009
-3.6109
-3.59192
-3.57315
-3.55457
-3.53618
-3.51798
-3.49999
-3.4822
-3.46461
-3.4472
-3.42995
-3.41286
-3.39593
-3.37916
-3.36255
-3.34609
-3.32979
-3.31365
-3.29766
-3.28181
-3.26612
-3.25056
-3.23515
-3.21988
-3.20475
-3.18975
-3.17488
-3.16015
-3.14556
-3.13109
-3.11675
-3.10255
-3.08847
-3.07452
-3.0607
-3.047
-3.03343
-3.01999
-3.00666
-2.99346
-2.98038
-2.96743
-2.95459
-2.94187
-2.92926
-2.91678
-2.90441
-2.89215
-2.88001
-2.86799
-2.85608
-2.84428
-2.83259
-2.82102
-2.80955
-2.79819
-2.78695
-2.77581
-2.76478
-2.75385
-2.74303
-2.73232
-2.72171
-2.71121
-2.70081
-2.69051
-2.68031
-2.67022
-2.66022
-2.65031
-2.6405
-2.63076
-2.6211
-2.61149
-2.60195
-2.59248
-2.58309
-2.57378
-2.56455
-2.55541
-2.54636
-2.53738
-2.52848
-2.51966
-2.51091
-2.50224
-2.49364
-2.48511
-2.47665
-2.46824
-2.45989
-2.45159
-2.44334
-2.43513
-2.42696
-2.41884
-2.41076
-2.40273
-2.39472
-2.38674
-4.25514
-4.21533
-4.17323
-4.13665
-4.1036
-4.07242
-4.0429
-4.01495
-3.98826
-3.96257
-3.9377
-3.91353
-3.88997
-3.86693
-3.84436
-3.8222
-3.80041
-3.77897
-3.75784
-3.73701
-3.71646
-3.69617
-3.67615
-3.65637
-3.63682
-3.61751
-3.59842
-3.57954
-3.56087
-3.54241
-3.52414
-3.50605
-3.48814
-3.4704
-3.45285
-3.4355
-3.41837
-3.40145
-3.3847
-3.36808
-3.3516
-3.33525
-3.31906
-3.303
-3.28708
-3.2713
-3.25566
-3.24018
-3.22483
-3.20964
-3.19458
-3.17967
-3.1649
-3.15027
-3.13577
-3.1214
-3.10716
-3.09305
-3.07906
-3.0652
-3.05146
-3.03784
-3.02435
-3.01098
-2.99773
-2.9846
-2.97159
-2.9587
-2.94593
-2.93328
-2.92074
-2.90832
-2.89601
-2.88382
-2.87174
-2.85978
-2.84792
-2.83617
-2.82454
-2.81301
-2.80159
-2.79027
-2.77906
-2.76796
-2.75696
-2.74607
-2.73527
-2.72458
-2.71399
-2.7035
-2.69312
-2.68283
-2.67263
-2.66254
-2.65254
-2.64264
-2.63283
-2.62311
-2.61347
-2.60392
-2.59446
-2.58508
-2.57579
-2.56657
-2.55744
-2.54838
-2.5394
-2.53049
-2.52165
-2.51288
-2.50418
-2.49554
-2.48697
-2.47844
-2.46996
-2.46153
-2.45313
-2.44476
-2.4364
-2.42806
-2.41971
-2.41136
-2.40299
-2.39458
-2.38623
-4.26718
-4.23189
-4.18958
-4.15235
-4.119
-4.08755
-4.05757
-4.02897
-4.00158
-3.9752
-3.94968
-3.92491
-3.90079
-3.87724
-3.8542
-3.83162
-3.80945
-3.78766
-3.76622
-3.7451
-3.72429
-3.70377
-3.68352
-3.66354
-3.64381
-3.62432
-3.60506
-3.58603
-3.56722
-3.54861
-3.53021
-3.51201
-3.49401
-3.47619
-3.45855
-3.44107
-3.42375
-3.40658
-3.38959
-3.37281
-3.35626
-3.33993
-3.32382
-3.30791
-3.29211
-3.27641
-3.26082
-3.24536
-3.23002
-3.21481
-3.19973
-3.18476
-3.16991
-3.15519
-3.1406
-3.12615
-3.11184
-3.09767
-3.08363
-3.06973
-3.05596
-3.04232
-3.02879
-3.01539
-3.00211
-2.98895
-2.9759
-2.96297
-2.95015
-2.93745
-2.92487
-2.9124
-2.90005
-2.88782
-2.8757
-2.86369
-2.8518
-2.84002
-2.82836
-2.8168
-2.80536
-2.79402
-2.78279
-2.77167
-2.76065
-2.74974
-2.73893
-2.72823
-2.71762
-2.70711
-2.6967
-2.68639
-2.67617
-2.66605
-2.65601
-2.64607
-2.6362
-2.62642
-2.61672
-2.6071
-2.59756
-2.58809
-2.57871
-2.5694
-2.56017
-2.55101
-2.54192
-2.53291
-2.52397
-2.51509
-2.50627
-2.4975
-2.48879
-2.48012
-2.47149
-2.46288
-2.45429
-2.4457
-2.43711
-2.42848
-2.41982
-2.4111
-2.40228
-2.39332
-2.38447
-4.30308
-4.2698
-4.22227
-4.18056
-4.14465
-4.11142
-4.07984
-4.04974
-4.02102
-3.9935
-3.96702
-3.94143
-3.91661
-3.89246
-3.8689
-3.84587
-3.82331
-3.80118
-3.77944
-3.75807
-3.73702
-3.71629
-3.69586
-3.6757
-3.65581
-3.63617
-3.61677
-3.59761
-3.57867
-3.55995
-3.54144
-3.52313
-3.50501
-3.48709
-3.46935
-3.4518
-3.43442
-3.41721
-3.40016
-3.38326
-3.36649
-3.34984
-3.33331
-3.3169
-3.3007
-3.28471
-3.26892
-3.25333
-3.23792
-3.22272
-3.20774
-3.19294
-3.17827
-3.16368
-3.14917
-3.13476
-3.12047
-3.10628
-3.09218
-3.0782
-3.06434
-3.05061
-3.03702
-3.02356
-3.01023
-2.99703
-2.98395
-2.97099
-2.95815
-2.94543
-2.93282
-2.92032
-2.90793
-2.89565
-2.88348
-2.87142
-2.85946
-2.8476
-2.83585
-2.82421
-2.81267
-2.80124
-2.78991
-2.77869
-2.76757
-2.75656
-2.74565
-2.73484
-2.72413
-2.71352
-2.70301
-2.69259
-2.68228
-2.67205
-2.66192
-2.65187
-2.64192
-2.63205
-2.62226
-2.61255
-2.60292
-2.59337
-2.58389
-2.57448
-2.56514
-2.55586
-2.54665
-2.53749
-2.52839
-2.51934
-2.51033
-2.50136
-2.49242
-2.4835
-2.47459
-2.46568
-2.45676
-2.44781
-2.43881
-2.42976
-2.42062
-2.41137
-2.402
-2.39243
-2.38293
-4.33166
-4.30021
-4.25051
-4.20711
-4.16984
-4.13515
-4.1021
-4.07068
-4.04081
-4.01226
-3.98484
-3.95839
-3.9328
-3.90798
-3.88383
-3.86029
-3.83728
-3.81475
-3.79266
-3.77098
-3.74966
-3.72869
-3.70803
-3.68767
-3.6676
-3.6478
-3.62825
-3.60894
-3.58988
-3.57103
-3.55241
-3.53399
-3.51578
-3.49776
-3.47993
-3.46228
-3.44481
-3.42752
-3.4104
-3.39345
-3.37667
-3.36006
-3.34361
-3.32732
-3.3112
-3.29521
-3.27937
-3.26364
-3.24802
-3.23248
-3.21701
-3.20164
-3.18647
-3.17154
-3.15684
-3.14235
-3.12808
-3.11402
-3.10006
-3.08617
-3.07234
-3.05862
-3.04501
-3.03151
-3.01812
-3.00482
-2.99163
-2.97856
-2.96561
-2.9528
-2.94011
-2.92754
-2.91509
-2.90276
-2.89055
-2.87846
-2.86649
-2.85462
-2.84287
-2.83122
-2.81968
-2.80824
-2.7969
-2.78566
-2.77453
-2.76349
-2.75255
-2.74171
-2.73096
-2.7203
-2.70974
-2.69926
-2.68888
-2.67859
-2.66839
-2.65828
-2.64824
-2.63829
-2.62842
-2.61863
-2.60891
-2.59926
-2.58968
-2.58017
-2.57072
-2.56133
-2.55199
-2.54271
-2.53347
-2.52427
-2.5151
-2.50596
-2.49684
-2.48772
-2.4786
-2.46947
-2.46031
-2.45111
-2.44186
-2.43253
-2.42311
-2.41358
-2.40389
-2.39395
-2.38386
-4.35308
-4.32322
-4.27355
-4.22935
-4.19124
-4.15572
-4.12181
-4.08956
-4.05888
-4.02957
-4.00143
-3.97434
-3.94816
-3.9228
-3.89816
-3.87417
-3.85075
-3.82785
-3.80543
-3.78344
-3.76185
-3.74063
-3.71974
-3.69918
-3.67892
-3.65894
-3.63923
-3.61978
-3.60058
-3.58161
-3.56287
-3.54434
-3.52602
-3.50791
-3.48998
-3.47225
-3.45471
-3.43734
-3.42015
-3.40313
-3.38627
-3.36957
-3.35303
-3.33664
-3.3204
-3.30432
-3.28842
-3.27266
-3.25704
-3.24157
-3.22623
-3.21103
-3.19597
-3.18107
-3.1663
-3.15161
-3.13698
-3.12244
-3.10806
-3.09389
-3.0799
-3.06608
-3.05242
-3.03896
-3.02568
-3.01253
-2.99945
-2.98646
-2.97356
-2.96077
-2.9481
-2.93554
-2.92309
-2.91073
-2.89846
-2.88629
-2.87421
-2.86225
-2.8504
-2.83866
-2.82704
-2.81553
-2.80412
-2.79281
-2.78161
-2.77051
-2.75951
-2.74862
-2.73782
-2.72713
-2.71653
-2.70602
-2.6956
-2.68526
-2.67501
-2.66484
-2.65476
-2.64475
-2.63481
-2.62495
-2.61515
-2.60542
-2.59575
-2.58614
-2.57659
-2.56709
-2.55764
-2.54823
-2.53886
-2.52953
-2.52021
-2.51091
-2.50161
-2.49231
-2.48299
-2.47364
-2.46425
-2.4548
-2.44528
-2.43566
-2.42594
-2.41609
-2.40607
-2.39579
-2.38525
-4.37216
-4.34366
-4.29524
-4.25114
-4.21275
-4.17686
-4.14249
-4.10969
-4.07843
-4.04853
-4.01983
-3.99217
-3.96546
-3.9396
-3.91449
-3.89006
-3.86623
-3.84296
-3.82018
-3.79787
-3.77598
-3.75449
-3.73335
-3.71255
-3.69207
-3.67189
-3.65198
-3.63235
-3.61299
-3.59387
-3.57499
-3.55633
-3.53788
-3.51965
-3.50161
-3.48378
-3.46613
-3.44866
-3.43138
-3.41427
-3.39734
-3.38057
-3.36396
-3.34752
-3.33124
-3.31512
-3.29915
-3.28333
-3.26764
-3.2521
-3.23669
-3.22142
-3.20628
-3.19129
-3.17645
-3.16174
-3.14718
-3.13276
-3.1185
-3.10438
-3.09038
-3.07648
-3.06264
-3.04886
-3.03515
-3.02156
-3.00814
-2.99487
-2.98175
-2.96877
-2.95595
-2.9433
-2.93084
-2.91856
-2.9064
-2.89431
-2.88229
-2.87035
-2.85851
-2.84678
-2.83516
-2.82364
-2.81222
-2.8009
-2.78967
-2.77851
-2.76743
-2.75643
-2.74552
-2.73471
-2.724
-2.71338
-2.70286
-2.69242
-2.68207
-2.6718
-2.66162
-2.65151
-2.64148
-2.63153
-2.62164
-2.61182
-2.60207
-2.59237
-2.58272
-2.57311
-2.56354
-2.554
-2.54453
-2.53513
-2.52571
-2.51626
-2.50679
-2.49733
-2.48785
-2.47833
-2.46876
-2.45911
-2.44938
-2.43954
-2.42957
-2.41946
-2.40915
-2.39856
-2.38758
-4.39031
-4.36223
-4.31553
-4.27219
-4.23394
-4.198
-4.16347
-4.1304
-4.09878
-4.06849
-4.03936
-4.01128
-3.98414
-3.95785
-3.93235
-3.90754
-3.88336
-3.85976
-3.83667
-3.81407
-3.79191
-3.77016
-3.74878
-3.72777
-3.70709
-3.68672
-3.66664
-3.64685
-3.62732
-3.60805
-3.58902
-3.57023
-3.55166
-3.53331
-3.51516
-3.49722
-3.47947
-3.46191
-3.44454
-3.42735
-3.41033
-3.39348
-3.37681
-3.3603
-3.34395
-3.32776
-3.3117
-3.2958
-3.28005
-3.26445
-3.24899
-3.23368
-3.21851
-3.20348
-3.1886
-3.17385
-3.15924
-3.14476
-3.13041
-3.11618
-3.10208
-3.08811
-3.07426
-3.06054
-3.04694
-3.03348
-3.02016
-3.00697
-2.99388
-2.98089
-2.96799
-2.95516
-2.94239
-2.92968
-2.91707
-2.90462
-2.89232
-2.88017
-2.86813
-2.85622
-2.84443
-2.83277
-2.82126
-2.80992
-2.79873
-2.78764
-2.77662
-2.76565
-2.75475
-2.74393
-2.7332
-2.72256
-2.71201
-2.70154
-2.69115
-2.68084
-2.67061
-2.66044
-2.65032
-2.64025
-2.63023
-2.62028
-2.61039
-2.60056
-2.59078
-2.58105
-2.57135
-2.56167
-2.55205
-2.54251
-2.53301
-2.52346
-2.51385
-2.50423
-2.49458
-2.4849
-2.47517
-2.46537
-2.45548
-2.44548
-2.43534
-2.42504
-2.41454
-2.40375
-2.3925
-4.40683
-4.37856
-4.33392
-4.29189
-4.25417
-4.2185
-4.18409
-4.15101
-4.11927
-4.08877
-4.05939
-4.03103
-4.0036
-3.97701
-3.95118
-3.92605
-3.90157
-3.87767
-3.85431
-3.83144
-3.80903
-3.78704
-3.76545
-3.74423
-3.72336
-3.70281
-3.68258
-3.66264
-3.64295
-3.62353
-3.60436
-3.58544
-3.56675
-3.54829
-3.53003
-3.51199
-3.49415
-3.4765
-3.45904
-3.44177
-3.42467
-3.40775
-3.391
-3.37442
-3.358
-3.34174
-3.32563
-3.30968
-3.29387
-3.27821
-3.26269
-3.24733
-3.2321
-3.21702
-3.20208
-3.18727
-3.17261
-3.15808
-3.14368
-3.12942
-3.11529
-3.10128
-3.0874
-3.07364
-3.06
-3.04647
-3.03305
-3.01976
-3.00657
-2.99351
-2.98056
-2.96772
-2.955
-2.9424
-2.92993
-2.91759
-2.90538
-2.89327
-2.88126
-2.86933
-2.8575
-2.84574
-2.83405
-2.8224
-2.81081
-2.79933
-2.78797
-2.77674
-2.76564
-2.75463
-2.74373
-2.73291
-2.7222
-2.71158
-2.70107
-2.69068
-2.68041
-2.67026
-2.66017
-2.65012
-2.6401
-2.63013
-2.6202
-2.61033
-2.6005
-2.59072
-2.58098
-2.57129
-2.56158
-2.55184
-2.54214
-2.53249
-2.52283
-2.51315
-2.50342
-2.49364
-2.48382
-2.47394
-2.46399
-2.45394
-2.44378
-2.43349
-2.42304
-2.41233
-2.40107
-4.4217
-4.39295
-4.35067
-4.31032
-4.27343
-4.23824
-4.20417
-4.17128
-4.13961
-4.10907
-4.07958
-4.05106
-4.02344
-3.99663
-3.97056
-3.94519
-3.92046
-3.89632
-3.87273
-3.84963
-3.82701
-3.80482
-3.78303
-3.76163
-3.74058
-3.71986
-3.69947
-3.67937
-3.65955
-3.64001
-3.62072
-3.60169
-3.58289
-3.56432
-3.54598
-3.52784
-3.50992
-3.49219
-3.47465
-3.45731
-3.44014
-3.42316
-3.40635
-3.38971
-3.37324
-3.35692
-3.34077
-3.32477
-3.30893
-3.29324
-3.27769
-3.26229
-3.24704
-3.23192
-3.21695
-3.20212
-3.18742
-3.17286
-3.15843
-3.14413
-3.12996
-3.11591
-3.10199
-3.08819
-3.07452
-3.06096
-3.04753
-3.03422
-3.02103
-3.00795
-2.99499
-2.98214
-2.9694
-2.95676
-2.94423
-2.93181
-2.91949
-2.90728
-2.89517
-2.88317
-2.87127
-2.85947
-2.84777
-2.83617
-2.82468
-2.8133
-2.80203
-2.79087
-2.7798
-2.76882
-2.75791
-2.74708
-2.73632
-2.72563
-2.71501
-2.70442
-2.69386
-2.68335
-2.67292
-2.66258
-2.65234
-2.64219
-2.6321
-2.62207
-2.6121
-2.60218
-2.59231
-2.58251
-2.57272
-2.5629
-2.55313
-2.54346
-2.53388
-2.52428
-2.51463
-2.50492
-2.49517
-2.48536
-2.47548
-2.46553
-2.45549
-2.44534
-2.43506
-2.42457
-2.41356
-4.43549
-4.40585
-4.36578
-4.32723
-4.29136
-4.25687
-4.22333
-4.19084
-4.15941
-4.12902
-4.09958
-4.07104
-4.04334
-4.01642
-3.99023
-3.96471
-3.93982
-3.91551
-3.89174
-3.86848
-3.84568
-3.82332
-3.80138
-3.77981
-3.75861
-3.73776
-3.71722
-3.697
-3.67706
-3.6574
-3.63801
-3.61887
-3.59998
-3.58132
-3.56288
-3.54467
-3.52666
-3.50886
-3.49126
-3.47385
-3.45663
-3.43959
-3.42272
-3.40603
-3.38951
-3.37316
-3.35697
-3.34093
-3.32506
-3.30934
-3.29377
-3.27835
-3.26306
-3.24792
-3.23292
-3.21806
-3.20334
-3.18875
-3.17429
-3.15997
-3.14577
-3.1317
-3.11776
-3.10394
-3.09025
-3.07667
-3.06322
-3.04988
-3.03666
-3.02355
-3.01055
-2.99767
-2.9849
-2.97224
-2.95969
-2.94726
-2.93493
-2.92271
-2.91059
-2.89858
-2.88667
-2.87485
-2.86313
-2.8515
-2.83996
-2.82851
-2.81716
-2.80589
-2.79472
-2.78363
-2.77263
-2.76172
-2.7509
-2.74015
-2.72949
-2.71891
-2.70841
-2.69799
-2.68766
-2.67741
-2.66724
-2.65713
-2.64707
-2.63706
-2.6271
-2.61718
-2.6073
-2.59745
-2.58762
-2.57778
-2.56794
-2.55809
-2.54824
-2.53841
-2.5286
-2.51881
-2.50903
-2.49923
-2.4894
-2.47954
-2.46963
-2.45967
-2.44964
-2.43951
-2.42906
-4.44866
-4.41778
-4.37962
-4.34286
-4.30811
-4.27443
-4.24157
-4.2096
-4.17857
-4.14845
-4.11919
-4.09076
-4.0631
-4.03618
-4.00995
-3.98436
-3.95938
-3.93496
-3.91107
-3.88768
-3.86475
-3.84227
-3.82019
-3.7985
-3.77717
-3.75619
-3.73554
-3.7152
-3.69516
-3.6754
-3.65591
-3.63668
-3.6177
-3.59895
-3.58044
-3.56215
-3.54408
-3.52621
-3.50854
-3.49107
-3.47379
-3.4567
-3.43979
-3.42305
-3.40648
-3.39009
-3.37385
-3.35778
-3.34187
-3.32611
-3.3105
-3.29504
-3.27973
-3.26456
-3.24953
-3.23464
-3.21989
-3.20528
-3.1908
-3.17645
-3.16223
-3.14814
-3.13418
-3.12034
-3.10662
-3.09303
-3.07955
-3.0662
-3.05296
-3.03983
-3.02682
-3.01393
-3.00114
-2.98847
-2.9759
-2.96344
-2.95109
-2.93884
-2.9267
-2.91465
-2.90271
-2.89086
-2.87912
-2.86747
-2.85591
-2.84445
-2.83309
-2.82182
-2.81065
-2.79956
-2.78857
-2.77765
-2.76682
-2.75607
-2.74539
-2.73478
-2.72425
-2.71378
-2.70338
-2.69305
-2.68279
-2.67259
-2.66245
-2.65236
-2.64234
-2.63236
-2.62244
-2.61257
-2.60273
-2.59293
-2.58317
-2.57345
-2.56377
-2.55413
-2.54453
-2.53495
-2.52539
-2.51584
-2.5063
-2.49675
-2.4872
-2.47766
-2.4681
-2.4585
-2.44864
-4.46125
-4.42908
-4.39268
-4.35762
-4.32398
-4.29112
-4.25896
-4.22757
-4.197
-4.16722
-4.13822
-4.10996
-4.08243
-4.05557
-4.02936
-4.00376
-3.97874
-3.95427
-3.93031
-3.90684
-3.88383
-3.86124
-3.83907
-3.81728
-3.79586
-3.77478
-3.75403
-3.7336
-3.71346
-3.69362
-3.67404
-3.65473
-3.63567
-3.61685
-3.59827
-3.57991
-3.56177
-3.54384
-3.52612
-3.5086
-3.49126
-3.47412
-3.45716
-3.44038
-3.42377
-3.40734
-3.39107
-3.37496
-3.35901
-3.34322
-3.32759
-3.3121
-3.29676
-3.28157
-3.26652
-3.25161
-3.23683
-3.2222
-3.2077
-3.19333
-3.17909
-3.16498
-3.151
-3.13714
-3.12341
-3.1098
-3.09631
-3.08293
-3.06968
-3.05654
-3.04351
-3.0306
-3.01779
-3.0051
-2.99252
-2.98004
-2.96767
-2.95541
-2.94325
-2.93119
-2.91923
-2.90737
-2.89561
-2.88394
-2.87237
-2.86089
-2.84951
-2.83821
-2.827
-2.81589
-2.80485
-2.7939
-2.78303
-2.77225
-2.76154
-2.75091
-2.74036
-2.72988
-2.71948
-2.70915
-2.69889
-2.6887
-2.67858
-2.66852
-2.65852
-2.64857
-2.63868
-2.62883
-2.61904
-2.60928
-2.59957
-2.5899
-2.58027
-2.57068
-2.56113
-2.55161
-2.54214
-2.53271
-2.52333
-2.51399
-2.50472
-2.49552
-2.4864
-2.47736
-2.46822
-4.47346
-4.43997
-4.4051
-4.3716
-4.339
-4.30694
-4.27548
-4.2447
-4.21463
-4.18525
-4.15657
-4.12855
-4.1012
-4.07447
-4.04835
-4.0228
-3.9978
-3.97333
-3.94935
-3.92584
-3.90278
-3.88013
-3.85789
-3.83604
-3.81454
-3.79339
-3.77257
-3.75206
-3.73185
-3.71193
-3.69229
-3.67291
-3.65378
-3.6349
-3.61626
-3.59784
-3.57965
-3.56167
-3.54389
-3.52632
-3.50894
-3.49175
-3.47475
-3.45793
-3.44129
-3.42481
-3.40851
-3.39237
-3.37639
-3.36057
-3.34491
-3.32939
-3.31403
-3.29881
-3.28374
-3.2688
-3.25401
-3.23936
-3.22484
-3.21045
-3.19619
-3.18207
-3.16807
-3.15419
-3.14044
-3.12681
-3.11331
-3.09992
-3.08665
-3.07349
-3.06045
-3.04752
-3.0347
-3.022
-3.0094
-2.99691
-2.98452
-2.97224
-2.96007
-2.94799
-2.93602
-2.92414
-2.91236
-2.90068
-2.88909
-2.87759
-2.86619
-2.85488
-2.84366
-2.83253
-2.82148
-2.81052
-2.79965
-2.78885
-2.77814
-2.7675
-2.75694
-2.74646
-2.73605
-2.7257
-2.71543
-2.70523
-2.69509
-2.68502
-2.67501
-2.66506
-2.65517
-2.64534
-2.63557
-2.62585
-2.61619
-2.60658
-2.59703
-2.58753
-2.57809
-2.56872
-2.5594
-2.55015
-2.54097
-2.53186
-2.52283
-2.51389
-2.50506
-2.49632
-2.48749
-4.48544
-4.45068
-4.4171
-4.38499
-4.35334
-4.32205
-4.29127
-4.2611
-4.23153
-4.20258
-4.17425
-4.14652
-4.11938
-4.09283
-4.06684
-4.04139
-4.01645
-3.99202
-3.96805
-3.94454
-3.92146
-3.8988
-3.87652
-3.85462
-3.83308
-3.81188
-3.791
-3.77044
-3.75018
-3.7302
-3.7105
-3.69107
-3.67189
-3.65295
-3.63426
-3.61579
-3.59755
-3.57952
-3.56171
-3.54409
-3.52667
-3.50945
-3.49241
-3.47555
-3.45887
-3.44237
-3.42603
-3.40986
-3.39386
-3.37801
-3.36232
-3.34678
-3.3314
-3.31616
-3.30106
-3.28611
-3.2713
-3.25662
-3.24209
-3.22768
-3.21341
-3.19926
-3.18525
-3.17136
-3.15759
-3.14395
-3.13043
-3.11703
-3.10374
-3.09057
-3.07752
-3.06458
-3.05175
-3.03902
-3.02641
-3.01391
-3.00151
-2.98922
-2.97702
-2.96494
-2.95295
-2.94106
-2.92926
-2.91757
-2.90597
-2.89446
-2.88304
-2.87172
-2.86049
-2.84934
-2.83828
-2.8273
-2.81641
-2.8056
-2.79488
-2.78423
-2.77366
-2.76317
-2.75275
-2.7424
-2.73213
-2.72194
-2.71181
-2.70175
-2.69176
-2.68183
-2.67197
-2.66218
-2.65244
-2.64277
-2.63316
-2.62362
-2.61414
-2.60472
-2.59536
-2.58608
-2.57686
-2.56772
-2.55865
-2.54967
-2.54078
-2.53199
-2.52331
-2.5147
-2.5061
-4.49729
-4.46131
-4.42882
-4.39793
-4.36714
-4.33655
-4.30643
-4.27683
-4.24777
-4.21925
-4.19128
-4.16386
-4.13698
-4.11063
-4.0848
-4.05948
-4.03465
-4.01028
-3.98637
-3.96289
-3.93983
-3.91716
-3.89488
-3.87296
-3.8514
-3.83017
-3.80926
-3.78866
-3.76836
-3.74835
-3.7286
-3.70913
-3.68991
-3.67093
-3.6522
-3.63369
-3.61541
-3.59735
-3.57949
-3.56184
-3.54439
-3.52713
-3.51006
-3.49317
-3.47647
-3.45993
-3.44357
-3.42738
-3.41135
-3.39548
-3.37976
-3.3642
-3.34879
-3.33354
-3.31842
-3.30345
-3.28862
-3.27393
-3.25938
-3.24496
-3.23067
-3.21651
-3.20248
-3.18858
-3.1748
-3.16114
-3.1476
-3.13419
-3.12089
-3.10771
-3.09464
-3.08169
-3.06884
-3.05611
-3.04349
-3.03097
-3.01856
-3.00625
-2.99405
-2.98195
-2.96995
-2.95805
-2.94624
-2.93453
-2.92292
-2.9114
-2.89998
-2.88864
-2.87739
-2.86624
-2.85517
-2.84419
-2.83329
-2.82247
-2.81174
-2.80109
-2.79051
-2.78002
-2.7696
-2.75926
-2.74899
-2.7388
-2.72868
-2.71863
-2.70865
-2.69874
-2.6889
-2.67913
-2.66943
-2.6598
-2.65023
-2.64073
-2.63131
-2.62195
-2.61267
-2.60346
-2.59433
-2.58528
-2.57632
-2.56744
-2.55866
-2.54997
-2.54139
-2.53288
-2.52443
-4.50906
-4.47199
-4.44036
-4.41052
-4.38051
-4.35057
-4.32104
-4.29199
-4.26342
-4.23532
-4.20771
-4.18061
-4.15399
-4.12787
-4.10224
-4.07707
-4.05236
-4.02809
-4.00426
-3.98083
-3.95781
-3.93518
-3.91291
-3.891
-3.86943
-3.84819
-3.82727
-3.80665
-3.78633
-3.76629
-3.74652
-3.72702
-3.70777
-3.68876
-3.67
-3.65146
-3.63315
-3.61506
-3.59717
-3.5795
-3.56202
-3.54473
-3.52763
-3.51072
-3.49399
-3.47743
-3.46105
-3.44483
-3.42878
-3.41289
-3.39716
-3.38158
-3.36615
-3.35088
-3.33574
-3.32076
-3.30591
-3.29121
-3.27664
-3.2622
-3.2479
-3.23373
-3.21969
-3.20577
-3.19198
-3.17831
-3.16476
-3.15134
-3.13803
-3.12483
-3.11175
-3.09879
-3.08593
-3.07319
-3.06056
-3.04803
-3.03561
-3.02329
-3.01108
-2.99896
-2.98695
-2.97504
-2.96323
-2.95151
-2.93988
-2.92836
-2.91692
-2.90558
-2.89432
-2.88316
-2.87208
-2.86109
-2.85018
-2.83936
-2.82862
-2.81797
-2.80739
-2.7969
-2.78648
-2.77614
-2.76588
-2.75569
-2.74558
-2.73555
-2.72558
-2.71569
-2.70588
-2.69613
-2.68646
-2.67686
-2.66734
-2.65789
-2.64851
-2.63921
-2.62998
-2.62084
-2.61177
-2.60279
-2.59389
-2.58508
-2.57637
-2.56775
-2.55923
-2.55078
-2.54239
-4.5207
-4.48267
-4.45181
-4.42286
-4.39353
-4.36416
-4.33518
-4.30664
-4.27852
-4.25083
-4.22358
-4.19679
-4.17046
-4.14457
-4.11914
-4.09414
-4.06957
-4.04543
-4.02169
-3.99835
-3.97539
-3.9528
-3.93057
-3.90869
-3.88714
-3.86591
-3.84499
-3.82437
-3.80404
-3.78399
-3.76421
-3.74469
-3.72542
-3.7064
-3.68761
-3.66906
-3.65073
-3.63261
-3.61471
-3.59701
-3.57951
-3.5622
-3.54508
-3.52815
-3.5114
-3.49482
-3.47842
-3.46219
-3.44612
-3.43021
-3.41446
-3.39887
-3.38343
-3.36814
-3.35299
-3.33799
-3.32313
-3.30841
-3.29383
-3.27939
-3.26507
-3.25089
-3.23683
-3.22291
-3.2091
-3.19543
-3.18187
-3.16843
-3.15511
-3.14191
-3.12882
-3.11584
-3.10298
-3.09023
-3.07758
-3.06504
-3.05261
-3.04029
-3.02806
-3.01594
-3.00392
-2.992
-2.98018
-2.96845
-2.95682
-2.94528
-2.93384
-2.92249
-2.91122
-2.90005
-2.88897
-2.87797
-2.86706
-2.85624
-2.8455
-2.83484
-2.82426
-2.81377
-2.80336
-2.79302
-2.78277
-2.77259
-2.76249
-2.75246
-2.74251
-2.73264
-2.72284
-2.71312
-2.70347
-2.6939
-2.68441
-2.67499
-2.66565
-2.65639
-2.64721
-2.63811
-2.62909
-2.62015
-2.6113
-2.60255
-2.59388
-2.5853
-2.57683
-2.56841
-2.56005
-4.53223
-4.49337
-4.46317
-4.435
-4.40625
-4.3774
-4.34892
-4.32084
-4.29314
-4.26584
-4.23894
-4.21246
-4.18639
-4.16075
-4.13553
-4.11071
-4.0863
-4.06229
-4.03867
-4.01542
-3.99254
-3.97002
-3.94784
-3.926
-3.90448
-3.88328
-3.86238
-3.84177
-3.82145
-3.8014
-3.78162
-3.7621
-3.74282
-3.72379
-3.705
-3.68643
-3.66809
-3.64996
-3.63204
-3.61432
-3.59681
-3.57949
-3.56236
-3.54541
-3.52864
-3.51205
-3.49564
-3.47939
-3.46331
-3.44739
-3.43163
-3.41602
-3.40057
-3.38526
-3.37011
-3.3551
-3.34023
-3.3255
-3.3109
-3.29645
-3.28212
-3.26793
-3.25387
-3.23993
-3.22612
-3.21243
-3.19886
-3.18542
-3.17209
-3.15888
-3.14578
-3.1328
-3.11992
-3.10716
-3.09451
-3.08196
-3.06952
-3.05719
-3.04496
-3.03283
-3.0208
-3.00887
-2.99704
-2.98531
-2.97367
-2.96212
-2.95067
-2.93931
-2.92805
-2.91687
-2.90578
-2.89478
-2.88387
-2.87304
-2.8623
-2.85164
-2.84107
-2.83057
-2.82016
-2.80983
-2.79958
-2.78941
-2.77932
-2.7693
-2.75937
-2.74951
-2.73973
-2.73002
-2.7204
-2.71085
-2.70138
-2.69199
-2.68268
-2.67345
-2.6643
-2.65523
-2.64624
-2.63734
-2.62853
-2.6198
-2.61116
-2.60261
-2.59416
-2.58576
-2.57741
-4.54359
-4.50405
-4.47446
-4.44696
-4.41873
-4.39034
-4.36231
-4.33466
-4.30735
-4.28041
-4.25384
-4.22766
-4.20186
-4.17646
-4.15145
-4.12682
-4.10258
-4.07871
-4.05522
-4.03208
-4.0093
-3.98685
-3.96474
-3.94296
-3.92149
-3.90032
-3.87946
-3.85887
-3.83857
-3.81854
-3.79877
-3.77925
-3.75998
-3.74095
-3.72216
-3.70359
-3.68524
-3.66711
-3.64918
-3.63146
-3.61394
-3.59661
-3.57947
-3.56252
-3.54574
-3.52914
-3.51272
-3.49646
-3.48037
-3.46444
-3.44867
-3.43305
-3.41759
-3.40228
-3.38711
-3.37209
-3.35722
-3.34248
-3.32788
-3.31341
-3.29908
-3.28488
-3.27081
-3.25687
-3.24305
-3.22935
-3.21578
-3.20232
-3.18899
-3.17577
-3.16266
-3.14967
-3.13679
-3.12402
-3.11136
-3.09881
-3.08636
-3.07402
-3.06178
-3.04964
-3.03761
-3.02567
-3.01383
-3.00209
-2.99045
-2.9789
-2.96744
-2.95608
-2.94481
-2.93363
-2.92253
-2.91153
-2.90061
-2.88978
-2.87904
-2.86838
-2.85781
-2.84731
-2.8369
-2.82658
-2.81633
-2.80617
-2.79608
-2.78607
-2.77615
-2.7663
-2.75653
-2.74684
-2.73723
-2.7277
-2.71825
-2.70888
-2.69959
-2.69038
-2.68125
-2.6722
-2.66324
-2.65436
-2.64556
-2.63685
-2.62823
-2.61969
-2.61124
-2.60284
-2.5945
-4.55469
-4.51463
-4.48561
-4.4587
-4.43092
-4.40294
-4.3753
-4.34803
-4.32108
-4.29447
-4.26821
-4.24231
-4.21677
-4.19161
-4.16681
-4.14237
-4.1183
-4.09458
-4.07122
-4.0482
-4.02552
-4.00317
-3.98114
-3.95942
-3.93801
-3.9169
-3.89607
-3.87553
-3.85525
-3.83525
-3.8155
-3.796
-3.77675
-3.75773
-3.73894
-3.72038
-3.70203
-3.6839
-3.66598
-3.64826
-3.63074
-3.61341
-3.59626
-3.57931
-3.56253
-3.54592
-3.52949
-3.51323
-3.49714
-3.4812
-3.46543
-3.44981
-3.43434
-3.41902
-3.40385
-3.38883
-3.37395
-3.3592
-3.3446
-3.33013
-3.31579
-3.30159
-3.28751
-3.27356
-3.25973
-3.24603
-3.23245
-3.21899
-3.20565
-3.19243
-3.17932
-3.16632
-3.15344
-3.14066
-3.12799
-3.11544
-3.10298
-3.09064
-3.07839
-3.06625
-3.05421
-3.04227
-3.03043
-3.01868
-3.00703
-2.99548
-2.98402
-2.97265
-2.96138
-2.95019
-2.9391
-2.92809
-2.91717
-2.90634
-2.8956
-2.88494
-2.87437
-2.86388
-2.85347
-2.84315
-2.8329
-2.82274
-2.81266
-2.80267
-2.79275
-2.78291
-2.77315
-2.76347
-2.75388
-2.74436
-2.73492
-2.72556
-2.71629
-2.70709
-2.69797
-2.68894
-2.67999
-2.67112
-2.66234
-2.65364
-2.64502
-2.63649
-2.62804
-2.61964
-2.61129
-4.56626
-4.5258
-4.49724
-4.47085
-4.44347
-4.41585
-4.38857
-4.36165
-4.33503
-4.30872
-4.28275
-4.25711
-4.23182
-4.20687
-4.18227
-4.15802
-4.13412
-4.11055
-4.08732
-4.06442
-4.04184
-4.01958
-3.99763
-3.97599
-3.95464
-3.93358
-3.9128
-3.8923
-3.87206
-3.85208
-3.83236
-3.81288
-3.79364
-3.77464
-3.75586
-3.73731
-3.71897
-3.70085
-3.68293
-3.66521
-3.64768
-3.63035
-3.61321
-3.59625
-3.57946
-3.56286
-3.54642
-3.53016
-3.51405
-3.49811
-3.48233
-3.46671
-3.45123
-3.43591
-3.42073
-3.4057
-3.39081
-3.37606
-3.36145
-3.34697
-3.33262
-3.31841
-3.30433
-3.29037
-3.27654
-3.26283
-3.24924
-3.23577
-3.22242
-3.20919
-3.19607
-3.18306
-3.17017
-3.15739
-3.14471
-3.13215
-3.11969
-3.10733
-3.09508
-3.08293
-3.07088
-3.05893
-3.04708
-3.03533
-3.02367
-3.01211
-3.00064
-2.98927
-2.97799
-2.9668
-2.9557
-2.94468
-2.93376
-2.92293
-2.91218
-2.90151
-2.89094
-2.88044
-2.87004
-2.85971
-2.84947
-2.83931
-2.82923
-2.81923
-2.80932
-2.79948
-2.78973
-2.78005
-2.77046
-2.76095
-2.75152
-2.74216
-2.73289
-2.7237
-2.71459
-2.70556
-2.69661
-2.68774
-2.67896
-2.67026
-2.66164
-2.6531
-2.64464
-2.63622
-2.62786
-4.57688
-4.53557
-4.50704
-4.481
-4.45396
-4.42665
-4.39968
-4.37307
-4.34677
-4.32077
-4.29508
-4.26972
-4.24469
-4.21999
-4.19561
-4.17157
-4.14786
-4.12448
-4.10141
-4.07867
-4.05623
-4.0341
-4.01227
-3.99073
-3.96948
-3.94851
-3.92781
-3.90738
-3.88722
-3.8673
-3.84763
-3.82821
-3.80902
-3.79006
-3.77132
-3.75281
-3.7345
-3.71641
-3.69852
-3.68083
-3.66333
-3.64602
-3.6289
-3.61196
-3.5952
-3.57861
-3.56219
-3.54594
-3.52986
-3.51393
-3.49816
-3.48255
-3.46709
-3.45178
-3.43661
-3.42159
-3.40671
-3.39197
-3.37737
-3.3629
-3.34856
-3.33435
-3.32028
-3.30633
-3.2925
-3.2788
-3.26522
-3.25176
-3.23841
-3.22518
-3.21207
-3.19907
-3.18618
-3.1734
-3.16073
-3.14817
-3.13571
-3.12336
-3.11111
-3.09897
-3.08692
-3.07497
-3.06313
-3.05138
-3.03972
-3.02816
-3.0167
-3.00533
-2.99405
-2.98286
-2.97176
-2.96076
-2.94984
-2.93901
-2.92826
-2.9176
-2.90703
-2.89654
-2.88614
-2.87582
-2.86558
-2.85543
-2.84536
-2.83537
-2.82546
-2.81563
-2.80589
-2.79622
-2.78664
-2.77713
-2.76771
-2.75836
-2.7491
-2.73991
-2.73081
-2.72178
-2.71284
-2.70397
-2.69519
-2.68648
-2.67786
-2.66931
-2.66084
-2.6524
-2.64402
-2.35774
-2.32043
-2.28524
-2.25234
-2.22145
-2.19237
-2.16488
-2.13884
-2.11416
-2.09072
-2.06845
-2.04727
-2.02712
-2.00793
-1.98962
-1.97213
-1.9554
-1.93939
-1.92405
-1.90934
-1.89524
-1.8817
-1.86871
-1.85622
-1.84422
-1.83267
-1.82157
-1.81087
-1.80056
-1.79062
-1.78103
-1.77179
-1.76286
-1.75424
-1.74592
-1.73787
-1.73009
-1.72258
-1.71531
-1.70829
-1.70149
-1.6949
-1.68852
-1.68235
-1.67639
-1.67063
-1.66509
-1.65976
-1.65463
-1.64972
-1.64501
-1.64051
-1.63622
-1.63211
-1.62819
-1.62444
-1.62082
-1.61732
-1.61389
-1.61048
-1.60703
-1.60348
-1.59972
-1.59566
-1.59128
-1.58644
-1.58103
-1.5749
-1.5679
-1.55993
-1.55086
-1.53985
-1.52444
-1.50421
-1.49281
-2.36006
-2.32232
-2.28697
-2.25405
-2.22316
-2.1941
-2.16663
-2.14062
-2.11595
-2.09253
-2.07027
-2.04909
-2.02894
-2.00974
-1.99143
-1.97393
-1.95719
-1.94117
-1.92582
-1.9111
-1.89698
-1.88343
-1.87042
-1.85791
-1.84589
-1.83433
-1.8232
-1.81248
-1.80215
-1.79219
-1.78258
-1.7733
-1.76435
-1.75571
-1.74735
-1.73928
-1.73147
-1.72392
-1.71661
-1.70953
-1.70269
-1.69607
-1.68966
-1.68345
-1.67746
-1.67166
-1.66608
-1.66069
-1.65551
-1.65054
-1.64576
-1.64118
-1.63681
-1.63263
-1.62864
-1.62484
-1.6212
-1.61771
-1.61435
-1.61109
-1.6079
-1.60473
-1.60154
-1.59827
-1.59482
-1.59117
-1.58725
-1.583
-1.57835
-1.57329
-1.56793
-1.56191
-1.55402
-1.5442
-1.53662
-2.36218
-2.32447
-2.28846
-2.25522
-2.22414
-2.19495
-2.16737
-2.14128
-2.11655
-2.09307
-2.07076
-2.04953
-2.02933
-2.01012
-1.99179
-1.97427
-1.95751
-1.94146
-1.92609
-1.91135
-1.89721
-1.88363
-1.87059
-1.85806
-1.84601
-1.83443
-1.82328
-1.81253
-1.80217
-1.79218
-1.78255
-1.77326
-1.76429
-1.75563
-1.74726
-1.73917
-1.73134
-1.72378
-1.71646
-1.70938
-1.70253
-1.69589
-1.68947
-1.68325
-1.67723
-1.67142
-1.66579
-1.66037
-1.65513
-1.65009
-1.64524
-1.64057
-1.6361
-1.63181
-1.6277
-1.62377
-1.62
-1.61639
-1.6129
-1.60953
-1.60623
-1.60297
-1.59969
-1.59635
-1.59288
-1.58924
-1.58539
-1.58129
-1.57689
-1.57219
-1.56729
-1.56241
-1.5578
-1.55369
-1.55035
-2.36252
-2.32661
-2.29011
-2.25641
-2.22512
-2.19573
-2.16799
-2.14175
-2.11691
-2.09334
-2.07095
-2.04966
-2.02941
-2.01017
-1.99182
-1.97429
-1.95751
-1.94146
-1.92608
-1.91133
-1.89719
-1.88361
-1.87057
-1.85803
-1.84599
-1.83442
-1.82329
-1.81255
-1.80221
-1.79223
-1.7826
-1.7733
-1.76432
-1.75565
-1.74727
-1.73919
-1.73137
-1.72382
-1.71651
-1.70944
-1.7026
-1.69598
-1.68956
-1.68334
-1.67732
-1.67148
-1.66583
-1.66036
-1.65507
-1.64997
-1.64504
-1.64029
-1.63572
-1.63134
-1.62713
-1.62312
-1.61929
-1.61564
-1.61218
-1.6089
-1.60579
-1.60283
-1.60002
-1.59733
-1.5947
-1.59207
-1.58937
-1.58653
-1.58348
-1.58015
-1.57648
-1.57243
-1.56827
-1.56449
-1.56046
-2.36215
-2.32906
-2.2923
-2.25801
-2.22649
-2.1969
-2.16897
-2.14257
-2.11758
-2.0939
-2.07142
-2.05006
-2.02974
-2.0104
-1.99195
-1.97432
-1.95749
-1.94139
-1.92597
-1.9112
-1.89703
-1.88343
-1.87037
-1.85782
-1.84577
-1.83419
-1.82305
-1.81231
-1.80196
-1.79197
-1.78234
-1.77304
-1.76407
-1.7554
-1.74703
-1.73895
-1.73115
-1.7236
-1.71631
-1.70925
-1.70242
-1.6958
-1.68938
-1.68317
-1.67714
-1.6713
-1.66565
-1.66017
-1.65486
-1.64971
-1.64473
-1.63992
-1.63527
-1.63081
-1.62651
-1.62241
-1.61849
-1.61476
-1.61122
-1.60788
-1.60472
-1.60174
-1.59892
-1.59624
-1.59367
-1.59118
-1.58871
-1.58623
-1.5837
-1.58106
-1.57824
-1.57518
-1.57192
-1.56857
-1.56413
-2.36203
-2.333
-2.29536
-2.26003
-2.22819
-2.19838
-2.17019
-2.14356
-2.11836
-2.09448
-2.07182
-2.0503
-2.02984
-2.01038
-1.99185
-1.97416
-1.95726
-1.94109
-1.92562
-1.91079
-1.89658
-1.88294
-1.86985
-1.85728
-1.8452
-1.8336
-1.82243
-1.81166
-1.80128
-1.79128
-1.78162
-1.77232
-1.76334
-1.75468
-1.74632
-1.73825
-1.73045
-1.72292
-1.71565
-1.70861
-1.70181
-1.69523
-1.68886
-1.68268
-1.67669
-1.67088
-1.66524
-1.65978
-1.65447
-1.64933
-1.64435
-1.63954
-1.6349
-1.63044
-1.62616
-1.62207
-1.61817
-1.61448
-1.611
-1.60773
-1.60466
-1.60181
-1.59916
-1.59668
-1.59436
-1.59216
-1.59004
-1.58795
-1.58583
-1.58363
-1.58125
-1.57857
-1.57545
-1.57165
-1.56559
-2.36428
-2.34015
-2.3006
-2.26409
-2.23193
-2.20186
-2.17339
-2.14651
-2.12111
-2.09704
-2.0742
-2.05251
-2.03188
-2.01224
-1.99352
-1.97565
-1.95858
-1.94225
-1.92663
-1.91166
-1.89732
-1.88355
-1.87035
-1.85766
-1.84548
-1.83377
-1.82251
-1.81168
-1.80125
-1.7912
-1.78151
-1.77216
-1.76315
-1.75444
-1.74604
-1.73793
-1.7301
-1.72253
-1.71523
-1.70819
-1.70138
-1.6948
-1.68843
-1.68226
-1.67626
-1.67044
-1.6648
-1.65933
-1.65402
-1.64888
-1.6439
-1.63908
-1.63443
-1.62996
-1.62566
-1.62154
-1.61761
-1.61387
-1.61033
-1.607
-1.60386
-1.60094
-1.59821
-1.59568
-1.59333
-1.59116
-1.58916
-1.5873
-1.58557
-1.58397
-1.58251
-1.58104
-1.57929
-1.5769
-1.57076
-2.36707
-2.34631
-2.30603
-2.26841
-2.23582
-2.20549
-2.17675
-2.14961
-2.12397
-2.09969
-2.07666
-2.05478
-2.03398
-2.01416
-1.99528
-1.97727
-1.96006
-1.9436
-1.92787
-1.9128
-1.89834
-1.88448
-1.8712
-1.85843
-1.84617
-1.83437
-1.82302
-1.8121
-1.80158
-1.79144
-1.78167
-1.77226
-1.76318
-1.75443
-1.74598
-1.73783
-1.72996
-1.72237
-1.71504
-1.70796
-1.70112
-1.69451
-1.68811
-1.68191
-1.6759
-1.67008
-1.66443
-1.65897
-1.65367
-1.64854
-1.64358
-1.63879
-1.63417
-1.62972
-1.62544
-1.62135
-1.61743
-1.6137
-1.61016
-1.60681
-1.60366
-1.60069
-1.5979
-1.59529
-1.59284
-1.59054
-1.58838
-1.58632
-1.58434
-1.58242
-1.58053
-1.57874
-1.57711
-1.57549
-1.56989
-2.37086
-2.35277
-2.31215
-2.27312
-2.23987
-2.20916
-2.18007
-2.15259
-2.12666
-2.10212
-2.07885
-2.05675
-2.03573
-2.0157
-1.99662
-1.97843
-1.96102
-1.9444
-1.92854
-1.91335
-1.89878
-1.88481
-1.8714
-1.85854
-1.8462
-1.83434
-1.82295
-1.81197
-1.80138
-1.79119
-1.78137
-1.7719
-1.76278
-1.75398
-1.74549
-1.73729
-1.72937
-1.72173
-1.71436
-1.70724
-1.70035
-1.6937
-1.68727
-1.68104
-1.67501
-1.66917
-1.66353
-1.65806
-1.65277
-1.64765
-1.6427
-1.63792
-1.63331
-1.62886
-1.6246
-1.6205
-1.61658
-1.61284
-1.60928
-1.6059
-1.6027
-1.59968
-1.59683
-1.59413
-1.5916
-1.5892
-1.58693
-1.58479
-1.58274
-1.58078
-1.57886
-1.57702
-1.57541
-1.57416
-1.56896
-2.37636
-2.36006
-2.31938
-2.27939
-2.2454
-2.21425
-2.18466
-2.15671
-2.13037
-2.10545
-2.08183
-2.05943
-2.03814
-2.01783
-1.9985
-1.98013
-1.96256
-1.94578
-1.92975
-1.9144
-1.89969
-1.88557
-1.87201
-1.859
-1.84652
-1.83453
-1.82301
-1.81193
-1.80128
-1.791
-1.78109
-1.77155
-1.76234
-1.75347
-1.74491
-1.73664
-1.72865
-1.72095
-1.71353
-1.70635
-1.69939
-1.69268
-1.68622
-1.67996
-1.67391
-1.66806
-1.66239
-1.65691
-1.6516
-1.64646
-1.6415
-1.63671
-1.63208
-1.62762
-1.62334
-1.61922
-1.61528
-1.6115
-1.60789
-1.60445
-1.6012
-1.59814
-1.59521
-1.59242
-1.58977
-1.58726
-1.58486
-1.58258
-1.5804
-1.57831
-1.57628
-1.57431
-1.57261
-1.57158
-1.5668
-2.38463
-2.36847
-2.328
-2.28725
-2.25242
-2.22072
-2.1907
-2.16232
-2.13557
-2.11028
-2.0863
-2.06353
-2.04187
-2.02128
-2.00165
-1.98286
-1.96495
-1.94784
-1.93149
-1.91589
-1.90096
-1.88665
-1.87292
-1.85974
-1.84711
-1.83497
-1.82332
-1.81211
-1.80133
-1.79095
-1.78096
-1.77133
-1.76205
-1.7531
-1.74447
-1.73612
-1.72803
-1.72024
-1.71277
-1.70554
-1.69855
-1.69177
-1.68521
-1.67888
-1.67277
-1.66686
-1.66115
-1.65562
-1.65028
-1.6451
-1.6401
-1.63526
-1.63059
-1.62609
-1.62176
-1.61759
-1.61359
-1.60975
-1.60605
-1.60249
-1.59912
-1.59598
-1.593
-1.59008
-1.58723
-1.58451
-1.58191
-1.57943
-1.57703
-1.57472
-1.57245
-1.57022
-1.56821
-1.56693
-1.56247
-2.39614
-2.37854
-2.33853
-2.29738
-2.26175
-2.22941
-2.19884
-2.16993
-2.14263
-2.11683
-2.09237
-2.06915
-2.04709
-2.02617
-2.00622
-1.98714
-1.96896
-1.9516
-1.93497
-1.91905
-1.9038
-1.88921
-1.87522
-1.86181
-1.84893
-1.83656
-1.8247
-1.81331
-1.80236
-1.79182
-1.78166
-1.77187
-1.76244
-1.75336
-1.7446
-1.73616
-1.72802
-1.72016
-1.71256
-1.70521
-1.69811
-1.6912
-1.68445
-1.67793
-1.67165
-1.6656
-1.65977
-1.65413
-1.64869
-1.64343
-1.63834
-1.63343
-1.62868
-1.62409
-1.61966
-1.61539
-1.61127
-1.6073
-1.60346
-1.59972
-1.59615
-1.59283
-1.5897
-1.58668
-1.58367
-1.58067
-1.57778
-1.57497
-1.57224
-1.56956
-1.56691
-1.56423
-1.56172
-1.55981
-1.55551
-2.41069
-2.39043
-2.35107
-2.30995
-2.27368
-2.24069
-2.20956
-2.18008
-2.15223
-2.12588
-2.10091
-2.0772
-2.05468
-2.03327
-2.01289
-1.99349
-1.975
-1.95731
-1.94035
-1.92408
-1.90851
-1.8936
-1.87931
-1.8656
-1.85243
-1.83977
-1.82759
-1.81585
-1.80457
-1.79372
-1.78328
-1.77322
-1.76353
-1.75422
-1.74526
-1.73664
-1.72836
-1.72032
-1.7125
-1.70498
-1.69773
-1.69071
-1.68392
-1.67735
-1.671
-1.66486
-1.65892
-1.65315
-1.64757
-1.64217
-1.63695
-1.6319
-1.62702
-1.6223
-1.61773
-1.6133
-1.60903
-1.60491
-1.60094
-1.59711
-1.59333
-1.58958
-1.58593
-1.58245
-1.57913
-1.57588
-1.57268
-1.56953
-1.56642
-1.56335
-1.5603
-1.55728
-1.55432
-1.55169
-1.54733
-2.42798
-2.40397
-2.36505
-2.32423
-2.28754
-2.25401
-2.22241
-2.19245
-2.16409
-2.13723
-2.11178
-2.0876
-2.06462
-2.04275
-2.02192
-2.00207
-1.98312
-1.96498
-1.94759
-1.93092
-1.91495
-1.89966
-1.885
-1.87093
-1.85741
-1.84441
-1.83192
-1.8199
-1.80835
-1.79723
-1.78653
-1.77622
-1.76628
-1.75668
-1.74741
-1.73848
-1.72988
-1.72157
-1.71355
-1.70581
-1.69837
-1.69122
-1.68438
-1.67777
-1.67135
-1.66507
-1.65895
-1.65302
-1.64727
-1.64168
-1.63626
-1.63101
-1.62591
-1.62097
-1.61618
-1.61153
-1.60702
-1.60266
-1.59844
-1.59437
-1.59031
-1.5862
-1.58215
-1.5782
-1.57443
-1.57082
-1.56723
-1.56365
-1.56009
-1.55655
-1.55302
-1.54952
-1.54602
-1.54266
-1.5383
-2.4465
-2.41928
-2.38035
-2.33963
-2.30253
-2.26849
-2.23647
-2.20611
-2.17733
-2.15006
-2.12418
-2.09959
-2.07618
-2.05387
-2.0326
-2.01231
-1.99293
-1.97438
-1.95661
-1.93957
-1.92324
-1.90759
-1.89257
-1.87815
-1.8643
-1.85097
-1.83816
-1.82583
-1.81397
-1.80255
-1.79155
-1.78095
-1.77072
-1.76086
-1.75135
-1.74219
-1.73335
-1.72482
-1.71657
-1.7086
-1.70091
-1.69347
-1.68626
-1.67927
-1.67248
-1.66591
-1.65953
-1.65336
-1.64737
-1.64159
-1.63598
-1.63053
-1.6252
-1.61999
-1.61492
-1.60998
-1.60517
-1.60047
-1.59589
-1.59143
-1.58703
-1.58269
-1.57841
-1.57419
-1.57004
-1.56592
-1.56182
-1.55771
-1.55359
-1.54944
-1.54525
-1.54101
-1.53673
-1.53249
-1.52805
-2.46515
-2.43542
-2.39615
-2.35567
-2.31845
-2.28405
-2.25152
-2.22064
-2.19141
-2.16372
-2.13747
-2.11253
-2.08877
-2.0661
-2.04447
-2.02381
-2.00406
-1.98516
-1.96704
-1.94965
-1.93297
-1.91696
-1.90158
-1.88681
-1.87261
-1.85895
-1.84581
-1.83315
-1.82096
-1.80921
-1.79789
-1.78697
-1.77643
-1.76627
-1.75645
-1.74698
-1.73782
-1.72898
-1.72042
-1.71215
-1.70415
-1.69641
-1.68892
-1.68166
-1.67462
-1.66778
-1.66113
-1.65469
-1.64844
-1.64238
-1.63649
-1.63075
-1.62515
-1.61971
-1.61436
-1.60911
-1.60397
-1.59894
-1.59401
-1.58916
-1.58439
-1.57967
-1.57498
-1.57033
-1.56569
-1.56107
-1.55643
-1.55176
-1.54704
-1.54226
-1.53738
-1.5324
-1.52731
-1.52212
-1.51716
-2.48374
-2.45221
-2.41233
-2.37186
-2.33445
-2.29968
-2.2668
-2.23563
-2.2061
-2.1781
-2.15145
-2.12605
-2.10186
-2.07881
-2.05681
-2.0358
-2.01572
-1.99651
-1.97808
-1.96039
-1.9434
-1.92709
-1.9114
-1.89633
-1.88182
-1.86786
-1.85442
-1.84147
-1.82898
-1.81693
-1.8053
-1.79408
-1.78325
-1.77278
-1.76267
-1.75289
-1.74344
-1.7343
-1.72545
-1.71688
-1.70858
-1.70054
-1.69274
-1.68517
-1.67782
-1.67067
-1.66372
-1.65696
-1.65038
-1.64395
-1.63769
-1.63161
-1.62569
-1.61989
-1.61423
-1.60866
-1.60316
-1.59775
-1.59242
-1.58715
-1.58195
-1.5768
-1.57168
-1.56657
-1.56146
-1.55632
-1.55115
-1.54591
-1.54059
-1.53517
-1.5296
-1.52387
-1.51797
-1.51185
-1.50589
-2.50208
-2.46933
-2.42876
-2.38813
-2.35053
-2.31543
-2.28221
-2.25069
-2.2208
-2.19242
-2.16542
-2.13971
-2.11523
-2.09189
-2.06959
-2.04827
-2.02783
-2.00822
-1.98942
-1.97139
-1.95408
-1.93745
-1.92147
-1.90609
-1.89128
-1.87703
-1.86331
-1.85008
-1.83732
-1.82499
-1.81308
-1.80158
-1.79046
-1.77971
-1.76931
-1.75925
-1.7495
-1.74007
-1.73092
-1.72206
-1.71346
-1.70511
-1.69701
-1.68913
-1.68147
-1.67401
-1.66675
-1.65967
-1.65277
-1.64604
-1.63947
-1.63304
-1.62677
-1.62061
-1.61457
-1.60863
-1.60278
-1.597
-1.59129
-1.58564
-1.58003
-1.57445
-1.56889
-1.56333
-1.55776
-1.55215
-1.54649
-1.54075
-1.53491
-1.52894
-1.52282
-1.51651
-1.50999
-1.50319
-1.4963
-2.52011
-2.48659
-2.44531
-2.40442
-2.36659
-2.33118
-2.29762
-2.26577
-2.23553
-2.20681
-2.17948
-2.15344
-2.12862
-2.10492
-2.08228
-2.0606
-2.03984
-2.01993
-2.00085
-1.98254
-1.96496
-1.94805
-1.93178
-1.91611
-1.90102
-1.88646
-1.87241
-1.85884
-1.84575
-1.83312
-1.82092
-1.80912
-1.79771
-1.78667
-1.77598
-1.76562
-1.75559
-1.74586
-1.73642
-1.72726
-1.71836
-1.70971
-1.7013
-1.69312
-1.68515
-1.67738
-1.66981
-1.66242
-1.6552
-1.64814
-1.64124
-1.63447
-1.62785
-1.62135
-1.61495
-1.60866
-1.60245
-1.59632
-1.59025
-1.58424
-1.57827
-1.57231
-1.56637
-1.56043
-1.55448
-1.54849
-1.54245
-1.53634
-1.53014
-1.52381
-1.51734
-1.51069
-1.50383
-1.4967
-1.48943
-2.53786
-2.50383
-2.46189
-2.42067
-2.38259
-2.34687
-2.31297
-2.28078
-2.25021
-2.22116
-2.19349
-2.16713
-2.14197
-2.11794
-2.09497
-2.07298
-2.05191
-2.03169
-2.0123
-1.99367
-1.97576
-1.95853
-1.94194
-1.92597
-1.91056
-1.89571
-1.88137
-1.86753
-1.85416
-1.84126
-1.82878
-1.8167
-1.805
-1.79367
-1.7827
-1.77205
-1.76172
-1.7517
-1.74196
-1.7325
-1.7233
-1.71434
-1.70562
-1.69713
-1.68884
-1.68076
-1.67286
-1.66514
-1.65759
-1.6502
-1.64295
-1.63584
-1.62886
-1.62201
-1.61528
-1.60864
-1.60208
-1.59559
-1.58915
-1.58276
-1.57641
-1.5701
-1.56381
-1.55753
-1.55124
-1.54494
-1.5386
-1.53223
-1.5258
-1.5193
-1.51273
-1.50605
-1.49927
-1.49236
-1.48539
-2.55531
-2.52096
-2.47841
-2.43683
-2.39848
-2.36244
-2.32822
-2.2957
-2.2648
-2.23541
-2.20742
-2.18073
-2.15525
-2.1309
-2.1076
-2.08529
-2.0639
-2.04338
-2.02367
-2.00473
-1.98652
-1.96899
-1.95211
-1.93584
-1.92015
-1.905
-1.89038
-1.87625
-1.86259
-1.84938
-1.8366
-1.82422
-1.81223
-1.8006
-1.78932
-1.77838
-1.76775
-1.75742
-1.74739
-1.73762
-1.72811
-1.71885
-1.70982
-1.70102
-1.69242
-1.68403
-1.67582
-1.66778
-1.65992
-1.65221
-1.64464
-1.63721
-1.6299
-1.62272
-1.61567
-1.60873
-1.60188
-1.59508
-1.58834
-1.58164
-1.575
-1.5684
-1.56185
-1.55532
-1.5488
-1.54229
-1.53578
-1.52927
-1.52274
-1.51619
-1.50962
-1.50302
-1.49641
-1.48977
-1.48314
-2.57249
-2.53792
-2.49482
-2.45287
-2.41422
-2.37788
-2.34332
-2.31048
-2.27926
-2.24954
-2.22123
-2.19421
-2.16841
-2.14374
-2.12012
-2.0975
-2.0758
-2.05496
-2.03495
-2.01571
-1.9972
-1.97937
-1.96219
-1.94562
-1.92964
-1.9142
-1.89928
-1.88487
-1.87092
-1.85742
-1.84435
-1.83169
-1.81941
-1.80749
-1.79593
-1.7847
-1.77378
-1.76317
-1.75284
-1.74278
-1.73298
-1.72343
-1.71411
-1.70501
-1.69612
-1.68743
-1.67892
-1.67059
-1.66243
-1.65442
-1.64656
-1.63883
-1.63123
-1.62375
-1.61638
-1.60913
-1.60198
-1.59492
-1.58792
-1.58097
-1.57407
-1.56723
-1.56044
-1.55369
-1.54699
-1.54031
-1.53366
-1.52703
-1.52043
-1.51385
-1.50729
-1.50076
-1.49427
-1.48781
-1.48139
-2.58937
-2.55467
-2.51108
-2.46876
-2.4298
-2.39314
-2.35827
-2.3251
-2.29355
-2.26352
-2.23488
-2.20755
-2.18143
-2.15644
-2.13251
-2.10957
-2.08756
-2.06643
-2.04611
-2.02657
-2.00776
-1.98964
-1.97216
-1.9553
-1.93903
-1.9233
-1.9081
-1.8934
-1.87917
-1.86539
-1.85203
-1.83909
-1.82652
-1.81433
-1.80248
-1.79096
-1.77976
-1.76886
-1.75825
-1.74791
-1.73783
-1.72799
-1.71838
-1.709
-1.69982
-1.69084
-1.68205
-1.67344
-1.66499
-1.65671
-1.64857
-1.64056
-1.6327
-1.62495
-1.61732
-1.60979
-1.60236
-1.59505
-1.58783
-1.58067
-1.57357
-1.56653
-1.55955
-1.55263
-1.54577
-1.53897
-1.53221
-1.52551
-1.51885
-1.51225
-1.5057
-1.49921
-1.49278
-1.4864
-1.48008
-2.60597
-2.57117
-2.52715
-2.48446
-2.44519
-2.40821
-2.37302
-2.33953
-2.30767
-2.27732
-2.24837
-2.22071
-2.19428
-2.16897
-2.14473
-2.12148
-2.09917
-2.07773
-2.05711
-2.03727
-2.01816
-1.99974
-1.98198
-1.96483
-1.94827
-1.93226
-1.91677
-1.90178
-1.88727
-1.87321
-1.85957
-1.84634
-1.8335
-1.82102
-1.8089
-1.7971
-1.78563
-1.77445
-1.76356
-1.75294
-1.74258
-1.73247
-1.72259
-1.71293
-1.70348
-1.69423
-1.68517
-1.67628
-1.66757
-1.65902
-1.65062
-1.64236
-1.63424
-1.62624
-1.61837
-1.6106
-1.60295
-1.59539
-1.58793
-1.58057
-1.5733
-1.5661
-1.55896
-1.55188
-1.54488
-1.53796
-1.53111
-1.52433
-1.51761
-1.51097
-1.5044
-1.49791
-1.49151
-1.48517
-1.47889
-2.62218
-2.58731
-2.54294
-2.49988
-2.4603
-2.42303
-2.38754
-2.35375
-2.32158
-2.29092
-2.26166
-2.2337
-2.20696
-2.18135
-2.15681
-2.13326
-2.11065
-2.08891
-2.068
-2.04787
-2.02847
-2.00976
-1.99171
-1.97428
-1.95744
-1.94115
-1.92538
-1.91012
-1.89533
-1.88099
-1.86708
-1.85358
-1.84047
-1.82772
-1.81533
-1.80326
-1.79152
-1.78007
-1.76891
-1.75803
-1.74741
-1.73703
-1.72689
-1.71697
-1.70726
-1.69775
-1.68844
-1.6793
-1.67034
-1.66155
-1.6529
-1.64441
-1.63606
-1.62784
-1.61974
-1.61177
-1.60391
-1.59615
-1.58851
-1.58096
-1.5735
-1.56613
-1.55886
-1.55168
-1.54458
-1.53755
-1.53061
-1.52375
-1.51698
-1.5103
-1.5037
-1.49719
-1.49078
-1.48444
-1.47816
-1.52678
-1.52699
-1.51442
-1.49316
-1.46588
-1.43388
-1.39786
-1.35813
-1.3148
-1.26792
-1.21768
-1.16438
-1.10841
-1.05018
-0.990033
-0.928606
-0.866524
-0.804362
-0.742724
-0.682398
-0.623615
-0.567029
-0.513756
-0.464335
-0.416856
-0.38682
-0.367394
-0.346229
-0.326209
-0.307866
-0.290793
-0.27487
-0.260092
-0.246366
-0.233591
-0.221682
-0.210568
-0.200187
-0.19048
-0.181392
-0.172867
-0.164856
-0.157315
-0.150203
-0.143484
-0.137123
-0.131095
-0.125372
-0.119932
-0.114751
-0.109808
-0.105084
-0.100562
-0.096227
-0.0920659
-0.0880666
-0.084219
-0.0805144
-0.076944
-0.0734996
-0.070173
-0.0669573
-0.0638463
-0.0608345
-0.0579171
-0.0550898
-0.0523491
-0.0496927
-0.0471184
-0.0446252
-0.0422118
-0.039878
-0.0376247
-0.0354413
-0.0334276
-0.029586
-0.0247011
-0.0225616
-0.0208913
-0.0190321
-0.0172002
-0.0154994
-0.0139097
-0.0124107
-0.0109964
-0.00966266
-0.00840349
-0.00721277
-0.00608493
-0.00501513
-0.00399945
-0.00303523
-0.00212175
-0.00126088
-0.000458453
0.000273779
0.000914233
0.00142509
0.00172192
0.00189015
-1.53369
-1.52926
-1.5158
-1.49466
-1.46765
-1.43597
-1.4003
-1.36089
-1.31788
-1.27132
-1.22136
-1.16831
-1.11256
-1.05453
-0.994525
-0.933207
-0.871189
-0.809044
-0.747332
-0.6868
-0.627843
-0.571166
-0.517765
-0.468227
-0.420505
-0.390585
-0.371017
-0.349544
-0.329405
-0.310962
-0.293846
-0.277908
-0.263064
-0.24924
-0.236358
-0.224341
-0.213122
-0.202639
-0.192833
-0.183649
-0.175032
-0.166933
-0.159308
-0.152114
-0.145316
-0.138881
-0.132781
-0.126991
-0.121487
-0.116244
-0.111242
-0.106461
-0.101886
-0.0975003
-0.0932904
-0.0892447
-0.085353
-0.0816064
-0.0779962
-0.0745136
-0.0711507
-0.0679003
-0.0647562
-0.0617128
-0.0587652
-0.0559091
-0.053141
-0.0504583
-0.0478591
-0.0453421
-0.0429062
-0.0405509
-0.0382777
-0.0360735
-0.0340728
-0.030132
-0.0252151
-0.0230989
-0.0214057
-0.0195235
-0.0176747
-0.0159581
-0.0143535
-0.0128409
-0.0114145
-0.0100697
-0.00880041
-0.00760048
-0.00646418
-0.00538658
-0.00436361
-0.00339251
-0.00247235
-0.00160474
-0.000794994
-5.37811e-05
0.000599784
0.00113482
0.00149347
0.00187285
-1.53918
-1.53182
-1.51717
-1.49623
-1.46979
-1.43874
-1.40367
-1.36485
-1.32242
-1.2764
-1.22696
-1.1744
-1.11911
-1.06152
-1.00186
-0.940846
-0.879085
-0.817039
-0.755366
-0.694846
-0.63577
-0.578836
-0.525052
-0.475176
-0.426865
-0.396779
-0.377089
-0.355095
-0.334696
-0.316038
-0.298698
-0.282544
-0.267502
-0.253495
-0.24044
-0.228258
-0.216881
-0.206247
-0.196297
-0.186974
-0.178223
-0.169996
-0.162246
-0.154935
-0.148024
-0.141481
-0.135278
-0.129391
-0.123793
-0.118462
-0.113375
-0.108515
-0.103862
-0.0994032
-0.0951233
-0.0910108
-0.0870557
-0.0832488
-0.0795813
-0.076044
-0.0726289
-0.0693285
-0.0661368
-0.0630479
-0.0600567
-0.0571589
-0.054351
-0.0516303
-0.0489949
-0.0464433
-0.0439744
-0.0415876
-0.0392853
-0.0370537
-0.0350688
-0.0310447
-0.0260596
-0.0239688
-0.0222303
-0.0203063
-0.0184286
-0.0166858
-0.0150565
-0.0135217
-0.0120755
-0.0107128
-0.00942719
-0.00821228
-0.00706219
-0.00597168
-0.00493641
-0.00395317
-0.0030204
-0.00213868
-0.00131148
-0.000545989
0.00014564
0.000747297
0.00125526
0.00189844
-1.5443
-1.53533
-1.51949
-1.49833
-1.47226
-1.44183
-1.40739
-1.36921
-1.32739
-1.28192
-1.23297
-1.18088
-1.12604
-1.0689
-1.00957
-0.948723
-0.88711
-0.825156
-0.763508
-0.70291
-0.643727
-0.586663
-0.532599
-0.482386
-0.433525
-0.403311
-0.383649
-0.361213
-0.340492
-0.321609
-0.304055
-0.287691
-0.272452
-0.258258
-0.245023
-0.232668
-0.221123
-0.21033
-0.200228
-0.190759
-0.181867
-0.173504
-0.165624
-0.158187
-0.151155
-0.144496
-0.138183
-0.13219
-0.126493
-0.121066
-0.115887
-0.110939
-0.106203
-0.101663
-0.0973057
-0.0931192
-0.0890935
-0.0852198
-0.0814886
-0.0778904
-0.0744168
-0.0710606
-0.0678152
-0.0646749
-0.0616344
-0.0586892
-0.0558356
-0.0530711
-0.0503939
-0.0478023
-0.0452949
-0.0428712
-0.040534
-0.0382753
-0.0362873
-0.0321822
-0.0271317
-0.025052
-0.0232645
-0.021294
-0.0193834
-0.0176109
-0.0159538
-0.0143942
-0.0129259
-0.0115432
-0.0102396
-0.00900818
-0.00784283
-0.0067379
-0.00568842
-0.0046903
-0.00374061
-0.00283776
-0.00198155
-0.00117273
-0.00041277
0.0003028
0.00103811
0.00191149
-1.54635
-1.53778
-1.52163
-1.50012
-1.47438
-1.44449
-1.41067
-1.3731
-1.33185
-1.28685
-1.23827
-1.18654
-1.13201
-1.07508
-1.01601
-0.955368
-0.893839
-0.831936
-0.770319
-0.709681
-0.650495
-0.593447
-0.539269
-0.488793
-0.439611
-0.4094
-0.389841
-0.367089
-0.345996
-0.326886
-0.30916
-0.292631
-0.277232
-0.262882
-0.249493
-0.236986
-0.225292
-0.214358
-0.204125
-0.194527
-0.185509
-0.177023
-0.169024
-0.161471
-0.154326
-0.147557
-0.14114
-0.13505
-0.129258
-0.123739
-0.118473
-0.11344
-0.108623
-0.104005
-0.0995721
-0.0953123
-0.091217
-0.0872776
-0.0834838
-0.0798255
-0.0762941
-0.0728824
-0.0695838
-0.0663922
-0.0633021
-0.0603088
-0.0574086
-0.0545992
-0.051879
-0.0492458
-0.046698
-0.0442348
-0.0418591
-0.0395715
-0.0375478
-0.0333921
-0.0283327
-0.0262385
-0.0243973
-0.022377
-0.0204297
-0.0186248
-0.0169376
-0.0153513
-0.0138594
-0.0124556
-0.0111327
-0.00988373
-0.00870197
-0.00758113
-0.00651517
-0.00549853
-0.0045261
-0.00359297
-0.00269378
-0.00182155
-0.000966951
-0.000106257
0.000875539
0.00189744
-1.54429
-1.53619
-1.52047
-1.49929
-1.4742
-1.44511
-1.41195
-1.37481
-1.33383
-1.28911
-1.2408
-1.18928
-1.13491
-1.0781
-1.01924
-0.958877
-0.897653
-0.836081
-0.774747
-0.71432
-0.655373
-0.598574
-0.54453
-0.49406
-0.444925
-0.414965
-0.395577
-0.37256
-0.351106
-0.331761
-0.31387
-0.297198
-0.281669
-0.267192
-0.253677
-0.241034
-0.229201
-0.218144
-0.207805
-0.198106
-0.188984
-0.180394
-0.172291
-0.164636
-0.157386
-0.150513
-0.144
-0.137823
-0.131948
-0.126346
-0.120998
-0.115886
-0.110993
-0.1063
-0.101794
-0.097462
-0.0932988
-0.0892966
-0.0854434
-0.0817274
-0.07814
-0.0746744
-0.071324
-0.0680823
-0.0649433
-0.0619019
-0.0589544
-0.056099
-0.0533346
-0.0506586
-0.0480678
-0.0455606
-0.0431396
-0.0408079
-0.0387211
-0.0345644
-0.0295871
-0.027462
-0.0255382
-0.0234587
-0.0214714
-0.0196306
-0.0179105
-0.0162955
-0.0147787
-0.0133529
-0.0120101
-0.0107429
-0.00954418
-0.00840661
-0.0073226
-0.00628452
-0.00528447
-0.00431374
-0.00336178
-0.00241535
-0.00145826
-0.000457221
0.000721047
0.00183954
-1.5409
-1.53415
-1.51915
-1.49791
-1.47296
-1.44407
-1.41094
-1.37371
-1.33261
-1.28779
-1.23948
-1.18798
-1.13367
-1.07695
-1.01826
-0.958149
-0.89727
-0.836102
-0.775143
-0.715063
-0.656477
-0.60004
-0.546279
-0.496119
-0.447187
-0.417542
-0.398387
-0.37525
-0.353962
-0.334719
-0.316822
-0.300119
-0.284559
-0.270048
-0.256493
-0.243786
-0.231859
-0.22071
-0.210295
-0.200527
-0.19134
-0.182682
-0.174511
-0.166785
-0.159454
-0.152492
-0.145903
-0.139665
-0.133735
-0.128078
-0.122676
-0.117511
-0.112564
-0.10782
-0.103259
-0.0988708
-0.0946577
-0.0906137
-0.0867215
-0.0829663
-0.07934
-0.0758368
-0.0724505
-0.0691739
-0.0660005
-0.0629244
-0.0599413
-0.0570516
-0.0542556
-0.0515484
-0.0489242
-0.0463803
-0.0439189
-0.0415294
-0.0394045
-0.0353019
-0.0304554
-0.0283243
-0.0262918
-0.024154
-0.0221347
-0.0202636
-0.0185153
-0.0168765
-0.0153393
-0.0138953
-0.012536
-0.0112539
-0.0100416
-0.00889086
-0.00779281
-0.00673846
-0.0057184
-0.00472212
-0.00373715
-0.00274831
-0.00173855
-0.000680951
0.000548889
0.00184453
-1.536
-1.53055
-1.51657
-1.49527
-1.47026
-1.4414
-1.40835
-1.37124
-1.33026
-1.28562
-1.23751
-1.18624
-1.13219
-1.07574
-1.01733
-0.957519
-0.896909
-0.836008
-0.775325
-0.715517
-0.657196
-0.600995
-0.547427
-0.497392
-0.448716
-0.419193
-0.399983
-0.376883
-0.355728
-0.336564
-0.318684
-0.301984
-0.286428
-0.27192
-0.258369
-0.245699
-0.233834
-0.222705
-0.212258
-0.20244
-0.1932
-0.184491
-0.176269
-0.168491
-0.161099
-0.154063
-0.147402
-0.141104
-0.135119
-0.129412
-0.123961
-0.118749
-0.113757
-0.108968
-0.104358
-0.0999181
-0.095659
-0.0915792
-0.0876554
-0.0838692
-0.080212
-0.0766786
-0.0732629
-0.069958
-0.0667568
-0.063652
-0.0606387
-0.0577205
-0.0548998
-0.0521688
-0.0495186
-0.0469448
-0.0444492
-0.0420152
-0.0398292
-0.0357937
-0.0311077
-0.0289272
-0.0268055
-0.024625
-0.0225798
-0.020684
-0.0189138
-0.0172568
-0.0157041
-0.0142463
-0.0128744
-0.0115811
-0.0103591
-0.00919928
-0.00809186
-0.00702702
-0.00599465
-0.00498347
-0.00398028
-0.00296954
-0.00193461
-0.000852232
0.00039017
0.00172487
-1.52982
-1.52395
-1.51155
-1.49043
-1.46546
-1.43687
-1.40417
-1.36742
-1.32683
-1.28261
-1.23495
-1.18415
-1.13057
-1.07459
-1.01666
-0.957303
-0.897094
-0.836561
-0.776237
-0.716755
-0.658725
-0.602765
-0.549387
-0.499422
-0.451077
-0.421408
-0.401877
-0.378778
-0.357523
-0.338275
-0.320347
-0.303613
-0.288026
-0.273491
-0.259923
-0.24728
-0.235484
-0.224392
-0.213928
-0.204076
-0.194802
-0.186059
-0.177802
-0.169996
-0.162604
-0.155594
-0.148932
-0.142593
-0.136555
-0.130795
-0.125295
-0.120035
-0.114997
-0.110163
-0.105506
-0.101009
-0.0966945
-0.0925669
-0.0886016
-0.084778
-0.0810859
-0.077519
-0.0740708
-0.0707346
-0.067503
-0.0643664
-0.0613172
-0.0583645
-0.0555153
-0.0527584
-0.0500806
-0.0474752
-0.0449416
-0.0424609
-0.0401875
-0.0362594
-0.0317859
-0.0295079
-0.0272911
-0.0250661
-0.0229908
-0.0210671
-0.0192727
-0.0175955
-0.0160255
-0.0145521
-0.0131659
-0.01186
-0.0106276
-0.00945842
-0.0083416
-0.00726686
-0.00622386
-0.00520114
-0.00418548
-0.00316187
-0.00211494
-0.00102447
0.000208361
0.00151108
-1.52223
-1.51509
-1.50453
-1.48388
-1.45906
-1.43089
-1.39873
-1.36254
-1.32254
-1.27891
-1.23188
-1.18171
-1.12876
-1.0734
-1.01608
-0.957313
-0.897644
-0.837614
-0.777765
-0.718707
-0.661047
-0.605395
-0.552267
-0.502416
-0.454494
-0.424497
-0.404488
-0.381423
-0.360057
-0.340689
-0.322671
-0.305847
-0.290168
-0.275544
-0.26189
-0.24915
-0.237243
-0.226054
-0.215512
-0.205592
-0.196257
-0.187456
-0.179147
-0.171298
-0.163899
-0.156914
-0.150257
-0.143885
-0.137802
-0.132
-0.126459
-0.121159
-0.116084
-0.111219
-0.10655
-0.102065
-0.0977503
-0.0935942
-0.0895881
-0.0857242
-0.0819949
-0.0783924
-0.0749098
-0.0715407
-0.0682781
-0.0651096
-0.0620225
-0.0590293
-0.0561434
-0.0533523
-0.050641
-0.0479999
-0.0454242
-0.0428908
-0.0405116
-0.0367227
-0.0325012
-0.0300899
-0.0277651
-0.0254896
-0.0233794
-0.0214248
-0.0196039
-0.0179044
-0.0163152
-0.0148243
-0.0134213
-0.0121012
-0.0108578
-0.00967958
-0.00855399
-0.0074704
-0.00641884
-0.00538826
-0.00436605
-0.00333832
-0.0022915
-0.00120862
-6.45149e-06
0.00123801
-1.51357
-1.50492
-1.49607
-1.47622
-1.45171
-1.42407
-1.39258
-1.35708
-1.31776
-1.27486
-1.22858
-1.17917
-1.12696
-1.07234
-1.01575
-0.95767
-0.898651
-0.839227
-0.779943
-0.721387
-0.664164
-0.608877
-0.556049
-0.506355
-0.45892
-0.428434
-0.407814
-0.384824
-0.363405
-0.343927
-0.32581
-0.308879
-0.293084
-0.278343
-0.264568
-0.251693
-0.239637
-0.22831
-0.217648
-0.207615
-0.19817
-0.189264
-0.180856
-0.172913
-0.165416
-0.158325
-0.151572
-0.145121
-0.13897
-0.133108
-0.127512
-0.12216
-0.117038
-0.112134
-0.10745
-0.102976
-0.0986646
-0.0944846
-0.0904427
-0.0865437
-0.0827821
-0.0791485
-0.0756357
-0.0722384
-0.0689518
-0.0657707
-0.062689
-0.0597
-0.0567973
-0.053975
-0.0512276
-0.0485482
-0.045928
-0.0433351
-0.0408328
-0.0372029
-0.0332678
-0.0306988
-0.0282525
-0.0259171
-0.0237636
-0.021773
-0.0199222
-0.0181976
-0.0165868
-0.0150758
-0.0136525
-0.0123142
-0.0110578
-0.00987014
-0.00873644
-0.00764542
-0.00658755
-0.00555264
-0.0045292
-0.00350497
-0.00246844
-0.00140604
-0.000251273
0.000919177
-1.50473
-1.49492
-1.48737
-1.46845
-1.44438
-1.41728
-1.38647
-1.35166
-1.31303
-1.27088
-1.2254
-1.17683
-1.12545
-1.07165
-1.01586
-0.958564
-0.900278
-0.841537
-0.78288
-0.72488
-0.668138
-0.613253
-0.560754
-0.511242
-0.464319
-0.433196
-0.411839
-0.388941
-0.367514
-0.347924
-0.329692
-0.312641
-0.296714
-0.281836
-0.267921
-0.254895
-0.242686
-0.231214
-0.220415
-0.210246
-0.200666
-0.191629
-0.183095
-0.175029
-0.167402
-0.160175
-0.153299
-0.146743
-0.140495
-0.134539
-0.128855
-0.123422
-0.118223
-0.113249
-0.108495
-0.103944
-0.0995595
-0.0953195
-0.0912271
-0.0872841
-0.0834824
-0.079811
-0.0762623
-0.0728323
-0.0695184
-0.0663227
-0.0632465
-0.0602637
-0.0573469
-0.0544959
-0.0517147
-0.048999
-0.0463363
-0.043696
-0.0410828
-0.0376374
-0.0340018
-0.0312807
-0.0287431
-0.0263566
-0.024157
-0.0221263
-0.0202427
-0.0184908
-0.0168567
-0.0153246
-0.0138786
-0.0125179
-0.0112434
-0.0100417
-0.0088975
-0.00779879
-0.00673588
-0.0056992
-0.00467854
-0.00366357
-0.00264509
-0.00161341
-0.000520566
0.000564631
-1.49699
-1.48621
-1.47946
-1.46141
-1.4378
-1.41118
-1.38098
-1.3468
-1.30882
-1.26736
-1.22267
-1.17493
-1.12443
-1.0715
-1.01658
-0.960114
-0.902619
-0.844616
-0.786634
-0.729228
-0.672993
-0.618532
-0.566377
-0.517061
-0.47064
-0.438761
-0.416563
-0.393753
-0.372347
-0.352639
-0.334271
-0.31708
-0.301003
-0.285967
-0.271889
-0.258696
-0.246318
-0.234683
-0.223727
-0.213404
-0.20367
-0.194484
-0.185805
-0.177597
-0.169828
-0.162462
-0.155457
-0.148784
-0.142423
-0.136358
-0.130569
-0.125036
-0.119744
-0.11468
-0.109834
-0.105187
-0.100715
-0.0964008
-0.0922418
-0.0882357
-0.0843736
-0.0806448
-0.0770423
-0.0735623
-0.0702023
-0.0669614
-0.0638351
-0.0608016
-0.0578399
-0.0549483
-0.0521283
-0.0493725
-0.0466649
-0.0439853
-0.0412742
-0.0380285
-0.0346782
-0.0317821
-0.0291494
-0.0267141
-0.0244696
-0.0223997
-0.0204842
-0.018706
-0.0170509
-0.0155063
-0.0140606
-0.0127028
-0.0114221
-0.0102087
-0.00905329
-0.00794675
-0.0068798
-0.00584317
-0.0048279
-0.00382567
-0.00282948
-0.00183555
-0.000822305
0.000168348
-1.49042
-1.47832
-1.47138
-1.45384
-1.43061
-1.40442
-1.37485
-1.34151
-1.30452
-1.26403
-1.22025
-1.17341
-1.12381
-1.07181
-1.0178
-0.96223
-0.90558
-0.848367
-0.79111
-0.734342
-0.67865
-0.624633
-0.572829
-0.523707
-0.47775
-0.445028
-0.42192
-0.39919
-0.377826
-0.357995
-0.339473
-0.322125
-0.30588
-0.290666
-0.276405
-0.263026
-0.250461
-0.238643
-0.22751
-0.217013
-0.207109
-0.197757
-0.188917
-0.180552
-0.172629
-0.165114
-0.15797
-0.151166
-0.144681
-0.138495
-0.13259
-0.126948
-0.121552
-0.116387
-0.111441
-0.106697
-0.102136
-0.0977413
-0.0935068
-0.0894272
-0.0854939
-0.0816968
-0.0780291
-0.0744872
-0.0710679
-0.0677679
-0.0645796
-0.0614867
-0.0584738
-0.0555361
-0.0526703
-0.0498666
-0.0471071
-0.0443775
-0.0415604
-0.0384945
-0.0353995
-0.0322891
-0.0295109
-0.0270069
-0.0247113
-0.0225985
-0.0206482
-0.0188413
-0.0171632
-0.0156048
-0.014159
-0.0128043
-0.0115185
-0.010295
-0.00913076
-0.00801967
-0.00695298
-0.00592195
-0.00491907
-0.00393814
-0.00297432
-0.00202607
-0.00108663
-0.000210047
-1.48444
-1.47109
-1.46299
-1.44547
-1.42252
-1.39669
-1.36771
-1.33524
-1.29928
-1.25986
-1.2171
-1.17127
-1.12272
-1.07179
-1.01883
-0.964273
-0.908593
-0.852286
-0.79587
-0.73988
-0.684861
-0.63136
-0.579932
-0.531007
-0.485462
-0.451847
-0.427799
-0.405139
-0.383834
-0.363879
-0.345189
-0.32767
-0.311244
-0.295838
-0.281379
-0.2678
-0.255034
-0.243018
-0.231692
-0.221008
-0.21092
-0.201389
-0.192375
-0.183841
-0.175753
-0.168078
-0.160782
-0.153834
-0.147211
-0.140894
-0.134863
-0.129101
-0.12359
-0.118315
-0.113262
-0.108417
-0.103761
-0.0992785
-0.0949613
-0.0908023
-0.0867928
-0.0829229
-0.0791855
-0.0755767
-0.0720928
-0.0687291
-0.0654779
-0.0623262
-0.0592607
-0.0562736
-0.0533583
-0.050504
-0.0476923
-0.0449118
-0.0420029
-0.0390846
-0.036196
-0.0328816
-0.0299498
-0.0273685
-0.0250144
-0.0228501
-0.020856
-0.0190123
-0.0173025
-0.0157155
-0.0142401
-0.0128572
-0.0115491
-0.0103098
-0.00913563
-0.00802014
-0.00695478
-0.00593181
-0.00494535
-0.00399113
-0.00306612
-0.00216805
-0.00129296
-0.000547599
-1.47918
-1.46538
-1.4557
-1.43786
-1.41505
-1.38948
-1.36094
-1.32905
-1.29379
-1.25522
-1.21344
-1.1687
-1.12128
-1.07149
-1.01968
-0.966244
-0.911627
-0.856315
-0.800816
-0.745664
-0.691367
-0.638426
-0.587403
-0.538727
-0.493597
-0.459082
-0.434063
-0.411438
-0.390203
-0.370136
-0.351277
-0.333581
-0.316968
-0.301363
-0.286698
-0.272909
-0.259932
-0.247707
-0.236176
-0.225292
-0.215008
-0.205286
-0.196085
-0.18737
-0.179106
-0.171261
-0.163801
-0.156698
-0.149927
-0.143468
-0.137303
-0.131412
-0.125778
-0.120385
-0.11522
-0.110266
-0.105508
-0.100932
-0.0965262
-0.0922837
-0.0881969
-0.0842579
-0.0804582
-0.0767907
-0.0732486
-0.0698257
-0.0665142
-0.0633038
-0.0601831
-0.0571435
-0.054177
-0.0512724
-0.0484117
-0.0455866
-0.042612
-0.039797
-0.0370523
-0.0335597
-0.0304805
-0.0278181
-0.0254008
-0.0231789
-0.0211344
-0.019247
-0.0174988
-0.0158758
-0.014365
-0.0129503
-0.011618
-0.0103607
-0.00917304
-0.00804843
-0.0069795
-0.00596
-0.00498544
-0.00405299
-0.00316104
-0.00230757
-0.00149286
-0.00086172
-1.47489
-1.46142
-1.44971
-1.43119
-1.4084
-1.38299
-1.35477
-1.32338
-1.2888
-1.25105
-1.21025
-1.16656
-1.12025
-1.07159
-1.02091
-0.968577
-0.915022
-0.860703
-0.806108
-0.751749
-0.698124
-0.64573
-0.595123
-0.546731
-0.50198
-0.466615
-0.44066
-0.418021
-0.396847
-0.376677
-0.35765
-0.339774
-0.32297
-0.307162
-0.292287
-0.278282
-0.265088
-0.252646
-0.240903
-0.229809
-0.219321
-0.209399
-0.200003
-0.191098
-0.18265
-0.174627
-0.166997
-0.159731
-0.152805
-0.146198
-0.139892
-0.133866
-0.128103
-0.122588
-0.117305
-0.112239
-0.107375
-0.102699
-0.0982
-0.0938699
-0.0897021
-0.0856897
-0.0818233
-0.0780925
-0.0744881
-0.0710025
-0.067628
-0.0643558
-0.0611767
-0.0580822
-0.0550638
-0.0521103
-0.0492036
-0.0463343
-0.0433095
-0.0405663
-0.0379153
-0.0342779
-0.03106
-0.0283129
-0.0258296
-0.023548
-0.0214508
-0.0195178
-0.0177291
-0.0160692
-0.0145245
-0.0130805
-0.0117247
-0.0104486
-0.00924571
-0.00810975
-0.00703457
-0.00601503
-0.00504763
-0.00413059
-0.00326352
-0.0024467
-0.00168957
-0.00114043
-1.47238
-1.45911
-1.44504
-1.42555
-1.40263
-1.37727
-1.34925
-1.31828
-1.28429
-1.2473
-1.2074
-1.16472
-1.11947
-1.0719
-1.02233
-0.971092
-0.91859
-0.86526
-0.811568
-0.758001
-0.705051
-0.653208
-0.603018
-0.554895
-0.510411
-0.474294
-0.447541
-0.42484
-0.403695
-0.38342
-0.364224
-0.346165
-0.329169
-0.313156
-0.298068
-0.283846
-0.270433
-0.257773
-0.245814
-0.234508
-0.223813
-0.213687
-0.204093
-0.194996
-0.18636
-0.178156
-0.170352
-0.16292
-0.155835
-0.149077
-0.142625
-0.13646
-0.130565
-0.124923
-0.119518
-0.114337
-0.109363
-0.104584
-0.0999876
-0.0955658
-0.0913107
-0.0872146
-0.083268
-0.0794605
-0.0757829
-0.0722267
-0.0687846
-0.0654485
-0.0622099
-0.0590606
-0.0559917
-0.0529918
-0.0500431
-0.0471332
-0.0440758
-0.0413731
-0.0387619
-0.0350116
-0.031667
-0.0288325
-0.0262816
-0.0239397
-0.0217891
-0.0198093
-0.0179793
-0.0162823
-0.0147039
-0.0132305
-0.0118501
-0.0105536
-0.00933408
-0.00818535
-0.00710192
-0.00607936
-0.00511475
-0.00420704
-0.00335679
-0.00256753
-0.00185941
-0.00136421
-1.47141
-1.45776
-1.4414
-1.42088
-1.39771
-1.37231
-1.34439
-1.31373
-1.28024
-1.24393
-1.20484
-1.16308
-1.11882
-1.0723
-1.02379
-0.973613
-0.922138
-0.869776
-0.816973
-0.764194
-0.711918
-0.660628
-0.610854
-0.562987
-0.51868
-0.481937
-0.454548
-0.431743
-0.410586
-0.390203
-0.370843
-0.352606
-0.335421
-0.319209
-0.303912
-0.289477
-0.275849
-0.262973
-0.250801
-0.239285
-0.228383
-0.218055
-0.208263
-0.198973
-0.190151
-0.181766
-0.173788
-0.166189
-0.158944
-0.152033
-0.145434
-0.139129
-0.1331
-0.127329
-0.121802
-0.116503
-0.111418
-0.106534
-0.101839
-0.0973231
-0.0929784
-0.0887963
-0.0847673
-0.0808816
-0.0771299
-0.0735038
-0.0699956
-0.0665974
-0.0633013
-0.0600989
-0.0569813
-0.0539375
-0.0509513
-0.0480116
-0.0449488
-0.0422402
-0.0395993
-0.0357609
-0.0323041
-0.0293818
-0.0267613
-0.0243574
-0.0221511
-0.0201219
-0.0182478
-0.016511
-0.0148967
-0.0133915
-0.0119837
-0.010664
-0.00942508
-0.008261
-0.00716656
-0.00613771
-0.00517195
-0.00426856
-0.00342846
-0.0026558
-0.00197219
-0.00150443
-1.47121
-1.45675
-1.43847
-1.417
-1.39352
-1.368
-1.34012
-1.30968
-1.27662
-1.24089
-1.20252
-1.1616
-1.11826
-1.07272
-1.02521
-0.976042
-0.925551
-0.874126
-0.822188
-0.770184
-0.718574
-0.66783
-0.618468
-0.570847
-0.526662
-0.489412
-0.461537
-0.438603
-0.417399
-0.396906
-0.377391
-0.358984
-0.341618
-0.325214
-0.309717
-0.295077
-0.28124
-0.268156
-0.255776
-0.244055
-0.232952
-0.222426
-0.212441
-0.202962
-0.193956
-0.185393
-0.177244
-0.16948
-0.162078
-0.155015
-0.148271
-0.141826
-0.135664
-0.129766
-0.124117
-0.118702
-0.113507
-0.108518
-0.103724
-0.0991138
-0.0946795
-0.0904116
-0.0863007
-0.0823372
-0.0785119
-0.0748164
-0.0712429
-0.0677835
-0.0644303
-0.0611753
-0.05801
-0.0549242
-0.0519044
-0.048943
-0.0458965
-0.0431438
-0.040413
-0.0365085
-0.0329558
-0.0299473
-0.0272562
-0.0247894
-0.0225262
-0.020446
-0.0185263
-0.0167482
-0.0150967
-0.0135583
-0.0121216
-0.010777
-0.00951717
-0.00833597
-0.00722837
-0.00619049
-0.00521987
-0.00431569
-0.0034785
-0.00271181
-0.00203511
-0.0015706
-1.4709
-1.45565
-1.43599
-1.41376
-1.38995
-1.36428
-1.33641
-1.30615
-1.27344
-1.23821
-1.20049
-1.16032
-1.11783
-1.07319
-1.02662
-0.978396
-0.928838
-0.878305
-0.827198
-0.77594
-0.724977
-0.674765
-0.625804
-0.578417
-0.534321
-0.496669
-0.468418
-0.445349
-0.424072
-0.403466
-0.383805
-0.365236
-0.347697
-0.33111
-0.315423
-0.300586
-0.286549
-0.273265
-0.260684
-0.248765
-0.237466
-0.226747
-0.216574
-0.206912
-0.197727
-0.188991
-0.180674
-0.172749
-0.165192
-0.15798
-0.151094
-0.144513
-0.138219
-0.132196
-0.126427
-0.120898
-0.115593
-0.110501
-0.105609
-0.100907
-0.096384
-0.0920316
-0.0878402
-0.0838002
-0.0799027
-0.0761391
-0.0725015
-0.068982
-0.0655731
-0.0622668
-0.0590554
-0.0559302
-0.0528806
-0.049904
-0.0468859
-0.0440625
-0.0412009
-0.037245
-0.0336119
-0.0305209
-0.0277592
-0.0252299
-0.0229098
-0.0207782
-0.0188122
-0.0169923
-0.015303
-0.0137307
-0.0122641
-0.0108935
-0.00961149
-0.00841165
-0.00728894
-0.00623942
-0.00526043
-0.00435064
-0.00350973
-0.00273973
-0.00205638
-0.00157245
-1.47015
-1.45443
-1.43388
-1.41107
-1.38696
-1.36115
-1.33326
-1.30315
-1.27074
-1.23596
-1.1988
-1.15931
-1.11759
-1.07377
-1.02807
-0.980726
-0.93204
-0.882349
-0.832028
-0.781481
-0.731138
-0.681435
-0.632858
-0.585693
-0.541672
-0.503698
-0.475151
-0.45195
-0.430584
-0.409863
-0.390062
-0.371339
-0.353636
-0.336874
-0.321004
-0.305979
-0.291751
-0.278273
-0.2655
-0.253389
-0.2419
-0.230995
-0.220639
-0.210798
-0.20144
-0.192535
-0.184054
-0.175972
-0.168264
-0.160907
-0.15388
-0.147165
-0.140743
-0.134597
-0.128711
-0.123069
-0.117659
-0.112465
-0.107477
-0.102683
-0.0980731
-0.0936378
-0.0893675
-0.0852525
-0.0812842
-0.0774537
-0.0737534
-0.0701752
-0.0667119
-0.0633559
-0.0601002
-0.0569376
-0.0538609
-0.0508717
-0.047883
-0.0449758
-0.0419634
-0.0379622
-0.0342609
-0.0310918
-0.0282609
-0.0256701
-0.023294
-0.0211114
-0.0190994
-0.0172377
-0.0155106
-0.0139043
-0.0124075
-0.0110105
-0.00970551
-0.00848598
-0.00734677
-0.00628362
-0.00529354
-0.00437438
-0.00352474
-0.00274471
-0.00204589
-0.00152716
-1.46928
-1.45327
-1.43213
-1.40887
-1.38449
-1.35855
-1.33065
-1.30066
-1.26849
-1.2341
-1.19745
-1.15857
-1.11753
-1.07447
-1.02956
-0.983035
-0.935162
-0.886259
-0.836679
-0.786806
-0.737052
-0.687835
-0.639625
-0.592671
-0.548722
-0.510491
-0.481706
-0.458385
-0.436922
-0.416084
-0.396151
-0.377282
-0.35942
-0.342492
-0.326447
-0.311242
-0.296831
-0.283167
-0.270209
-0.257913
-0.246241
-0.235156
-0.224624
-0.214609
-0.205083
-0.196013
-0.187374
-0.179139
-0.171283
-0.163783
-0.156621
-0.149775
-0.143227
-0.136961
-0.13096
-0.125209
-0.119694
-0.114401
-0.109318
-0.104434
-0.0997386
-0.0952218
-0.0908739
-0.0866855
-0.0826475
-0.0787516
-0.0749896
-0.071354
-0.0678375
-0.064433
-0.0611344
-0.057936
-0.054833
-0.0518312
-0.0488636
-0.0458704
-0.0427046
-0.038657
-0.0348952
-0.0316526
-0.0287541
-0.0261031
-0.0236722
-0.0214396
-0.019382
-0.0174791
-0.0157146
-0.0140747
-0.0125479
-0.0111245
-0.00979623
-0.0085566
-0.00740005
-0.00632212
-0.00531914
-0.0043883
-0.00352688
-0.00273335
-0.00201555
-0.00145777
-1.46835
-1.45214
-1.43059
-1.40698
-1.38239
-1.35633
-1.32841
-1.29852
-1.26658
-1.23253
-1.19633
-1.15799
-1.11758
-1.07521
-1.03104
-0.985273
-0.93816
-0.889997
-0.841118
-0.791886
-0.742694
-0.693943
-0.646086
-0.599337
-0.555467
-0.517014
-0.488035
-0.464616
-0.443051
-0.4221
-0.402042
-0.383036
-0.365025
-0.347939
-0.331729
-0.316353
-0.301767
-0.287927
-0.274791
-0.262319
-0.250472
-0.239214
-0.228511
-0.21833
-0.208641
-0.199413
-0.19062
-0.182236
-0.174237
-0.1666
-0.159305
-0.152332
-0.145662
-0.139279
-0.133166
-0.127308
-0.12169
-0.1163
-0.111125
-0.106153
-0.101374
-0.0967772
-0.0923534
-0.0880931
-0.0839872
-0.0800271
-0.076205
-0.0725132
-0.0689447
-0.0654931
-0.0621527
-0.0589192
-0.0557897
-0.0527727
-0.0498139
-0.0467396
-0.0434295
-0.0393297
-0.0355118
-0.0321996
-0.0292352
-0.0265254
-0.024041
-0.0217595
-0.0196573
-0.017714
-0.0159128
-0.0142399
-0.0126835
-0.0112337
-0.00988233
-0.00862237
-0.00744809
-0.00635459
-0.00533772
-0.00439385
-0.00351937
-0.00271136
-0.00197515
-0.00138505
-1.46771
-1.45137
-1.4295
-1.40565
-1.38088
-1.35472
-1.32679
-1.29699
-1.26525
-1.2315
-1.19569
-1.15785
-1.118
-1.07626
-1.03276
-0.987682
-0.941267
-0.893785
-0.845552
-0.796912
-0.748238
-0.699917
-0.652384
-0.605811
-0.562027
-0.523386
-0.494228
-0.47074
-0.449059
-0.427989
-0.407809
-0.388669
-0.370513
-0.353272
-0.336901
-0.321359
-0.306604
-0.292592
-0.279283
-0.266639
-0.254621
-0.243194
-0.232326
-0.221982
-0.212134
-0.202752
-0.193809
-0.18528
-0.177141
-0.169369
-0.161944
-0.154846
-0.148057
-0.141559
-0.135336
-0.129373
-0.123656
-0.11817
-0.112904
-0.107846
-0.102985
-0.0983098
-0.0938118
-0.089481
-0.0853084
-0.0812856
-0.0774045
-0.0736577
-0.0700383
-0.0665403
-0.0631586
-0.0598899
-0.0567325
-0.0536971
-0.0507329
-0.0475841
-0.0441452
-0.0399847
-0.0361133
-0.0327351
-0.0297067
-0.0269398
-0.0244036
-0.0220745
-0.0199291
-0.0179463
-0.0161095
-0.0144044
-0.0128191
-0.0113436
-0.00996935
-0.0086893
-0.00749735
-0.00638822
-0.00535727
-0.00440026
-0.00351284
-0.00269135
-0.00193763
-0.0013362
)
;

boundaryField
{
    wallL
    {
        type            zeroGradient;
    }
    wallR
    {
        type            zeroGradient;
    }
    wallExpansion
    {
        type            zeroGradient;
    }
    inlet
    {
        type            zeroGradient;
    }
    outlet
    {
        type            fixedValue;
        value           uniform 0;
    }
    twoD
    {
        type            empty;
    }
    collapsedFaces
    {
        type            empty;
    }
}


// ************************************************************************* //
