/*--------------------------------*- C++ -*----------------------------------*\
| =========                 |                                                 |
| \\      /  F ield         | OpenFOAM: The Open Source CFD Toolbox           |
|  \\    /   O peration     | Version:  2412                                  |
|   \\  /    A nd           | Website:  www.openfoam.com                      |
|    \\/     M anipulation  |                                                 |
\*---------------------------------------------------------------------------*/
FoamFile
{
    version     2.0;
    format      ascii;
    arch        "LSB;label=32;scalar=64";
    class       volScalarField;
    location    "2.4/fluid";
    object      T;
}
// * * * * * * * * * * * * * * * * * * * * * * * * * * * * * * * * * * * * * //

dimensions      [0 0 0 1 0 0 0];

internalField   nonuniform List<scalar> 
34009
(
297.582
300.382
307.252
328.01
296.81
299.02
304.889
326.123
295.986
297.661
302.615
321.755
293.283
293.878
297.957
318.805
293.25
293.68
296.864
315.231
293.221
293.492
295.72
310.887
293.034
293.24
295.473
311.929
293.029
293.176
294.899
309.217
293.025
293.116
294.301
305.998
293.013
293.164
294.969
309.553
293.01
293.119
294.524
307.27
293.007
293.074
294.045
304.488
293.01
293.149
294.826
308.523
293.007
293.108
294.419
306.415
293.004
293.067
293.975
303.803
293.01
293.15
294.811
308.018
293.007
293.109
294.406
305.969
293.004
293.068
293.964
303.43
293.01
293.148
294.779
307.546
293.007
293.107
294.378
305.548
293.004
293.066
293.945
303.101
293.008
293.131
294.608
306.539
293.006
293.095
294.247
304.696
293.003
293.059
293.86
302.467
293.001
293.006
293.099
294.279
304.685
293
293.004
293.072
293.995
303.141
293
293.003
293.045
293.694
301.309
293
293.004
293.064
293.895
302.419
293
293.003
293.046
293.704
301.277
293
293.002
293.03
293.504
299.95
295.721
297.17
301.48
316.474
295.462
296.652
300.076
310.51
295.213
296.14
298.675
305.516
294.675
294.989
295.678
297.455
301.747
294.559
294.796
295.288
296.476
299.087
294.435
294.627
294.972
295.736
297.296
294.051
294.264
294.456
294.712
295.198
296.121
293.531
293.789
294.025
294.236
294.463
294.793
295.349
293.316
293.522
293.741
293.954
294.17
294.428
294.795
293.163
293.297
293.464
293.647
293.839
294.052
294.316
293.072
293.144
293.246
293.373
293.519
293.683
293.878
293.027
293.059
293.109
293.179
293.269
293.376
293.506
293.009
293.02
293.04
293.071
293.114
293.17
293.243
293.002
293.006
293.012
293.023
293.039
293.062
293.095
293.001
293.002
293.003
293.006
293.011
293.018
293.03
293
293
293.001
293.001
293.003
293.004
293.007
293
293
293
293
293.001
293.001
293.002
293
293
293
293
293
293
293
293
293
293
293
293
293
293
293
293
293
293
293
293
293
293
293
293
293
293
293
293
293
293
293
293
293
293
293
293
293
293
293
293
293
293
293
293
293
293
293
293
293
293
293
293
293
293
293
293
293
293
293
293.211
293.422
295.157
306.01
293.202
293.35
294.525
301.129
293.194
293.288
293.99
297.59
293.173
293.187
293.242
293.616
295.386
293.166
293.179
293.212
293.391
294.181
293.158
293.171
293.192
293.272
293.596
293.131
293.149
293.161
293.176
293.214
293.34
293.066
293.102
293.132
293.152
293.163
293.183
293.233
293.038
293.067
293.099
293.128
293.15
293.167
293.189
293.018
293.036
293.06
293.088
293.116
293.142
293.166
293.007
293.016
293.03
293.049
293.071
293.096
293.122
293.003
293.006
293.012
293.021
293.034
293.05
293.07
293.001
293.002
293.004
293.008
293.013
293.021
293.031
293
293.001
293.001
293.002
293.004
293.007
293.011
293
293
293
293.001
293.001
293.002
293.003
293
293
293
293
293
293
293.001
293
293
293
293
293
293
293
293
293
293
293
293
293
293
293
293
293
293
293
293
293
293
293
293
293
293
293
293
293
293
293
293
293
293
293
293
293
293
293
293
293
293
293
293
293
293
293
293
293
293
293
293
293
293
293
293
293
293
293
293
293
293
293
293
293
293
293.024
293.091
293.97
301.817
293.022
293.066
293.612
297.94
293.021
293.046
293.334
295.408
293.019
293.02
293.032
293.163
294.029
293.019
293.02
293.025
293.076
293.392
293.019
293.019
293.022
293.039
293.141
293.014
293.017
293.02
293.021
293.026
293.056
293.006
293.011
293.015
293.018
293.021
293.023
293.032
293.004
293.007
293.011
293.015
293.018
293.021
293.026
293.002
293.004
293.006
293.01
293.013
293.017
293.021
293.001
293.002
293.003
293.005
293.008
293.011
293.015
293
293.001
293.001
293.002
293.004
293.006
293.008
293
293
293
293.001
293.001
293.002
293.003
293
293
293
293
293
293.001
293.001
293
293
293
293
293
293
293
293
293
293
293
293
293
293
293
293
293
293
293
293
293
293
293
293
293
293
293
293
293
293
293
293
293
293
293
293
293
293
293
293
293
293
293
293
293
293
293
293
293
293
293
293
293
293
293
293
293
293
293
293
293
293
293
293
293
293
293
293
293
293
293
293
293
293
293
293
293
293
293
293
293.005
293.055
293.77
300.689
293.004
293.036
293.471
297.198
293.003
293.021
293.244
294.973
293.002
293.003
293.011
293.108
293.8
293.002
293.002
293.006
293.041
293.281
293.002
293.002
293.004
293.015
293.087
293.001
293.002
293.002
293.003
293.006
293.025
293.001
293.001
293.002
293.002
293.002
293.003
293.008
293
293.001
293.001
293.002
293.002
293.003
293.004
293
293
293.001
293.001
293.001
293.002
293.003
293
293
293
293
293.001
293.001
293.002
293
293
293
293
293
293
293.001
293
293
293
293
293
293
293
293
293
293
293
293
293
293
293
293
293
293
293
293
293
293
293
293
293
293
293
293
293
293
293
293
293
293
293
293
293
293
293
293
293
293
293
293
293
293
293
293
293
293
293
293
293
293
293
293
293
293
293
293
293
293
293
293
293
293
293
293
293
293
293
293
293
293
293
293
293
293
293
293
293
293
293
293
293
293
293
293
293
293
293
293
293
293
293.003
293.05
293.718
300.237
293.002
293.032
293.438
296.944
293.001
293.017
293.225
294.847
293
293.001
293.008
293.098
293.745
293
293.001
293.003
293.036
293.259
293
293
293.001
293.012
293.079
293
293
293
293.001
293.003
293.021
293
293
293
293
293
293.001
293.005
293
293
293
293
293
293
293.001
293
293
293
293
293
293
293
293
293
293
293
293
293
293
293
293
293
293
293
293
293
293
293
293
293
293
293
293
293
293
293
293
293
293
293
293
293
293
293
293
293
293
293
293
293
293
293
293
293
293
293
293
293
293
293
293
293
293
293
293
293
293
293
293
293
293
293
293
293
293
293
293
293
293
293
293
293
293
293
293
293
293
293
293
293
293
293
293
293
293
293
293
293
293
293
293
293
293
293
293
293
293
293
293
293
293
293
293
293
293
293
293
293
293
293
293.003
293.05
293.712
300.02
293.002
293.032
293.435
296.849
293.001
293.017
293.225
294.814
293
293.001
293.008
293.098
293.737
293
293
293.003
293.036
293.258
293
293
293.001
293.011
293.078
293
293
293
293
293.003
293.021
293
293
293
293
293
293.001
293.005
293
293
293
293
293
293
293.001
293
293
293
293
293
293
293
293
293
293
293
293
293
293
293
293
293
293
293
293
293
293
293
293
293
293
293
293
293
293
293
293
293
293
293
293
293
293
293
293
293
293
293
293
293
293
293
293
293
293
293
293
293
293
293
293
293
293
293
293
293
293
293
293
293
293
293
293
293
293
293
293
293
293
293
293
293
293
293
293
293
293
293
293
293
293
293
293
293
293
293
293
293
293
293
293
293
293
293
293
293
293
293
293
293
293
293
293
293
293
293
293
293
293
293
293.003
293.049
293.696
299.804
293.002
293.031
293.425
296.731
293.001
293.017
293.219
294.756
293
293.001
293.008
293.095
293.711
293
293
293.003
293.035
293.248
293
293
293.001
293.011
293.075
293
293
293
293
293.003
293.02
293
293
293
293
293
293.001
293.005
293
293
293
293
293
293
293.001
293
293
293
293
293
293
293
293
293
293
293
293
293
293
293
293
293
293
293
293
293
293
293
293
293
293
293
293
293
293
293
293
293
293
293
293
293
293
293
293
293
293
293
293
293
293
293
293
293
293
293
293
293
293
293
293
293
293
293
293
293
293
293
293
293
293
293
293
293
293
293
293
293
293
293
293
293
293
293
293
293
293
293
293
293
293
293
293
293
293
293
293
293
293
293
293
293
293
293
293
293
293
293
293
293
293
293
293
293
293
293
293
293
293
293
293
293.003
293.043
293.63
299.313
293.002
293.027
293.381
296.411
293
293.001
293.015
293.193
294.576
293
293
293.007
293.083
293.625
293
293
293.003
293.03
293.213
293
293
293
293.001
293.009
293.063
293
293
293
293
293.002
293.016
293
293
293
293
293
293
293.004
293
293
293
293
293
293
293.001
293
293
293
293
293
293
293
293
293
293
293
293
293
293
293
293
293
293
293
293
293
293
293
293
293
293
293
293
293
293
293
293
293
293
293
293
293
293
293
293
293
293
293
293
293
293
293
293
293
293
293
293
293
293
293
293
293
293
293
293
293
293
293
293
293
293
293
293
293
293
293
293
293
293
293
293
293
293
293
293
293
293
293
293
293
293
293
293
293
293
293
293
293
293
293
293
293
293
293
293
293
293
293
293
293
293
293
293
293
293
293
293
293
293
293
293
293
293.002
293.033
293.501
298.371
293
293.001
293.02
293.294
295.786
293
293.001
293.011
293.144
294.23
293
293
293.005
293.059
293.464
293
293
293.002
293.021
293.151
293
293
293
293
293.006
293.043
293
293
293
293
293.001
293.011
293
293
293
293
293
293
293.002
293
293
293
293
293
293
293
293
293
293
293
293
293
293
293
293
293
293
293
293
293
293
293
293
293
293
293
293
293
293
293
293
293
293
293
293
293
293
293
293
293
293
293
293
293
293
293
293
293
293
293
293
293
293
293
293
293
293
293
293
293
293
293
293
293
293
293
293
293
293
293
293
293
293
293
293
293
293
293
293
293
293
293
293
293
293
293
293
293
293
293
293
293
293
293
293
293
293
293
293
293
293
293
293
293
293
293
293
293
293
293
293
293
293
293
293
293
293
293
293
293
293
293
293
293
293
293.001
293.021
293.354
297.243
293
293.001
293.013
293.2
295.063
293
293
293.006
293.093
293.852
293
293
293.003
293.036
293.301
293
293
293
293.001
293.012
293.092
293
293
293
293
293.003
293.024
293
293
293
293
293.001
293.006
293
293
293
293
293
293
293.001
293
293
293
293
293
293
293
293
293
293
293
293
293
293
293
293
293
293
293
293
293
293
293
293
293
293
293
293
293
293
293
293
293
293
293
293
293
293
293
293
293
293
293
293
293
293
293
293
293
293
293
293
293
293
293
293
293
293
293
293
293
293
293
293
293
293
293
293
293
293
293
293
293
293
293
293
293
293
293
293
293
293
293
293
293
293
293
293
293
293
293
293
293
293
293
293
293
293
293
293
293
293
293
293
293
293
293
293
293
293
293
293
293
293
293
293
293
293
293
293
293
293
293
293
293
293
322.861
336.647
339.479
342.315
341.004
340.546
339.444
338.177
336.848
335.69
314.772
322.601
325.047
328.524
326.7
325.784
323.898
322.133
320.828
321.223
309.553
314.55
316.173
317.833
318.487
318.26
316.917
315.391
313.938
314.27
305.563
309.103
310.783
312.011
312.515
312.704
312.705
312.074
311.146
310.595
302.462
305.178
306.781
307.863
308.488
308.775
308.772
308.762
308.681
308.514
300.085
302.257
303.704
304.698
305.349
305.735
305.917
305.967
305.922
305.884
298.3
300.056
301.325
302.232
302.866
303.291
303.557
303.708
303.784
303.841
296.981
298.394
299.487
300.303
300.902
301.331
301.631
301.835
301.976
302.088
296.002
297.133
298.065
298.794
299.35
299.768
300.077
300.305
300.476
300.614
295.23
296.148
296.947
297.6
298.117
298.519
298.83
299.069
299.255
299.404
294.556
295.303
296.009
296.612
297.105
297.5
297.814
298.063
298.261
298.42
293.981
294.554
295.144
295.693
296.174
296.582
296.92
297.193
297.413
297.59
293.536
293.931
294.381
294.839
295.271
295.663
296.006
296.3
296.549
296.758
293.245
293.477
293.774
294.108
294.452
294.788
295.102
295.387
295.642
295.864
293.092
293.202
293.363
293.566
293.797
294.042
294.288
294.527
294.753
294.961
293.028
293.07
293.139
293.237
293.361
293.504
293.662
293.826
293.991
294.151
293.007
293.019
293.042
293.079
293.131
293.196
293.274
293.361
293.455
293.552
293.001
293.004
293.01
293.021
293.037
293.06
293.089
293.124
293.164
293.207
293
293.001
293.002
293.004
293.008
293.014
293.022
293.033
293.045
293.059
293
293
293
293.001
293.002
293.003
293.004
293.007
293.009
293.013
293
293
293
293
293
293.001
293.001
293.001
293.002
293.002
293
293
293
293
293
293
293
293
293
293
293
293
293
293
293
293
293
293
293
293
293
293
293
293
293
293
293
293
293
293
293
293
293
293
293
293
293
293
293
293
313.826
334.654
339.021
341.074
340.491
339.943
338.75
337.263
335.698
333.432
306.172
318.01
324.58
328.31
327.301
325.855
323.806
321.785
320.103
319.041
301.623
308.836
312.89
316.741
318.023
317.705
316.115
314.396
312.98
312.38
298.462
302.958
306.182
309.148
310.995
311.811
311.681
311.294
309.992
309.219
296.304
299.152
301.601
303.831
305.571
306.749
307.379
307.591
307.45
307.267
294.914
296.701
298.447
300.088
301.508
302.639
303.465
304.012
304.327
304.548
294.08
295.162
296.338
297.501
298.576
299.512
300.287
300.903
301.385
301.799
293.615
294.238
294.985
295.773
296.543
297.256
297.892
298.445
298.926
299.364
293.375
293.713
294.161
294.668
295.193
295.706
296.189
296.634
297.042
297.424
293.255
293.429
293.684
293.995
294.337
294.689
295.036
295.371
295.69
295.994
293.201
293.304
293.434
293.608
293.818
294.05
294.291
294.532
294.77
295.002
293.14
293.226
293.325
293.436
293.559
293.695
293.841
294.001
294.167
294.337
293.077
293.144
293.227
293.319
293.418
293.521
293.627
293.736
293.848
293.962
293.034
293.073
293.13
293.201
293.282
293.369
293.46
293.553
293.646
293.739
293.012
293.029
293.059
293.101
293.154
293.217
293.288
293.364
293.442
293.522
293.003
293.009
293.021
293.039
293.066
293.101
293.143
293.192
293.246
293.305
293.001
293.002
293.006
293.012
293.022
293.036
293.055
293.079
293.107
293.139
293
293
293.001
293.003
293.006
293.01
293.016
293.025
293.035
293.048
293
293
293
293.001
293.001
293.002
293.004
293.006
293.009
293.013
293
293
293
293
293
293
293.001
293.001
293.002
293.003
293
293
293
293
293
293
293
293
293
293
293
293
293
293
293
293
293
293
293
293
293
293
293
293
293
293
293
293
293
293
293
293
293
293
293
293
293
293
293
293
293
293
293
293
293
293
293
293
293
293
309.286
330.352
336.474
338.243
337.835
337.494
336.463
335.146
333.467
329.013
302.411
313.875
321.356
325.908
325.418
324.044
322.034
320.007
317.976
315.592
298.592
305.2
310.022
314.205
316.045
315.553
313.938
312.03
310.296
308.5
296.148
299.944
303.365
306.689
309.028
310.166
310.013
308.817
307.439
305.943
294.641
296.78
299.063
301.416
303.468
305.002
305.916
306.14
305.876
305.38
293.785
294.934
296.334
297.875
299.388
300.73
301.807
302.542
302.968
303.195
293.347
293.918
294.702
295.63
296.622
297.595
298.487
299.244
299.859
300.379
293.147
293.405
293.8
294.309
294.894
295.515
296.134
296.722
297.265
297.778
293.068
293.171
293.35
293.6
293.91
294.263
294.64
295.025
295.411
295.796
293.04
293.081
293.153
293.261
293.408
293.586
293.789
294.01
294.244
294.489
293.028
293.048
293.08
293.126
293.189
293.268
293.363
293.474
293.599
293.735
293.018
293.032
293.052
293.077
293.108
293.147
293.192
293.245
293.304
293.37
293.01
293.02
293.034
293.052
293.073
293.098
293.127
293.158
293.192
293.229
293.004
293.01
293.019
293.032
293.048
293.067
293.089
293.113
293.139
293.167
293.001
293.004
293.008
293.015
293.025
293.038
293.054
293.072
293.093
293.115
293
293.001
293.003
293.006
293.01
293.017
293.026
293.037
293.05
293.065
293
293
293.001
293.002
293.003
293.006
293.009
293.014
293.02
293.028
293
293
293
293
293.001
293.001
293.002
293.004
293.006
293.009
293
293
293
293
293
293
293
293.001
293.001
293.002
293
293
293
293
293
293
293
293
293
293
293
293
293
293
293
293
293
293
293
293
293
293
293
293
293
293
293
293
293
293
293
293
293
293
293
293
293
293
293
293
293
293
293
293
293
293
293
293
293
293
293
293
293
293
293
293
293
293
293
293
307.595
328.075
333.738
335.078
334.843
334.839
333.974
332.952
331.197
325.66
301.246
312.179
320.005
323.418
322.931
321.896
320.109
318.298
316.161
313.354
297.779
304.003
308.809
312.442
314.04
313.226
311.619
309.865
308.136
306.466
295.607
299.084
302.385
305.563
307.77
308.712
307.872
306.426
305.041
303.546
294.303
296.186
298.312
300.57
302.568
304.084
304.807
304.88
304.49
303.382
293.588
294.549
295.793
297.226
298.683
300.016
301.064
301.763
302.146
302.214
293.237
293.686
294.34
295.159
296.073
297.008
297.881
298.628
299.236
299.724
293.085
293.272
293.577
293.993
294.496
295.055
295.633
296.193
296.72
297.219
293.029
293.097
293.221
293.405
293.646
293.935
294.257
294.597
294.947
295.303
293.01
293.033
293.077
293.148
293.247
293.374
293.526
293.699
293.887
294.09
293.005
293.012
293.027
293.051
293.087
293.136
293.198
293.271
293.355
293.45
293.002
293.005
293.011
293.02
293.032
293.05
293.073
293.101
293.134
293.173
293.001
293.003
293.005
293.009
293.015
293.022
293.032
293.043
293.057
293.073
293
293.001
293.003
293.005
293.008
293.012
293.017
293.023
293.031
293.039
293
293
293.001
293.002
293.004
293.006
293.009
293.013
293.018
293.023
293
293
293
293.001
293.001
293.003
293.004
293.006
293.009
293.012
293
293
293
293
293
293.001
293.001
293.002
293.003
293.005
293
293
293
293
293
293
293
293.001
293.001
293.001
293
293
293
293
293
293
293
293
293
293
293
293
293
293
293
293
293
293
293
293
293
293
293
293
293
293
293
293
293
293
293
293
293
293
293
293
293
293
293
293
293
293
293
293
293
293
293
293
293
293
293
293
293
293
293
293
293
293
293
293
293
293
293
293
293
293
293
293
293
293
306.686
326.155
330.949
332.089
331.812
331.967
331.27
330.573
328.902
323.63
300.724
311.099
318.604
320.924
320.274
319.546
318.055
316.659
314.753
312.035
297.467
303.386
307.943
311.034
312.153
311.169
309.691
308.224
306.713
305.368
295.428
298.715
301.846
304.744
306.676
307.352
306.134
304.736
303.507
302.253
294.207
295.971
297.974
300.072
301.908
303.27
303.81
303.77
303.359
302.08
293.54
294.431
295.591
296.922
298.274
299.51
300.463
301.083
301.411
301.397
293.215
293.627
294.229
294.982
295.825
296.69
297.499
298.191
298.751
299.188
293.076
293.246
293.523
293.9
294.357
294.867
295.396
295.911
296.396
296.853
293.023
293.085
293.196
293.362
293.578
293.837
294.125
294.43
294.745
295.065
293.006
293.026
293.065
293.127
293.216
293.329
293.463
293.614
293.779
293.957
293.002
293.007
293.019
293.039
293.07
293.112
293.165
293.229
293.301
293.383
293
293.002
293.005
293.011
293.02
293.034
293.052
293.074
293.102
293.133
293
293
293.001
293.003
293.006
293.01
293.015
293.022
293.031
293.042
293
293
293
293.001
293.002
293.003
293.005
293.007
293.01
293.014
293
293
293
293
293.001
293.001
293.002
293.003
293.004
293.005
293
293
293
293
293
293
293.001
293.001
293.002
293.002
293
293
293
293
293
293
293
293
293
293.001
293
293
293
293
293
293
293
293
293
293
293
293
293
293
293
293
293
293
293
293
293
293
293
293
293
293
293
293
293
293
293
293
293
293
293
293
293
293
293
293
293
293
293
293
293
293
293
293
293
293
293
293
293
293
293
293
293
293
293
293
293
293
293
293
293
293
293
293
293
293
293
293
293
293
293
293
293
293
293
293
306.096
324.476
328.65
329.643
329.353
329.524
328.934
328.42
327
322.335
300.446
310.216
317.256
318.895
318.194
317.605
316.361
315.27
313.646
311.242
297.33
302.94
307.19
309.92
310.683
309.717
308.395
307.159
305.874
304.744
295.366
298.498
301.443
304.099
305.813
306.389
305.113
303.763
302.721
301.673
294.181
295.871
297.769
299.721
301.408
302.649
303.108
303.051
302.691
301.519
293.531
294.39
295.495
296.747
298.005
299.148
300.024
300.596
300.905
300.903
293.212
293.611
294.188
294.902
295.694
296.502
297.255
297.9
298.423
298.834
293.074
293.239
293.506
293.867
294.3
294.779
295.275
295.758
296.211
296.639
293.023
293.082
293.19
293.349
293.554
293.799
294.071
294.359
294.654
294.953
293.006
293.024
293.062
293.122
293.206
293.313
293.44
293.582
293.738
293.904
293.001
293.006
293.017
293.037
293.066
293.105
293.155
293.215
293.283
293.358
293
293.001
293.004
293.009
293.018
293.03
293.047
293.068
293.092
293.121
293
293
293.001
293.002
293.004
293.007
293.012
293.018
293.026
293.035
293
293
293
293
293.001
293.002
293.003
293.004
293.006
293.009
293
293
293
293
293
293
293
293.001
293.001
293.002
293
293
293
293
293
293
293
293
293
293
293
293
293
293
293
293
293
293
293
293
293
293
293
293
293
293
293
293
293
293
293
293
293
293
293
293
293
293
293
293
293
293
293
293
293
293
293
293
293
293
293
293
293
293
293
293
293
293
293
293
293
293
293
293
293
293
293
293
293
293
293
293
293
293
293
293
293
293
293
293
293
293
293
293
293
293
293
293
293
293
293
293
293
293
293
293
293
293
293
293
305.612
322.773
326.83
327.627
327.382
327.525
326.97
326.47
325.444
321.525
300.183
309.241
315.412
317.288
316.629
316.075
314.925
313.936
312.609
310.709
297.169
302.334
306.23
308.772
309.628
308.788
307.623
306.422
305.338
304.289
295.269
298.153
300.855
303.307
304.921
305.577
304.878
303.361
302.445
301.551
294.128
295.687
297.425
299.213
300.764
301.934
302.516
302.53
302.28
301.663
293.504
294.298
295.309
296.45
297.595
298.641
299.483
300.058
300.401
300.532
293.2
293.569
294.097
294.746
295.463
296.194
296.885
297.489
297.992
298.409
293.07
293.222
293.467
293.794
294.185
294.618
295.066
295.506
295.923
296.321
293.021
293.076
293.175
293.319
293.505
293.725
293.97
294.229
294.496
294.767
293.005
293.022
293.056
293.111
293.187
293.284
293.398
293.526
293.666
293.814
293.001
293.006
293.016
293.033
293.06
293.096
293.14
293.194
293.255
293.323
293
293.001
293.004
293.008
293.016
293.027
293.042
293.061
293.083
293.109
293
293
293.001
293.002
293.004
293.006
293.011
293.016
293.023
293.031
293
293
293
293
293.001
293.001
293.002
293.003
293.005
293.007
293
293
293
293
293
293
293
293.001
293.001
293.001
293
293
293
293
293
293
293
293
293
293
293
293
293
293
293
293
293
293
293
293
293
293
293
293
293
293
293
293
293
293
293
293
293
293
293
293
293
293
293
293
293
293
293
293
293
293
293
293
293
293
293
293
293
293
293
293
293
293
293
293
293
293
293
293
293
293
293
293
293
293
293
293
293
293
293
293
293
293
293
293
293
293
293
293
293
293
293
293
293
293
293
293
293
293
293
293
293
293
293
293
304.95
320.927
325.637
326.356
326.195
326.098
325.626
325.029
324.15
321.117
299.704
307.978
313.146
316.365
315.985
315.148
314.135
313.123
312.02
310.476
296.827
301.403
304.9
307.708
308.804
308.383
307.412
306.279
305.246
304.256
295.044
297.561
299.966
302.254
303.907
304.778
304.788
303.663
302.54
301.72
293.997
295.343
296.861
298.447
299.884
301.026
301.788
302.034
301.932
301.623
293.437
294.115
294.983
295.969
296.977
297.92
298.737
299.354
299.767
300.028
293.17
293.482
293.929
294.479
295.092
295.725
296.341
296.903
297.391
297.818
293.058
293.185
293.389
293.663
293.991
294.356
294.74
295.125
295.499
295.861
293.017
293.062
293.144
293.263
293.417
293.6
293.804
294.024
294.252
294.486
293.004
293.018
293.046
293.091
293.153
293.232
293.326
293.432
293.549
293.674
293.001
293.004
293.012
293.027
293.048
293.077
293.114
293.158
293.208
293.264
293
293.001
293.003
293.007
293.013
293.022
293.034
293.049
293.067
293.088
293
293
293
293.001
293.003
293.005
293.008
293.013
293.018
293.025
293
293
293
293
293
293.001
293.002
293.003
293.004
293.006
293
293
293
293
293
293
293
293
293.001
293.001
293
293
293
293
293
293
293
293
293
293
293
293
293
293
293
293
293
293
293
293
293
293
293
293
293
293
293
293
293
293
293
293
293
293
293
293
293
293
293
293
293
293
293
293
293
293
293
293
293
293
293
293
293
293
293
293
293
293
293
293
293
293
293
293
293
293
293
293
293
293
293
293
293
293
293
293
293
293
293
293
293
293
293
293
293
293
293
293
293
293
293
293
293
293
293
293
293
293
293
293
303.958
318.079
324.455
325.174
325.235
324.885
324.537
323.945
322.769
320.8
298.869
305.986
309.504
314.601
315.216
314.51
313.622
312.523
311.103
309.678
296.209
299.937
302.797
305.717
307.254
307.971
307.553
306.601
305.466
304.429
294.645
296.633
298.593
300.571
302.183
303.34
303.903
303.813
303.414
302.416
293.771
294.809
296.01
297.295
298.525
299.602
300.446
300.982
301.255
301.271
293.326
293.836
294.503
295.272
296.08
296.871
297.597
298.212
298.71
299.108
293.123
293.351
293.685
294.102
294.574
295.074
295.575
296.054
296.501
296.919
293.041
293.132
293.28
293.482
293.727
294.005
294.302
294.607
294.915
295.222
293.012
293.043
293.101
293.187
293.299
293.434
293.587
293.755
293.932
294.117
293.003
293.012
293.031
293.063
293.108
293.165
293.233
293.312
293.399
293.494
293
293.003
293.008
293.018
293.033
293.054
293.08
293.112
293.149
293.19
293
293
293.002
293.004
293.009
293.015
293.023
293.034
293.047
293.063
293
293
293
293.001
293.002
293.003
293.006
293.009
293.013
293.017
293
293
293
293
293
293.001
293.001
293.002
293.003
293.004
293
293
293
293
293
293
293
293
293
293.001
293
293
293
293
293
293
293
293
293
293
293
293
293
293
293
293
293
293
293
293
293
293
293
293
293
293
293
293
293
293
293
293
293
293
293
293
293
293
293
293
293
293
293
293
293
293
293
293
293
293
293
293
293
293
293
293
293
293
293
293
293
293
293
293
293
293
293
293
293
293
293
293
293
293
293
293
293
293
293
293
293
293
293
293
293
293
293
293
293
293
293
293
293
293
293
293
293
293
293
293
302.683
311.902
320.965
323.313
323.129
323.635
323.388
322.436
321.42
319.742
297.868
302.854
306.26
309.419
311.872
313.737
313.325
312.092
310.959
309.579
295.515
298.169
300.449
302.61
304.373
305.733
306.412
306.678
306.383
305.243
294.222
295.637
297.104
298.568
299.919
301.08
301.932
302.473
302.735
302.667
293.544
294.274
295.14
296.07
297.004
297.888
298.662
299.298
299.8
300.177
293.219
293.569
294.035
294.577
295.161
295.755
296.329
296.861
297.347
297.794
293.078
293.23
293.456
293.742
294.071
294.428
294.797
295.165
295.528
295.886
293.025
293.083
293.18
293.315
293.481
293.672
293.88
294.101
294.33
294.565
293.007
293.026
293.063
293.118
293.192
293.282
293.386
293.501
293.627
293.759
293.002
293.007
293.019
293.039
293.067
293.104
293.149
293.202
293.261
293.326
293
293.002
293.005
293.011
293.02
293.033
293.05
293.071
293.095
293.122
293
293
293.001
293.002
293.005
293.009
293.014
293.021
293.029
293.039
293
293
293
293
293.001
293.002
293.003
293.005
293.008
293.011
293
293
293
293
293
293
293.001
293.001
293.002
293.002
293
293
293
293
293
293
293
293
293
293
293
293
293
293
293
293
293
293
293
293
293
293
293
293
293
293
293
293
293
293
293
293
293
293
293
293
293
293
293
293
293
293
293
293
293
293
293
293
293
293
293
293
293
293
293
293
293
293
293
293
293
293
293
293
293
293
293
293
293
293
293
293
293
293
293
293
293
293
293
293
293
293
293
293
293
293
293
293
293
293
293
293
293
293
293
293
293
293
293
293
293
293
293
293
293
293
293
293
293
293
331.507
321.431
313.715
309.632
323.931
319.094
313.481
309.929
307.747
306.044
304.516
303.006
301.469
300.007
298.801
297.993
297.56
297.366
316.985
316.011
312.806
310.188
308.358
306.85
305.469
304.102
302.701
301.313
300.055
299.055
298.362
297.936
311.236
311.777
311.235
310.089
308.917
307.797
306.701
305.582
304.412
303.2
302.006
300.92
300.012
299.311
308.509
308.533
308.542
308.458
308.236
307.882
307.408
306.821
306.123
305.322
304.441
303.525
302.628
301.801
305.878
305.893
305.924
305.966
306.007
306.036
306.033
305.983
305.876
305.699
305.442
305.103
304.687
304.212
303.868
303.9
303.938
303.981
304.03
304.08
304.129
304.175
304.214
304.243
304.255
304.242
304.199
304.124
302.132
302.176
302.22
302.267
302.315
302.364
302.413
302.463
302.511
302.558
302.603
302.643
302.677
302.705
300.666
300.715
300.763
300.81
300.856
300.902
300.946
300.991
301.034
301.076
301.116
301.154
301.19
301.223
299.461
299.513
299.562
299.608
299.653
299.696
299.737
299.776
299.813
299.849
299.882
299.914
299.942
299.969
298.48
298.535
298.586
298.634
298.68
298.722
298.762
298.799
298.834
298.866
298.895
298.923
298.947
298.969
297.657
297.718
297.776
297.829
297.879
297.925
297.968
298.007
298.044
298.077
298.108
298.135
298.159
298.181
296.838
296.913
296.983
297.049
297.112
297.17
297.224
297.275
297.322
297.365
297.404
297.44
297.472
297.5
295.952
296.034
296.112
296.188
296.259
296.327
296.391
296.452
296.509
296.562
296.611
296.656
296.697
296.734
295.044
295.124
295.201
295.277
295.35
295.421
295.489
295.554
295.616
295.674
295.73
295.782
295.83
295.874
294.217
294.281
294.345
294.409
294.471
294.533
294.593
294.652
294.709
294.764
294.817
294.867
294.915
294.96
293.592
293.633
293.674
293.715
293.757
293.799
293.841
293.883
293.924
293.964
294.004
294.042
294.079
294.114
293.226
293.245
293.264
293.284
293.305
293.326
293.348
293.369
293.391
293.413
293.434
293.455
293.475
293.495
293.065
293.072
293.079
293.086
293.093
293.101
293.108
293.116
293.124
293.132
293.14
293.148
293.156
293.164
293.014
293.016
293.018
293.019
293.021
293.023
293.025
293.027
293.029
293.031
293.033
293.035
293.037
293.039
293.002
293.003
293.003
293.003
293.004
293.004
293.004
293.005
293.005
293.005
293.006
293.006
293.007
293.007
293
293
293.001
293.001
293.001
293.001
293.001
293.001
293.001
293.001
293.001
293.001
293.001
293.001
293
293
293
293
293
293
293
293
293
293
293
293
293
293
293
293
293
293
293
293
293
293
293
293
293
293
293
293
293
293
293
293
293
293
293
293
293
293
293
293
293
293
323.577
310.171
303.037
300.198
316.868
308.69
303.153
300.711
299.891
299.593
299.305
298.898
298.422
297.981
297.655
297.469
297.39
297.374
311.955
307.556
303.695
301.734
300.994
300.667
300.334
299.871
299.312
298.751
298.279
297.942
297.736
297.629
309.047
307.14
304.8
303.232
302.562
302.176
301.809
301.348
300.783
300.165
299.568
299.054
298.653
298.364
307.239
306.847
305.948
304.988
304.293
303.816
303.433
303.045
302.598
302.084
301.526
300.967
300.445
299.987
304.663
304.748
304.753
304.666
304.519
304.329
304.125
303.909
303.672
303.404
303.097
302.753
302.384
302.005
301.977
302.15
302.312
302.454
302.572
302.665
302.734
302.781
302.808
302.815
302.791
302.74
302.662
302.557
299.545
299.723
299.901
300.075
300.243
300.404
300.554
300.695
300.825
300.944
301.051
301.146
301.229
301.297
297.58
297.735
297.89
298.045
298.2
298.353
298.503
298.649
298.792
298.93
299.062
299.189
299.31
299.424
296.119
296.242
296.366
296.491
296.616
296.741
296.865
296.989
297.111
297.232
297.351
297.467
297.58
297.689
295.096
295.19
295.285
295.381
295.478
295.574
295.671
295.768
295.865
295.961
296.056
296.15
296.242
296.333
294.407
294.478
294.55
294.623
294.697
294.772
294.847
294.922
294.997
295.072
295.147
295.221
295.294
295.367
294.009
294.057
294.106
294.156
294.207
294.259
294.312
294.366
294.421
294.476
294.532
294.588
294.644
294.7
293.776
293.814
293.852
293.891
293.931
293.971
294.012
294.053
294.094
294.136
294.178
294.221
294.263
294.306
293.555
293.588
293.622
293.656
293.69
293.725
293.761
293.796
293.832
293.868
293.904
293.941
293.977
294.013
293.329
293.354
293.38
293.407
293.434
293.462
293.491
293.52
293.55
293.58
293.611
293.641
293.672
293.703
293.153
293.167
293.182
293.198
293.215
293.232
293.251
293.27
293.289
293.309
293.33
293.351
293.372
293.394
293.054
293.06
293.067
293.074
293.081
293.089
293.097
293.106
293.116
293.126
293.136
293.146
293.157
293.168
293.014
293.016
293.018
293.021
293.023
293.026
293.028
293.031
293.035
293.038
293.042
293.045
293.049
293.054
293.003
293.003
293.004
293.004
293.005
293.005
293.006
293.007
293.008
293.009
293.009
293.01
293.011
293.013
293
293.001
293.001
293.001
293.001
293.001
293.001
293.001
293.001
293.001
293.002
293.002
293.002
293.002
293
293
293
293
293
293
293
293
293
293
293
293
293
293
293
293
293
293
293
293
293
293
293
293
293
293
293
293
293
293
293
293
293
293
293
293
293
293
293
293
293
293
293
293
293
293
293
293
293
293
293
293
293
293
293
293
316.185
303.657
299.118
298.022
310.079
302.543
299.231
298.31
298.09
298.01
297.918
297.791
297.656
297.547
297.482
297.462
297.475
297.507
306.041
301.891
299.624
298.863
298.657
298.575
298.467
298.302
298.106
297.918
297.774
297.686
297.647
297.645
304.255
302.081
300.54
299.862
299.63
299.527
299.41
299.229
298.989
298.725
298.479
298.278
298.134
298.042
304.463
303.204
302.077
301.394
301.034
300.832
300.677
300.505
300.29
300.034
299.755
299.481
299.231
299.019
303.224
303.12
302.894
302.594
302.282
302.009
301.78
301.585
301.407
301.228
301.038
300.835
300.624
300.412
300.592
300.777
300.925
301.033
301.105
301.147
301.166
301.169
301.153
301.122
301.083
301.037
300.983
300.919
297.992
298.202
298.407
298.605
298.791
298.964
299.124
299.27
299.402
299.52
299.625
299.719
299.8
299.87
295.957
296.121
296.288
296.457
296.627
296.796
296.962
297.126
297.285
297.439
297.588
297.73
297.865
297.993
294.592
294.698
294.809
294.923
295.041
295.161
295.284
295.409
295.534
295.66
295.786
295.91
296.033
296.154
293.792
293.852
293.916
293.982
294.052
294.124
294.2
294.277
294.357
294.439
294.523
294.608
294.693
294.779
293.398
293.427
293.458
293.491
293.527
293.564
293.603
293.645
293.689
293.734
293.781
293.83
293.88
293.931
293.245
293.261
293.278
293.296
293.315
293.335
293.356
293.377
293.4
293.423
293.448
293.473
293.499
293.527
293.178
293.19
293.203
293.216
293.229
293.243
293.257
293.272
293.287
293.303
293.319
293.336
293.353
293.371
293.125
293.135
293.145
293.156
293.167
293.178
293.19
293.203
293.216
293.229
293.243
293.257
293.271
293.286
293.071
293.078
293.086
293.093
293.102
293.11
293.12
293.129
293.139
293.15
293.161
293.172
293.184
293.196
293.031
293.035
293.039
293.043
293.048
293.053
293.058
293.064
293.07
293.076
293.083
293.09
293.097
293.105
293.01
293.012
293.013
293.015
293.017
293.019
293.021
293.023
293.026
293.029
293.032
293.035
293.039
293.042
293.002
293.003
293.003
293.004
293.004
293.005
293.006
293.006
293.007
293.008
293.009
293.01
293.011
293.012
293
293
293.001
293.001
293.001
293.001
293.001
293.001
293.001
293.002
293.002
293.002
293.002
293.003
293
293
293
293
293
293
293
293
293
293
293
293
293
293
293
293
293
293
293
293
293
293
293
293
293
293
293
293
293
293
293
293
293
293
293
293
293
293
293
293
293
293
293
293
293
293
293
293
293
293
293
293
293
293
293
293
293
293
293
293
293
293
293
293
293
293
293
293
293
293
313.583
302.273
298.505
297.641
297.482
307.816
301.146
298.45
297.754
297.616
297.59
297.573
297.552
297.534
297.531
297.545
297.575
297.617
297.666
297.718
303.874
300.286
298.528
298.003
297.889
297.867
297.843
297.801
297.753
297.712
297.691
297.693
297.715
297.753
297.801
301.916
300.071
298.951
298.535
298.427
298.403
298.376
298.321
298.24
298.151
298.073
298.016
297.985
297.979
297.993
301.92
300.83
299.988
299.543
299.358
299.28
299.225
299.159
299.071
298.963
298.846
298.732
298.633
298.553
298.495
302.082
301.82
301.456
301.077
300.739
300.467
300.259
300.101
299.973
299.862
299.757
299.652
299.547
299.446
299.351
299.911
300.054
300.149
300.2
300.214
300.2
300.166
300.12
300.072
300.025
299.979
299.935
299.892
299.849
299.806
297.426
297.627
297.82
298.001
298.169
298.321
298.457
298.577
298.683
298.776
298.856
298.924
298.983
299.033
299.078
295.453
295.606
295.764
295.922
296.082
296.24
296.395
296.547
296.695
296.836
296.972
297.101
297.223
297.337
297.444
294.177
294.268
294.363
294.463
294.566
294.673
294.782
294.893
295.006
295.12
295.233
295.346
295.457
295.567
295.674
293.491
293.534
293.581
293.63
293.683
293.738
293.797
293.857
293.921
293.986
294.054
294.123
294.193
294.264
294.335
293.19
293.207
293.226
293.247
293.269
293.293
293.318
293.344
293.372
293.402
293.433
293.465
293.499
293.533
293.568
293.079
293.086
293.094
293.102
293.111
293.121
293.131
293.142
293.153
293.165
293.178
293.191
293.205
293.22
293.235
293.043
293.046
293.05
293.054
293.059
293.064
293.069
293.074
293.08
293.086
293.092
293.098
293.105
293.112
293.119
293.026
293.028
293.031
293.034
293.037
293.04
293.044
293.047
293.051
293.055
293.059
293.064
293.068
293.073
293.078
293.014
293.015
293.017
293.019
293.021
293.023
293.025
293.028
293.031
293.033
293.037
293.04
293.043
293.047
293.05
293.006
293.006
293.007
293.008
293.009
293.01
293.012
293.013
293.014
293.016
293.018
293.02
293.022
293.024
293.026
293.002
293.002
293.002
293.003
293.003
293.003
293.004
293.004
293.005
293.006
293.006
293.007
293.008
293.009
293.01
293
293
293
293.001
293.001
293.001
293.001
293.001
293.001
293.001
293.002
293.002
293.002
293.002
293.003
293
293
293
293
293
293
293
293
293
293
293
293
293
293
293
293
293
293
293
293
293
293
293
293
293
293
293
293
293
293
293
293
293
293
293
293
293
293
293
293
293
293
293
293
293
293
293
293
293
293
293
293
293
293
293
293
293
293
293
293
293
293
293
293
293
293
293
293
293
293
293
293
293
293
293
293
293
293
293
293
293
293
293
293
293
312.797
302.104
298.436
297.59
297.447
297.444
297.464
297.49
297.521
297.556
297.595
297.637
307.109
300.867
298.297
297.634
297.515
297.512
297.529
297.549
297.574
297.605
297.642
297.684
297.728
297.771
297.809
303.138
299.848
298.228
297.749
297.655
297.655
297.668
297.678
297.689
297.704
297.729
297.762
297.801
297.843
297.884
300.977
299.357
298.387
298.041
297.962
297.961
297.97
297.97
297.961
297.951
297.945
297.949
297.964
297.988
298.018
300.694
299.755
299.073
298.736
298.603
298.558
298.538
298.517
298.488
298.453
298.415
298.38
298.352
298.334
298.325
301.226
300.955
300.612
300.258
299.941
299.681
299.48
299.329
299.217
299.131
299.062
299.004
298.952
298.906
298.864
299.35
299.467
299.54
299.573
299.573
299.55
299.511
299.465
299.415
299.366
299.32
299.278
299.24
299.206
299.175
297.043
297.224
297.398
297.559
297.707
297.841
297.96
298.064
298.155
298.235
298.304
298.365
298.417
298.464
298.505
295.2
295.337
295.478
295.62
295.762
295.903
296.041
296.175
296.306
296.431
296.55
296.663
296.77
296.871
296.966
294.032
294.111
294.194
294.28
294.37
294.462
294.557
294.653
294.75
294.848
294.945
295.042
295.138
295.231
295.323
293.418
293.455
293.494
293.536
293.58
293.627
293.676
293.727
293.779
293.834
293.89
293.947
294.005
294.063
294.122
293.147
293.161
293.177
293.193
293.211
293.231
293.251
293.273
293.295
293.319
293.344
293.37
293.397
293.424
293.452
293.047
293.052
293.057
293.063
293.069
293.076
293.083
293.091
293.099
293.108
293.117
293.127
293.137
293.147
293.158
293.015
293.017
293.019
293.021
293.023
293.026
293.028
293.031
293.034
293.037
293.04
293.043
293.047
293.051
293.055
293.006
293.007
293.008
293.008
293.009
293.01
293.011
293.013
293.014
293.015
293.017
293.018
293.02
293.021
293.023
293.003
293.003
293.003
293.004
293.004
293.005
293.005
293.006
293.007
293.007
293.008
293.009
293.01
293.011
293.012
293.001
293.001
293.001
293.001
293.002
293.002
293.002
293.002
293.003
293.003
293.003
293.004
293.004
293.005
293.005
293
293
293
293
293
293
293.001
293.001
293.001
293.001
293.001
293.001
293.001
293.002
293.002
293
293
293
293
293
293
293
293
293
293
293
293
293
293
293
293
293
293
293
293
293
293
293
293
293
293
293
293
293
293
293
293
293
293
293
293
293
293
293
293
293
293
293
293
293
293
293
293
293
293
293
293
293
293
293
293
293
293
293
293
293
293
293
293
293
293
293
293
293
293
293
293
293
293
293
293
293
293
293
293
293
293
293
293
293
293
293
293
293
293
293
293
293
293
293
293
293
293
293
293
293
293
312.442
302.271
298.541
297.63
297.473
297.476
297.507
297.542
297.579
297.615
297.649
297.68
297.705
297.723
297.735
297.739
306.825
300.927
298.346
297.645
297.516
297.521
297.552
297.587
297.624
297.661
297.698
297.732
297.761
297.782
297.795
302.86
299.794
298.196
297.7
297.601
297.607
297.635
297.666
297.698
297.731
297.766
297.801
297.833
297.859
297.876
300.626
299.155
298.227
297.88
297.796
297.799
297.821
297.844
297.865
297.885
297.906
297.93
297.955
297.98
298.001
300.213
299.369
298.74
298.42
298.288
298.246
298.233
298.227
298.222
298.216
298.212
298.209
298.21
298.214
298.221
300.747
300.503
300.192
299.866
299.568
299.317
299.118
298.965
298.851
298.768
298.706
298.661
298.627
298.601
298.581
298.986
299.098
299.17
299.205
299.209
299.189
299.153
299.107
299.056
299.005
298.956
298.911
298.871
298.835
298.805
296.815
296.985
297.147
297.298
297.437
297.563
297.675
297.773
297.859
297.932
297.996
298.05
298.096
298.136
298.171
295.079
295.207
295.338
295.47
295.602
295.732
295.86
295.985
296.106
296.222
296.332
296.436
296.535
296.627
296.714
293.974
294.048
294.125
294.205
294.288
294.373
294.461
294.549
294.639
294.729
294.818
294.907
294.994
295.08
295.163
293.391
293.425
293.462
293.5
293.541
293.584
293.629
293.676
293.724
293.774
293.824
293.876
293.929
293.981
294.034
293.133
293.147
293.161
293.176
293.193
293.21
293.228
293.248
293.268
293.29
293.312
293.335
293.359
293.383
293.408
293.039
293.043
293.048
293.053
293.058
293.064
293.07
293.077
293.084
293.091
293.099
293.108
293.116
293.125
293.134
293.01
293.011
293.013
293.014
293.015
293.017
293.019
293.021
293.023
293.025
293.028
293.03
293.033
293.035
293.038
293.002
293.003
293.003
293.003
293.004
293.004
293.005
293.005
293.006
293.007
293.007
293.008
293.009
293.01
293.011
293.001
293.001
293.001
293.001
293.001
293.001
293.001
293.001
293.002
293.002
293.002
293.002
293.003
293.003
293.003
293
293
293
293
293
293
293
293
293
293
293.001
293.001
293.001
293.001
293.001
293
293
293
293
293
293
293
293
293
293
293
293
293
293
293
293
293
293
293
293
293
293
293
293
293
293
293
293
293
293
293
293
293
293
293
293
293
293
293
293
293
293
293
293
293
293
293
293
293
293
293
293
293
293
293
293
293
293
293
293
293
293
293
293
293
293
293
293
293
293
293
293
293
293
293
293
293
293
293
293
293
293
293
293
293
293
293
293
293
293
293
293
293
293
293
293
293
293
293
293
293
293
293
293
293
293
293
293
293
293
293
293
293
293
293
293
293
312.388
302.694
298.773
297.716
297.51
297.502
297.533
297.569
297.603
297.633
297.657
297.675
297.685
297.686
297.682
297.672
306.783
301.212
298.521
297.713
297.544
297.54
297.572
297.61
297.647
297.681
297.71
297.733
297.747
297.751
297.748
302.805
299.958
298.31
297.741
297.607
297.604
297.634
297.671
297.707
297.743
297.776
297.804
297.825
297.838
297.84
300.579
299.236
298.286
297.885
297.767
297.755
297.775
297.802
297.831
297.859
297.886
297.913
297.937
297.957
297.969
300.319
299.482
298.782
298.417
298.251
298.178
298.146
298.133
298.127
298.125
298.127
298.131
298.137
298.144
298.152
300.449
300.282
300.044
299.779
299.52
299.286
299.084
298.917
298.783
298.678
298.597
298.537
298.492
298.46
298.437
298.567
298.695
298.789
298.851
298.884
298.893
298.884
298.86
298.827
298.788
298.747
298.706
298.666
298.63
298.597
296.485
296.645
296.8
296.947
297.085
297.211
297.326
297.429
297.52
297.6
297.669
297.729
297.781
297.825
297.863
294.881
294.997
295.115
295.236
295.356
295.477
295.595
295.711
295.824
295.933
296.037
296.136
296.229
296.318
296.4
293.877
293.943
294.012
294.083
294.157
294.234
294.312
294.391
294.471
294.552
294.632
294.711
294.79
294.867
294.942
293.352
293.382
293.415
293.449
293.485
293.523
293.562
293.604
293.646
293.69
293.734
293.78
293.826
293.872
293.918
293.12
293.132
293.144
293.158
293.172
293.188
293.204
293.221
293.239
293.258
293.277
293.297
293.318
293.339
293.36
293.034
293.038
293.042
293.047
293.052
293.057
293.062
293.068
293.074
293.081
293.087
293.095
293.102
293.11
293.117
293.008
293.009
293.01
293.012
293.013
293.014
293.016
293.018
293.019
293.021
293.023
293.025
293.027
293.03
293.032
293.002
293.002
293.002
293.002
293.003
293.003
293.003
293.004
293.004
293.005
293.005
293.006
293.006
293.007
293.007
293
293
293
293
293
293
293.001
293.001
293.001
293.001
293.001
293.001
293.001
293.001
293.001
293
293
293
293
293
293
293
293
293
293
293
293
293
293
293
293
293
293
293
293
293
293
293
293
293
293
293
293
293
293
293
293
293
293
293
293
293
293
293
293
293
293
293
293
293
293
293
293
293
293
293
293
293
293
293
293
293
293
293
293
293
293
293
293
293
293
293
293
293
293
293
293
293
293
293
293
293
293
293
293
293
293
293
293
293
293
293
293
293
293
293
293
293
293
293
293
293
293
293
293
293
293
293
293
293
293
293
293
293
293
293
293
293
293
293
293
293
293
293
293
293
293
293
293
293
293
293
293
293
293
293
293
293
293
293
312.608
303.417
299.185
297.872
297.561
297.52
297.541
297.573
297.604
297.631
297.651
297.662
297.667
297.665
297.657
297.643
306.965
301.751
298.866
297.859
297.596
297.559
297.58
297.614
297.649
297.681
297.707
297.724
297.733
297.735
297.731
297.72
302.972
300.359
298.608
297.889
297.67
297.63
297.646
297.676
297.71
297.743
297.773
297.798
297.816
297.825
297.825
297.819
300.869
299.663
298.652
298.118
297.898
297.825
297.814
297.825
297.843
297.864
297.887
297.908
297.928
297.945
297.957
297.959
301.118
300.431
299.667
299.063
298.674
298.446
298.316
298.241
298.196
298.169
298.153
298.143
298.138
298.136
298.136
298.137
300.083
300.061
299.964
299.81
299.626
299.435
299.251
299.083
298.934
298.806
298.698
298.608
298.536
298.478
298.432
298.396
297.988
298.14
298.271
298.378
298.459
298.517
298.554
298.572
298.576
298.569
298.553
298.532
298.507
298.48
298.453
298.426
296.011
296.16
296.308
296.452
296.59
296.722
296.844
296.958
297.062
297.155
297.239
297.314
297.38
297.438
297.488
297.531
294.585
294.685
294.789
294.895
295.002
295.11
295.218
295.325
295.43
295.532
295.631
295.726
295.817
295.903
295.985
296.061
293.727
293.782
293.839
293.9
293.962
294.027
294.093
294.161
294.23
294.3
294.369
294.439
294.508
294.575
294.642
293.288
293.313
293.34
293.368
293.398
293.429
293.462
293.495
293.531
293.567
293.604
293.642
293.68
293.718
293.756
293.097
293.107
293.117
293.128
293.14
293.153
293.166
293.18
293.194
293.209
293.225
293.241
293.258
293.275
293.292
293.028
293.031
293.034
293.038
293.042
293.046
293.05
293.055
293.06
293.065
293.071
293.076
293.082
293.088
293.095
293.007
293.007
293.008
293.009
293.01
293.011
293.013
293.014
293.015
293.017
293.018
293.02
293.022
293.024
293.025
293.001
293.001
293.002
293.002
293.002
293.002
293.003
293.003
293.003
293.004
293.004
293.004
293.005
293.005
293.006
293
293
293
293
293
293
293
293
293
293
293.001
293.001
293.001
293.001
293.001
293
293
293
293
293
293
293
293
293
293
293
293
293
293
293
293
293
293
293
293
293
293
293
293
293
293
293
293
293
293
293
293
293
293
293
293
293
293
293
293
293
293
293
293
293
293
293
293
293
293
293
293
293
293
293
293
293
293
293
293
293
293
293
293
293
293
293
293
293
293
293
293
293
293
293
293
293
293
293
293
293
293
293
293
293
293
293
293
293
293
293
293
293
293
293
293
293
293
293
293
293
293
293
293
293
293
293
293
293
293
293
293
293
293
293
293
293
293
293
293
293
293
293
293
293
293
293
293
293
293
293
293
293
293
293
312.955
304.519
299.932
298.217
297.696
297.57
297.559
297.579
297.605
297.631
297.65
297.665
297.674
297.679
297.678
297.672
307.271
302.652
299.553
298.223
297.768
297.642
297.624
297.64
297.665
297.692
297.715
297.732
297.744
297.753
297.756
297.754
303.435
301.175
299.295
298.336
297.941
297.807
297.769
297.766
297.777
297.794
297.812
297.83
297.844
297.851
297.854
297.857
301.662
300.615
299.477
298.818
298.464
298.268
298.156
298.089
298.05
298.027
298.015
298.01
298.009
298.01
298.012
298.008
301.185
300.96
300.588
300.154
299.735
299.372
299.079
298.852
298.68
298.552
298.457
298.386
298.333
298.294
298.263
298.24
299.259
299.37
299.436
299.456
299.434
299.379
299.3
299.207
299.106
299.004
298.905
298.812
298.726
298.649
298.58
298.52
297.09
297.255
297.412
297.557
297.688
297.802
297.9
297.981
298.046
298.096
298.134
298.16
298.176
298.185
298.188
298.185
295.351
295.481
295.613
295.744
295.875
296.004
296.128
296.248
296.361
296.468
296.568
296.66
296.745
296.822
296.892
296.954
294.195
294.275
294.359
294.445
294.534
294.624
294.715
294.806
294.898
294.988
295.077
295.164
295.249
295.33
295.408
295.482
293.534
293.576
293.62
293.666
293.715
293.765
293.817
293.87
293.925
293.98
294.036
294.092
294.148
294.204
294.259
294.312
293.207
293.226
293.246
293.267
293.289
293.312
293.337
293.362
293.389
293.416
293.444
293.473
293.502
293.531
293.561
293.59
293.069
293.076
293.084
293.092
293.1
293.109
293.119
293.129
293.14
293.151
293.163
293.175
293.187
293.199
293.212
293.225
293.019
293.022
293.024
293.027
293.029
293.032
293.036
293.039
293.043
293.046
293.05
293.054
293.059
293.063
293.068
293.072
293.004
293.005
293.006
293.006
293.007
293.008
293.009
293.01
293.011
293.012
293.013
293.014
293.015
293.017
293.018
293.019
293.001
293.001
293.001
293.001
293.001
293.001
293.002
293.002
293.002
293.002
293.003
293.003
293.003
293.004
293.004
293.004
293
293
293
293
293
293
293
293
293
293
293
293
293
293
293.001
293.001
293
293
293
293
293
293
293
293
293
293
293
293
293
293
293
293
293
293
293
293
293
293
293
293
293
293
293
293
293
293
293
293
293
293
293
293
293
293
293
293
293
293
293
293
293
293
293
293
293
293
293
293
293
293
293
293
293
293
293
293
293
293
293
293
293
293
293
293
293
293
293
293
293
293
293
293
293
293
293
293
293
293
293
293
293
293
293
293
293
293
293
293
293
293
293
293
293
293
293
293
293
293
293
293
293
293
293
293
293
293
293
293
293
293
293
293
293
293
293
293
293
293
293
293
293
293
293
293
293
293
293
293
293
293
293
293
312.617
305.856
301.276
299.059
298.216
297.902
297.78
297.735
297.723
297.726
297.73
297.739
297.749
297.757
297.764
297.767
307.403
303.968
300.951
299.189
298.495
298.173
298.016
297.937
297.899
297.881
297.874
297.869
297.868
297.871
297.873
297.875
304.284
302.716
300.821
299.729
299.106
298.733
298.501
298.352
298.253
298.186
298.141
298.109
298.084
298.062
298.044
298.033
302.529
302.169
301.552
300.885
300.291
299.81
299.437
299.152
298.935
298.769
298.641
298.542
298.464
298.402
298.351
298.305
300.315
300.399
300.414
300.36
300.247
300.094
299.919
299.735
299.554
299.382
299.223
299.081
298.954
298.844
298.748
298.664
297.978
298.15
298.309
298.448
298.564
298.655
298.721
298.765
298.787
298.792
298.783
298.762
298.732
298.696
298.656
298.614
296.035
296.185
296.335
296.484
296.629
296.767
296.899
297.021
297.133
297.235
297.325
297.405
297.475
297.534
297.584
297.626
294.664
294.765
294.87
294.977
295.086
295.195
295.305
295.414
295.521
295.625
295.726
295.822
295.914
296.001
296.082
296.158
293.816
293.874
293.935
293.999
294.064
294.132
294.202
294.273
294.345
294.417
294.489
294.561
294.631
294.701
294.768
294.833
293.354
293.383
293.414
293.446
293.48
293.515
293.552
293.59
293.629
293.67
293.711
293.752
293.794
293.836
293.877
293.918
293.134
293.147
293.16
293.174
293.189
293.205
293.221
293.239
293.257
293.276
293.295
293.315
293.335
293.356
293.376
293.397
293.044
293.048
293.053
293.058
293.064
293.07
293.076
293.083
293.09
293.098
293.105
293.113
293.122
293.13
293.139
293.147
293.012
293.013
293.015
293.017
293.018
293.02
293.022
293.025
293.027
293.029
293.032
293.035
293.037
293.04
293.043
293.046
293.003
293.003
293.003
293.004
293.004
293.005
293.005
293.006
293.007
293.007
293.008
293.009
293.01
293.01
293.011
293.012
293
293
293.001
293.001
293.001
293.001
293.001
293.001
293.001
293.001
293.002
293.002
293.002
293.002
293.002
293.003
293
293
293
293
293
293
293
293
293
293
293
293
293
293
293
293
293
293
293
293
293
293
293
293
293
293
293
293
293
293
293
293
293
293
293
293
293
293
293
293
293
293
293
293
293
293
293
293
293
293
293
293
293
293
293
293
293
293
293
293
293
293
293
293
293
293
293
293
293
293
293
293
293
293
293
293
293
293
293
293
293
293
293
293
293
293
293
293
293
293
293
293
293
293
293
293
293
293
293
293
293
293
293
293
293
293
293
293
293
293
293
293
293
293
293
293
293
293
293
293
293
293
293
293
293
293
293
293
293
293
293
293
293
293
293
293
293
293
293
293
293
293
293
293
293
293
293
293
293
293
293
293
293
339.764
323.006
330.92
311.261
323.256
304.605
320.262
303.219
319.35
303.151
298.547
318.941
303.431
298.696
297.619
318.945
304.003
298.978
297.716
297.479
297.466
297.492
297.522
297.547
297.567
297.58
297.587
319.352
304.924
299.451
297.883
297.53
297.482
297.499
297.523
297.543
297.555
297.561
297.563
297.56
297.552
297.54
297.523
320.088
306.279
300.257
298.218
297.644
297.515
297.505
297.519
297.534
297.545
297.554
297.559
297.56
297.556
297.548
297.536
320.959
307.762
301.18
298.613
297.756
297.5
297.434
297.426
297.435
320.43
307.894
301.589
298.979
298.017
297.707
297.607
297.576
297.569
297.571
297.579
297.589
297.597
297.603
297.606
297.606
293
293.003
293.048
293.668
299.403
293
293.002
293.035
293.517
298.438
293
293.001
293.022
293.361
297.315
293
293.002
293.032
293.424
296.645
293
293.001
293.022
293.318
295.96
293
293.001
293.014
293.214
295.203
293
293.001
293.019
293.234
294.842
293
293.001
293.013
293.17
294.423
293
293
293.008
293.108
293.99
293
293.001
293.01
293.114
293.835
293
293
293.006
293.079
293.611
293
293
293.004
293.048
293.398
293
293
293.004
293.049
293.341
293
293
293.003
293.033
293.237
293
293
293.001
293.019
293.144
293
293
293.002
293.019
293.127
293
293
293.001
293.012
293.084
293
293
293
293.006
293.048
293
293
293.001
293.006
293.044
293
293
293
293.004
293.028
293
293
293
293.002
293.015
293
293
293
293.002
293.014
293
293
293
293.001
293.008
293
293
293
293
293.004
293
293
293
293
293.004
293
293
293
293
293.002
293
293
293
293
293.001
293
293
293
293
293.001
293
293
293
293
293.001
293
293
293
293
293
293
293
293
293
293
293
293
293
293
293
293
293
293
293
293
293
293
293
293
293
293
293
293
293
293
293
293
293
293
293
293
293
293
293
293
293
293
293
293
293
293
293
293
293
293
293
293
293
293
293
293
293
293
293
293
293
293
293
293
293
293
293
293
293
293
293
293
293
293
293
293
293
293
293
293
293
293
293
293
293
293
293
293
293
293
293
293
293
293
293
293
293
293
293
293
293
293
293
293
293
293
293
293
293
293
293
293
293
293
293
293
293
293
293
293
293
293
293
293
293
293
293
293
293
293
293
293
293
293
293
293
293
293
293
293
293
293
293
293
293
293
293
293
293
293
293
293
293
293
293
293
293
293
293
293
293
293
293
293
293
293
293
293
293
293
293
293
293
293
293
293
293
293
293
293
293
293
293
293
293
293
293
293
293
293
293
293
293
293
293
293
293
293
293
293
293
293
293
293
293
293
293
293
293
293
293
293
293
293
293
293
293
293
293
293
293
293
293
293
293
293
293
293
293
293
293
293
293
293
293
293
293
293
293
293
293
293
293
293
293
293
293
293
293
293
293
293
293
293
293
293
293
293
293
293
293
293
293
293
293
293
293
293
293
293
293
293
293
293
293
293
293
293
293
293
293
293
293
293
293
293
293
293
293
293
293
293
293
293
293
293
293
293
293
293
293
293
293
293
293
293
293
293
293
293
293
293
293
293
293
293
293
293
293
293
293
293
293
293
293
293
293
293
293
293
293
293
293
293
293
293
293
293
293
293
293
293
293
293
293
293
293
293
293
293
293
293
293
293
293
293
293
293
293
293
293
293
293
293
293
293
293
293
293
293
293
293
293
293
293
293
293
293
293
293
293
293
293
293
293
293
293
293
293
293
293
293
293
293
293
293
293
293
293
293
293
293
293
293
293
293
293
293
293
293
293
293
293
293
293
293
293
293
293.001
293.015
293.249
295.734
293
293
293.009
293.14
294.381
293
293
293.005
293.065
293.58
293
293
293.002
293.025
293.206
293
293
293
293.001
293.008
293.063
293
293
293
293
293.002
293.017
293
293
293
293
293
293.004
293
293
293
293
293
293
293.001
293
293
293
293
293
293
293
293
293
293
293
293
293
293
293
293
293
293
293
293
293
293
293
293
293
293
293
293
293
293
293
293
293
293
293
293
293
293
293
293
293
293
293
293
293
293
293
293
293
293
293
293
293
293
293
293
293
293
293
293
293
293
293
293
293
293
293
293
293
293
293
293
293
293
293
293
293
293
293
293
293
293
293
293
293
293
293
293
293
293
293
293
293
293
293
293
293
293
293
293
293
293
293
293
293
293
293
293
293
293
293
293
293
293
293
293
293
293
293
293
293
293
293
293
293
293
293
293.001
293.01
293.147
294.45
293
293
293.006
293.082
293.756
293
293
293.003
293.038
293.324
293
293
293.001
293.015
293.118
293
293
293
293
293.005
293.037
293
293
293
293
293.001
293.01
293
293
293
293
293
293.002
293
293
293
293
293
293
293
293
293
293
293
293
293
293
293
293
293
293
293
293
293
293
293
293
293
293
293
293
293
293
293
293
293
293
293
293
293
293
293
293
293
293
293
293
293
293
293
293
293
293
293
293
293
293
293
293
293
293
293
293
293
293
293
293
293
293
293
293
293
293
293
293
293
293
293
293
293
293
293
293
293
293
293
293
293
293
293
293
293
293
293
293
293
293
293
293
293
293
293
293
293
293
293
293
293
293
293
293
293
293
293
293
293
293
293
293
293
293
293
293
293
293
293
293
293
293
293
293
293
293
293
293
293
293
293
293.005
293.074
293.663
293
293
293.003
293.041
293.354
293
293
293.001
293.019
293.155
293
293
293.001
293.007
293.058
293
293
293
293
293.002
293.018
293
293
293
293
293.001
293.005
293
293
293
293
293
293.001
293
293
293
293
293
293
293
293
293
293
293
293
293
293
293
293
293
293
293
293
293
293
293
293
293
293
293
293
293
293
293
293
293
293
293
293
293
293
293
293
293
293
293
293
293
293
293
293
293
293
293
293
293
293
293
293
293
293
293
293
293
293
293
293
293
293
293
293
293
293
293
293
293
293
293
293
293
293
293
293
293
293
293
293
293
293
293
293
293
293
293
293
293
293
293
293
293
293
293
293
293
293
293
293
293
293
293
293
293
293
293
293
293
293
293
293
293
293
293
293
293
293
293
293
293
293
293
293
293
293
293
293
293
293
293
293.002
293.032
293.268
293
293
293.001
293.018
293.146
293
293
293.001
293.008
293.066
293
293
293
293.003
293.025
293
293
293
293
293.001
293.008
293
293
293
293
293
293.002
293
293
293
293
293
293.001
293
293
293
293
293
293
293
293
293
293
293
293
293
293
293
293
293
293
293
293
293
293
293
293
293
293
293
293
293
293
293
293
293
293
293
293
293
293
293
293
293
293
293
293
293
293
293
293
293
293
293
293
293
293
293
293
293
293
293
293
293
293
293
293
293
293
293
293
293
293
293
293
293
293
293
293
293
293
293
293
293
293
293
293
293
293
293
293
293
293
293
293
293
293
293
293
293
293
293
293
293
293
293
293
293
293
293
293
293
293
293
293
293
293
293
293
293
293
293
293
293
293
293
293
293
293
293
293
293
293
293
293
293
293
293
293.001
293.012
293.098
293
293
293
293.007
293.054
293
293
293
293.003
293.025
293
293
293
293.001
293.01
293
293
293
293
293
293.003
293
293
293
293
293
293.001
293
293
293
293
293
293
293
293
293
293
293
293
293
293
293
293
293
293
293
293
293
293
293
293
293
293
293
293
293
293
293
293
293
293
293
293
293
293
293
293
293
293
293
293
293
293
293
293
293
293
293
293
293
293
293
293
293
293
293
293
293
293
293
293
293
293
293
293
293
293
293
293
293
293
293
293
293
293
293
293
293
293
293
293
293
293
293
293
293
293
293
293
293
293
293
293
293
293
293
293
293
293
293
293
293
293
293
293
293
293
293
293
293
293
293
293
293
293
293
293
293
293
293
293
293
293
293
293
293
293
293
293
293
293
293
293
293
293
293
293
293
293
293.004
293.033
293
293
293
293.002
293.018
293
293
293
293.001
293.009
293
293
293
293
293.004
293
293
293
293
293
293.001
293
293
293
293
293
293
293
293
293
293
293
293
293
293
293
293
293
293
293
293
293
293
293
293
293
293
293
293
293
293
293
293
293
293
293
293
293
293
293
293
293
293
293
293
293
293
293
293
293
293
293
293
293
293
293
293
293
293
293
293
293
293
293
293
293
293
293
293
293
293
293
293
293
293
293
293
293
293
293
293
293
293
293
293
293
293
293
293
293
293
293
293
293
293
293
293
293
293
293
293
293
293
293
293
293
293
293
293
293
293
293
293
293
293
293
293
293
293
293
293
293
293
293
293
293
293
293
293
293
293
293
293
293
293
293
293
293
293
293
293
293
293
293
293
293
293
293
293
293.001
293.01
293
293
293
293.001
293.006
293
293
293
293
293.003
293
293
293
293
293.001
293
293
293
293
293
293
293
293
293
293
293
293
293
293
293
293
293
293
293
293
293
293
293
293
293
293
293
293
293
293
293
293
293
293
293
293
293
293
293
293
293
293
293
293
293
293
293
293
293
293
293
293
293
293
293
293
293
293
293
293
293
293
293
293
293
293
293
293
293
293
293
293
293
293
293
293
293
293
293
293
293
293
293
293
293
293
293
293
293
293
293
293
293
293
293
293
293
293
293
293
293
293
293
293
293
293
293
293
293
293
293
293
293
293
293
293
293
293
293
293
293
293
293
293
293
293
293
293
293
293
293
293
293
293
293
293
293
293
293
293
293
293
293
293
293
293
293
293
293
293
293
293
293
293
293
293.003
293
293
293
293
293.002
293
293
293
293
293.001
293
293
293
293
293
293
293
293
293
293
293
293
293
293
293
293
293
293
293
293
293
293
293
293
293
293
293
293
293
293
293
293
293
293
293
293
293
293
293
293
293
293
293
293
293
293
293
293
293
293
293
293
293
293
293
293
293
293
293
293
293
293
293
293
293
293
293
293
293
293
293
293
293
293
293
293
293
293
293
293
293
293
293
293
293
293
293
293
293
293
293
293
293
293
293
293
293
293
293
293
293
293
293
293
293
293
293
293
293
293
293
293
293
293
293
293
293
293
293
293
293
293
293
293
293
293
293
293
293
293
293
293
293
293
293
293
293
293
293
293
293
293
293
293
293
293
293
293
293
293
293
293
293
293
293
293
293
293
293
293
293.001
293
293
293
293
293
293
293
293
293
293
293
293
293
293
293
293
293
293
293
293
293
293
293
293
293
293
293
293
293
293
293
293
293
293
293
293
293
293
293
293
293
293
293
293
293
293
293
293
293
293
293
293
293
293
293
293
293
293
293
293
293
293
293
293
293
293
293
293
293
293
293
293
293
293
293
293
293
293
293
293
293
293
293
293
293
293
293
293
293
293
293
293
293
293
293
293
293
293
293
293
293
293
293
293
293
293
293
293
293
293
293
293
293
293
293
293
293
293
293
293
293
293
293
293
293
293
293
293
293
293
293
293
293
293
293
293
293
293
293
293
293
293
293
293
293
293
293
293
293
293
293
293
293
293
293
293
293
293
293
293
293
293
293
293
293
293
293
293
293
293
293
293
293
293
293
293
293
293
293
293
293
293
293
293
293
293
293
293
293
293
293
293
293
293
293
293
293
293
293
293
293
293
293
293
293
293
293
293
293
293
293
293
293
293
293
293
293
293
293
293
293
293
293
293
293
293
293
293
293
293
293
293
293
293
293
293
293
293
293
293
293
293
293
293
293
293
293
293
293
293
293
293
293
293
293
293
293
293
293
293
293
293
293
293
293
293
293
293
293
293
293
293
293
293
293
293
293
293
293
293
293
293
293
293
293
293
293
293
293
293
293
293
293
293
293
293
293
293
293
293
293
293
293
293
293
293
293
293
293
293
293
293
293
293
293
293
293
293
293
293
293
293
293
293
293
293
293
293
293
293
293
293
293
293
293
293
293
293
293
293
293
293
293
293
293
293
293
293
293
293
293
293
293
293
293
293
293
293
293
293
293
293
293
293
293
293
293
293
293
293
293
293
293
293
293
293
293
293
293
293
293
293
293
293
293
293
293
293
293
293
293
293
293
293
293
293
293
293
293
293
293
293
293
293
293
293
293
293
293
293
293
293
293
293
293
293
293
293
293
293
293
293
293
293
293
293
293
293
293
293
293
293
293
293
293
293
293
293
293
293
293
293
293
293
293
293
293
293
293
293
293
293
293
293
293
293
293
293
293
293
293
293
293
293
293
293
293
293
293
293
293
293
293
293
293
293
293
293
293
293
293
293
293
293
293
293
293
293
293
293
293
293
293
293
293
293
293
293
293
293
293
293
293
293
293
293
293
293
293
293
293
293
293
293
293
293
293
293
293
293
293
293
293
293
293
293
293
293
293
293
293
293
293
293
293
293
293
293
293
293
293
293
293
293
293
293
293
293
293
293
293
293
293
293
293
293
293
293
293
293
293
293
293
293
293
293
293
293
293
293
293
293
293
293
293
293
293
293
293
293
293
293
293
293
293
293
293
293
293
293
293
293
293
293
293
293
293
293
293
293
293
293
293
293
293
293
293
293
293
293
293
293
293
293
293
293
293
293
293
293
293
293
293
293
293
293
293
293
293
293
293
293
293
293
293
293
293
293
293
293
293
293
293
293
293
293
293
293
293
293
293
293
293
293
293
293
293
293
293
293
293
293
293
293
293
293
293
293
293
293
293
293
293
293
293
293
293
293
293
293
293
293
293
293
293
293
293
293
293
293
293
293
293
293
293
293
293
293
293
293
293
293
293
293
293
293
293
293
293
293
293
293
293
293
293
293
293
293
293
293
293
293
293
293
293
293
293
293
293
293
293
293
293
293
293
293
293
293
293
293
293
293
293
293
293
293
293
293
293
293
293
293
293
293
293
293
293
293
293
293
293
293
293
293
293
293
293
293
293
293
293
293
293
293
293
293
293
293
293
293
293
293
293
293
293
293
293
293
293
293
293
293
293
293
293
293
293
293
293
293
293
293
293
293
293
293
293
293
293
293
293
293
293
293
293
293
293
293
293
293
293
293
293
293
293
293
293
293
293
293
293
293
293
293
293
293
293
293
293
293
293
293
293
293
293
293
293
293
293
293
293
293
293
293
293
293
293
293
293
293
293
293
293
293
293
293
293
293
293
293
293
293
293
293
293
293
293
293
293
293
293
293
293
293
293
293
293
293
293
293
293
293
293
293
293
293
293
293
293
293
293
293
293
293
293
293
293
293
293
293
293
293
293
293
293
293
293
293
293
293
293
293
293
293
293
293
293
293
293
293
293
293
293
293
293
293
293
293
293
293
293
293
293
293
293
293
293
293
293
293
293
293
293
293
293
293
293
293
293
293
293
293
293
293
293
293
293
293
293
293
293
293
293
293
293
293
293
293
293
293
293
293
293
293
293
293
293
293
293
293
293
293
293
293
293
293
293
293
293
293
293
293
293
293
293
293
293
293
293
293
293
293
293
293
293
293
293
293
293
293
293
293
293
293
293
293
293
293
293
293
293
293
293
293
293
293
293
293
293
293
293
293
293
293
293
293
293
293
293
293
293
293
293
293
293
293
293
293
293
293
293
293
293
293
293
293
293
293
293
293
293
293
293
293
293
293
293
293
293
293
293
293
293
293
293
293
293
293
293
293
293
293
293
293
293
293
293
293
293
293
293
293
293
293
293
293
293
293
293
293
293
293
293
293
293
293
293
293
293
293
293
293
293
293
293
293
293
293
293
293
293
293
293
293
293
293
293
293
293
293
293
293
293
293
293
293
293
293
293
293
293
293
293
293
293
293
293
293
293
293
293
293
293
293
293
293
293
293
293
293
293
293
293
293
293
293
293
293
293
293
293
293
293
293
293
293
293
293
293
293
293
293
293
293
293
293
293
293
293
293
293
293
293
293
293
293
293
293
293
293
293
293
293
293
293
293
293
293
293
293
293
293
293
293
293
293
293
293
293
293
293
293
293
293
293
293
293
293
293
293
293
293
293
293
293
293
293
293
293
293
293
293
293
293
293
293
293
293
293
293
293
293
293
293
293
293
293
293
293
293
293
293
293
293
293
293
293
293
293
293
293
293
293
293
293
293
293
293
293
293
293
293
293
293
293
293
293
293
293
293
293
293
293
293
293
293
293
293
293
293
293
293
293
293
293
293
293
293
293
293
293
293
293
293
293
293
293
293
293
293
293
293
293
293
293
293
293
293
293
293
293
293
293
293
293
293
293
293
293
293
293
293
293
293
293
293
293
293
293
293
293
293
293
293
293
293
293
293
293
293
293
293
293
293
293
293
293
293
293
293
293
293
293
293
293
293
293
293
293
293
293
293
293
293
293
293
293
293
293
293
293
293
293
293
293
293
293
293
293
293
293
293
293
293
293
293
293
293
293
293
293
293
293
293
293
293
293
293
293
293
293
293
293
293
293
293
293
293
293
293
293
293
293
293
293
293
293
293
293
293
293
293
293
293
293
293
293
293
293
293
293
293
293
293
293
293
293
293
293
293
293
293
293
293
293
293
293
293
293
293
293
293
293
293
293
293
293
293
293
293
293
293
293
293
293
293
293
293
293
293
293
293
293
293
293
293
293
293
293
293
293
293
293
293
293
293
293
293
293
293
293
293
293
293
293
293
293
293
293
293
293
293
293
293
293
293
293
293
293
293
293
293
293
293
293
293
293
293
293
293
293
293
293
293
293
293
293
293
293
293
293
293
293
293
293
293
293
293
293
293
293
293
293
293
293
293
293
293
293
293
293
293
293
293
293
293
293
293
293
293
293
293
293
293
293
293
293
293
293
293
293
293
293
293
293
293
293
293
293
293
293
293
293
293
293
293
293
293
293
293
293
293
293
293
293
293
293
293
293
293
293
293
293
293
293
293
293
293
293
293
293
293
293
293
293
293
293
293
293
293
293
293
293
293
293
293
293
293
293
293
293
293
293
293
293
293
293
293
293
293
293
293
293
293
293
293
293
293
293
293
293
293
293
293
293
293
293
293
293
293
293
293
293
293
293
293
293
293
293
293
293
293
293
293
293
293
293
293
293
293
293
293
293
293
293
293
293
293
293
293
293
293
293
293
293
293
293
293
293
293
293
293
293
293
293
293
293
293
293
293
293
293
293
293
293
293
293
293
293
293
293
293
293
293
293
293
293
293
293
293
293
293
293
293
293
293
293
293
293
293
293
293
293
293
293
293
293
293
293
293
293
293
293
293
293
293
293
293
293
293
293
293
293
293
293
293
293
293
293
293
293
293
293
293
293
293
293
293
293
293
293
293
293
293
293
293
293
293
293
293
293
293
293
293
293
293
293
293
293
293
293
293
293
293
293
293
293
293
293
293
293
293
293
293
293
293
293
293
293
293
293
293
293
293
293
293
293
293
293
293
293
293
293
293
293
293
293
293
293
293
293
293
293
293
293
293
293
293
293
293
293
293
293
293
293
293
293
293
293
293
293
293
293
293
293
293
293
293
293
293
293
293
293
293
293
293
293
293
293
293
293
293
293
293
293
293
293
293
293
293
293
293
293
293
293
293
293
293
293
293
293
293
293
293
293
293
293
293
293
293
293
293
293
293
293
293
293
293
293
293
293
293
293
293
293
293
293
293
293
293
293
293
293
293
293
293
293
293
293
293
293
293
293
293
293
293
293
293
293
293
293
293
293
293
293
293
293
293
293
293
293
293
293
293
293
293
293
293
293
293
293
293
293
293
293
293
293
293
293
293
293
293
293
293
293
293
293
293
293
293
293
293
293
293
293
293
293
293
293
293
293
293
293
293
293
293
293
293
293
293
293
293
293
293
293
293
293
293
293
293
293
293
293
293
293
293
293
293
293
293
293
293
293
293
293
293
293
293
293
293
293
293
293
293
293
293
293
293
293
293
293
293
293
293
293
293
293
293
293
293
293
293
293
293
293
293
293
293
293
293
293
293
293
293
293
293
293
293
293
293
293
293
293
293
293
293
293
293
293
293
293
293
293
293
293
293
293
293
293
293
293
293
293
293
293
293
293
293
293
293
293
293
293
293
293
293
293
293
293
293
293
293
293
293
293
293
293
293
293
293
293
293
293
293
293
293
293
293
293
293
293
293
293
293
293
293
293
293
293
293
293
293
293
293
293
293
293
293
293
293
293
293
293
293
293
293
293
293
293
293
293
293
293
293
293
293
293
293
293
293
293
293
293
293
293
293
293
293
293
293
293
293
293
293
293
293
293
293
293
293
293
293
293
293
293
293
293
293
293
293
293
293
293
293
293
293
293
293
293
293
293
293
293
293
293
293
293
293
293
293
293
293
293
293
293
293
293
293
293
293
293
293
293
293
293
293
293
293
293
293
293
293
293
293
293
293
293
293
293
293
293
293
293
293
293
293
293
293
293
293
293
293
293
293
293
293
293
293
293
293
293
293
293
293
293
293
293
293
293
293
293
293
293
293
293
293
293
293
293
293
293
293
293
293
293
293
293
293
293
293
293
293
293
293
293
293
293
293
293
293
293
293
293
293
293
293
293
293
293
293
293
293
293
293
293
293
293
293
293
293
293
293
293
293
293
293
293
293
293
293
293
293
293
293
293
293
293
293
293
293
293
293
293
293
293
293
293
293
293
293
293
293
293
293
293
293
293
293
293
293
293
293
293
293
293
293
293
293
293
293
293
293
293
293
293
293
293
293
293
293
293
293
293
293
293
293
293
293
293
293
293
293
293
293
293
293
293
293
293
293
293
293
293
293
293
293
293
293
293
293
293
293
293
293
293
293
293
293
293
293
293
293
293
293
293
293
293
293
293
293
293
293
293
293
293
293
293
293
293
293
293
293
293
293
293
293
293
293
293
293
293
293
293
293
293
293
293
293
293
293
293
293
293
293
293
293
293
293
293
293
293
293
293
293
293
293
293
293
293
293
293
293
293
293
293
293
293
293
293
293
293
293
293
293
293
293
293
293
293
293
293
293
293
293
293
293
293
293
293
293
293
293
293
293
293
293
293
293
293
293
293
293
293
293
293
293
293
293
293
293
293
293
293
293
293
293
293
293
293
293
293
293
293
293
293
293
293
293
293
293
293
293
293
293
293
293
293
293
293
293
293
293
293
293
293
293
293
293
293
293
293
293
293
293
293
293
293
293
293
293
293
293
293
293
293
293
293
293
293
293
293
293
293
293
293
293
293
293
293
293
293
293
293
293
293
293
293
293
293
293
293
293
293
293
293
293
293
293
293
293
293
293
293
293
293
293
293
293
293
293
293
293
293
293
293
293
293
293
293
293
293
293
293
293
293
293
293
293
293
293
293
293
293
293
293
293
293
293
293
293
293
293
293
293
293
293
293
293
293
293
293
293
293
293
293
293
293
293
293
293
293
293
293
293
293
293
293
293
293
293
293
293
293
293
293
293
293
293
293
293
293
293
293
293
293
293
293
293
293
293
293
293
293
293
293
293
293
293
293
293
293
293
293
293
293
293
293
293
293
293
293
293
293
293
293
293
293
293
293
293
293
293
293
293
293
293
293
293
293
293
293
293
293
293
293
293
293
293
293
293
293
293
293
293
293
293
293
293
293
293
293
293
299.589
305.986
310.636
313.893
314.885
315.668
315.33
314.066
312.488
310.722
296.879
300.766
303.618
306.108
308.385
310.103
310.188
309.413
308.457
307.286
295.074
297.284
299.252
301.032
302.557
303.818
304.768
305.32
305.378
304.884
294.011
295.219
296.482
297.716
298.868
299.895
300.727
301.339
301.762
301.998
293.446
294.069
294.81
295.597
296.389
297.149
297.838
298.438
298.953
299.397
293.176
293.471
293.866
294.323
294.815
295.318
295.811
296.28
296.724
297.147
293.062
293.187
293.376
293.614
293.889
294.188
294.498
294.813
295.128
295.443
293.019
293.066
293.146
293.256
293.393
293.551
293.724
293.909
294.102
294.302
293.005
293.02
293.05
293.094
293.154
293.228
293.313
293.408
293.512
293.622
293.001
293.005
293.015
293.03
293.053
293.083
293.119
293.162
293.21
293.263
293
293.001
293.004
293.008
293.016
293.026
293.039
293.056
293.075
293.097
293
293
293.001
293.002
293.004
293.007
293.011
293.016
293.023
293.031
293
293
293
293
293.001
293.001
293.002
293.004
293.006
293.008
293
293
293
293
293
293
293
293.001
293.001
293.002
293
293
293
293
293
293
293
293
293
293
293
293
293
293
293
293
293
293
293
293
293
293
293
293
293
293
293
293
293
293
293
293
293
293
293
293
293
293
293
293
293
293
293
293
293
293
293
293
293
293
293
293
293
293
293
293
293
293
293
293
293
293
293
293
293
293
293
293
293
293
293
293
293
293
293
293
293
293
293
293
293
293
293
293
293
293
293
293
293
293
293
293
293
293
293
293
293
293
293
293
293
293
293
293
293
293
293
293
293
293
297.061
301.135
304.153
306.551
308.184
309.32
309.715
309.427
308.681
307.655
295.661
298.503
300.92
302.95
304.642
306.143
306.797
306.779
306.438
305.893
294.499
296.253
297.952
299.479
300.788
301.865
302.785
303.481
303.857
303.894
293.747
294.737
295.821
296.883
297.869
298.751
299.504
300.11
300.593
300.984
293.332
293.843
294.473
295.147
295.822
296.469
297.068
297.605
298.088
298.536
293.131
293.37
293.701
294.088
294.504
294.93
295.35
295.755
296.145
296.525
293.046
293.145
293.3
293.5
293.73
293.98
294.242
294.508
294.777
295.048
293.014
293.05
293.115
293.205
293.318
293.449
293.593
293.748
293.91
294.078
293.004
293.015
293.038
293.074
293.123
293.183
293.253
293.331
293.417
293.509
293.001
293.004
293.011
293.023
293.041
293.065
293.095
293.129
293.169
293.213
293
293.001
293.003
293.006
293.012
293.02
293.031
293.044
293.06
293.077
293
293
293
293.001
293.003
293.005
293.008
293.013
293.018
293.024
293
293
293
293
293
293.001
293.002
293.003
293.004
293.006
293
293
293
293
293
293
293
293
293.001
293.001
293
293
293
293
293
293
293
293
293
293
293
293
293
293
293
293
293
293
293
293
293
293
293
293
293
293
293
293
293
293
293
293
293
293
293
293
293
293
293
293
293
293
293
293
293
293
293
293
293
293
293
293
293
293
293
293
293
293
293
293
293
293
293
293
293
293
293
293
293
293
293
293
293
293
293
293
293
293
293
293
293
293
293
293
293
293
293
293
293
293
293
293
293
293
293
293
293
293
293
293
293
293
293
293
293
293
293
293
293
293
295.336
297.819
299.954
301.761
303.155
304.198
304.901
305.261
305.33
305.185
294.62
296.518
298.352
299.983
301.354
302.476
303.272
303.737
303.931
303.973
293.952
295.207
296.556
297.837
298.973
299.931
300.711
301.357
301.867
302.223
293.487
294.22
295.092
295.985
296.834
297.602
298.27
298.836
299.315
299.739
293.219
293.602
294.106
294.668
295.24
295.794
296.311
296.783
297.217
297.628
293.087
293.265
293.526
293.844
294.191
294.55
294.906
295.251
295.587
295.916
293.03
293.103
293.224
293.384
293.573
293.78
293.998
294.221
294.447
294.676
293.009
293.035
293.084
293.155
293.246
293.353
293.471
293.598
293.732
293.872
293.002
293.011
293.028
293.055
293.093
293.141
293.198
293.261
293.331
293.406
293
293.003
293.008
293.017
293.031
293.049
293.073
293.1
293.132
293.167
293
293
293.002
293.004
293.009
293.015
293.023
293.033
293.046
293.06
293
293
293
293.001
293.002
293.004
293.006
293.009
293.013
293.018
293
293
293
293
293
293.001
293.001
293.002
293.003
293.005
293
293
293
293
293
293
293
293
293.001
293.001
293
293
293
293
293
293
293
293
293
293
293
293
293
293
293
293
293
293
293
293
293
293
293
293
293
293
293
293
293
293
293
293
293
293
293
293
293
293
293
293
293
293
293
293
293
293
293
293
293
293
293
293
293
293
293
293
293
293
293
293
293
293
293
293
293
293
293
293
293
293
293
293
293
293
293
293
293
293
293
293
293
293
293
293
293
293
293
293
293
293
293
293
293
293
293
293
293
293
293
293
293
293
293
293
293
293
293
293
293
293
294.262
295.749
297.228
298.585
299.74
300.675
301.384
301.883
302.232
302.497
293.899
295.083
296.361
297.582
298.669
299.588
300.314
300.859
301.265
301.603
293.543
294.36
295.327
296.313
297.24
298.063
298.761
299.343
299.828
300.244
293.283
293.772
294.409
295.106
295.802
296.456
297.045
297.562
298.017
298.431
293.129
293.386
293.756
294.192
294.657
295.12
295.563
295.976
296.361
296.726
293.051
293.171
293.36
293.604
293.881
294.175
294.472
294.765
295.051
295.333
293.018
293.066
293.152
293.273
293.42
293.587
293.765
293.949
294.137
294.327
293.005
293.023
293.057
293.109
293.178
293.261
293.356
293.458
293.568
293.681
293.001
293.007
293.018
293.038
293.066
293.103
293.147
293.197
293.252
293.312
293
293.002
293.005
293.011
293.021
293.035
293.053
293.074
293.099
293.126
293
293
293.001
293.003
293.006
293.01
293.016
293.024
293.033
293.044
293
293
293
293
293.001
293.002
293.004
293.007
293.01
293.013
293
293
293
293
293
293
293.001
293.001
293.002
293.003
293
293
293
293
293
293
293
293
293
293.001
293
293
293
293
293
293
293
293
293
293
293
293
293
293
293
293
293
293
293
293
293
293
293
293
293
293
293
293
293
293
293
293
293
293
293
293
293
293
293
293
293
293
293
293
293
293
293
293
293
293
293
293
293
293
293
293
293
293
293
293
293
293
293
293
293
293
293
293
293
293
293
293
293
293
293
293
293
293
293
293
293
293
293
293
293
293
293
293
293
293
293
293
293
293
293
293
293
293
293
293
293
293
293
293
293
293
293
293
293
293
293.639
294.504
295.478
296.45
297.352
298.144
298.806
299.338
299.767
300.137
293.46
294.156
294.988
295.846
296.663
297.398
298.027
298.55
298.989
299.379
293.283
293.77
294.406
295.103
295.8
296.454
297.041
297.555
298.006
298.414
293.15
293.445
293.867
294.364
294.89
295.409
295.899
296.348
296.759
297.14
293.069
293.225
293.47
293.781
294.13
294.494
294.856
295.204
295.536
295.855
293.028
293.1
293.225
293.396
293.602
293.829
294.066
294.305
294.544
294.78
293.01
293.039
293.095
293.178
293.285
293.41
293.549
293.695
293.847
294.003
293.003
293.013
293.035
293.07
293.119
293.18
293.252
293.331
293.417
293.507
293.001
293.004
293.011
293.024
293.044
293.07
293.102
293.14
293.182
293.228
293
293.001
293.003
293.007
293.014
293.023
293.036
293.051
293.07
293.09
293
293
293.001
293.002
293.004
293.007
293.011
293.016
293.023
293.031
293
293
293
293
293.001
293.001
293.003
293.004
293.006
293.009
293
293
293
293
293
293
293
293.001
293.001
293.002
293
293
293
293
293
293
293
293
293
293
293
293
293
293
293
293
293
293
293
293
293
293
293
293
293
293
293
293
293
293
293
293
293
293
293
293
293
293
293
293
293
293
293
293
293
293
293
293
293
293
293
293
293
293
293
293
293
293
293
293
293
293
293
293
293
293
293
293
293
293
293
293
293
293
293
293
293
293
293
293
293
293
293
293
293
293
293
293
293
293
293
293
293
293
293
293
293
293
293
293
293
293
293
293
293
293
293
293
293
293
293
293
293
293
293
293
293
293
293
293
293.303
293.782
294.387
295.043
295.699
296.318
296.877
297.367
297.796
298.186
293.218
293.601
294.109
294.677
295.254
295.808
296.315
296.769
297.174
297.548
293.135
293.404
293.79
294.246
294.731
295.213
295.671
296.093
296.48
296.842
293.072
293.236
293.491
293.816
294.18
294.56
294.936
295.297
295.64
295.966
293.033
293.12
293.268
293.469
293.71
293.974
294.248
294.522
294.792
295.056
293.013
293.053
293.128
293.238
293.378
293.539
293.716
293.9
294.088
294.278
293.005
293.02
293.053
293.106
293.177
293.265
293.366
293.475
293.592
293.713
293.001
293.007
293.019
293.041
293.073
293.115
293.165
293.223
293.287
293.356
293
293.002
293.006
293.014
293.026
293.044
293.066
293.092
293.123
293.157
293
293
293.002
293.004
293.008
293.014
293.023
293.033
293.046
293.061
293
293
293
293.001
293.002
293.004
293.007
293.01
293.015
293.02
293
293
293
293
293
293.001
293.002
293.003
293.004
293.006
293
293
293
293
293
293
293
293
293.001
293.001
293
293
293
293
293
293
293
293
293
293
293
293
293
293
293
293
293
293
293
293
293
293
293
293
293
293
293
293
293
293
293
293
293
293
293
293
293
293
293
293
293
293
293
293
293
293
293
293
293
293
293
293
293
293
293
293
293
293
293
293
293
293
293
293
293
293
293
293
293
293
293
293
293
293
293
293
293
293
293
293
293
293
293
293
293
293
293
293
293
293
293
293
293
293
293
293
293
293
293
293
293
293
293
293
293
293
293
293
293
293
293
293
293
293
293
293
293
293
293
293
293.134
293.384
293.735
294.15
294.594
295.041
295.471
295.874
296.249
296.603
293.096
293.293
293.582
293.933
294.316
294.705
295.084
295.444
295.782
296.103
293.06
293.197
293.413
293.691
294.005
294.336
294.666
294.987
295.294
295.589
293.032
293.115
293.257
293.452
293.685
293.941
294.208
294.475
294.739
294.996
293.015
293.058
293.14
293.26
293.412
293.587
293.778
293.977
294.18
294.384
293.006
293.026
293.067
293.131
293.218
293.324
293.445
293.576
293.714
293.856
293.002
293.01
293.028
293.058
293.101
293.158
293.225
293.301
293.384
293.473
293.001
293.003
293.01
293.022
293.041
293.067
293.1
293.139
293.184
293.232
293
293.001
293.003
293.007
293.015
293.025
293.039
293.057
293.077
293.101
293
293
293.001
293.002
293.004
293.008
293.013
293.02
293.028
293.038
293
293
293
293
293.001
293.002
293.004
293.006
293.009
293.012
293
293
293
293
293
293
293.001
293.001
293.002
293.003
293
293
293
293
293
293
293
293
293
293.001
293
293
293
293
293
293
293
293
293
293
293
293
293
293
293
293
293
293
293
293
293
293
293
293
293
293
293
293
293
293
293
293
293
293
293
293
293
293
293
293
293
293
293
293
293
293
293
293
293
293
293
293
293
293
293
293
293
293
293
293
293
293
293
293
293
293
293
293
293
293
293
293
293
293
293
293
293
293
293
293
293
293
293
293
293
293
293
293
293
293
293
293
293
293
293
293
293
293
293
293
293
293
293
293
293
293
293
293
293
293
293
293
293
293
293
293
293
293
293
293
293.055
293.176
293.366
293.61
293.89
294.189
294.494
294.795
295.089
295.376
293.039
293.133
293.286
293.488
293.724
293.979
294.242
294.503
294.76
295.012
293.024
293.089
293.201
293.357
293.547
293.758
293.98
294.206
294.431
294.653
293.013
293.051
293.124
293.232
293.37
293.53
293.704
293.887
294.074
294.263
293.006
293.026
293.067
293.133
293.221
293.328
293.451
293.584
293.725
293.87
293.002
293.011
293.032
293.066
293.116
293.18
293.255
293.341
293.435
293.534
293.001
293.004
293.013
293.029
293.053
293.086
293.128
293.176
293.231
293.292
293
293.001
293.005
293.011
293.021
293.036
293.056
293.08
293.109
293.141
293
293
293.001
293.003
293.007
293.013
293.021
293.032
293.045
293.06
293
293
293
293.001
293.002
293.004
293.007
293.011
293.016
293.022
293
293
293
293
293
293.001
293.002
293.003
293.005
293.007
293
293
293
293
293
293
293
293.001
293.001
293.002
293
293
293
293
293
293
293
293
293
293
293
293
293
293
293
293
293
293
293
293
293
293
293
293
293
293
293
293
293
293
293
293
293
293
293
293
293
293
293
293
293
293
293
293
293
293
293
293
293
293
293
293
293
293
293
293
293
293
293
293
293
293
293
293
293
293
293
293
293
293
293
293
293
293
293
293
293
293
293
293
293
293
293
293
293
293
293
293
293
293
293
293
293
293
293
293
293
293
293
293
293
293
293
293
293
293
293
293
293
293
293
293
293
293
293
293
293
293
293
293
293
293
293
293
293
293
293
293
293
293
293.021
293.075
293.17
293.303
293.467
293.652
293.852
294.058
294.268
294.48
293.015
293.056
293.131
293.238
293.373
293.528
293.697
293.872
294.052
294.234
293.009
293.037
293.091
293.172
293.277
293.402
293.541
293.688
293.841
293.996
293.005
293.021
293.055
293.11
293.185
293.277
293.383
293.499
293.622
293.75
293.002
293.011
293.03
293.062
293.109
293.17
293.242
293.325
293.415
293.51
293.001
293.005
293.014
293.031
293.057
293.092
293.136
293.187
293.246
293.31
293
293.002
293.006
293.013
293.026
293.044
293.067
293.095
293.129
293.167
293
293
293.002
293.005
293.01
293.018
293.029
293.043
293.06
293.079
293
293
293
293.001
293.003
293.006
293.011
293.017
293.024
293.033
293
293
293
293
293.001
293.002
293.003
293.006
293.008
293.012
293
293
293
293
293
293
293.001
293.001
293.002
293.004
293
293
293
293
293
293
293
293
293
293.001
293
293
293
293
293
293
293
293
293
293
293
293
293
293
293
293
293
293
293
293
293
293
293
293
293
293
293
293
293
293
293
293
293
293
293
293
293
293
293
293
293
293
293
293
293
293
293
293
293
293
293
293
293
293
293
293
293
293
293
293
293
293
293
293
293
293
293
293
293
293
293
293
293
293
293
293
293
293
293
293
293
293
293
293
293
293
293
293
293
293
293
293
293
293
293
293
293
293
293
293
293
293
293
293
293
293
293
293
293
293
293
293
293
293
293
293
293
293
293
293
293
293
293
293
293
293
293
293
293
293
293.007
293.03
293.074
293.14
293.228
293.335
293.455
293.585
293.723
293.867
293.005
293.022
293.055
293.108
293.179
293.266
293.366
293.475
293.591
293.712
293.003
293.014
293.038
293.076
293.131
293.199
293.278
293.367
293.463
293.564
293.002
293.008
293.023
293.048
293.086
293.135
293.194
293.262
293.336
293.416
293.001
293.004
293.012
293.027
293.05
293.081
293.121
293.167
293.221
293.279
293
293.002
293.005
293.013
293.025
293.043
293.066
293.095
293.129
293.166
293
293.001
293.002
293.005
293.011
293.02
293.032
293.048
293.066
293.088
293
293
293.001
293.002
293.004
293.008
293.014
293.021
293.03
293.041
293
293
293
293
293.001
293.003
293.005
293.008
293.012
293.017
293
293
293
293
293
293.001
293.001
293.002
293.004
293.006
293
293
293
293
293
293
293
293.001
293.001
293.002
293
293
293
293
293
293
293
293
293
293
293
293
293
293
293
293
293
293
293
293
293
293
293
293
293
293
293
293
293
293
293
293
293
293
293
293
293
293
293
293
293
293
293
293
293
293
293
293
293
293
293
293
293
293
293
293
293
293
293
293
293
293
293
293
293
293
293
293
293
293
293
293
293
293
293
293
293
293
293
293
293
293
293
293
293
293
293
293
293
293
293
293
293
293
293
293
293
293
293
293
293
293
293
293
293
293
293
293
293
293
293
293
293
293
293
293
293
293
293
293
293
293
293
293
293
293
293
293
293
293
293
293
293
293
293
293
293
293
293
293
293.002
293.011
293.029
293.06
293.104
293.16
293.226
293.302
293.386
293.475
293.002
293.008
293.021
293.045
293.08
293.124
293.179
293.241
293.31
293.384
293.001
293.005
293.014
293.031
293.057
293.091
293.133
293.182
293.238
293.298
293
293.003
293.008
293.019
293.037
293.06
293.091
293.127
293.169
293.215
293
293.001
293.004
293.011
293.021
293.036
293.055
293.08
293.109
293.141
293
293
293.002
293.005
293.01
293.019
293.03
293.044
293.062
293.083
293
293
293.001
293.002
293.004
293.008
293.014
293.022
293.031
293.043
293
293
293
293.001
293.002
293.003
293.006
293.009
293.014
293.02
293
293
293
293
293
293.001
293.002
293.003
293.005
293.008
293
293
293
293
293
293
293
293.001
293.002
293.003
293
293
293
293
293
293
293
293
293
293.001
293
293
293
293
293
293
293
293
293
293
293
293
293
293
293
293
293
293
293
293
293
293
293
293
293
293
293
293
293
293
293
293
293
293
293
293
293
293
293
293
293
293
293
293
293
293
293
293
293
293
293
293
293
293
293
293
293
293
293
293
293
293
293
293
293
293
293
293
293
293
293
293
293
293
293
293
293
293
293
293
293
293
293
293
293
293
293
293
293
293
293
293
293
293
293
293
293
293
293
293
293
293
293
293
293
293
293
293
293
293
293
293
293
293
293
293
293
293
293
293
293
293
293
293
293
293
293
293
293
293
293
293
293
293
293
293
293
293
293
293
293.001
293.004
293.011
293.023
293.043
293.07
293.104
293.145
293.191
293.242
293
293.002
293.008
293.017
293.033
293.054
293.081
293.113
293.151
293.192
293
293.001
293.005
293.012
293.023
293.038
293.059
293.084
293.113
293.146
293
293.001
293.003
293.007
293.014
293.025
293.039
293.057
293.079
293.103
293
293
293.001
293.004
293.008
293.014
293.023
293.035
293.049
293.066
293
293
293.001
293.002
293.004
293.007
293.012
293.019
293.028
293.038
293
293
293
293.001
293.002
293.003
293.006
293.009
293.014
293.019
293
293
293
293
293
293.001
293.002
293.004
293.006
293.009
293
293
293
293
293
293
293.001
293.001
293.002
293.003
293
293
293
293
293
293
293
293
293.001
293.001
293
293
293
293
293
293
293
293
293
293
293
293
293
293
293
293
293
293
293
293
293
293
293
293
293
293
293
293
293
293
293
293
293
293
293
293
293
293
293
293
293
293
293
293
293
293
293
293
293
293
293
293
293
293
293
293
293
293
293
293
293
293
293
293
293
293
293
293
293
293
293
293
293
293
293
293
293
293
293
293
293
293
293
293
293
293
293
293
293
293
293
293
293
293
293
293
293
293
293
293
293
293
293
293
293
293
293
293
293
293
293
293
293
293
293
293
293
293
293
293
293
293
293
293
293
293
293
293
293
293
293
293
293
293
293
293
293
293
293
293
293
293
293
293
293
293
293
293
293
293
293
293.001
293.003
293.008
293.016
293.028
293.044
293.064
293.087
293.114
293
293.001
293.002
293.006
293.012
293.021
293.033
293.049
293.067
293.089
293
293
293.001
293.004
293.008
293.015
293.024
293.035
293.05
293.066
293
293
293.001
293.002
293.005
293.009
293.015
293.024
293.034
293.046
293
293
293
293.001
293.003
293.005
293.009
293.014
293.021
293.029
293
293
293
293
293.001
293.003
293.005
293.007
293.011
293.016
293
293
293
293
293
293.001
293.002
293.003
293.005
293.008
293
293
293
293
293
293
293.001
293.001
293.002
293.003
293
293
293
293
293
293
293
293
293.001
293.001
293
293
293
293
293
293
293
293
293
293
293
293
293
293
293
293
293
293
293
293
293
293
293
293
293
293
293
293
293
293
293
293
293
293
293
293
293
293
293
293
293
293
293
293
293
293
293
293
293
293
293
293
293
293
293
293
293
293
293
293
293
293
293
293
293
293
293
293
293
293
293
293
293
293
293
293
293
293
293
293
293
293
293
293
293
293
293
293
293
293
293
293
293
293
293
293
293
293
293
293
293
293
293
293
293
293
293
293
293
293
293
293
293
293
293
293
293
293
293
293
293
293
293
293
293
293
293
293
293
293
293
293
293
293
293
293
293
293
293
293
293
293
293
293
293
293
293
293
293
293
293
293
293
293
293
293
293
293
293
293
293
293
293.001
293.003
293.006
293.01
293.017
293.026
293.036
293.049
293
293
293.001
293.002
293.004
293.008
293.013
293.019
293.028
293.038
293
293
293
293.001
293.003
293.005
293.009
293.014
293.02
293.027
293
293
293
293.001
293.002
293.003
293.005
293.009
293.013
293.018
293
293
293
293
293.001
293.002
293.003
293.005
293.008
293.011
293
293
293
293
293
293.001
293.001
293.003
293.004
293.006
293
293
293
293
293
293
293.001
293.001
293.002
293.003
293
293
293
293
293
293
293
293
293.001
293.001
293
293
293
293
293
293
293
293
293
293
293
293
293
293
293
293
293
293
293
293
293
293
293
293
293
293
293
293
293
293
293
293
293
293
293
293
293
293
293
293
293
293
293
293
293
293
293
293
293
293
293
293
293
293
293
293
293
293
293
293
293
293
293
293
293
293
293
293
293
293
293
293
293
293
293
293
293
293
293
293
293
293
293
293
293
293
293
293
293
293
293
293
293
293
293
293
293
293
293
293
293
293
293
293
293
293
293
293
293
293
293
293
293
293
293
293
293
293
293
293
293
293
293
293
293
293
293
293
293
293
293
293
293
293
293
293
293
293
293
293
293
293
293
293
293
293
293
293
293
293
293
293
293
293
293
293
293
293
293
293
293
293
293
293
293
293
293
293
293
293
293
293
293
293.001
293.002
293.003
293.006
293.009
293.014
293.019
293
293
293
293
293.001
293.002
293.004
293.007
293.01
293.015
293
293
293
293
293.001
293.002
293.003
293.005
293.007
293.01
293
293
293
293
293
293.001
293.002
293.003
293.005
293.007
293
293
293
293
293
293
293.001
293.002
293.003
293.004
293
293
293
293
293
293
293
293.001
293.001
293.002
293
293
293
293
293
293
293
293
293
293.001
293
293
293
293
293
293
293
293
293
293
293
293
293
293
293
293
293
293
293
293
293
293
293
293
293
293
293
293
293
293
293
293
293
293
293
293
293
293
293
293
293
293
293
293
293
293
293
293
293
293
293
293
293
293
293
293
293
293
293
293
293
293
293
293
293
293
293
293
293
293
293
293
293
293
293
293
293
293
293
293
293
293
293
293
293
293
293
293
293
293
293
293
293
293
293
293
293
293
293
293
293
293
293
293
293
293
293
293
293
293
293
293
293
293
293
293
293
293
293
293
293
293
293
293
293
293
293
293
293
293
293
293
293
293
293
293
293
293
293
293
293
293
293
293
293
293
293
293
293
293
293
293
293
293
293
293
293
293
293
293
293
293
293
293
293
293
293
293
293
293
293
293
293
293
293
293
293
293
293
293
293
293
293
293
293
293.001
293.002
293.003
293.005
293.007
293
293
293
293
293
293.001
293.001
293.002
293.003
293.005
293
293
293
293
293
293
293.001
293.001
293.002
293.003
293
293
293
293
293
293
293
293.001
293.001
293.002
293
293
293
293
293
293
293
293
293.001
293.001
293
293
293
293
293
293
293
293
293
293.001
293
293
293
293
293
293
293
293
293
293
293
293
293
293
293
293
293
293
293
293
293
293
293
293
293
293
293
293
293
293
293
293
293
293
293
293
293
293
293
293
293
293
293
293
293
293
293
293
293
293
293
293
293
293
293
293
293
293
293
293
293
293
293
293
293
293
293
293
293
293
293
293
293
293
293
293
293
293
293
293
293
293
293
293
293
293
293
293
293
293
293
293
293
293
293
293
293
293
293
293
293
293
293
293
293
293
293
293
293
293
293
293
293
293
293
293
293
293
293
293
293
293
293
293
293
293
293
293
293
293
293
293
293
293
293
293
293
293
293
293
293
293
293
293
293
293
293
293
293
293
293
293
293
293
293
293
293
293
293
293
293
293
293
293
293
293
293
293
293
293
293
293
293
293
293
293
293
293
293
293
293
293
293
293
293
293
293
293
293
293
293
293
293
293
293
293
293
293.001
293.001
293.002
293
293
293
293
293
293
293
293
293.001
293.001
293
293
293
293
293
293
293
293
293.001
293.001
293
293
293
293
293
293
293
293
293
293.001
293
293
293
293
293
293
293
293
293
293
293
293
293
293
293
293
293
293
293
293
293
293
293
293
293
293
293
293
293
293
293
293
293
293
293
293
293
293
293
293
293
293
293
293
293
293
293
293
293
293
293
293
293
293
293
293
293
293
293
293
293
293
293
293
293
293
293
293
293
293
293
293
293
293
293
293
293
293
293
293
293
293
293
293
293
293
293
293
293
293
293
293
293
293
293
293
293
293
293
293
293
293
293
293
293
293
293
293
293
293
293
293
293
293
293
293
293
293
293
293
293
293
293
293
293
293
293
293
293
293
293
293
293
293
293
293
293
293
293
293
293
293
293
293
293
293
293
293
293
293
293
293
293
293
293
293
293
293
293
293
293
293
293
293
293
293
293
293
293
293
293
293
293
293
293
293
293
293
293
293
293
293
293
293
293
293
293
293
293
293
293
293
293
293
293
293
293
293
293
293
293
293
293
293
293
293
293
293
293
293
293
293
293
293
293
293
293
293
293
293
293
293
293
293
293
293
293
293
293
293
293
293
293
293
293
293
293
293
293
293
293
293
293
293
293
293
293
293
293
293
293
293
293
293
293
293
293
293
293
293
293
293
293
293
293
293
293
293
293
293
293
293
293
293
293
293
293
293
293
293
293
293
293
293
293
293
293
293
293
293
293
293
293
293
293
293
293
293
293
293
293
293
293
293
293
293
293
293
293
293
293
293
293
293
293
293
293
293
293
293
293
293
293
293
293
293
293
293
293
293
293
293
293
293
293
293
293
293
293
293
293
293
293
293
293
293
293
293
293
293
293
293
293
293
293
293
293
293
293
293
293
293
293
293
293
293
293
293
293
293
293
293
293
293
293
293
293
293
293
293
293
293
293
293
293
293
293
293
293
293
293
293
293
293
293
293
293
293
293
293
293
293
293
293
293
293
293
293
293
293
293
293
293
293
293
293
293
293
293
293
293
293
293
293
293
293
293
293
293
293
293
293
293
293
293
293
293
293
293
293
293
293
293
293
293
293
293
293
293
293
293
293
293
293
293
293
293
293
293
293
293
293
293
293
293
293
293
293
293
293
293
293
293
293
293
293
293
293
293
293
293
293
293
293
293
293
293
293
293
293
293
293
293
293
293
293
293
293
293
293
293
293
293
293
293
293
293
293
293
293
293
293
293
293
293
293
293
293
293
293
293
293
293
293
293
293
293
293
293
293
293
293
293
293
293
293
293
293
293
293
293
293
293
293
293
293
293
293
293
293
293
293
293
293
293
293
293
293
293
293
293
293
293
293
293
293
293
293
293
293
293
293
293
293
293
293
293
293
293
293
293
293
293
293
293
293
293
293
293
293
293
293
293
293
293
293
293
293
293
293
293
293
293
293
293
293
293
293
293
293
293
293
293
293
293
293
293
293
293
293
293
293
293
293
293
293
293
293
293
293
293
293
293
293
293
293
293
293
293
293
293
293
293
293
293
293
293
293
293
293
293
293
293
293
293
293
293
293
293
293
293
293
293
293
293
293
293
293
293
293
293
293
293
293
293
293
293
293
293
293
293
293
293
293
293
293
293
293
293
293
293
293
293
293
293
293
293
293
293
293
293
293
293
293
293
293
293
293
293
293
293
293
293
293
293
293
293
293
293
293
293
293
293
293
293
293
293
293
293
293
293
293
293
293
293
293
293
293
293
293
293
293
293
293
293
293
293
293
293
293
293
293
293
293
293
293
293
293
293
293
293
293
293
293
293
293
293
293
293
293
293
293
293
293
293
293
293
293
293
293
293
293
293
293
293
293
293
293
293
293
293
293
293
293
293
293
293
293
293
293
293
293
293
293
293
293
293
293
293
293
293
293
293
293
293
293
293
293
293
293
293
293
293
293
293
293
293
293
293
293
293
293
293
293
293
293
293
293
293
293
293
293
293
293
293
293
293
293
293
293
293
293
293
293
293
293
293
293
293
293
293
293
293
293
293
293
293
293
293
293
293
293
293
293
293
293
293
293
293
293
293
293
293
293
293
293
293
293
293
293
293
293
293
293
293
293
293
293
293
293
293
293
293
293
293
293
293
293
293
293
293
293
293
293
293
293
293
293
293
293
293
293
293
293
293
293
293
293
293
293
293
293
293
293
293
293
293
293
293
293
293
293
293
293
293
293
293
293
293
293
293
293
293
293
293
293
293
293
293
293
293
293
293
293
293
293
293
293
293
293
293
293
293
293
293
293
293
293
293
293
293
293
293
293
293
293
293
293
293
293
293
293
293
293
293
293
293
293
293
293
293
293
293
293
293
293
293
293
293
293
293
293
293
293
293
293
293
293
293
293
293
293
293
293
293
293
293
293
293
293
293
293
293
293
293
293
293
293
293
293
293
293
293
293
293
293
293
293
293
293
293
293
293
293
293
293
293
293
293
293
293
293
293
293
293
293
293
293
293
293
293
293
293
293
293
293
293
293
293
293
293
293
293
293
293
293
293
293
293
293
293
293
293
293
293
293
293
293
293
293
293
293
293
293
293
293
293
293
293
293
293
293
293
293
293
293
293
293
293
293
293
293
293
293
293
293
293
293
293
293
293
293
293
293
293
293
293
293
293
293
293
293
293
293
293
293
293
293
293
293
293
293
293
293
293
293
293
293
293
293
293
293
293
293
293
293
293
293
293
293
293
293
293
293
293
293
293
293
293
293
293
293
293
293
293
293
293
293
293
293
293
293
293
293
293
293
293
293
293
293
293
293
293
293
293
293
293
293
293
293
293
293
293
293
293
293
293
293
293
293
293
293
293
293
293
293
293
293
293
293
293
293
293
293
293
293
293
293
293
293
293
293
293
293
293
293
293
293
293
293
293
293
293
293
293
293
293
293
293
293
293
293
293
293
293
293
293
293
293
293
293
293
293
293
293
293
293
293
293
293
293
293
293
293
293
293
293
293
293
293
293
293
293
293
293
293
293
293
293
293
293
293
293
293
293
293
293
293
293
293
293
293
293
293
293
293
293
293
293
293
293
293
293
293
293
293
293
293
293
293
293
293
293
293
293
293
293
293
293
293
293
293
293
293
293
293
293
293
293
293
293
293
293
293
293
293
293
293
293
293
293
293
293
293
293
293
293
293
293
293
293
293
293
293
293
293
293
293
293
293
293
293
293
293
293
293
293
293
293
293
293
293
293
293
293
293
293
293
293
293
293
293
293
293
293
293
293
293
293
293
293
293
293
293
293
293
293
293
293
293
293
293
293
293
293
293
293
293
293
293
293
293
293
293
293
293
293
293
293
293
293
293
293
293
293
293
293
293
293
293
293
293
293
293
293
293
293
293
293
293
293
293
293
293
293
293
293
293
293
293
293
293
293
293
293
293
293
293
293
293
293
293
293
293
293
293
293
293
293
293
293
293
293
293
293
293
293
293
293
293
293
293
293
293
293
293
293
293
293
293
293
293
293
293
293
293
293
293
293
293
293
293
293
293
293
293
293
293
293
293
293
293
293
293
293
293
293
293
293
293
293
293
293
293
293
293
293
293
293
293
293
293
293
293
293
293
293
293
293
293
293
293
293
293
293
293
293
293
293
293
293
293
293
293
293
293
293
293
293
293
293
293
293
293
293
293
293
293
293
293
293
293
293
293
293
293
293
293
293
293
293
293
293
293
293
293
293
293
293
293
293
293
293
293
293
293
293
293
293
293
293
293
293
293
293
293
293
293
293
293
293
293
293
293
293
293
293
293
293
293
293
293
293
293
293
293
293
293
293
293
293
293
293
293
293
293
293
293
293
293
293
293
293
293
293
293
293
293
293
293
293
293
293
293
293
293
293
293
293
293
293
293
293
293
293
293
293
293
293
293
293
293
293
293
293
293
293
293
293
293
293
293
293
293
293
293
293
293
293
293
293
293
293
293
293
293
293
293
293
293
293
293
293
293
293
293
293
293
293
293
293
293
293
293
293
293
293
293
293
293
293
293
293
293
293
293
293
293
293
293
293
293
293
293
293
293
293
293
293
293
293
293
293
293
293
293
293
293
293
293
293
293
293
293
293
293
293
293
293
293
293
293
293
293
293
293
293
293
293
293
293
293
293
293
293
293
293
293
293
293
293
293
293
293
293
293
293
293
293
293
293
293
293
293
293
293
293
293
293
293
293
293
293
293
293
293
293
293
293
293
293
293
293
293
293
293
293
293
293
293
293
293
293
293
293
293
293
293
293
293
293
293
293
293
293
293
293
293
293
293
293
293
293
293
293
293
293
293
293
293
293
293
293
293
293
293
293
293
293
293
293
293
293
293
293
293
293
293
293
293
293
293
293
293
293
293
293
293
293
293
293
293
293
293
293
293
293
293
293
293
293
293
293
293
293
293
293
293
293
293
293
293
293
293
293
293
293
293
293
293
293
293
293
293
293
293
293
293
293
293
293
293
293
293
293
293
293
293
293
293
293
293
293
293
293
293
293
293
293
293
293
293
293
293
293
293
293
293
293
293
293
293
293
293
293
293
293
293
293
293
293
293
293
293
293
293
293
293
293
293
293
293
293
293
293
293
293
293
293
293
293
293
293
293
293
293
293
293
293
293
293
293
293
293
293
293
293
293
293
293
293
293
293
293
293
293
293
293
293
293
293
293
293
293
293
293
293
293
293
293
293
293
293
293
293
293
293
293
293
293
293
293
293
293
293
293
293
293
293
293
293
293
293
293
293
293
293
293
293
293
293
293
293
293
293
293
293
293
293
293
293
293
293
293
293
293
293
293
293
293
293
293
293
293
293
293
293
293
293
293
293
293
293
293
293
293
293
293
293
293
293
293
293
293
293
293
293
293
293
293
293
293
293
293
293
293
293
293
293
293
293
293
293
293
293
293
293
293
293
293
293
293
293
293
293
293
293
293
293
293
293
293
293
293
293
293
293
293
293
293
293
293
293
293
293
293
293
293
293
293
293
293
293
293
293
293
293
293
293
293
293
293
293
293
293
293
293
293
293
293
293
293
293
293
293
293
293
293
293
293
293
293
293
293
293
293
293
293
293
293
293
293
293
293
293
293
293
293
293
293
293
293
293
293
293
293
293
293
293
293
293
293
293
293
293
293
293
293
293
293
293
293
293
293
293
293
293
293
293
293
293
293
293
293
293
293
293
293
293
293
293
293
293
293
293
293
293
293
293
293
293
293
293
293
293
293
293
293
293
293
293
293
293
293
293
293
293
293
293
293
293
293
293
293
293
293
293
293
293
293
293
293
293
293
293
293
293
293
293
293
293
293
293
293
293
293
293
293
293
293
293
293
293
293
293
293
293
293
293
293
293
293
293
293
293
293
293
293
293
293
293
293
293
293
293
293
293
293
293
293
293
293
293
293
293
293
293
293
293
293
293
293
293
293
293
293
293
293
293
293
293
293
293
293
293
293
293
293
293
293
293
293
293
293
293
293
293
293
293
293
293
293
293
293
293
293
293
293
293
293
293
293
293
293
293
293
293
293
293
293
293
293
293
293
293
293
293
293
293
293
293
293
293
293
293
293
293
293
293
293
293
293
293
293
293
293
293
293
293
293
293
293
293
293
293
293
293
293
293
293
293
293
293
293
293
293
293
293
293
293
293
293
293
293
293
293
293
293
293
293
293
293
293
293
293
293
293
293
293
293
293
293
293
293
293
293
293
293
293
293
293
293
293
293
293
293
293
293
293
293
293
293
293
293
293
293
293
293
293
293
293
293
293
293
293
293
293
293
293
293
293
293
293
293
293
293
293
293
293
293
293
293
293
293
293
293
293
293
293
293
293
293
293
293
293
293
293
293
293
293
293
293
293
293
293
293
293
293
293
293
293
293
293
293
293
293
293
293
293
293
293
293
293
293
293
293
293
293
293
293
293
293
293
293
293
293
293
293
293
293
293
293
293
293
293
293
293
293
293
293
293
293
293
293
293
293
293
293
293
293
293
293
293
293
293
293
293
293
293
293
293
293
293
293
293
293
293
293
293
293
293
293
293
293
293
293
293
293
293
293
293
293
293
293
293
293
293
293
293
293
293
293
293
293
293
293
293
293
293
293
293
293
293
293
293
293
293
293
293
293
293
293
293
293
293
293
293
293
293
293
293
293
293
293
293
293
293
293
293
293
293
293
293
293
293
293
293
293
293
293
293
293
293
293
293
293
293
293
293
293
293
293
293
293
293
293
293
293
293
293
293
293
293
293
293
309.408
305.914
302.167
300.163
299.195
298.696
298.424
298.267
298.172
298.114
298.068
298.036
298.015
297.999
297.987
297.977
306.46
304.552
302.053
300.55
299.693
299.179
298.858
298.648
298.507
298.408
298.336
298.278
298.229
298.194
298.165
298.142
304.357
303.46
302.181
301.157
300.421
299.896
299.515
299.234
299.023
298.862
298.737
298.638
298.557
298.486
298.424
298.374
302.054
302.003
301.795
301.464
301.074
300.679
300.313
299.99
299.714
299.483
299.29
299.129
298.994
298.881
298.785
298.699
299.578
299.733
299.853
299.93
299.96
299.945
299.893
299.812
299.711
299.598
299.48
299.362
299.247
299.138
299.037
298.943
297.324
297.497
297.666
297.825
297.973
298.104
298.217
298.311
298.386
298.442
298.482
298.507
298.519
298.52
298.512
298.497
295.575
295.709
295.845
295.983
296.12
296.255
296.386
296.512
296.631
296.743
296.846
296.94
297.026
297.101
297.168
297.226
294.386
294.472
294.562
294.654
294.749
294.846
294.943
295.041
295.138
295.234
295.328
295.419
295.506
295.59
295.669
295.744
293.669
293.717
293.768
293.821
293.876
293.933
293.992
294.052
294.114
294.175
294.238
294.3
294.361
294.422
294.481
294.538
293.286
293.31
293.335
293.361
293.389
293.418
293.448
293.48
293.512
293.545
293.579
293.614
293.648
293.683
293.717
293.752
293.107
293.117
293.128
293.139
293.151
293.164
293.177
293.191
293.206
293.221
293.237
293.253
293.269
293.286
293.303
293.319
293.034
293.038
293.042
293.046
293.051
293.055
293.06
293.066
293.071
293.077
293.083
293.09
293.096
293.103
293.11
293.117
293.009
293.01
293.012
293.013
293.014
293.016
293.017
293.019
293.021
293.023
293.025
293.027
293.029
293.032
293.034
293.036
293.002
293.002
293.003
293.003
293.003
293.004
293.004
293.005
293.005
293.006
293.006
293.007
293.007
293.008
293.009
293.009
293
293
293
293
293
293.001
293.001
293.001
293.001
293.001
293.001
293.001
293.001
293.002
293.002
293.002
293
293
293
293
293
293
293
293
293
293
293
293
293
293
293
293
293
293
293
293
293
293
293
293
293
293
293
293
293
293
293
293
293
293
293
293
293
293
293
293
293
293
293
293
293
293
293
293
293
293
293
293
293
293
293
293
293
293
293
293
293
293
293
293
293
293
293
293
293
293
293
293
293
293
293
293
293
293
293
293
293
293
293
293
293
293
293
293
293
293
293
293
293
293
293
293
293
293
293
293
293
293
293
293
293
293
293
293
293
293
293
293
293
293
293
293
293
293
293
293
293
293
293
293
293
293
293
293
293
293
293
293
293
293
293
293
293
293
293
293
293
293
293
293
293
293
293
293
293
293
293
293
293
293
307.256
305.794
303.594
301.957
300.878
300.164
299.679
299.34
299.096
298.917
298.773
298.656
298.564
298.491
298.431
298.382
305.579
304.831
303.538
302.339
301.413
300.728
300.222
299.843
299.555
299.332
299.155
299.01
298.886
298.782
298.695
298.622
303.799
303.512
302.994
302.363
301.744
301.197
300.736
300.357
300.045
299.788
299.576
299.398
299.247
299.116
299
298.9
301.133
301.243
301.288
301.254
301.142
300.971
300.763
300.538
300.313
300.098
299.898
299.716
299.553
299.408
299.278
299.161
298.723
298.901
299.067
299.213
299.333
299.422
299.479
299.505
299.504
299.48
299.438
299.382
299.316
299.244
299.169
299.093
296.685
296.845
297.005
297.164
297.318
297.465
297.601
297.724
297.834
297.93
298.01
298.077
298.129
298.169
298.197
298.215
295.161
295.278
295.397
295.519
295.642
295.765
295.888
296.008
296.124
296.236
296.343
296.443
296.536
296.622
296.7
296.769
294.148
294.221
294.297
294.376
294.456
294.539
294.623
294.708
294.794
294.879
294.963
295.046
295.126
295.204
295.279
295.349
293.547
293.588
293.63
293.674
293.72
293.767
293.817
293.867
293.919
293.971
294.024
294.077
294.129
294.182
294.233
294.283
293.231
293.251
293.271
293.293
293.316
293.339
293.364
293.39
293.417
293.444
293.472
293.501
293.529
293.558
293.587
293.616
293.085
293.093
293.102
293.111
293.121
293.131
293.142
293.154
293.166
293.178
293.191
293.204
293.217
293.231
293.244
293.258
293.027
293.03
293.033
293.036
293.04
293.044
293.048
293.052
293.057
293.061
293.066
293.072
293.077
293.082
293.088
293.093
293.007
293.008
293.009
293.01
293.011
293.012
293.014
293.015
293.016
293.018
293.02
293.021
293.023
293.025
293.027
293.029
293.001
293.002
293.002
293.002
293.002
293.003
293.003
293.003
293.004
293.004
293.005
293.005
293.006
293.006
293.007
293.007
293
293
293
293
293
293
293
293.001
293.001
293.001
293.001
293.001
293.001
293.001
293.001
293.001
293
293
293
293
293
293
293
293
293
293
293
293
293
293
293
293
293
293
293
293
293
293
293
293
293
293
293
293
293
293
293
293
293
293
293
293
293
293
293
293
293
293
293
293
293
293
293
293
293
293
293
293
293
293
293
293
293
293
293
293
293
293
293
293
293
293
293
293
293
293
293
293
293
293
293
293
293
293
293
293
293
293
293
293
293
293
293
293
293
293
293
293
293
293
293
293
293
293
293
293
293
293
293
293
293
293
293
293
293
293
293
293
293
293
293
293
293
293
293
293
293
293
293
293
293
293
293
293
293
293
293
293
293
293
293
293
293
293
293
293
293
293
293
293
293
293
293
293
293
293
293
293
293
293
305.141
304.932
304.4
303.683
302.935
302.246
301.647
301.143
300.723
300.374
300.08
299.832
299.623
299.447
299.297
299.169
303.977
303.891
303.634
303.237
302.766
302.281
301.818
301.396
301.023
300.697
300.415
300.169
299.952
299.762
299.595
299.449
302.342
302.396
302.36
302.232
302.034
301.79
301.522
301.249
300.984
300.734
300.502
300.291
300.099
299.925
299.765
299.619
299.915
300.079
300.224
300.34
300.416
300.451
300.444
300.401
300.33
300.238
300.131
300.017
299.899
299.781
299.666
299.555
297.799
297.97
298.138
298.3
298.452
298.59
298.71
298.811
298.891
298.95
298.99
299.011
299.017
299.009
298.989
298.961
296.054
296.193
296.334
296.477
296.619
296.76
296.895
297.026
297.148
297.261
297.365
297.457
297.539
297.609
297.668
297.717
294.771
294.869
294.97
295.073
295.178
295.285
295.392
295.498
295.604
295.707
295.807
295.903
295.995
296.081
296.161
296.235
293.93
293.99
294.053
294.118
294.185
294.254
294.324
294.396
294.468
294.54
294.612
294.684
294.754
294.822
294.888
294.951
293.437
293.47
293.505
293.541
293.578
293.617
293.657
293.699
293.741
293.784
293.827
293.871
293.915
293.958
294.001
294.043
293.182
293.198
293.214
293.232
293.25
293.269
293.289
293.31
293.332
293.354
293.376
293.399
293.423
293.446
293.47
293.493
293.066
293.072
293.079
293.087
293.094
293.103
293.111
293.12
293.13
293.14
293.15
293.16
293.171
293.182
293.193
293.204
293.02
293.023
293.025
293.028
293.031
293.034
293.037
293.04
293.044
293.048
293.051
293.056
293.06
293.064
293.068
293.073
293.005
293.006
293.007
293.007
293.008
293.009
293.01
293.011
293.012
293.014
293.015
293.016
293.018
293.019
293.021
293.022
293.001
293.001
293.001
293.002
293.002
293.002
293.002
293.003
293.003
293.003
293.004
293.004
293.004
293.005
293.005
293.005
293
293
293
293
293
293
293
293
293
293
293.001
293.001
293.001
293.001
293.001
293.001
293
293
293
293
293
293
293
293
293
293
293
293
293
293
293
293
293
293
293
293
293
293
293
293
293
293
293
293
293
293
293
293
293
293
293
293
293
293
293
293
293
293
293
293
293
293
293
293
293
293
293
293
293
293
293
293
293
293
293
293
293
293
293
293
293
293
293
293
293
293
293
293
293
293
293
293
293
293
293
293
293
293
293
293
293
293
293
293
293
293
293
293
293
293
293
293
293
293
293
293
293
293
293
293
293
293
293
293
293
293
293
293
293
293
293
293
293
293
293
293
293
293
293
293
293
293
293
293
293
293
293
293
293
293
293
293
293
293
293
293
293
293
293
293
293
293
293
293
293
293
293
293
293
293
293
302.619
302.726
302.778
302.754
302.651
302.482
302.267
302.023
301.766
301.506
301.251
301.005
300.774
300.557
300.358
300.175
301.744
301.866
301.954
301.993
301.976
301.909
301.798
301.657
301.493
301.318
301.136
300.953
300.772
300.596
300.427
300.265
300.414
300.569
300.702
300.804
300.871
300.901
300.896
300.86
300.799
300.718
300.623
300.519
300.408
300.293
300.174
300.056
298.602
298.769
298.932
299.086
299.227
299.35
299.451
299.529
299.585
299.618
299.631
299.626
299.606
299.575
299.535
299.486
296.878
297.029
297.181
297.333
297.481
297.625
297.761
297.887
298.002
298.105
298.194
298.269
298.33
298.378
298.413
298.438
295.449
295.567
295.688
295.81
295.933
296.056
296.179
296.298
296.415
296.526
296.632
296.731
296.823
296.907
296.982
297.048
294.406
294.487
294.571
294.656
294.744
294.833
294.923
295.013
295.103
295.192
295.28
295.366
295.448
295.527
295.602
295.672
293.729
293.778
293.829
293.882
293.937
293.993
294.05
294.109
294.168
294.228
294.287
294.347
294.405
294.463
294.519
294.573
293.338
293.364
293.391
293.42
293.45
293.482
293.514
293.547
293.581
293.616
293.651
293.686
293.722
293.757
293.792
293.826
293.138
293.15
293.163
293.177
293.191
293.207
293.222
293.239
293.256
293.273
293.291
293.31
293.328
293.347
293.365
293.384
293.049
293.054
293.059
293.065
293.071
293.077
293.084
293.091
293.098
293.106
293.114
293.122
293.131
293.139
293.148
293.156
293.015
293.017
293.018
293.02
293.022
293.025
293.027
293.03
293.033
293.035
293.038
293.042
293.045
293.048
293.051
293.055
293.004
293.004
293.005
293.005
293.006
293.007
293.007
293.008
293.009
293.01
293.011
293.012
293.013
293.014
293.015
293.016
293.001
293.001
293.001
293.001
293.001
293.001
293.002
293.002
293.002
293.002
293.002
293.003
293.003
293.003
293.004
293.004
293
293
293
293
293
293
293
293
293
293
293
293
293
293.001
293.001
293.001
293
293
293
293
293
293
293
293
293
293
293
293
293
293
293
293
293
293
293
293
293
293
293
293
293
293
293
293
293
293
293
293
293
293
293
293
293
293
293
293
293
293
293
293
293
293
293
293
293
293
293
293
293
293
293
293
293
293
293
293
293
293
293
293
293
293
293
293
293
293
293
293
293
293
293
293
293
293
293
293
293
293
293
293
293
293
293
293
293
293
293
293
293
293
293
293
293
293
293
293
293
293
293
293
293
293
293
293
293
293
293
293
293
293
293
293
293
293
293
293
293
293
293
293
293
293
293
293
293
293
293
293
293
293
293
293
293
293
293
293
293
293
293
293
293
293
293
293
293
293
293
293
293
293
293
293
293
300.294
300.448
300.598
300.734
300.848
300.935
300.991
301.016
301.014
300.986
300.937
300.872
300.791
300.699
300.598
300.492
299.54
299.698
299.85
299.993
300.12
300.228
300.313
300.374
300.413
300.431
300.429
300.41
300.377
300.33
300.272
300.205
298.58
298.742
298.9
299.05
299.189
299.314
299.422
299.513
299.585
299.639
299.675
299.696
299.703
299.698
299.68
299.65
297.297
297.451
297.605
297.756
297.903
298.044
298.175
298.296
298.405
298.5
298.581
298.648
298.701
298.742
298.772
298.793
295.986
296.117
296.25
296.383
296.515
296.646
296.774
296.898
297.016
297.127
297.231
297.326
297.412
297.488
297.554
297.61
294.877
294.976
295.077
295.179
295.283
295.387
295.492
295.595
295.697
295.797
295.894
295.986
296.074
296.157
296.234
296.304
294.067
294.133
294.201
294.271
294.342
294.415
294.489
294.563
294.638
294.713
294.786
294.858
294.929
294.997
295.063
295.124
293.545
293.584
293.625
293.667
293.711
293.756
293.802
293.849
293.897
293.945
293.993
294.041
294.089
294.136
294.182
294.226
293.248
293.269
293.29
293.313
293.336
293.36
293.386
293.412
293.439
293.466
293.494
293.522
293.55
293.578
293.605
293.632
293.099
293.109
293.118
293.129
293.14
293.152
293.164
293.176
293.19
293.203
293.217
293.231
293.246
293.26
293.275
293.289
293.034
293.038
293.042
293.046
293.051
293.055
293.061
293.066
293.071
293.077
293.083
293.089
293.096
293.102
293.109
293.115
293.01
293.011
293.013
293.014
293.016
293.017
293.019
293.021
293.023
293.025
293.027
293.03
293.032
293.035
293.037
293.04
293.002
293.003
293.003
293.004
293.004
293.004
293.005
293.006
293.006
293.007
293.008
293.008
293.009
293.01
293.011
293.011
293
293
293.001
293.001
293.001
293.001
293.001
293.001
293.001
293.001
293.002
293.002
293.002
293.002
293.002
293.003
293
293
293
293
293
293
293
293
293
293
293
293
293
293
293
293
293
293
293
293
293
293
293
293
293
293
293
293
293
293
293
293
293
293
293
293
293
293
293
293
293
293
293
293
293
293
293
293
293
293
293
293
293
293
293
293
293
293
293
293
293
293
293
293
293
293
293
293
293
293
293
293
293
293
293
293
293
293
293
293
293
293
293
293
293
293
293
293
293
293
293
293
293
293
293
293
293
293
293
293
293
293
293
293
293
293
293
293
293
293
293
293
293
293
293
293
293
293
293
293
293
293
293
293
293
293
293
293
293
293
293
293
293
293
293
293
293
293
293
293
293
293
293
293
293
293
293
293
293
293
293
293
293
293
293
293
293
293
293
293
293
293
293
293
293
293
293
293
293
293
293
293
293
293
293
293
298.347
298.505
298.664
298.82
298.97
299.113
299.244
299.362
299.464
299.551
299.621
299.675
299.713
299.737
299.747
299.745
297.701
297.851
298.002
298.15
298.295
298.434
298.564
298.685
298.795
298.893
298.978
299.05
299.109
299.156
299.19
299.212
296.989
297.135
297.28
297.423
297.563
297.698
297.828
297.949
298.062
298.165
298.258
298.34
298.41
298.47
298.518
298.556
296.1
296.233
296.366
296.5
296.632
296.762
296.889
297.011
297.127
297.236
297.338
297.431
297.515
297.59
297.655
297.711
295.164
295.274
295.384
295.496
295.608
295.721
295.832
295.941
296.048
296.152
296.251
296.345
296.434
296.516
296.591
296.659
294.356
294.436
294.518
294.601
294.686
294.772
294.858
294.944
295.03
295.114
295.197
295.278
295.355
295.43
295.5
295.565
293.763
293.815
293.869
293.924
293.981
294.039
294.098
294.158
294.218
294.278
294.338
294.397
294.455
294.512
294.567
294.619
293.384
293.414
293.445
293.478
293.512
293.546
293.582
293.619
293.656
293.694
293.732
293.77
293.808
293.845
293.882
293.918
293.172
293.187
293.203
293.22
293.237
293.256
293.275
293.295
293.315
293.336
293.357
293.379
293.4
293.422
293.443
293.465
293.067
293.074
293.081
293.089
293.097
293.105
293.114
293.124
293.133
293.143
293.154
293.164
293.175
293.186
293.197
293.208
293.023
293.025
293.028
293.031
293.034
293.038
293.041
293.045
293.049
293.053
293.058
293.062
293.067
293.071
293.076
293.081
293.006
293.007
293.008
293.009
293.01
293.011
293.013
293.014
293.015
293.017
293.018
293.02
293.022
293.024
293.025
293.027
293.001
293.002
293.002
293.002
293.003
293.003
293.003
293.004
293.004
293.004
293.005
293.005
293.006
293.006
293.007
293.008
293
293
293
293
293
293
293.001
293.001
293.001
293.001
293.001
293.001
293.001
293.001
293.002
293.002
293
293
293
293
293
293
293
293
293
293
293
293
293
293
293
293
293
293
293
293
293
293
293
293
293
293
293
293
293
293
293
293
293
293
293
293
293
293
293
293
293
293
293
293
293
293
293
293
293
293
293
293
293
293
293
293
293
293
293
293
293
293
293
293
293
293
293
293
293
293
293
293
293
293
293
293
293
293
293
293
293
293
293
293
293
293
293
293
293
293
293
293
293
293
293
293
293
293
293
293
293
293
293
293
293
293
293
293
293
293
293
293
293
293
293
293
293
293
293
293
293
293
293
293
293
293
293
293
293
293
293
293
293
293
293
293
293
293
293
293
293
293
293
293
293
293
293
293
293
293
293
293
293
293
293
293
293
293
293
293
293
293
293
293
293
293
293
293
293
293
293
293
293
293
293
293
296.748
296.893
297.038
297.184
297.328
297.47
297.609
297.742
297.868
297.986
298.095
298.194
298.283
298.361
298.428
298.483
296.234
296.365
296.497
296.628
296.759
296.889
297.016
297.139
297.257
297.369
297.475
297.573
297.663
297.745
297.817
297.88
295.71
295.83
295.951
296.073
296.194
296.313
296.431
296.545
296.656
296.762
296.862
296.957
297.045
297.125
297.198
297.262
295.102
295.209
295.316
295.425
295.534
295.643
295.75
295.856
295.96
296.06
296.157
296.248
296.335
296.415
296.489
296.556
294.468
294.553
294.64
294.729
294.818
294.909
294.999
295.089
295.179
295.266
295.352
295.435
295.514
295.59
295.661
295.727
293.916
293.977
294.039
294.103
294.169
294.236
294.304
294.372
294.441
294.509
294.576
294.643
294.707
294.77
294.83
294.886
293.51
293.549
293.589
293.63
293.673
293.717
293.762
293.808
293.854
293.901
293.948
293.995
294.041
294.086
294.13
294.172
293.253
293.274
293.297
293.321
293.345
293.371
293.398
293.425
293.453
293.481
293.51
293.539
293.568
293.597
293.625
293.653
293.111
293.121
293.133
293.144
293.157
293.17
293.184
293.198
293.213
293.228
293.244
293.26
293.276
293.292
293.308
293.324
293.042
293.047
293.052
293.057
293.063
293.068
293.075
293.081
293.088
293.095
293.103
293.11
293.118
293.126
293.134
293.142
293.014
293.016
293.017
293.019
293.022
293.024
293.026
293.029
293.032
293.034
293.037
293.041
293.044
293.047
293.05
293.054
293.004
293.004
293.005
293.006
293.006
293.007
293.008
293.009
293.01
293.011
293.012
293.013
293.014
293.015
293.016
293.018
293.001
293.001
293.001
293.001
293.001
293.002
293.002
293.002
293.002
293.003
293.003
293.003
293.004
293.004
293.004
293.005
293
293
293
293
293
293
293
293
293
293
293
293.001
293.001
293.001
293.001
293.001
293
293
293
293
293
293
293
293
293
293
293
293
293
293
293
293
293
293
293
293
293
293
293
293
293
293
293
293
293
293
293
293
293
293
293
293
293
293
293
293
293
293
293
293
293
293
293
293
293
293
293
293
293
293
293
293
293
293
293
293
293
293
293
293
293
293
293
293
293
293
293
293
293
293
293
293
293
293
293
293
293
293
293
293
293
293
293
293
293
293
293
293
293
293
293
293
293
293
293
293
293
293
293
293
293
293
293
293
293
293
293
293
293
293
293
293
293
293
293
293
293
293
293
293
293
293
293
293
293
293
293
293
293
293
293
293
293
293
293
293
293
293
293
293
293
293
293
293
293
293
293
293
293
293
293
293
293
293
293
293
293
293
293
293
293
293
293
293
293
293
293
293
293
293
293
293
295.494
295.613
295.734
295.856
295.979
296.103
296.225
296.346
296.464
296.579
296.69
296.795
296.894
296.986
297.071
297.148
295.116
295.22
295.326
295.433
295.541
295.649
295.757
295.863
295.968
296.071
296.17
296.265
296.355
296.441
296.52
296.594
294.745
294.837
294.931
295.026
295.122
295.218
295.314
295.409
295.503
295.594
295.683
295.769
295.852
295.929
296.003
296.07
294.341
294.42
294.5
294.582
294.666
294.75
294.834
294.918
295.001
295.083
295.164
295.242
295.317
295.389
295.457
295.52
293.93
293.992
294.055
294.121
294.187
294.255
294.324
294.393
294.462
294.53
294.598
294.665
294.73
294.793
294.853
294.91
293.576
293.619
293.663
293.71
293.757
293.806
293.856
293.907
293.958
294.01
294.061
294.112
294.163
294.212
294.26
294.306
293.317
293.343
293.371
293.4
293.43
293.462
293.494
293.527
293.561
293.595
293.63
293.665
293.699
293.733
293.767
293.8
293.155
293.169
293.184
293.2
293.217
293.235
293.253
293.272
293.292
293.312
293.333
293.354
293.375
293.396
293.417
293.437
293.066
293.073
293.081
293.088
293.097
293.106
293.115
293.125
293.135
293.145
293.156
293.167
293.178
293.19
293.201
293.212
293.025
293.028
293.031
293.034
293.038
293.041
293.046
293.05
293.054
293.059
293.064
293.069
293.074
293.08
293.085
293.091
293.008
293.009
293.01
293.011
293.013
293.014
293.016
293.017
293.019
293.021
293.023
293.025
293.027
293.029
293.031
293.033
293.002
293.002
293.003
293.003
293.004
293.004
293.004
293.005
293.006
293.006
293.007
293.008
293.008
293.009
293.01
293.011
293
293
293
293.001
293.001
293.001
293.001
293.001
293.001
293.001
293.002
293.002
293.002
293.002
293.002
293.003
293
293
293
293
293
293
293
293
293
293
293
293
293
293
293
293
293
293
293
293
293
293
293
293
293
293
293
293
293
293
293
293
293
293
293
293
293
293
293
293
293
293
293
293
293
293
293
293
293
293
293
293
293
293
293
293
293
293
293
293
293
293
293
293
293
293
293
293
293
293
293
293
293
293
293
293
293
293
293
293
293
293
293
293
293
293
293
293
293
293
293
293
293
293
293
293
293
293
293
293
293
293
293
293
293
293
293
293
293
293
293
293
293
293
293
293
293
293
293
293
293
293
293
293
293
293
293
293
293
293
293
293
293
293
293
293
293
293
293
293
293
293
293
293
293
293
293
293
293
293
293
293
293
293
293
293
293
293
293
293
293
293
293
293
293
293
293
293
293
293
293
293
293
293
293
293
293
293
293
293
293
293
293
293
293
293
293
293
293
293
293
293
294.568
294.657
294.749
294.842
294.938
295.034
295.132
295.23
295.327
295.424
295.518
295.611
295.7
295.786
295.867
295.943
296.014
294.309
294.386
294.464
294.545
294.626
294.709
294.792
294.876
294.96
295.042
295.124
295.204
295.282
295.357
295.428
295.496
295.559
294.061
294.127
294.194
294.263
294.334
294.405
294.477
294.549
294.622
294.693
294.764
294.834
294.902
294.967
295.03
295.089
295.145
293.803
293.857
293.913
293.971
294.03
294.091
294.152
294.213
294.275
294.337
294.398
294.459
294.518
294.575
294.63
294.683
294.732
293.55
293.592
293.635
293.679
293.725
293.772
293.82
293.87
293.919
293.969
294.019
294.068
294.117
294.165
294.211
294.256
294.299
293.336
293.365
293.394
293.425
293.457
293.49
293.524
293.559
293.595
293.631
293.668
293.704
293.741
293.777
293.813
293.847
293.183
293.199
293.217
293.236
293.256
293.276
293.298
293.32
293.343
293.366
293.39
293.414
293.439
293.463
293.487
293.51
293.087
293.096
293.106
293.116
293.127
293.138
293.15
293.162
293.175
293.189
293.203
293.217
293.231
293.245
293.26
293.274
293.037
293.041
293.045
293.05
293.055
293.061
293.067
293.073
293.079
293.086
293.093
293.1
293.107
293.115
293.122
293.13
293.013
293.015
293.017
293.019
293.021
293.023
293.026
293.028
293.031
293.034
293.037
293.04
293.044
293.047
293.05
293.054
293.004
293.005
293.005
293.006
293.007
293.008
293.008
293.009
293.011
293.012
293.013
293.014
293.015
293.017
293.018
293.019
293.001
293.001
293.001
293.002
293.002
293.002
293.002
293.003
293.003
293.003
293.004
293.004
293.004
293.005
293.005
293.006
293
293
293
293
293
293
293
293
293.001
293.001
293.001
293.001
293.001
293.001
293.001
293.001
293
293
293
293
293
293
293
293
293
293
293
293
293
293
293
293
293
293
293
293
293
293
293
293
293
293
293
293
293
293
293
293
293
293
293
293
293
293
293
293
293
293
293
293
293
293
293
293
293
293
293
293
293
293
293
293
293
293
293
293
293
293
293
293
293
293
293
293
293
293
293
293
293
293
293
293
293
293
293
293
293
293
293
293
293
293
293
293
293
293
293
293
293
293
293
293
293
293
293
293
293
293
293
293
293
293
293
293
293
293
293
293
293
293
293
293
293
293
293
293
293
293
293
293
293
293
293
293
293
293
293
293
293
293
293
293
293
293
293
293
293
293
293
293
293
293
293
293
293
293
293
293
293
293
293
293
293
293
293
293
293
293
293
293
293
293
293
293
293
293
293
293
293
293
293
293
293
293
293
293
293
293
293
293
293
293
293
293
293
293
293
293
293.927
293.988
294.052
294.118
294.186
294.255
294.326
294.398
294.47
294.543
294.616
294.688
294.759
294.828
294.895
294.959
295.02
293.762
293.814
293.868
293.923
293.98
294.038
294.098
294.158
294.219
294.28
294.342
294.402
294.462
294.521
294.578
294.633
294.685
293.606
293.649
293.694
293.741
293.789
293.838
293.888
293.939
293.99
294.042
294.094
294.145
294.196
294.245
294.294
294.34
294.385
293.45
293.485
293.521
293.559
293.598
293.638
293.679
293.721
293.764
293.807
293.85
293.893
293.935
293.977
294.018
294.058
294.096
293.303
293.329
293.356
293.384
293.413
293.444
293.475
293.508
293.541
293.574
293.608
293.642
293.676
293.71
293.743
293.775
293.806
293.183
293.199
293.217
293.236
293.256
293.277
293.299
293.321
293.344
293.368
293.392
293.416
293.441
293.465
293.489
293.513
293.536
293.097
293.107
293.118
293.129
293.141
293.154
293.167
293.181
293.195
293.21
293.225
293.24
293.256
293.272
293.288
293.304
293.319
293.046
293.051
293.056
293.062
293.068
293.075
293.082
293.09
293.098
293.106
293.114
293.123
293.132
293.141
293.15
293.16
293.169
293.019
293.021
293.024
293.026
293.029
293.032
293.036
293.039
293.043
293.047
293.051
293.055
293.06
293.065
293.069
293.074
293.079
293.007
293.007
293.008
293.01
293.011
293.012
293.013
293.015
293.016
293.018
293.02
293.022
293.024
293.026
293.028
293.03
293.032
293.002
293.002
293.003
293.003
293.003
293.004
293.004
293.005
293.005
293.006
293.007
293.007
293.008
293.009
293.01
293.01
293.011
293
293
293.001
293.001
293.001
293.001
293.001
293.001
293.001
293.002
293.002
293.002
293.002
293.002
293.003
293.003
293.003
293
293
293
293
293
293
293
293
293
293
293
293
293
293
293.001
293.001
293.001
293
293
293
293
293
293
293
293
293
293
293
293
293
293
293
293
293
293
293
293
293
293
293
293
293
293
293
293
293
293
293
293
293
293
293
293
293
293
293
293
293
293
293
293
293
293
293
293
293
293
293
293
293
293
293
293
293
293
293
293
293
293
293
293
293
293
293
293
293
293
293
293
293
293
293
293
293
293
293
293
293
293
293
293
293
293
293
293
293
293
293
293
293
293
293
293
293
293
293
293
293
293
293
293
293
293
293
293
293
293
293
293
293
293
293
293
293
293
293
293
293
293
293
293
293
293
293
293
293
293
293
293
293
293
293
293
293
293
293
293
293
293
293
293
293
293
293
293
293
293
293
293
293
293
293
293
293
293
293
293
293
293
293
293
293
293
293
293
293
293
293
293
293
293
293
293
293
293
293
293
293
293
293
293
293
293
293
293
293
293
293
293
293
293
293
293
293
293
293
293
293
293
293
293
293.513
293.552
293.593
293.635
293.679
293.725
293.772
293.821
293.87
293.92
293.971
294.022
294.073
294.123
294.172
294.22
294.266
294.31
293.415
293.447
293.481
293.516
293.553
293.591
293.63
293.67
293.711
293.753
293.795
293.837
293.879
293.921
293.962
294.002
294.04
294.077
293.323
293.35
293.377
293.406
293.436
293.468
293.5
293.533
293.567
293.601
293.636
293.67
293.705
293.74
293.774
293.807
293.84
293.87
293.235
293.256
293.277
293.3
293.324
293.348
293.374
293.4
293.428
293.455
293.483
293.512
293.54
293.568
293.596
293.623
293.65
293.675
293.155
293.17
293.186
293.202
293.219
293.237
293.256
293.276
293.296
293.317
293.338
293.36
293.382
293.404
293.425
293.447
293.467
293.488
293.092
293.101
293.111
293.122
293.133
293.145
293.158
293.171
293.185
293.199
293.214
293.229
293.244
293.259
293.274
293.29
293.305
293.319
293.048
293.053
293.059
293.065
293.072
293.079
293.086
293.094
293.103
293.111
293.12
293.129
293.139
293.148
293.158
293.168
293.177
293.187
293.022
293.025
293.028
293.031
293.034
293.038
293.042
293.046
293.05
293.055
293.06
293.065
293.07
293.075
293.081
293.086
293.092
293.097
293.009
293.01
293.011
293.013
293.014
293.016
293.018
293.02
293.022
293.024
293.026
293.028
293.031
293.034
293.036
293.039
293.042
293.044
293.003
293.003
293.004
293.004
293.005
293.006
293.006
293.007
293.008
293.009
293.01
293.011
293.012
293.013
293.014
293.015
293.016
293.018
293.001
293.001
293.001
293.001
293.001
293.002
293.002
293.002
293.002
293.003
293.003
293.003
293.004
293.004
293.005
293.005
293.006
293.006
293
293
293
293
293
293
293
293
293.001
293.001
293.001
293.001
293.001
293.001
293.001
293.001
293.001
293.002
293
293
293
293
293
293
293
293
293
293
293
293
293
293
293
293
293
293
293
293
293
293
293
293
293
293
293
293
293
293
293
293
293
293
293
293
293
293
293
293
293
293
293
293
293
293
293
293
293
293
293
293
293
293
293
293
293
293
293
293
293
293
293
293
293
293
293
293
293
293
293
293
293
293
293
293
293
293
293
293
293
293
293
293
293
293
293
293
293
293
293
293
293
293
293
293
293
293
293
293
293
293
293
293
293
293
293
293
293
293
293
293
293
293
293
293
293
293
293
293
293
293
293
293
293
293
293
293
293
293
293
293
293
293
293
293
293
293
293
293
293
293
293
293
293
293
293
293
293
293
293
293
293
293
293
293
293
293
293
293
293
293
293
293
293
293
293
293
293
293
293
293
293
293
293
293
293
293
293
293
293
293
293
293
293
293
293
293
293
293
293
293
293
293
293
293
293
293
293
293
293
293
293
293
293
293
293
293
293
293
293
293
293
293
293
293
293
293
293
293
293
293
293
293
293
293
293
293
293
293
293
293
293
293
293.264
293.287
293.311
293.336
293.363
293.39
293.419
293.449
293.48
293.512
293.544
293.577
293.61
293.643
293.676
293.709
293.74
293.771
293.21
293.229
293.248
293.269
293.291
293.313
293.337
293.361
293.387
293.413
293.439
293.466
293.493
293.52
293.547
293.574
293.6
293.625
293.16
293.175
293.191
293.207
293.225
293.243
293.262
293.282
293.302
293.323
293.344
293.366
293.388
293.41
293.432
293.454
293.475
293.496
293.114
293.125
293.137
293.15
293.163
293.177
293.192
293.207
293.223
293.239
293.256
293.273
293.29
293.308
293.325
293.343
293.36
293.376
293.074
293.081
293.09
293.098
293.108
293.118
293.128
293.139
293.151
293.163
293.175
293.188
293.2
293.213
293.227
293.24
293.252
293.265
293.042
293.047
293.052
293.058
293.064
293.07
293.077
293.084
293.092
293.1
293.108
293.116
293.125
293.134
293.143
293.152
293.161
293.169
293.022
293.024
293.027
293.03
293.034
293.037
293.041
293.045
293.05
293.054
293.059
293.064
293.07
293.075
293.08
293.086
293.091
293.097
293.01
293.011
293.012
293.014
293.016
293.017
293.019
293.022
293.024
293.026
293.029
293.031
293.034
293.037
293.04
293.043
293.046
293.049
293.004
293.004
293.005
293.006
293.006
293.007
293.008
293.009
293.01
293.011
293.012
293.013
293.015
293.016
293.017
293.019
293.02
293.022
293.001
293.001
293.002
293.002
293.002
293.002
293.003
293.003
293.003
293.004
293.004
293.005
293.005
293.006
293.007
293.007
293.008
293.008
293
293
293
293
293
293.001
293.001
293.001
293.001
293.001
293.001
293.001
293.002
293.002
293.002
293.002
293.002
293.003
293
293
293
293
293
293
293
293
293
293
293
293
293
293
293
293
293.001
293.001
293
293
293
293
293
293
293
293
293
293
293
293
293
293
293
293
293
293
293
293
293
293
293
293
293
293
293
293
293
293
293
293
293
293
293
293
293
293
293
293
293
293
293
293
293
293
293
293
293
293
293
293
293
293
293
293
293
293
293
293
293
293
293
293
293
293
293
293
293
293
293
293
293
293
293
293
293
293
293
293
293
293
293
293
293
293
293
293
293
293
293
293
293
293
293
293
293
293
293
293
293
293
293
293
293
293
293
293
293
293
293
293
293
293
293
293
293
293
293
293
293
293
293
293
293
293
293
293
293
293
293
293
293
293
293
293
293
293
293
293
293
293
293
293
293
293
293
293
293
293
293
293
293
293
293
293
293
293
293
293
293
293
293
293
293
293
293
293
293
293
293
293
293
293
293
293
293
293
293
293
293
293
293
293
293
293
293
293
293
293
293
293
293
293
293
293
293
293
293
293
293
293
293
293
293
293
293
293
293
293
293
293
293
293
293
293
293
293
293
293
293
293
293
293
293
293
293
293
293
293
293
293
293
293
293.126
293.138
293.151
293.165
293.179
293.195
293.211
293.228
293.246
293.264
293.283
293.302
293.322
293.342
293.362
293.382
293.402
293.421
293.098
293.108
293.119
293.13
293.141
293.154
293.167
293.181
293.195
293.21
293.225
293.241
293.257
293.273
293.289
293.305
293.321
293.337
293.073
293.081
293.089
293.098
293.107
293.117
293.127
293.138
293.149
293.161
293.173
293.185
293.198
293.211
293.224
293.237
293.25
293.263
293.051
293.056
293.062
293.069
293.076
293.083
293.091
293.099
293.107
293.116
293.125
293.135
293.145
293.155
293.165
293.175
293.185
293.195
293.032
293.036
293.04
293.044
293.049
293.054
293.059
293.065
293.071
293.077
293.084
293.09
293.097
293.104
293.112
293.119
293.126
293.134
293.018
293.02
293.023
293.025
293.028
293.031
293.035
293.038
293.042
293.046
293.05
293.055
293.059
293.064
293.069
293.073
293.078
293.083
293.009
293.01
293.011
293.013
293.015
293.016
293.018
293.02
293.022
293.025
293.027
293.029
293.032
293.035
293.038
293.041
293.043
293.046
293.004
293.004
293.005
293.006
293.007
293.007
293.008
293.009
293.01
293.011
293.013
293.014
293.015
293.017
293.018
293.02
293.021
293.023
293.001
293.002
293.002
293.002
293.002
293.003
293.003
293.004
293.004
293.005
293.005
293.006
293.006
293.007
293.008
293.008
293.009
293.01
293
293
293
293.001
293.001
293.001
293.001
293.001
293.001
293.002
293.002
293.002
293.002
293.002
293.003
293.003
293.003
293.004
293
293
293
293
293
293
293
293
293
293
293
293
293.001
293.001
293.001
293.001
293.001
293.001
293
293
293
293
293
293
293
293
293
293
293
293
293
293
293
293
293
293
293
293
293
293
293
293
293
293
293
293
293
293
293
293
293
293
293
293
293
293
293
293
293
293
293
293
293
293
293
293
293
293
293
293
293
293
293
293
293
293
293
293
293
293
293
293
293
293
293
293
293
293
293
293
293
293
293
293
293
293
293
293
293
293
293
293
293
293
293
293
293
293
293
293
293
293
293
293
293
293
293
293
293
293
293
293
293
293
293
293
293
293
293
293
293
293
293
293
293
293
293
293
293
293
293
293
293
293
293
293
293
293
293
293
293
293
293
293
293
293
293
293
293
293
293
293
293
293
293
293
293
293
293
293
293
293
293
293
293
293
293
293
293
293
293
293
293
293
293
293
293
293
293
293
293
293
293
293
293
293
293
293
293
293
293
293
293
293
293
293
293
293
293
293
293
293
293
293
293
293
293
293
293
293
293
293
293
293
293
293
293
293
293
293
293
293
293
293
293
293
293
293
293
293
293
293
293
293
293
293
293
293
293
293
293
293
293
293
293
293
293
293
293
293
293
293
293
293
293
293
293
293
293
293
293.055
293.061
293.067
293.074
293.082
293.089
293.098
293.107
293.116
293.126
293.136
293.146
293.157
293.168
293.179
293.19
293.201
293.213
293.042
293.047
293.052
293.057
293.063
293.07
293.076
293.083
293.091
293.098
293.106
293.115
293.123
293.132
293.141
293.15
293.159
293.168
293.031
293.034
293.038
293.042
293.047
293.052
293.057
293.062
293.068
293.074
293.08
293.087
293.093
293.1
293.107
293.114
293.121
293.128
293.021
293.023
293.026
293.029
293.032
293.036
293.039
293.043
293.048
293.052
293.057
293.061
293.066
293.072
293.077
293.082
293.087
293.093
293.013
293.014
293.016
293.018
293.02
293.023
293.025
293.028
293.031
293.034
293.037
293.04
293.043
293.047
293.051
293.054
293.058
293.062
293.007
293.008
293.009
293.01
293.011
293.013
293.014
293.016
293.018
293.02
293.021
293.024
293.026
293.028
293.03
293.033
293.035
293.038
293.003
293.004
293.004
293.005
293.006
293.006
293.007
293.008
293.009
293.01
293.011
293.012
293.014
293.015
293.016
293.018
293.019
293.02
293.001
293.002
293.002
293.002
293.002
293.003
293.003
293.004
293.004
293.005
293.005
293.006
293.006
293.007
293.008
293.008
293.009
293.01
293
293
293.001
293.001
293.001
293.001
293.001
293.001
293.001
293.002
293.002
293.002
293.002
293.003
293.003
293.003
293.004
293.004
293
293
293
293
293
293
293
293
293
293
293.001
293.001
293.001
293.001
293.001
293.001
293.001
293.001
293
293
293
293
293
293
293
293
293
293
293
293
293
293
293
293
293
293
293
293
293
293
293
293
293
293
293
293
293
293
293
293
293
293
293
293
293
293
293
293
293
293
293
293
293
293
293
293
293
293
293
293
293
293
293
293
293
293
293
293
293
293
293
293
293
293
293
293
293
293
293
293
293
293
293
293
293
293
293
293
293
293
293
293
293
293
293
293
293
293
293
293
293
293
293
293
293
293
293
293
293
293
293
293
293
293
293
293
293
293
293
293
293
293
293
293
293
293
293
293
293
293
293
293
293
293
293
293
293
293
293
293
293
293
293
293
293
293
293
293
293
293
293
293
293
293
293
293
293
293
293
293
293
293
293
293
293
293
293
293
293
293
293
293
293
293
293
293
293
293
293
293
293
293
293
293
293
293
293
293
293
293
293
293
293
293
293
293
293
293
293
293
293
293
293
293
293
293
293
293
293
293
293
293
293
293
293
293
293
293
293
293
293
293
293
293
293
293
293
293
293
293
293
293
293
293
293
293
293
293
293
293
293
293
293
293
293
293
293
293
293
293
293
293
293
293
293
293
293
293
293
293
293
293
293
293
293
293
293
293
293
293
293
293
293
293
293
293
293
293
293.022
293.025
293.027
293.031
293.034
293.038
293.041
293.046
293.05
293.055
293.06
293.065
293.07
293.076
293.081
293.087
293.093
293.099
293.016
293.019
293.021
293.023
293.026
293.029
293.032
293.035
293.038
293.042
293.046
293.05
293.054
293.059
293.063
293.068
293.072
293.077
293.012
293.013
293.015
293.017
293.019
293.021
293.023
293.026
293.028
293.031
293.034
293.037
293.04
293.043
293.047
293.05
293.054
293.058
293.008
293.009
293.01
293.011
293.013
293.014
293.016
293.017
293.019
293.021
293.023
293.026
293.028
293.03
293.033
293.035
293.038
293.041
293.005
293.005
293.006
293.007
293.008
293.009
293.01
293.011
293.012
293.013
293.015
293.016
293.018
293.019
293.021
293.023
293.025
293.026
293.002
293.003
293.003
293.004
293.004
293.005
293.005
293.006
293.007
293.007
293.008
293.009
293.01
293.011
293.012
293.013
293.014
293.016
293.001
293.001
293.001
293.002
293.002
293.002
293.003
293.003
293.003
293.004
293.004
293.005
293.005
293.006
293.006
293.007
293.007
293.008
293
293
293
293.001
293.001
293.001
293.001
293.001
293.001
293.002
293.002
293.002
293.002
293.003
293.003
293.003
293.003
293.004
293
293
293
293
293
293
293
293
293
293
293.001
293.001
293.001
293.001
293.001
293.001
293.001
293.001
293
293
293
293
293
293
293
293
293
293
293
293
293
293
293
293
293
293
293
293
293
293
293
293
293
293
293
293
293
293
293
293
293
293
293
293
293
293
293
293
293
293
293
293
293
293
293
293
293
293
293
293
293
293
293
293
293
293
293
293
293
293
293
293
293
293
293
293
293
293
293
293
293
293
293
293
293
293
293
293
293
293
293
293
293
293
293
293
293
293
293
293
293
293
293
293
293
293
293
293
293
293
293
293
293
293
293
293
293
293
293
293
293
293
293
293
293
293
293
293
293
293
293
293
293
293
293
293
293
293
293
293
293
293
293
293
293
293
293
293
293
293
293
293
293
293
293
293
293
293
293
293
293
293
293
293
293
293
293
293
293
293
293
293
293
293
293
293
293
293
293
293
293
293
293
293
293
293
293
293
293
293
293
293
293
293
293
293
293
293
293
293
293
293
293
293
293
293
293
293
293
293
293
293
293
293
293
293
293
293
293
293
293
293
293
293
293
293
293
293
293
293
293
293
293
293
293
293
293
293
293
293
293
293
293
293
293
293
293
293
293
293
293
293
293
293
293
293
293
293
293
293
293
293
293
293
293
293
293
293
293
293
293
293
293
293
293
293
293
293
293
293
293
293
293
293
293
293
293
293
293
293
293
293
293
293
293
293
293.008
293.009
293.01
293.011
293.013
293.014
293.016
293.018
293.02
293.022
293.024
293.026
293.029
293.031
293.034
293.036
293.039
293.042
293.044
293.047
293.006
293.007
293.007
293.008
293.01
293.011
293.012
293.013
293.015
293.016
293.018
293.02
293.022
293.024
293.026
293.028
293.03
293.032
293.034
293.036
293.004
293.005
293.005
293.006
293.007
293.008
293.008
293.009
293.011
293.012
293.013
293.014
293.016
293.017
293.019
293.02
293.022
293.023
293.025
293.027
293.002
293.003
293.003
293.004
293.004
293.005
293.006
293.006
293.007
293.008
293.009
293.01
293.011
293.012
293.013
293.014
293.015
293.016
293.017
293.018
293.001
293.002
293.002
293.002
293.003
293.003
293.003
293.004
293.004
293.005
293.005
293.006
293.007
293.007
293.008
293.009
293.009
293.01
293.011
293.012
293.001
293.001
293.001
293.001
293.001
293.001
293.002
293.002
293.002
293.003
293.003
293.003
293.004
293.004
293.004
293.005
293.005
293.006
293.006
293.007
293
293
293
293
293
293.001
293.001
293.001
293.001
293.001
293.001
293.001
293.002
293.002
293.002
293.002
293.003
293.003
293.003
293.003
293
293
293
293
293
293
293
293
293
293
293
293.001
293.001
293.001
293.001
293.001
293.001
293.001
293.001
293.001
293
293
293
293
293
293
293
293
293
293
293
293
293
293
293
293
293
293
293
293
293
293
293
293
293
293
293
293
293
293
293
293
293
293
293
293
293
293
293
293
293
293
293
293
293
293
293
293
293
293
293
293
293
293
293
293
293
293
293
293
293
293
293
293
293
293
293
293
293
293
293
293
293
293
293
293
293
293
293
293
293
293
293
293
293
293
293
293
293
293
293
293
293
293
293
293
293
293
293
293
293
293
293
293
293
293
293
293
293
293
293
293
293
293
293
293
293
293
293
293
293
293
293
293
293
293
293
293
293
293
293
293
293
293
293
293
293
293
293
293
293
293
293
293
293
293
293
293
293
293
293
293
293
293
293
293
293
293
293
293
293
293
293
293
293
293
293
293
293
293
293
293
293
293
293
293
293
293
293
293
293
293
293
293
293
293
293
293
293
293
293
293
293
293
293
293
293
293
293
293
293
293
293
293
293
293
293
293
293
293
293
293
293
293
293
293
293
293
293
293
293
293
293
293
293
293
293
293
293
293
293
293
293
293
293
293
293
293
293
293
293
293
293
293
293
293
293
293
293
293
293
293
293
293
293
293
293
293
293
293
293
293
293
293
293
293
293
293
293
293
293
293
293
293
293
293
293
293
293
293
293
293
293
293
293
293
293
293
293
293
293
293
293
293
293
293
293
293
293
293
293
293
293
293
293
293
293
293
293
293
293
293
293
293
293
293
293
293
293
293
293
293
293
293
293
293
293
293
293
293
293
293
293
293
293
293
293
293
293
293
293.002
293.003
293.003
293.004
293.004
293.005
293.005
293.006
293.007
293.008
293.009
293.01
293.01
293.012
293.013
293.014
293.015
293.016
293.017
293.018
293.002
293.002
293.002
293.003
293.003
293.004
293.004
293.005
293.005
293.006
293.006
293.007
293.008
293.009
293.009
293.01
293.011
293.012
293.013
293.014
293.001
293.001
293.002
293.002
293.002
293.002
293.003
293.003
293.004
293.004
293.004
293.005
293.005
293.006
293.007
293.007
293.008
293.009
293.009
293.01
293.001
293.001
293.001
293.001
293.001
293.001
293.002
293.002
293.002
293.003
293.003
293.003
293.004
293.004
293.004
293.005
293.005
293.006
293.006
293.007
293
293
293
293.001
293.001
293.001
293.001
293.001
293.001
293.001
293.002
293.002
293.002
293.002
293.003
293.003
293.003
293.003
293.004
293.004
293
293
293
293
293
293
293
293
293.001
293.001
293.001
293.001
293.001
293.001
293.001
293.002
293.002
293.002
293.002
293.002
293
293
293
293
293
293
293
293
293
293
293
293
293
293
293.001
293.001
293.001
293.001
293.001
293.001
293
293
293
293
293
293
293
293
293
293
293
293
293
293
293
293
293
293
293
293
293
293
293
293
293
293
293
293
293
293
293
293
293
293
293
293
293
293
293
293
293
293
293
293
293
293
293
293
293
293
293
293
293
293
293
293
293
293
293
293
293
293
293
293
293
293
293
293
293
293
293
293
293
293
293
293
293
293
293
293
293
293
293
293
293
293
293
293
293
293
293
293
293
293
293
293
293
293
293
293
293
293
293
293
293
293
293
293
293
293
293
293
293
293
293
293
293
293
293
293
293
293
293
293
293
293
293
293
293
293
293
293
293
293
293
293
293
293
293
293
293
293
293
293
293
293
293
293
293
293
293
293
293
293
293
293
293
293
293
293
293
293
293
293
293
293
293
293
293
293
293
293
293
293
293
293
293
293
293
293
293
293
293
293
293
293
293
293
293
293
293
293
293
293
293
293
293
293
293
293
293
293
293
293
293
293
293
293
293
293
293
293
293
293
293
293
293
293
293
293
293
293
293
293
293
293
293
293
293
293
293
293
293
293
293
293
293
293
293
293
293
293
293
293
293
293
293
293
293
293
293
293
293
293
293
293
293
293
293
293
293
293
293
293
293
293
293
293
293
293
293
293
293
293
293
293
293
293
293
293
293
293
293
293
293
293
293
293
293
293
293
293
293
293
293
293
293
293
293
293
293
293
293
293
293
293
293
293
293
293
293
293
293
293
293
293
293
293
293
293
293
293
293
293
293
293
293
293
293
293
293
293
293
293
293
293
293
293
293
293
293
293
293
293
293
293
293
293
293
293
293
293
293
293
293
293
293
293
293
293
293.001
293.001
293.001
293.001
293.001
293.001
293.002
293.002
293.002
293.002
293.003
293.003
293.003
293.004
293.004
293.005
293.005
293.005
293.006
293.006
293
293
293.001
293.001
293.001
293.001
293.001
293.001
293.001
293.002
293.002
293.002
293.002
293.003
293.003
293.003
293.004
293.004
293.004
293.005
293
293
293
293
293
293.001
293.001
293.001
293.001
293.001
293.001
293.001
293.002
293.002
293.002
293.002
293.003
293.003
293.003
293.003
293
293
293
293
293
293
293
293
293.001
293.001
293.001
293.001
293.001
293.001
293.001
293.001
293.002
293.002
293.002
293.002
293
293
293
293
293
293
293
293
293
293
293
293
293
293.001
293.001
293.001
293.001
293.001
293.001
293.001
293
293
293
293
293
293
293
293
293
293
293
293
293
293
293
293
293
293
293
293.001
293
293
293
293
293
293
293
293
293
293
293
293
293
293
293
293
293
293
293
293
293
293
293
293
293
293
293
293
293
293
293
293
293
293
293
293
293
293
293
293
293
293
293
293
293
293
293
293
293
293
293
293
293
293
293
293
293
293
293
293
293
293
293
293
293
293
293
293
293
293
293
293
293
293
293
293
293
293
293
293
293
293
293
293
293
293
293
293
293
293
293
293
293
293
293
293
293
293
293
293
293
293
293
293
293
293
293
293
293
293
293
293
293
293
293
293
293
293
293
293
293
293
293
293
293
293
293
293
293
293
293
293
293
293
293
293
293
293
293
293
293
293
293
293
293
293
293
293
293
293
293
293
293
293
293
293
293
293
293
293
293
293
293
293
293
293
293
293
293
293
293
293
293
293
293
293
293
293
293
293
293
293
293
293
293
293
293
293
293
293
293
293
293
293
293
293
293
293
293
293
293
293
293
293
293
293
293
293
293
293
293
293
293
293
293
293
293
293
293
293
293
293
293
293
293
293
293
293
293
293
293
293
293
293
293
293
293
293
293
293
293
293
293
293
293
293
293
293
293
293
293
293
293
293
293
293
293
293
293
293
293
293
293
293
293
293
293
293
293
293
293
293
293
293
293
293
293
293
293
293
293
293
293
293
293
293
293
293
293
293
293
293
293
293
293
293
293
293
293
293
293
293
293
293
293
293
293
293
293
293
293
293
293
293
293
293
293
293
293
293
293
293
293
293
293
293
293
293
293
293
293
293
293
293
293
293
293
293
293
293
293
293
293
293
293
293
293
293
293
293
293
293
293
293
293
293
293
293
293
293
293
293
293
293
293
293
293
293
293
293
293
293
293
293
293
293
293
293
293
293
293
293
293
293
293
293
293
293
293
293.001
293.001
293.001
293.001
293.001
293.001
293.001
293.001
293.002
293.002
293.002
293
293
293
293
293
293
293
293
293
293
293
293
293.001
293.001
293.001
293.001
293.001
293.001
293.001
293.001
293
293
293
293
293
293
293
293
293
293
293
293
293
293
293
293.001
293.001
293.001
293.001
293.001
293
293
293
293
293
293
293
293
293
293
293
293
293
293
293
293
293
293
293
293
293
293
293
293
293
293
293
293
293
293
293
293
293
293
293
293
293
293
293
293
293
293
293
293
293
293
293
293
293
293
293
293
293
293
293
293
293
293
293
293
293
293
293
293
293
293
293
293
293
293
293
293
293
293
293
293
293
293
293
293
293
293
293
293
293
293
293
293
293
293
293
293
293
293
293
293
293
293
293
293
293
293
293
293
293
293
293
293
293
293
293
293
293
293
293
293
293
293
293
293
293
293
293
293
293
293
293
293
293
293
293
293
293
293
293
293
293
293
293
293
293
293
293
293
293
293
293
293
293
293
293
293
293
293
293
293
293
293
293
293
293
293
293
293
293
293
293
293
293
293
293
293
293
293
293
293
293
293
293
293
293
293
293
293
293
293
293
293
293
293
293
293
293
293
293
293
293
293
293
293
293
293
293
293
293
293
293
293
293
293
293
293
293
293
293
293
293
293
293
293
293
293
293
293
293
293
293
293
293
293
293
293
293
293
293
293
293
293
293
293
293
293
293
293
293
293
293
293
293
293
293
293
293
293
293
293
293
293
293
293
293
293
293
293
293
293
293
293
293
293
293
293
293
293
293
293
293
293
293
293
293
293
293
293
293
293
293
293
293
293
293
293
293
293
293
293
293
293
293
293
293
293
293
293
293
293
293
293
293
293
293
293
293
293
293
293
293
293
293
293
293
293
293
293
293
293
293
293
293
293
293
293
293
293
293
293
293
293
293
293
293
293
293
293
293
293
293
293
293
293
293
293
293
293
293
293
293
293
293
293
293
293
293
293
293
293
293
293
293
293
293
293
293
293
293
293
293
293
293
293
293
293
293
293
293
293
293
293
293
293
293
293
293
293
293
293
293
293
293
293
293
293
293
293
293
293
293
293
293
293
293
293
293
293
293
293
293
293
293
293
293
293
293
293
293
293
293
293
293
293
293
293
293
293
293
293
293
293
293
293
293
293
293
293
293
293
293
293
293
293
293
293
293
293
293
293
293
293
293
293
293
293
293
293
293
293
293
293
293
293
293
293
293
293
293
293
293
293
293
293
293
293
293
293
293
293
293
293
293
293
293
293
293
293
293
293
293
293
293
293
293
293
293
293
293
293
293
293
293
293
293
293
293
293
293
293
293
293
293
293
293
293
293
293
293
293
293
293
293
293
293
293
293
293
293
293
293
293
293
293
293
293
293
293
293
293
293
293
293
293
293
293
293
293
293
293
293
293
293
293
293
293
293
293
293
293
293
293
293
293
293
293
293
293
293
293
293
293
293
293
293
293
293
293
293
293
293
293
293
293
293
293
293
293
293
293
293
293
293
293
293
293
293
293
293
293
293
293
293
293
293
293
293
293
293
293
293
293
293
293
293
293
293
293
293
293
293
293
293
293
293
293
293
293
293
293
293
293
293
293
293
293
293
293
293
293
293
293
293
293
293
293
293
293
293
293
293
293
293
293
293
293
293
293
293
293
293
293
293
293
293
293
293
293
293
293
293
293
293
293
293
293
293
293
293
293
293
293
293
293
293
293
293
293
293
293
293
293
293
293
293
293
293
293
293
293
293
293
293
293
293
293
293
293
293
293
293
293
293
293
293
293
293
293
293
293
293
293
293
293
293
293
293
293
293
293
293
293
293
293
293
293
293
293
293
293
293
293
293
293
293
293
293
293
293
293
293
293
293
293
293
293
293
293
293
293
293
293
293
293
293
293
293
293
293
293
293
293
293
293
293
293
293
293
293
293
293
293
293
293
293
293
293
293
293
293
293
293
293
293
293
293
293
293
293
293
293
293
293
293
293
293
293
293
293
293
293
293
293
293
293
293
293
293
293
293
293
293
293
293
293
293
293
293
293
293
293
293
293
293
293
293
293
293
293
293
293
293
293
293
293
293
293
293
293
293
293
293
293
293
293
293
293
293
293
293
293
293
293
293
293
293
293
293
293
293
293
293
293
293
293
293
293
293
293
293
293
293
293
293
293
293
293
293
293
293
293
293
293
293
293
293
293
293
293
293
293
293
293
293
293
293
293
293
293
293
293
293
293
293
293
293
293
293
293
293
293
293
293
293
293
293
293
293
293
293
293
293
293
293
293
293
293
293
293
293
293
293
293
293
293
293
293
293
293
293
293
293
293
293
293
293
293
293
293
293
293
293
293
293
293
293
293
293
293
293
293
293
293
293
293
293
293
293
293
293
293
293
293
293
293
293
293
293
293
293
293
293
293
293
293
293
293
293
293
293
293
293
293
293
293
293
293
293
293
293
293
293
293
293
293
293
293
293
293
293
293
293
293
293
293
293
293
293
293
293
293
293
293
293
293
293
293
293
293
293
293
293
293
293
293
293
293
293
293
293
293
293
293
293
293
293
293
293
293
293
293
293
293
293
293
293
293
293
293
293
293
293
293
293
293
293
293
293
293
293
293
293
293
293
293
293
293
293
293
293
293
293
293
293
293
293
293
293
293
293
293
293
293
293
293
293
293
293
293
293
293
293
293
293
293
293
293
293
293
293
293
293
293
293
293
293
293
293
293
293
293
293
293
293
293
293
293
293
293
293
293
293
293
293
293
293
293
293
293
293
293
293
293
293
293
293
293
293
293
293
293
293
293
293
293
293
293
293
293
293
293
293
293
293
293
293
293
293
293
293
293
293
293
293
293
293
293
293
293
293
293
293
293
293
293
293
293
293
293
293
293
293
293
293
293
293
293
293
293
293
293
293
293
293
293
293
293
293
293
293
293
293
293
293
293
293
293
293
293
293
293
293
293
293
293
293
293
293
293
293
293
293
293
293
293
293
293
293
293
293
293
293
293
293
293
293
293
293
293
293
293
293
293
293
293
293
293
293
293
293
293
293
293
293
293
293
293
293
293
293
293
293
293
293
293
293
293
293
293
293
293
293
293
293
293
293
293
293
293
293
293
293
293
293
293
293
293
293
293
293
293
293
293
293
293
293
293
293
293
293
293
293
293
293
293
293
293
293
293
293
293
293
293
293
293
293
293
293
293
293
293
293
293
293
293
293
293
293
293
293
293
293
293
293
293
293
293
293
293
293
293
293
293
293
293
293
293
293
293
293
293
293
293
293
293
293
293
293
293
293
293
293
293
293
293
293
293
293
293
293
293
293
293
293
293
293
293
293
293
293
293
293
293
293
293
293
293
293
293
293
293
293
293
293
293
293
293
293
293
293
293
293
293
293
293
293
293
293
293
293
293
293
293
293
293
293
293
293
293
293
293
293
293
293
293
293
293
293
293
293
293
293
293
293
293
293
293
293
293
293
293
293
293
293
293
293
293
293
293
293
293
293
293
293
293
293
293
293
293
293
293
293
293
293
293
293
293
293
293
293
293
293
293
293
293
293
293
293
293
293
293
293
293
293
293
293
293
293
293
293
293
293
293
293
293
293
293
293
293
293
293
293
293
293
293
293
293
293
293
293
293
293
293
293
293
293
293
293
293
293
293
293
293
293
293
293
293
293
293
293
293
293
293
293
293
293
293
293
293
293
293
293
293
293
293
293
293
293
293
293
293
293
293
293
293
293
293
293
293
293
293
293
293
293
293
293
293
293
293
293
293
293
293
293
293
293
293
293
293
293
293
293
293
293
293
293
293
293
293
293
293
293
293
293
293
293
293
293
293
293
293
293
293
293
293
293
293
293
293
293
293
293
293
293
293
293
293
293
293
293
293
293
293
293
293
293
293
293
293
293
293
293
293
293
293
293
293
293
293
293
293
293
293
293
293
293
293
293
293
293
293
293
293
293
293
293
293
293
293
293
293
293
293
293
293
293
293
293
293
293
293
293
293
293
293
293
293
293
293
293
293
293
293
293
293
293
293
293
293
293
293
293
293
293
293
293
293
293
293
293
293
293
293
293
293
293
293
293
293
293
293
293
293
293
293
293
293
293
293
293
293
293
293
293
293
293
293
293
293
293
293
293
293
293
293
293
293
293
293
293
293
293
293
293
293
293
293
293
293
293
293
293
293
293
293
293
293
293
293
293
293
293
293
293
293
293
293
293
293
293
293
293
293
293
293
293
293
293
293
293
293
293
293
293
293
293
293
293
293
293
293
293
293
293
293
293
293
293
293
293
293
293
293
293
293
293
293
293
293
293
293
293
293
293
293
293
293
293
293
293
293
293
293
293
293
293
293
293
293
293
293
293
293
293
293
293
293
293
293
293
293
293
293
293
293
293
293
293
293
293
293
293
293
293
293
293
293
293
293
293
293
293
293
293
293
293
293
293
293
293
293
293
293
293
293
293
293
293
293
293
293
293
293
293
293
293
293
293
293
293
293
293
293
293
293
293
293
293
293
293
293
293
293
293
293
293
293
293
293
293
293
293
293
293
293
293
293
293
293
293
293
293
293
293
293
293
293
293
293
293
293
293
293
293
293
293
293
293
293
293
293
293
293
293
293
293
293
293
293
293
293
293
293
293
293
293
293
293
293
293
293
293
293
293
293
293
293
293
293
293
293
293
293
293
293
293
293
293
293
293
293
293
293
293
293
293
293
293
293
293
293
293
293
293
293
293
293
293
293
293
293
293
293
293
293
293
293
293
293
293
293
293
293
293
293
293
293
293
293
293
293
293
293
293
293
293
293
293
293
293
293
293
293
293
293
293
293
293
293
293
293
293
293
293
293
293
293
293
293
293
293
293
293
293
293
293
293
293
293
293
293
293
293
293
293
293
293
293
293
293
293
293
293
293
293
293
293
293
293
293
293
293
293
293
293
293
293
293
293
293
293
293
293
293
293
293
293
293
293
293
293
293
293
293
293
293
293
293
293
293
293
293
293
293
293
293
293
293
293
293
293
293
293
293
293
293
293
293
293
293
293
293
293
293
293
293
293
293
293
293
293
293
293
293
293
293
293
293
293
293
293
293
293
293
293
293
293
293
293
293
293
293
293
293
293
293
293
293
293
293
293
293
293
293
293
293
293
293
293
293
293
293
293
293
293
293
293
293
293
293
293
293
293
293
293
293
293
293
293
293
293
293
293
293
293
293
293
293
293
293
293
293
293
293
293
293
293
293
293
293
293
293
293
293
293
293
293
293
293
293
293
293
293
293
293
293
293
293
293
293
293
293
293
293
293
293
293
293
293
293
293
293
293
293
293
293
293
293
293
293
293
293
293
293
293
293
293
293
293
293
293
293
293
293
293
293
293
293
293
293
293
293
293
293
293
293
293
293
293
293
293
293
293
293
293
293
293
293
293
293
293
293
293
293
293
293
293
293
293
293
293
293
293
293
293
293
293
293
293
293
293
293
293
293
293
293
293
293
293
293
293
293
293
293
293
293
293
293
293
293
293
293
293
293
293
293
293
293
293
293
293
293
293
293
293
293
293
293
293
293
293
293
293
293
293
293
293
293
293
293
293
293
293
293
293
293
293
293
293
293
293
293
293
293
293
293
293
293
293
293
293
293
293
293
293
293
293
293
293
293
293
293
293
293
293
293
293
293
293
293
293
293
293
293
293
293
293
293
293
293
293
293
293
293
293
293
293
293
293
293
293
293
293
293
293
293
293
293
293
293
293
293
293
293
293
293
293
293
293
293
293
293
293
293
293
293
293
293
293
293
293
293
293
293
293
293
293
293
293
293
293
293
293
293
293
293
293
293
293
293
293
293
293
293
293
293
293
293
293
293
293
293
293
293
293
293
293
293
293
293
293
293
293
293
293
293
293
293
293
293
293
293
293
293
293
293
293
293
293
293
293
293
293
293
293
293
293
293
293
293
293
293
293
293
293
293
293
293
293
293
293
293
293
293
293
293
293
293
293
293
293
293
293
293
293
293
293
293
293
293
293
293
293
293
293
293
293
293
293
293
293
293
293
293
293
293
293
293
293
293
293
293
293
293
293
293
293
293
293
293
293
293
293
293
293
293
293
293
293
293
293
293
293
293
293
293
293
293
293
293
293
293
293
293
293
293
293
293
293
293
293
293
293
293
293
293
293
293
293
293
293
293
293
293
293
293
293
293
293
293
293
293
293
293
293
293
293
293
293
293
293
293
293
293
293
293
293
293
293
293
293
293
293
293
293
293
293
293
293
293
293
293
293
293
293
293
293
293
293
293
293
293
293
293
293
293
293
293
293
293
293
293
293
293
293
293
293
293
293
293
293
293
293
293
293
293
293
293
293
293
293
293
293
293
293
293
293
293
293
293
293
293
293
293
293
293
293
293
293
293
293
293
293
293
293
293
293
293
293
293
293
293
293
293
293
293
293
293
293
293
293
293
293
293
293
293
293
293
293
293
293
293
293
293
293
293
293
293
293
293
293
293
293
293
293
293
293
293
293
293
293
293
293
293
293
293
293
293
293
293
293
293
293
293
293
293
293
293
293
293
293
293
293
293
293
293
293
293
293
293
293
293
293
293
293
293
293
293
293
293
293
293
293
293
293
293
293
293
293
293
293
293
293
293
293
293
293
293
293
293
293
293
293
293
293
293
293
293
293
293
293
293
293
293
293
293
293
293
293
293
293
293
293
293
293
293
293
293
293
293
293
293
293
293
293
293
293
293
293
293
293
293
293
293
293
293
293
293
293
293
293
293
293
293
293
293
293
293
293
293
293
293
293
293
293
293
293
293
293
293
293
293
293
293
293
293
293
293
293
293
293
293
293
293
293
293
293
293
293
293
293
293
293
293
293
293
293
293
293
293
293
293
293
293
293
293
293
293
293
293
293
293
293
293
293
293
293
293
293
293
293
293
293
293
293
293
293
293
293
293
293
293
293
293
293
293
293
293
293
293
293
293
293
293
293
293
293
293
293
293
293
293
293
293
293
293
293
293
293
293
293
293
293
293
293
293
293
293
293
293
293
293
293
293
293
293
293
293
293
293
293
293
293
293
293
293
293
293
293
293
293
293
293
293
293
293
293
293
293
293
293
293
293
293
293
293
293
293
293
293
293
293
293
293
293
293
293
293
293
293
293
293
293
293
293
293
293
293
293
293
293
293
293
293
293
293
293
293
293
293
293
293
293
293
293
293
293
293
293
293
293
293
293
293
293
293
293
293
293
293
293
293
293
293
293
293
293
293
293
293
293
293
293
293
293
293
293
293
293
293
293
293
293
293
293
293
293
293
293
293
293
293
293
293
293
293
293
293
293
293
293
293
293
293
293
293
293
293
293
293
293
293
293
293
293
293
293
293
293
293
293
293
293
293
293
293
293
293
293
293
293
293
293
293
293
293
293
293
293
293
293
293
293
293
293
293
293
293
293
293
293
293
293
293
293
293
293
293
293
293
293
293
293
293
293
293
293
293
293
293
293
293
293
293
293
293
293
293
293
293
293
293
293
293
293
293
293
293
293
293
293
293
293
293
293
293
293
293
293
293
293
293
293
293
293
293
293
293
293
293
293
293
293
293
293
293
293
293
293
293
293
293
293
293
293
293
293
293
293
293
293
293
293
293
293
293
293
293
293
293
293
293
293
293
293
293
293
293
293
293
293
293
293
293
293
293
293
293
293
293
293
293
293
293
293
293
293
293
293
293
293
293
293
293
293
293
293
293
293
293
293
293
293
293
293
293
293
293
293
293
293
293
293
293
293
293
293
293
293
293
293
293
293
293
293
293
293
293
293
293
293
293
293
293
293
293
293
293
293
293
293
293
293
293
293
293
293
293
293
293
293
293
293
293
293
293
293
293
293
293
293
293
293
293
293
293
293
293
293
293
293
293
293
293
293
293
293
293
293
293
293
293
293
293
293
293
293
293
293
293
293
293
293
293
293
293
293
293
293
293
293
293
293
293
293
293
293
293
293
293
293
293
293
293
293
293
293
293
293
293
293
293
293
293
293
293
293
293
293
293
293
293
293
293
293
293
293
293
293
293
293
293
293
293
293
293
293
293
293
293
293
293
293
293
293
293
293
293
293
293
293
293
293
293
293
293
293
293
293
293
293
293
293
293
293
293
293
293
293
293
293
293
293
293
293
293
293
293
293
293
293
293
293
293
293
293
293
293
293
293
293
293
293
293
293
293
293
293
293
293
293
293
293
293
293
293
293
293
293
293
293
293
293
293
293
293
293
293
293
293
293
293
293
293
293
293
293
293
293
293
293
293
293
293
293
293
293
293
293
293
293
293
293
293
293
293
293
293
293
293
293
293
293
293
293
293
293
293
293
293
293
293
293
293
293
293
293
293
293
293
293
293
293
293
293
293
293
293
293
293
293
293
293
293
293
293
293
293
293
293
293
293
293
293
293
293
293
293
293
293
293
293
293
293
293
293
293
293
293
293
293
293
293
293
293
293
293
293
293
293
293
293
293
293
293
293
293
293
293
293
293
293
293
293
293
293
293
293
293
293
293
293
293
293
293
293
293
293
293
293
293
293
293
293
293
293
293
293
293
293
293
293
293
293
293
293
293
293
293
293
293
293
293
293
293
293
293
293
293
293
293
293
293
293
293
293
293
293
293
293
293
293
293
293
293
293
293
293
293
293
293
293
293
293
293
293
293
293
293
293
293
293
293
293
293
293
293
293
293
293
293
293
293
293
293
293
293
293
293
293
293
293
293
293
293
293
293
293
293
293
293
293
293
293
293
293
293
293
293
293
293
293
293
293
293
293
293
293
293
293
293
293
293
293
293
293
293
293
293
293
293
293
293
293
293
293
293
293
293
293
293
293
293
293
293
293
293
293
293
293
293
293
293
293
293
293
293
293
293
293
293
293
293
293
293
293
293
293
293
293
293
293
293
293
293
293
293
293
293
293
293
293
293
293
293
293
293
293
293
293
293
293
293
293
293
293
293
293
293
293
293
293
293
293
293
293
293
293
293
293
293
293
293
293
293
293
293
293
293
293
293
293
293
293
293
293
293
293
293
293
293
293
293
293
293
293
293
293
293
293
293
293
293
293
293
293
293
293
293
293
293
293
293
293
293
293
293
293
293
293
293
293
293
293
293
293
293
293
293
293
293
293
293
293
293
293
293
293
293
293
293
293
293
293
293
293
293
293
293
293
293
293
293
293
293
293
293
293
293
293
293
293
293
293
293
293
293
293
293
293
293
293
293
293
293
293
293
293
293
293
293
293
293
293
293
293
293
293
293
293
293
293
293
293
293
293
293
293
293
293
293
293
293
293
293
293
293
293
293
293
293
293
293
293
293
293
293
293
293
293
293
293
293
293
293
293
293
293
293
293
293
293
293
293
293
293
293
293
293
293
293
293
293
293
293
293
293
293
293
293
293
293
293
293
293
293
293
293
293
293
293
293
293
293
293
293
293
293
293
293
293
293
293
293
293
293
293
293
293
293
315.56
307.218
301.574
298.988
297.997
297.658
297.546
297.516
297.512
297.517
297.524
297.532
297.539
314.307
307.533
302.314
299.815
298.742
298.259
298.025
297.899
297.826
297.782
297.758
297.747
297.742
297.739
297.738
297.737
311.01
306.43
302.056
299.548
298.525
298.076
297.873
297.781
297.737
297.714
297.703
297.697
297.695
297.695
297.696
297.699
310.061
307.028
303.375
301.326
300.146
299.435
298.984
298.683
298.473
298.322
298.217
298.142
298.089
298.051
298.022
298.001
308.074
305.993
302.909
300.916
299.779
299.12
298.727
298.487
298.333
298.23
298.157
298.105
298.066
298.038
298.017
298.002
306.919
306.338
305.008
303.624
302.461
301.549
300.847
300.303
299.878
299.543
299.279
299.07
298.904
298.773
298.668
298.584
306.295
304.535
302.071
300.211
299.235
298.696
298.379
298.184
298.059
297.978
297.925
297.89
297.868
297.856
297.85
297.849
305.732
305.243
303.943
302.632
301.587
300.803
300.223
299.794
299.473
299.23
299.042
298.894
298.778
298.686
298.612
298.554
303.924
304.021
303.958
303.717
303.348
302.909
302.447
301.993
301.563
301.167
300.81
300.492
300.213
299.971
299.762
299.584
304.77
303.943
302.462
301.214
300.345
299.742
299.316
299.007
298.782
298.615
298.491
298.398
298.329
298.278
298.242
298.216
303.443
303.539
303.409
303.046
302.551
302.023
301.524
301.081
300.7
300.378
300.107
299.88
299.69
299.529
299.395
299.282
301.327
301.496
301.651
301.774
301.849
301.871
301.841
301.766
301.653
301.511
301.348
301.171
300.988
300.804
300.624
300.451
302.635
302.703
302.435
301.914
301.323
300.771
300.299
299.912
299.603
299.358
299.164
299.01
298.886
298.788
298.71
298.648
301.177
301.351
301.496
301.584
301.602
301.55
301.442
301.293
301.116
300.924
300.729
300.537
300.354
300.183
300.027
299.888
299.205
299.381
299.556
299.725
299.884
300.025
300.146
300.245
300.319
300.371
300.4
300.41
300.401
300.377
300.339
300.29
300.59
300.779
300.914
300.964
300.919
300.794
300.615
300.405
300.185
299.971
299.771
299.591
299.431
299.29
299.167
299.061
299.102
299.292
299.479
299.654
299.81
299.94
300.039
300.108
300.147
300.159
300.149
300.119
300.076
300.021
299.959
299.894
297.426
297.592
297.758
297.924
298.088
298.247
298.398
298.541
298.672
298.79
298.895
298.987
299.065
299.13
299.182
299.223
298.608
298.814
299.014
299.198
299.355
299.478
299.561
299.607
299.617
299.597
299.555
299.496
299.426
299.35
299.271
299.193
299.118
297.293
297.473
297.654
297.834
298.01
298.178
298.336
298.481
298.61
298.723
298.819
298.898
298.961
299.009
299.044
299.067
299.079
295.993
296.133
296.276
296.421
296.566
296.71
296.853
296.993
297.128
297.258
297.381
297.496
297.602
297.7
297.789
297.868
296.86
297.047
297.235
297.423
297.607
297.784
297.948
298.097
298.229
298.341
298.433
298.506
298.56
298.599
298.623
298.634
298.636
295.838
295.987
296.139
296.292
296.447
296.602
296.755
296.905
297.049
297.186
297.315
297.435
297.545
297.644
297.732
297.81
297.876
294.91
295.018
295.129
295.242
295.357
295.474
295.592
295.709
295.826
295.941
296.053
296.162
296.267
296.367
296.461
296.548
296.629
295.476
295.622
295.773
295.927
296.083
296.241
296.397
296.551
296.7
296.842
296.977
297.101
297.215
297.318
297.41
297.49
297.559
294.759
294.869
294.982
295.099
295.219
295.341
295.464
295.587
295.711
295.833
295.952
296.068
296.18
296.286
296.386
296.48
296.566
294.146
294.221
294.3
294.381
294.465
294.55
294.638
294.726
294.816
294.905
294.995
295.083
295.17
295.254
295.336
295.414
295.488
294.477
294.58
294.688
294.799
294.914
295.032
295.152
295.274
295.397
295.519
295.639
295.757
295.872
295.981
296.085
296.183
296.274
296.357
294.019
294.092
294.169
294.25
294.333
294.418
294.507
294.597
294.688
294.78
294.873
294.964
295.055
295.144
295.23
295.313
295.392
295.467
293.643
293.692
293.743
293.796
293.852
293.909
293.968
294.029
294.091
294.154
294.218
294.282
294.346
294.409
294.471
294.531
294.59
294.645
293.818
293.883
293.952
294.025
294.1
294.179
294.261
294.345
294.431
294.519
294.607
294.696
294.785
294.872
294.958
295.041
295.121
295.197
293.549
293.594
293.642
293.692
293.744
293.799
293.856
293.915
293.976
294.038
294.101
294.165
294.229
294.293
294.356
294.418
294.479
294.537
293.336
293.365
293.396
293.428
293.462
293.497
293.534
293.572
293.611
293.652
293.693
293.735
293.777
293.82
293.862
293.904
293.945
293.984
293.418
293.456
293.496
293.539
293.584
293.632
293.681
293.733
293.787
293.843
293.9
293.958
294.017
294.077
294.136
294.195
294.252
294.308
293.273
293.299
293.326
293.355
293.385
293.417
293.451
293.486
293.522
293.56
293.599
293.639
293.68
293.72
293.761
293.802
293.842
293.882
293.163
293.178
293.195
293.213
293.232
293.252
293.273
293.295
293.318
293.341
293.366
293.391
293.417
293.443
293.469
293.495
293.521
293.546
293.196
293.216
293.237
293.26
293.285
293.311
293.338
293.367
293.398
293.43
293.463
293.497
293.532
293.567
293.603
293.639
293.675
293.711
293.125
293.138
293.152
293.167
293.183
293.2
293.218
293.237
293.257
293.278
293.3
293.323
293.346
293.37
293.393
293.418
293.442
293.465
293.072
293.08
293.089
293.098
293.107
293.118
293.128
293.14
293.152
293.165
293.178
293.192
293.206
293.221
293.235
293.25
293.265
293.28
293.084
293.093
293.104
293.115
293.127
293.14
293.154
293.168
293.184
293.2
293.217
293.235
293.254
293.273
293.293
293.313
293.333
293.352
293.052
293.058
293.065
293.072
293.08
293.088
293.097
293.106
293.116
293.127
293.138
293.149
293.161
293.174
293.186
293.199
293.212
293.225
293.029
293.033
293.037
293.041
293.045
293.05
293.055
293.061
293.067
293.073
293.08
293.086
293.094
293.101
293.108
293.116
293.124
293.132
293.055
293.062
293.069
293.077
293.086
293.096
293.106
293.117
293.129
293.142
293.156
293.17
293.185
293.201
293.217
293.234
293.046
293.052
293.058
293.065
293.072
293.08
293.089
293.098
293.108
293.119
293.13
293.142
293.155
293.168
293.181
293.195
293.209
293.223
293.237
293.251
293.033
293.037
293.041
293.046
293.051
293.057
293.063
293.07
293.077
293.085
293.093
293.101
293.11
293.12
293.129
293.139
293.149
293.159
293.169
293.179
293.02
293.022
293.025
293.028
293.032
293.035
293.039
293.043
293.048
293.053
293.058
293.063
293.069
293.074
293.08
293.087
293.093
293.099
293.106
293.112
293.011
293.012
293.014
293.016
293.017
293.02
293.022
293.024
293.027
293.03
293.032
293.036
293.039
293.042
293.046
293.049
293.053
293.057
293.06
293.064
293.02
293.022
293.025
293.028
293.032
293.036
293.04
293.045
293.05
293.055
293.061
293.067
293.074
293.081
293.088
293.095
293.103
293.111
293.119
293.126
293.016
293.019
293.021
293.024
293.027
293.03
293.034
293.038
293.042
293.046
293.051
293.056
293.062
293.067
293.073
293.08
293.086
293.092
293.099
293.105
293.011
293.013
293.015
293.017
293.019
293.021
293.024
293.026
293.029
293.032
293.036
293.04
293.043
293.047
293.052
293.056
293.06
293.065
293.069
293.074
293.007
293.008
293.009
293.01
293.011
293.013
293.014
293.016
293.018
293.02
293.022
293.024
293.026
293.029
293.031
293.034
293.037
293.04
293.043
293.045
293.004
293.004
293.005
293.005
293.006
293.007
293.008
293.009
293.01
293.011
293.012
293.013
293.015
293.016
293.017
293.019
293.02
293.022
293.024
293.025
293.006
293.007
293.008
293.009
293.011
293.012
293.014
293.015
293.017
293.019
293.022
293.024
293.027
293.029
293.032
293.035
293.038
293.041
293.045
293.048
293.005
293.006
293.007
293.008
293.009
293.01
293.011
293.013
293.014
293.016
293.018
293.02
293.022
293.024
293.027
293.029
293.032
293.034
293.037
293.04
293.003
293.004
293.005
293.005
293.006
293.007
293.008
293.009
293.01
293.011
293.012
293.014
293.015
293.017
293.019
293.02
293.022
293.024
293.026
293.028
293.002
293.002
293.003
293.003
293.004
293.004
293.005
293.005
293.006
293.007
293.007
293.008
293.009
293.01
293.011
293.012
293.013
293.014
293.015
293.017
293.001
293.001
293.001
293.002
293.002
293.002
293.002
293.003
293.003
293.003
293.004
293.004
293.005
293.005
293.006
293.006
293.007
293.008
293.008
293.009
293.002
293.002
293.002
293.003
293.003
293.004
293.004
293.005
293.005
293.006
293.007
293.008
293.008
293.009
293.01
293.012
293.013
293.014
293.015
293.016
293.001
293.002
293.002
293.002
293.003
293.003
293.003
293.004
293.004
293.005
293.006
293.006
293.007
293.008
293.009
293.01
293.01
293.011
293.012
293.013
293.001
293.001
293.001
293.001
293.002
293.002
293.002
293.003
293.003
293.003
293.004
293.004
293.005
293.005
293.006
293.006
293.007
293.008
293.008
293.009
293
293.001
293.001
293.001
293.001
293.001
293.001
293.001
293.002
293.002
293.002
293.002
293.003
293.003
293.003
293.004
293.004
293.005
293.005
293.005
293
293
293
293
293
293
293.001
293.001
293.001
293.001
293.001
293.001
293.001
293.002
293.002
293.002
293.002
293.002
293.003
293.003
293
293
293
293.001
293.001
293.001
293.001
293.001
293.001
293.002
293.002
293.002
293.002
293.003
293.003
293.003
293.004
293.004
293.004
293.005
293
293
293
293
293.001
293.001
293.001
293.001
293.001
293.001
293.001
293.002
293.002
293.002
293.002
293.003
293.003
293.003
293.004
293.004
293
293
293
293
293
293
293
293.001
293.001
293.001
293.001
293.001
293.001
293.001
293.002
293.002
293.002
293.002
293.002
293.003
293
293
293
293
293
293
293
293
293
293
293
293.001
293.001
293.001
293.001
293.001
293.001
293.001
293.001
293.001
293
293
293
293
293
293
293
293
293
293
293
293
293
293
293
293
293
293.001
293.001
293.001
293
293
293
293
293
293
293
293
293
293
293
293
293
293.001
293.001
293.001
293.001
293.001
293.001
293.001
293.001
293
293
293
293
293
293
293
293
293
293
293
293
293
293
293
293.001
293.001
293.001
293.001
293.001
293.001
293
293
293
293
293
293
293
293
293
293
293
293
293
293
293
293
293
293
293
293.001
293.001
293
293
293
293
293
293
293
293
293
293
293
293
293
293
293
293
293
293
293
293
293
293
293
293
293
293
293
293
293
293
293
293
293
293
293
293
293
293
293
293
293
293
293
293
293
293
293
293
293
293
293
293
293
293
293
293
293
293
293
293
293
293
293
293
293
293
293
293
293
293
293
293
293
293
293
293
293
293
293
293
293
293
293
293
293
293
293
293
293
293
293
293
293
293
293
293
293
293
293
293
293
293
293
293
293
293
293
293
293
293
293
293
293
293
293
293
293
293
293
293
293
293
293
293
293
293
293
293
293
293
293
293
293
293
293
293
293
293
293
293
293
293
293
293
293
293
293
293
293
293
293
293
293
293
293
293
293
293
293
293
293
293
293
293
293
293
293
293
293
293
293
293
293
293
293
293
293
293
293
293
293
293
293
293
293
293
293
293
293
293
293
293
293
293
293
293
293
293
293
293
293
293
293
293
293
293
293
293
293
293
293
293
293
293
293
293
293
293
293
293
293
293
293
293
293
293
293
293
293
293
293
293
293
293
293
293
293
293
293
293
293
293
293
293
293
293
293
293
293
293
293
293
293
293
293
293
293
293
293
293
293
293
293
293
293
293
293
293
293
293
293
293
293
293
293
293
293
293
293
293
293
293
293
293
293
293
293
293
293
293
293
293
293
293
293
293
293
293
293
304.858
321.312
325.306
326.46
326.391
326.176
325.809
325.196
324.071
322.269
303.967
318.573
324.023
325.13
325.108
325.13
324.986
324.463
323.301
321.131
302.72
312.093
319.914
321.663
321.921
322.45
322.588
322.187
321.343
319.517
300.013
309.178
315.974
318.428
318.554
318.139
317.247
316.025
314.542
313.265
299.17
306.941
310.998
315.883
316.499
316.397
316.134
315.264
313.832
312.156
298.131
303.368
306.511
309.367
310.905
312.189
312.92
313.004
312.271
310.984
297.317
302.823
306.702
310.077
312.338
312.415
311.69
310.664
309.418
308.792
296.624
301.011
304.127
307.336
309.12
310.367
310.643
310.128
309.03
308.117
295.848
298.835
301.161
303.261
304.751
305.789
306.614
307.147
307.26
306.975
295.564
298.868
301.763
304.481
306.407
307.472
307.71
307.212
306.421
306.198
295.056
297.606
299.928
302.209
303.928
305.183
305.932
306.258
306.037
305.603
294.531
296.278
297.951
299.527
300.84
301.867
302.629
303.148
303.528
303.777
294.44
296.416
298.486
300.541
302.279
303.543
304.277
304.523
304.396
304.363
294.106
295.594
297.199
298.834
300.275
301.453
302.317
302.874
303.155
303.29
293.781
294.796
295.921
297.057
298.107
299.016
299.76
300.338
300.785
301.158
293.759
294.915
296.299
297.774
299.171
300.36
301.274
301.873
302.196
302.403
293.559
294.408
295.447
296.575
297.672
298.662
299.494
300.142
300.62
300.999
293.376
293.944
294.653
295.427
296.2
296.926
297.574
298.13
298.604
299.028
293.373
294.021
294.889
295.885
296.91
297.878
298.728
299.417
299.947
300.384
293.264
293.727
294.358
295.095
295.868
296.623
297.318
297.926
298.445
298.907
293.169
293.471
293.89
294.384
294.913
295.445
295.953
296.424
296.855
297.258
293.17
293.513
294.021
294.65
295.347
296.057
296.737
297.354
297.899
298.396
293.116
293.354
293.712
294.164
294.671
295.201
295.723
296.218
296.678
297.112
293.071
293.221
293.452
293.746
294.084
294.444
294.809
295.168
295.515
295.852
293.072
293.24
293.517
293.887
294.326
294.804
295.293
295.772
296.231
296.673
293.047
293.161
293.35
293.608
293.918
294.261
294.621
294.983
295.339
295.691
293.028
293.097
293.214
293.378
293.578
293.804
294.046
294.296
294.549
294.804
293.028
293.104
293.243
293.445
293.7
293.996
294.318
294.652
294.991
295.332
293.018
293.068
293.16
293.296
293.472
293.678
293.906
294.147
294.397
294.652
293.01
293.039
293.095
293.178
293.288
293.42
293.568
293.728
293.897
294.072
293.01
293.042
293.105
293.206
293.343
293.512
293.706
293.917
294.143
294.378
293.006
293.026
293.067
293.134
293.225
293.339
293.472
293.62
293.779
293.948
293.003
293.015
293.038
293.078
293.133
293.204
293.287
293.382
293.486
293.597
293.004
293.021
293.057
293.003
293.015
293.042
293.088
293.155
293.243
293.35
293.472
293.608
293.755
293.002
293.009
293.026
293.055
293.099
293.157
293.228
293.311
293.404
293.505
293.001
293.005
293.014
293.031
293.057
293.091
293.135
293.186
293.244
293.309
293.001
293.007
293.021
293.047
293.088
293.144
293.216
293.302
293.401
293.512
293.001
293.005
293.015
293.034
293.064
293.106
293.159
293.224
293.299
293.382
293
293.003
293.009
293.021
293.04
293.067
293.101
293.144
293.193
293.249
293
293.001
293.005
293.011
293.022
293.038
293.058
293.083
293.114
293.148
293
293.002
293
293.002
293.007
293.017
293.034
293.058
293.092
293.133
293.184
293.242
293
293.001
293.005
293.012
293.024
293.042
293.066
293.097
293.134
293.178
293
293.001
293.003
293.007
293.015
293.026
293.041
293.061
293.085
293.113
293
293
293.001
293.004
293.008
293.014
293.023
293.034
293.048
293.065
293
293.001
293.002
293.006
293.014
293.025
293.042
293.064
293.091
293
293
293.002
293.005
293.012
293.021
293.035
293.054
293.077
293.104
293
293
293.001
293.004
293.008
293.015
293.025
293.038
293.055
293.075
293
293
293.001
293.002
293.005
293.009
293.015
293.023
293.034
293.047
293
293
293
293.001
293.002
293.005
293.008
293.013
293.019
293.026
293
293
293.001
293.002
293.004
293.008
293.015
293.023
293.034
293.049
293
293
293
293.001
293.004
293.007
293.012
293.019
293.029
293.041
293
293
293
293.001
293.002
293.005
293.008
293.014
293.02
293.029
293
293
293
293
293.001
293.003
293.005
293.008
293.012
293.018
293
293
293
293
293.001
293.001
293.003
293.004
293.007
293.01
293
293
293
293
293.001
293.002
293.004
293.008
293.012
293.017
293
293
293
293
293.001
293.002
293.004
293.006
293.01
293.014
293
293
293
293
293.001
293.001
293.002
293.004
293.007
293.01
293
293
293
293
293
293.001
293.001
293.002
293.004
293.006
293
293
293
293
293
293
293.001
293.001
293.002
293.003
293
293
293
293
293
293.001
293.001
293.002
293.003
293.005
293
293
293
293
293
293
293.001
293.002
293.003
293.004
293
293
293
293
293
293
293.001
293.001
293.002
293.003
293
293
293
293
293
293
293
293.001
293.001
293.002
293
293
293
293
293
293
293
293
293
293.001
293
293
293
293
293
293
293
293
293.001
293.001
293
293
293
293
293
293
293
293
293.001
293.001
293
293
293
293
293
293
293
293
293
293.001
293
293
293
293
293
293
293
293
293
293
293
293
293
293
293
293
293
293
293
293
293
293
293
293
293
293
293
293
293
293
293
293
293
293
293
293
293
293
293
293
293
293
293
293
293
293
293
293
293
293
293
293
293
293
293
293
293
293
293
293
293
293
293
293
293
293
293
293
293
293
293
293
293
293
293
293
293
293
293
293
293
293
293
293
293
293
293
293
293
293
293
293
293
293
293
293
293
293
293
293
293
293
293
293
293
293
293
293
293
293
293
293
293
293
293
293
293
293
293
293
293
293
293
293
293
293
293
293
293
293
293
293
293
293
293
293
293
293
293
293
293
293
293
293
293
293
293
293
293
293
293
293
293
293
293
293
293
293
293
293
293
293
293
293
293
293
293
293
293
293
293
293
293
293
293
293
293
293
293
293
293
293
293
293
293
293
293
293
293
293
293
293
293
293
293
293
293
293
293
293
293
293
293
293
293
293
293
293
293
293
293
293
293
293
293
293
293
293
293
293
293
293
293
293
293
293
293
293
293
293
293
293
293
293
293
293
293
293
293
293
293
293
293
293
293
293
293
293
293
293
293
293
293
293
293
293
293
293
293
293
293
293
293
293
293
293
293
293
293
293
293
293
293
293
293
293
293
293
293
293
293
293
293
293
293
293
293
293
293
293
293
293
293
293
293
)
;

boundaryField
{
    inlet
    {
        type            fixedValue;
        value           nonuniform List<scalar> 0();
    }
    outlet
    {
        type            inletOutlet;
        inletValue      nonuniform List<scalar> 0();
        value           nonuniform List<scalar> 0();
    }
    walls
    {
        type            zeroGradient;
    }
    fluid_to_solid
    {
        type            compressible::turbulentTemperatureCoupledBaffleMixed;
        refValue        nonuniform List<scalar> 
171
(
351.253
351.25
351.244
347.81
347.804
347.794
344.503
344.495
344.483
341.409
341.402
341.39
338.603
338.596
338.584
336.152
336.145
336.134
334.116
334.109
334.098
332.541
332.534
332.523
331.466
331.459
331.448
330.917
330.909
330.898
351.244
351.253
351.258
351.261
351.262
351.262
351.262
351.261
351.26
351.256
347.794
347.812
347.823
347.829
347.833
347.834
347.834
347.833
347.828
347.822
344.483
344.505
344.519
344.528
344.533
344.536
344.536
344.534
344.529
344.52
341.39
341.412
341.427
341.437
341.443
341.447
341.448
341.446
341.44
341.43
338.584
338.606
338.622
338.632
338.638
338.642
338.644
338.643
338.638
338.629
336.134
336.155
336.171
336.182
336.189
336.193
336.196
336.195
336.191
336.183
334.098
334.119
334.135
334.146
334.153
334.159
334.162
334.162
334.159
334.153
332.523
332.544
332.56
332.572
332.58
332.587
332.591
332.592
332.59
332.584
331.448
331.469
331.488
331.502
331.51
331.516
331.521
331.522
331.52
331.515
330.898
330.921
330.942
330.957
330.965
330.972
330.976
330.978
330.976
330.971
351.256
347.822
344.52
341.43
338.629
336.183
334.153
332.584
331.515
330.975
330.971
330.917
330.937
330.953
330.966
330.973
330.978
330.981
330.982
330.982
330.978
330.909
330.93
330.949
330.962
330.97
330.975
330.979
330.981
330.98
330.975
330.898
330.921
330.942
330.957
330.965
330.972
330.976
330.978
330.976
330.971
)
;
        refGradient     uniform 0;
        valueFraction   nonuniform List<scalar> 
171
(
0.999699
0.999699
0.999699
0.999699
0.999699
0.999699
0.999699
0.999699
0.999699
0.999699
0.999699
0.999699
0.999699
0.999699
0.999699
0.999699
0.999699
0.999699
0.999699
0.999699
0.999699
0.999699
0.999699
0.999699
0.999699
0.999699
0.999699
0.999699
0.999699
0.999699
0.999698
0.999698
0.999698
0.999698
0.999698
0.999698
0.999698
0.999698
0.999698
0.999698
0.999698
0.999698
0.999698
0.999698
0.999698
0.999698
0.999698
0.999698
0.999698
0.999698
0.999698
0.999698
0.999698
0.999698
0.999698
0.999698
0.999698
0.999698
0.999698
0.999698
0.999698
0.999698
0.999698
0.999698
0.999698
0.999698
0.999698
0.999698
0.999698
0.999698
0.999698
0.999698
0.999698
0.999698
0.999698
0.999698
0.999698
0.999698
0.999698
0.999698
0.999698
0.999698
0.999698
0.999698
0.999698
0.999698
0.999698
0.999698
0.999698
0.999698
0.999698
0.999698
0.999698
0.999698
0.999698
0.999698
0.999698
0.999698
0.999698
0.999698
0.999698
0.999698
0.999698
0.999698
0.999698
0.999698
0.999698
0.999698
0.999698
0.999698
0.999698
0.999698
0.999698
0.999698
0.999698
0.999698
0.999698
0.999698
0.999698
0.999698
0.999698
0.999698
0.999698
0.999698
0.999698
0.999698
0.999698
0.999698
0.999698
0.999698
0.9997
0.9997
0.9997
0.9997
0.9997
0.9997
0.9997
0.9997
0.9997
0.9997
0.9997
0.999699
0.999699
0.999699
0.999699
0.999699
0.999699
0.999699
0.999699
0.999699
0.999699
0.999699
0.999699
0.999699
0.999699
0.999699
0.999699
0.999699
0.999699
0.999699
0.999699
0.999699
0.999699
0.999699
0.999699
0.999699
0.999699
0.999699
0.999699
0.999699
0.999699
)
;
        source          uniform 0;
        value           nonuniform List<scalar> 
171
(
351.246
351.243
351.235
347.802
347.795
347.783
344.493
344.485
344.472
341.399
341.391
341.378
338.594
338.586
338.573
336.144
336.136
336.124
334.108
334.101
334.089
332.533
332.525
332.514
331.458
331.45
331.439
330.908
330.9
330.888
351.235
351.249
351.254
351.258
351.259
351.259
351.259
351.257
351.255
351.252
347.783
347.808
347.82
347.827
347.83
347.832
347.832
347.829
347.825
347.817
344.473
344.5
344.516
344.526
344.531
344.533
344.534
344.531
344.525
344.515
341.379
341.408
341.425
341.435
341.441
341.445
341.445
341.443
341.437
341.426
338.574
338.602
338.619
338.63
338.636
338.64
338.642
338.64
338.635
338.624
336.125
336.152
336.169
336.18
336.187
336.191
336.194
336.193
336.188
336.179
334.09
334.115
334.133
334.144
334.151
334.157
334.16
334.16
334.157
334.149
332.515
332.54
332.558
332.57
332.579
332.585
332.589
332.59
332.587
332.581
331.44
331.465
331.486
331.5
331.508
331.514
331.519
331.52
331.517
331.512
330.889
330.915
330.939
330.954
330.963
330.97
330.974
330.975
330.973
330.967
351.253
347.817
344.513
341.424
338.623
336.178
334.148
332.58
331.512
330.972
330.968
330.909
330.934
330.952
330.964
330.971
330.976
330.98
330.981
330.979
330.975
330.901
330.927
330.946
330.96
330.968
330.973
330.977
330.979
330.977
330.972
330.889
330.915
330.939
330.954
330.963
330.969
330.974
330.975
330.973
330.967
)
;
        Tnbr            T;
        kappaMethod     fluidThermo;
    }
    procBoundary13to0
    {
        type            processor;
        value           nonuniform List<scalar> 
54
(
293
293
293
293
293
293
293
293
293
293
293
293
293
293
293
293
293
293
293
293
293
293
293
293
293
293
293
293
293
293
293
293
293
293
293
293
293
293
293
293
293
293
293
293
293
293
293
293
293
293
293
293
293
293
)
;
    }
    procBoundary13to3
    {
        type            processor;
        value           nonuniform List<scalar> 
1130
(
297.308
297.705
298.807
301.078
303.699
304.015
302.724
301.251
299.992
298.987
298.199
297.525
296.768
295.915
295.002
294.147
293.514
293.171
293.041
293.007
293.001
293
293
293
297.391
297.588
298.172
299.605
301.632
302.43
301.352
299.53
297.795
296.422
295.438
294.756
294.349
294.049
293.734
293.416
293.18
293.058
293.014
293.002
293
293
293
293
297.552
297.552
297.669
297.669
297.995
297.995
298.85
298.85
300.208
300.208
300.846
300.846
299.926
299.926
298.114
298.114
296.272
296.272
294.865
294.865
293.984
293.984
293.554
293.554
293.389
293.389
293.301
293.301
293.208
293.208
293.113
293.113
293.046
293.046
293.014
293.014
293.003
293.003
293
293
293
293
293
297.772
297.855
298.023
298.46
299.265
299.763
299.118
297.544
295.777
294.406
293.604
293.251
293.127
293.084
293.054
293.028
293.011
293.003
293.001
293
293
293
293
293
293
293
293
297.841
297.919
298.05
298.325
298.828
299.147
298.541
297.056
295.413
294.18
293.481
293.169
293.059
293.025
293.013
293.006
293.002
293
293
293
293
293
293
293
293
297.739
297.8
297.8
297.884
298.015
298.228
298.565
298.779
298.2
296.794
295.244
294.086
293.433
293.143
293.041
293.011
293.004
293.001
293
293
293
293
293
293
293
293
293
293
293
293
297.657
297.739
297.739
297.739
297.832
297.832
297.973
297.973
298.159
298.159
298.42
298.42
298.568
298.568
297.894
297.894
296.477
296.477
295.014
293.963
293.382
293.125
293.034
293.008
293.002
293
293
293
293
293
293
293
293
293
297.625
297.704
297.807
297.951
298.137
298.368
298.401
297.568
296.132
294.706
294.706
294.706
293.794
293.794
293.31
293.31
293.101
293.101
293.027
293.027
293.006
293.006
293.001
293.001
293
293
293
293
293
293
293
293
293
293
297.661
297.747
297.854
298
298.22
298.467
298.178
297.009
295.552
294.364
293.619
293.238
293.077
293.021
293.005
293.001
293
293
293
293
293
293
293
293
293
293
293
297.768
297.874
298.023
298.263
298.592
298.57
297.659
296.227
294.895
293.957
293.417
293.156
293.049
293.013
293.003
293
293
293
293
293
293
293
293
293
293
293
293
297.503
297.521
297.604
297.968
298.122
298.333
298.622
298.858
298.476
297.275
295.812
294.593
293.785
293.336
293.124
293.039
293.01
293.002
293
293
293
293
293
293
293
293
293
293
293
298.341
298.56
298.812
299.054
299.018
298.223
296.83
295.415
294.33
293.643
293.272
293.099
293.031
293.008
293.002
293
293
293
293
293
293
293
293
293
293
293
293
299.061
299.32
299.485
299.446
298.926
297.755
296.301
295.011
294.083
293.515
293.215
293.077
293.024
293.006
293.001
293
293
293
293
293
293
293
293
293
293
293
293
293
300.009
300.112
299.938
299.426
298.454
297.105
295.736
294.624
293.858
293.402
293.165
293.058
293.017
293.004
293.001
293
293
293
293
293
293
293
293
293
293
293
293
293
293
300.382
300.131
299.611
298.8
297.66
296.367
295.182
294.268
293.659
293.303
293.122
293.042
293.012
293.003
293
293
293
293
293
293
293
293
293
293
293
299.732
299.223
298.582
297.756
296.719
295.625
294.668
293.952
293.485
293.219
293.086
293.029
293.008
293.002
293
293
293
293
293
293
293
293
293
293
293
298.527
297.934
297.318
296.616
295.787
294.939
294.213
293.68
293.339
293.149
293.057
293.019
293.005
293.001
293
293
293
293
293
293
293
293
293
293
293
297.215
297.215
296.659
296.659
296.132
296.132
295.578
295.578
294.963
294.963
294.349
293.831
293.457
293.223
293.096
293.036
293.011
293.003
293.001
293
293
293
293
293
293
293
293
293
293
293
296.078
295.617
295.196
294.778
294.338
293.88
293.88
293.88
293.533
293.533
293.288
293.288
293.137
293.137
293.057
293.057
293.021
293.021
293.006
293.006
293.002
293.002
293
293
293
293
293
293
293
293
293
293
293
293
293
293
293
293
293
293
293
293
293
293
293
293
295.077
295.077
294.734
294.734
294.427
294.427
294.132
294.132
293.835
293.835
293.559
293.559
293.334
293.334
293.177
293.177
293.083
293.083
293.034
293.034
293.012
293.012
293.004
293.004
293.001
293.001
293
293
293
293
293
293
293
293
293
293
293
293
293
293
293
293
293
293
293
293
293
293
293
293
294.352
294.112
293.9
293.7
293.507
293.333
293.196
293.102
293.047
293.019
293.006
293.002
293
293
293
293
293
293
293
293
293
293
293
293
293
293.8
293.649
293.516
293.392
293.277
293.178
293.102
293.052
293.023
293.009
293.003
293.001
293
293
293
293
293
293
293
293
293
293
293
293
293
293.44
293.352
293.275
293.204
293.141
293.088
293.049
293.024
293.011
293.004
293.001
293
293
293
293
293
293
293
293
293
293
293
293
293
293
293.223
293.177
293.135
293.098
293.066
293.04
293.022
293.01
293.004
293.001
293
293
293
293
293
293
293
293
293
293
293
293
293
293
293
293.104
293.104
293.11
293.081
293.081
293.086
293.061
293.061
293.065
293.043
293.043
293.046
293.028
293.028
293.03
293.017
293.017
293.018
293.009
293.009
293.009
293.004
293.004
293.004
293.002
293.002
293.002
293
293
293
293
293
293
293
293
293
293
293
293
293
293
293
293
293
293
293
293
293
293
293
293
293
293
293
293
293
293
293
293
293
293
293
293
293
293
293
293
293
293
293
293
293
293
293
293
293.05
293.038
293.028
293.02
293.012
293.007
293.004
293.002
293.001
293
293
293
293
293
293
293
293
293
293
293
293
293
293
293
293
293.019
293.015
293.011
293.007
293.004
293.002
293.001
293
293
293
293
293
293
293
293
293
293
293
293
293
293
293
293
293
293
293.007
293.005
293.004
293.002
293.001
293.001
293
293
293
293
293
293
293
293
293
293
293
293
293
293
293
293
293
293
293
293.002
293.001
293.001
293.001
293
293
293
293
293
293
293
293
293
293
293
293
293
293
293
293
293
293
293
293
293
293
293
293
293
293
293
293
293
293
293
293
293
293
293
293
293
293
293
293
293
293
293
293
293
293
293
293
293
293
293
293
293
293
293
293
293
293
293
293
293
293
293
293
293
293
293
293
293
293
293
293
293
293
293
293
293
293
293
293
293
293
293
293
293
293
293
293
293
293
293
293
293
293
293
293
293
293
293
293
293
293
293
293
293
293
293
293
293
293
293
293
293
293
293
293
293
293
293
293
293
293
293
293
293
293
293
293
293
293
293
293
293
293
293
293
293
293
293
293
293
293
293
293
293
293
293
293
293
293
293
293
293
293
293
293
293
293
293
293
293
293
293
293
293
293
293
293
293
293
293
293
293
297.735
297.702
297.984
297.993
298.517
297.853
298.508
299.432
298.199
299.188
300.289
298.6
299.765
300.232
298.972
298.972
299.825
299.825
299.251
299.048
299.083
297.936
297.936
297.936
298.629
297.933
296.702
297.617
297.617
296.644
296.644
295.557
295.557
296.433
295.536
294.698
295.269
294.592
294.022
294.362
293.92
293.57
293.745
293.489
293.294
293.541
293.372
293.372
293.391
293.238
293.238
293.25
293.139
293.139
293.147
293.265
293.188
293.118
293.068
293.134
293.112
293.078
293.048
293.027
293.051
293.042
293.029
293.018
293.01
293.017
293.014
293.01
293.006
293.003
293.005
293.005
293.004
293.004
293.003
293.003
293.002
293.002
293.001
293.001
293.001
293.001
293.001
293
293
293
293
293
293
293
)
;
    }
    procBoundary13to8
    {
        type            processor;
        value           nonuniform List<scalar> 
1102
(
298.063
296.207
295.749
295.267
293.308
293.204
293.196
293.188
293.037
293.02
293.02
293.019
293.015
293.003
293.003
293.003
293.012
293.001
293.001
293.001
293.012
293.001
293.001
293.001
293.012
293.001
293.001
293
293.01
293.001
293.001
293.001
293.001
293
293
293.001
293.008
293
293
293
293
293.005
293
293
293
295.104
294.948
294.804
294.804
294.501
294.405
294.262
294.262
293.782
293.782
293.291
293.156
293.073
293.03
293.01
293.003
293.001
293
293
293
293
293
293
293
293
293
293
293
293
293.186
293.183
293.179
293.179
293.161
293.153
293.145
293.145
293.098
293.098
293.033
293.017
293.007
293.003
293.001
293
293
293
293
293
293
293
293
293
293
293
293
293
293
293.019
293.019
293.019
293.019
293.018
293.018
293.016
293.016
293.01
293.01
293.003
293.002
293.001
293
293
293
293
293
293
293
293
293
293
293
293
293
293
293
293
293.003
293.002
293.002
293.002
293.002
293.002
293.002
293.002
293.001
293.001
293
293
293
293
293
293
293
293
293
293
293
293
293
293
293
293
293
293
293
293.001
293.001
293
293
293
293
293
293
293
293
293
293
293
293
293
293
293
293
293
293
293
293
293
293
293
293
293
293
293
293
293
293
293
293
293
293
293
293
293
293
293
293
293
293
293
293
293
293
293
293
293
293
293
293
293
293
293
293
293
293
293
293
293
293
293
293
293
293
293
293
293
293
293
293
293
293
293
293
293
293
293
293
293
293
293
293
293
293
293
293
293
293
293
293
293
293
293
293
293
293
293
293
293
293
293
293
293
293
293
293
293
293
293
293
293
293
293
293
293
293
293
293
293
293
293
293
293
293
293
293
293
293
293
293
293
293
293
293
293
293
293
293
293
293
293
293
293
293
293
293
293
293
293
293
293
293
293
293
293
293
293
293
293
293
293
293
293
293
293
293
293
293
293
293
293
293
293
293
293
293
293
293
293
293
293.003
293
293
293
293
293.002
293.038
293.485
293
293
293
293
293.001
293.022
293.273
293
293
293
293
293.001
293.012
293.137
293
293
293
293
293
293.006
293.061
293
293
293
293
293
293.002
293.024
293
293
293
293
293
293.001
293.008
293
293
293
293
293
293
293.003
293
293
293
293
293
293
293.001
293
293
293
293
293
293
293
293
293
293
293
293
293
293
293
293
293
293
293
293
293
293
293
293
293
293
293
293
293
293
293
293
293
293
293
293
293
293
293
293
293
293
293
293
293
293
293
293
293
293
293
293
293
293
293
293
293
293
293
293
293
293
293
293
293
293
293
293
293
293
293
293
293
293
293
293
293
293
293
293
293
293
293
293
293
293
293
293
293
293
293
293
293
293
293
293
293
293
293
293
293
293
293
293
293
293
293
293
293
293
293
293
293
293
293
293
293
293
293
293
293
293
293
293
293
293
293
293
293
293
293
293
293
293
293
293
293
293
293
293
293
293
293
293
293
293
293
293
293
293
293
293
293
293
293
293
293
293
293
293
293
293
293
293
293
293
293
293
293
293
293
293
293
293
293
293
293
293
293
293
293
293
293
293
293
293
293
293
293
293
293
293
293
293
293
293
293
293
293
293
293
293
293
293
293
293
293
293
293
293
293
293
293
293
293
293
293
293
293
293
293
293
293
293
293
293
293
293
293
293
293
293
293
293
293
293
293
293
293
293
293
293
293
293
293
293
293
293
293
293
293
293
293
293
293
293
293
293
293
293
293
293
293
293
293
293
293
293
293
293
293
293
293
293
293
293
293
293
293
293
293
293
293
293
293
293
293
293
293
293
293
293
293
293
293
293
293
293
293
293
293
293
293
293
293
293
293
293
293
293
293
293
293
293
293
293
293
293
293
293
293
293
293
293
293
293
293
293
293
293
293
293
293
293
293
293
293
293
293
293
293
293
293
293
293
293
293
293
293
293
293
293
293
293
293
293
293
293
293
293
293
293
293
293
293
293
293
293
293
293
293
293
293
293
293
293
293
293
293
293
293
293
293
293
293
293
293
293
293
293
293
293
293
293
293
293
293
293
293
293
293
293
293
293
293
293
293
293
293
293
293
293
293
293
293
293
293
293
293
293
293
293
293
293
293
293
293
293
293
293
293
293
293
293
293
293
293
293
293
293
293
293
293
293
293
293
293
293
293
293
293
293
293
293
293
293
293
293
293
293
293
293
293
293
293
293
293
293
293
293
293
293
293
293
293
293
293
293
293
293
293
293
293
293
293
293
293
293
293
293
293
293
293
293
293
293
293
293
293
293
293
293
293
293
293
293
293
293
293
293
293
293
293
293
293
293
293
293
293
293
293
293
293
293
293
293
293
293
293
293
293
293
293
293
293
293
293
293
293
293
293
293
293
293
293
293
293
293
293
293
293
293
293
293
293
293
293
293
293
293
293
293
293
293
293
293
293
293
293
293
293
293
293
293
293
293
293
293
293
293
293
293
293
293
293
293
293
293
293
293
293
293
293
293
293
293
293
293
293
293
293
293
293
293
293
293
293
293
293
293
293
293
293
293
293
293
293
293
293
293
293
293
293
293
293
293
293
293
293
293
293
293
293
293
293
293
293
293
293
293
293
293
293
293
293
293
293
293
293
293
293
293
293
293
293
293
293
293
293
293
293
293
293
293
293
293
293
293
293
293
293
293
293
293
293
293
293
293
293
293
293
293
293
293
293
293
293
293
293
293
293
293
293
293
293
293
293
293
293
293
)
;
    }
    procBoundary13to9
    {
        type            processor;
        value           nonuniform List<scalar> 
64
(
301.143
308.403
329.114
294.025
298.68
320.717
293.286
295.84
313.37
293.196
295.244
310.713
293.177
295.071
309.566
293.179
295.051
309.016
293.176
295.015
308.504
293.156
294.817
307.404
293.118
294.442
305.402
293.075
294.002
302.932
293.057
293.754
293
293
293
293
293
293
293
293
293
293
293
293
293
293
293
293
293
293
293
293
293
293
293
293
293
293
293
293
293
293
293
293
)
;
    }
    procBoundary13to10
    {
        type            processor;
        value           nonuniform List<scalar> 
372
(
293
293
293
293
293
293
293
293
293
293
293
293
293
293
293
293
293
293
293
293
293
293
293
293
293
293
293
293
293
293
293
293
293
293
293
293
293
293
293
293
293
293
293
293
293
293
293
293
293
293
293
293
293
293
293
293
293
293
293
293
293
293
293
293
293
293
293
293
293
293
293
293
293
293
293
293
293
293
293
293
293
293
293
293
293
293
293
293
293
293
293
293
293
293
293
293
293
293
293
293
293
293
293
293
293
293
293
293
293
293
293
293
293
293
293
293
293
293
293
293
293
293
293
293
293
293
293
293
293
293
293
293
293
293
293
293
293
293
293
293
293
293
293
293
293
293
293
293
293
293
293
293
293
293
293
293
293
293
293
293
293
293
293
293
293
293
293
293
293
293
293
293
293
293
293
293
293
293
293
293
293
293
293
293
293
293
293
293
293
293
293
293
293
293
293
293
293
293
293
293
293
293
293
293
293
293
293
293
293
293
293
293
293
293
293
293
293
293
293
293
293
293
293
293
293
293
293
293
293
293
293
293
293
293
293
293
293
293
293
293
293
293
293
293
293
293
293
293
293
293
293
293
293
293
293
293
293
293
293
293
293
293
293
293
293
293
293
293
293
293
293
293
293
293
293
293
293
293
293
293
293
293
293
293
293
293
293
293
293
293
293
293
293
293
293
293
293
293
293
293
293
293
293
293
293
293
293
293
293
293
293
293
293
293
293
293
293
293
293
293
293
293
293
293
293
293
293
293
293
293
293
293
293
293
293
293
293
293
293
293
293
293
293
293
293
293
293
293
293
293
293
293
293
293
293
293
293
293
293
293
293
293
293
293
293
293
293
293
293
293
293
293
)
;
    }
    procBoundary13to11
    {
        type            processor;
        value           nonuniform List<scalar> 
42
(
293
293
293
293
293
293
293
293
293
293
293
293
293
293
293
293
293
293
293
293
293
293
293
293
293
293
293
293
293
293
293
293
293
293
293
293
293
293
293
293
293
293
)
;
    }
    procBoundary13to12
    {
        type            processor;
        value           nonuniform List<scalar> 
1000
(
313.979
307.254
309.378
307.254
305.448
303.838
302.234
300.606
299.132
298.043
297.455
297.237
297.181
302.887
299.213
299.877
299.213
298.909
298.668
298.327
297.934
297.595
297.379
297.286
297.268
297.284
299.093
297.784
297.851
297.784
297.784
297.705
297.63
297.539
297.451
297.391
297.369
297.379
297.408
297.446
298.56
297.578
297.455
297.406
297.455
297.455
297.447
297.447
297.441
297.441
297.443
297.443
297.457
297.457
297.485
297.485
297.522
297.522
297.566
297.612
297.66
297.564
297.405
297.4
297.422
297.449
297.479
297.513
297.547
297.678
297.581
297.678
297.678
297.716
297.716
297.75
297.75
297.78
297.44
297.439
297.468
297.501
297.532
297.562
297.587
297.609
297.625
297.636
297.644
297.648
297.589
297.587
297.581
297.571
340.203
323.131
313.979
331.854
310.934
302.887
324.169
304.532
299.093
321.427
303.423
298.56
298.56
320.765
303.561
298.549
297.564
297.564
320.501
303.998
298.758
297.571
297.44
297.44
297.439
297.468
297.501
297.532
297.562
297.587
297.609
320.553
304.689
299.09
297.677
297.41
297.386
297.403
297.422
297.436
297.446
297.452
297.456
297.589
297.589
297.587
297.581
297.571
320.869
305.637
299.583
297.845
297.457
297.399
297.406
297.419
297.43
297.438
297.442
297.441
297.436
297.426
297.412
297.394
321.268
321.268
306.783
306.783
300.283
300.283
298.128
298.128
297.547
297.547
297.421
297.421
297.407
297.407
297.415
297.415
297.427
297.427
297.437
297.443
297.445
297.443
297.437
297.427
297.414
321.085
307.893
301.168
298.526
297.647
297.386
297.319
297.31
297.317
297.446
297.446
297.446
297.457
297.457
297.466
297.466
297.472
297.472
297.475
297.476
297.474
299.851
296.982
295.065
293.964
293.407
293.156
293.055
293.018
293.006
293.002
293
293
293
293
293
293
293
293
293
293
293
293
293
293
293
293
293
293
293
293
293
293
293
293
293
293
316.307
316.307
307.179
301.303
298.716
297.765
297.451
297.357
297.338
297.34
297.349
297.36
297.37
297.379
297.545
297.545
297.545
297.55
297.55
297.554
297.554
311.825
311.825
306.099
301.379
298.966
297.96
297.59
297.464
297.421
297.411
297.413
297.42
297.429
297.439
297.45
297.46
297.47
308.451
308.451
308.451
305.131
305.131
301.597
301.597
299.417
299.417
298.381
298.381
297.949
297.949
297.752
297.752
297.657
297.657
297.61
297.61
297.588
297.588
297.579
297.579
297.577
297.577
297.581
297.581
297.587
297.587
297.595
297.595
297.605
297.605
306.929
304.539
301.703
299.644
298.437
297.916
297.661
297.526
297.453
297.413
297.393
297.384
297.383
297.387
297.395
297.405
305.052
303.681
301.743
300.019
298.973
298.417
298.088
297.884
297.752
297.667
297.611
297.575
297.554
297.543
297.539
297.541
303.698
303.083
301.799
300.602
299.747
299.163
298.754
298.46
298.247
298.091
297.977
297.894
297.833
297.79
297.761
297.743
301.677
301.816
301.667
301.245
300.701
300.163
299.692
299.303
298.989
298.738
298.538
298.379
298.253
298.156
298.082
298.026
299.624
299.858
300.048
300.161
300.181
300.112
299.974
299.79
299.583
299.37
299.164
298.974
298.804
298.656
298.53
298.423
298.335
297.705
297.927
298.147
298.357
298.546
298.704
298.826
298.909
298.954
298.965
298.947
298.906
298.848
298.779
298.704
298.626
298.55
296.101
296.282
296.468
296.656
296.844
297.029
297.205
297.37
297.52
297.653
297.767
297.862
297.939
297.997
298.04
298.068
298.084
294.896
295.027
295.163
295.304
295.45
295.598
295.748
295.898
296.046
296.19
296.328
296.459
296.582
296.695
296.799
296.891
296.973
297.045
294.073
294.158
294.248
294.342
294.441
294.543
294.649
294.758
294.868
294.98
295.092
295.204
295.313
295.42
295.522
295.621
295.713
295.8
293.559
293.559
293.61
293.663
293.72
293.78
293.843
293.91
293.979
294.051
294.124
294.2
294.277
294.354
294.431
294.508
294.584
294.657
294.728
293.267
293.267
293.294
293.323
293.354
293.388
293.423
293.46
293.5
293.541
293.584
293.629
293.675
293.722
293.771
293.819
293.868
293.916
293.964
293.138
293.153
293.17
293.189
293.208
293.23
293.252
293.277
293.302
293.33
293.358
293.388
293.419
293.451
293.484
293.517
293.117
293.117
293.117
293.13
293.13
293.144
293.144
293.159
293.159
293.176
293.176
293.193
293.193
293.212
293.212
293.233
293.233
293.254
293.254
293.277
293.277
293.301
293.301
293.325
293.325
293.351
293.351
293.378
293.378
293.405
293.405
293.432
293.432
293.46
293.46
293.487
293.487
293.514
293.055
293.062
293.069
293.077
293.086
293.096
293.106
293.117
293.129
293.142
293.156
293.17
293.185
293.201
293.217
293.234
293.25
293.25
293.25
293.267
293.267
293.284
293.284
293.301
293.301
293.02
293.022
293.025
293.028
293.032
293.036
293.04
293.045
293.05
293.055
293.061
293.067
293.074
293.081
293.088
293.095
293.103
293.111
293.119
293.126
293.006
293.007
293.008
293.009
293.011
293.012
293.014
293.015
293.017
293.019
293.022
293.024
293.027
293.029
293.032
293.035
293.038
293.041
293.045
293.048
293.002
293.002
293.002
293.003
293.003
293.004
293.004
293.005
293.005
293.006
293.007
293.008
293.008
293.009
293.01
293.012
293.013
293.014
293.015
293.016
293
293
293
293.001
293.001
293.001
293.001
293.001
293.001
293.002
293.002
293.002
293.002
293.003
293.003
293.003
293.004
293.004
293.004
293.005
293
293
293
293
293
293
293
293
293
293
293
293
293
293.001
293.001
293.001
293.001
293.001
293.001
293.001
293.001
293
293
293
293
293
293
293
293
293
293
293
293
293
293
293
293
293
293
293
293
293
293
293
293
293
293
293
293
293
293
293
293
293
293
293
293
293
293
293
293
293
293
293
293
293
293
293
293
293
293
293
305.292
322.337
324.899
326.107
326.298
326.311
326.073
325.606
324.983
323.201
300.436
310.692
317.375
318.236
318.229
318.063
317.572
316.798
316.031
315.287
297.691
304.005
307.757
311.505
312.285
312.058
311.658
311.127
310.669
310.441
295.859
299.704
302.836
305.625
307.304
308.046
307.894
307.582
307.397
307.369
294.649
296.98
299.342
301.592
303.396
304.518
305.061
305.236
305.211
305.154
293.892
295.277
296.909
298.608
300.168
301.42
302.336
302.872
303.125
303.322
293.451
294.241
295.289
296.478
297.679
298.782
299.721
300.452
300.977
301.391
293.211
293.637
294.265
295.037
295.881
296.729
297.525
298.232
298.831
299.372
293.092
293.305
293.655
294.12
294.666
295.255
295.851
296.426
296.964
297.481
293.037
293.136
293.315
293.574
293.9
294.275
294.678
295.092
295.508
295.924
293.013
293.013
293.055
293.055
293.14
293.14
293.272
293.451
293.669
293.918
294.188
294.474
294.77
293.005
293.024
293.066
293.118
293.118
293.118
293.208
293.208
293.324
293.324
293.464
293.464
293.624
293.624
293.801
293.801
293.992
293.992
293.002
293.002
293.008
293.008
293.025
293.055
293.103
293.169
293.253
293.353
293.47
293.601
293
293.002
293.008
293.008
293.008
293.02
293.02
293.04
293.04
293.069
293.069
293.108
293.108
293.157
293.157
293.217
293.217
293.285
293
293.001
293.002
293.007
293.014
293.025
293.042
293.064
293.091
293.124
293.124
293.124
293
293
293.001
293.002
293.004
293.008
293.015
293.023
293.034
293.049
293
293
293
293
293.001
293.002
293.004
293.008
293.012
293.017
293
293
293
293
293
293.001
293.001
293.002
293.003
293.005
293
293
293
293
293
293
293
293
293.001
293.001
293
293
293
293
293
293
293
293
293
293
293
293
293
293
293
293
293
293
293
293
293
293
293
293
293
293
293
293
293
293
293
293
293
293
293
293
293
293
293
293
293
293
293
293
293
293
293
293
293
293
293
293
293
293
293
293
)
;
    }
    procBoundary13to14
    {
        type            processor;
        value           nonuniform List<scalar> 8(293 293 293 293 293 293 293 293);
    }
    procBoundary13to15
    {
        type            processor;
        value           nonuniform List<scalar> 
1205
(
293
293
293
293
293
293
293
293
293
293
293
293
293
293
293
293
293
293
293
293
293
293
293
293
293
293
293
293
293
293
293
293
293
293
293
293
293
293
293
293
293
293
293
293
293
293
293
293
293
293
293
293
293
293
293
293
293
293
293
293
293
293
293
293
293
293
293
293
293
293
293
293
293
293
293
293
293
293
293
293
293
293
293
293
293
293
293
293
293
293
293
293
293
293
293
293
293
293
293
293
293
293
293
293
293
293
293
293
293
293
293
293
293
293
293
293
293
293
293
293
293
293
293
293
293
293
293
293
293
293
293
293
293
293
293
293
293
293
293
293
293
293
293
293
293
293
293
293
293
293
293
293
293
293
293
293
293
293
293
293
293
293
293
293
293
293
293
293
293
293
293
293
293
293
293
293
293
293
293
293
293
293
293
293
293
293
293
293
293
293
293
293
293
293
293
293
293
293
293
293
293
293
293
293
293
293
293
293
293
293
293
293
293
293
293
293
293
293
293
293
293
293
293
293
293
293
293
293
293
293
293
293
293
293
293
293
293
293
293
293
293
293
293
293
293
293
293
293
293
293
293
293
293
293
293
293
293
293
293
293
293
293
293
293
293
293
293
293
293
293
293
293
293
293
293
293
293
293
293
293
293
293
293
293
293
293
293
293
293
293
293
293
293
293
293
293
293
293
293
293
293
293
293
293
293
293
293
293
293
293
293
293
293
293
293
293
293
293
293
293
293
293
293
293
293
293
293
293
293
293
293
293
293
293
293
293
293
293
293
293
293
293
293
293
293
293
293
293
293
293
293
293
293
293
293
293
293
293
293
293
293
293
293
293
293
293
293
293
293
293
293
293
293
293
293
293
293
293
293
293
293
293
293
293
293
293
293
293
293
293
293
293
293
293
293
293
293
293
293
293
293
293
293
293
293
293
293
293
293
293
293
293
293
293
293
293
293
293
293
293
293
293
293
293
293
293
293
293
293
293
293
293
293
293
293
293
293
293
293
293
293
293
293
293
293
293
293
293
293
293
293
293
293
293
293
293
293
293
293
293
293
293
293
293
293
293
293
293
293
293
293
293
293
293
293
293
293
293
293
293
293
293
293
293
293
293
293
293
293
293
293
293
293
293
293
293
293
293
293
293
293
293
293
293
293
293
293
293
293
293
293
293
293
293
293
293
293
293
293
293
293
293
293
293
293
293
293
293
293
293
293
293
293
293
293
293
293
293
293
293
293
293
293
293
293
293
293
293
293
293
293
293
293
293
293
293
293
293
293
293
293
293
293
293
293
293
293
293
293
293
293
293
293
293
293
293
293
293
293
293
293
293
293
293
293
293
293
293
293
293
293
293
293
293
293
293
293
293
293
293
293
293
293
293
293
293
293
293
293
293
293
293
293
293
293
293
293
293
293
293
293
293
293
293
293
293
293
293
293
293
293
293
293
293
293
293
293
293
293
293
293
293
293
293
293
293
293
293
293
293
293
293
293
293
293
293
293
293
293
293
293
293
293
293
293
293
293
293
293
293
293
293
293
293
293
293
293
293
293
293
293
293
293
293
293
293
293
293
293
293
293
293
293
293
293
293
293
293
293
293
293
293
293
293
293
293
293
293
293
293
293
293
293
293
293
293
293
293
293
293
293
293
293
293
293
293
293
293
293
293
293
293
293
293
293
293
293
293
293
293
293
293
293
293
293
293
293
293
293
293
293
293
293
293
293
293
293
293
293
293
293
293
293
293
293
293
293
293
293
293
293
293
293
293
293
293
293
293
293
293
293
293
293
293
293
293
293
293
293
293
293
293
293
293
293
293
293
293
293
293
293
293
293
293
293
293
293
293
293
293
293
293
293
293
293
293
293
293
293
293
293
293
293
293
293
293
293
293
293
293
293
293
293
293
293
293
293
293
293
293
293
293
293
293
293
293
293
293
293
293
293
293
293
293
293
293
293
293
293
293
293
293
293
293
293
293
293
293
293
293
293
293
293
293
293
293
293
293
293
293
293
293
293
293
293
293
293
293
293
293
293
293
293
293
293
293
293
293
293
293
293
293
293
293
293
293
293
293
293
293
293
293
293
293
293
293
293
293
293
293
293
293
293
293
293
293
293
293
293
293
293
293
293
293
293
293
293
293
293
293
293
293
293
293
293
293
293
293
293
293
293
293
293
293
293
293
293
293
293
293
293
293
293
293
293
293
293
293
293
293
293
293
293
293
293
293
293
293
293
293
293
293
293
293
293
293
293
293
293
293
293
293
293
293
293
293
293
293
293
293
293
293
293
293
293
293
293
293
293
293
293
293
293
293
293
293
293
293
293
293
293
293
293
293
293
293
293
293
293
293
293
293
293
293
293
293
293
293
293
293
293
293
293
293
293
293
293
293
293
293
293
293
293
293
293
293
293
293
293
293
293
293
293
293
293
293
293
293
293
293
293
293
293
293
293
293
293
293
293
293
293
293
293
293
293
293
293
293
293
293
293
293
293
293
293
293
293
293
293
293
293
293
293
293
293
293
293
293
293
293
293
293
293
293
293
293
293
293
293
293
293
293
293
293
293
293
293
293
293
293
293
293
293
293
293
293
293
293
293
293
293
293
293
293
293
293
293
293
293
293
293
293
293
293
293
293
293
293
293
293
293
293
293
293
293
293
293
293
293
293
293
293
293
293
293
293
293
293
293
293
293
293
293
293
293
293
293
293
293
293
293
293
293
293
293
293
293
293
293
293
293
293
293
293
293
)
;
    }
}


// ************************************************************************* //
