/*--------------------------------*- C++ -*----------------------------------*\
| =========                 |                                                 |
| \\      /  F ield         | OpenFOAM: The Open Source CFD Toolbox           |
|  \\    /   O peration     | Version:  2412                                  |
|   \\  /    A nd           | Website:  www.openfoam.com                      |
|    \\/     M anipulation  |                                                 |
\*---------------------------------------------------------------------------*/
FoamFile
{
    version     2.0;
    format      ascii;
    arch        "LSB;label=32;scalar=64";
    class       volScalarField;
    location    "500";
    object      omega;
}
// * * * * * * * * * * * * * * * * * * * * * * * * * * * * * * * * * * * * * //

dimensions      [0 0 -1 0 0 0 0];

internalField   nonuniform List<scalar> 
17500
(
137.016
145.979
153.153
158.88
163.436
167.037
169.852
172.024
173.669
174.884
175.748
176.329
176.678
176.842
176.855
176.748
176.545
176.266
175.928
175.543
175.122
174.675
174.208
173.729
173.241
172.748
172.255
171.763
171.275
170.793
170.318
169.851
169.393
168.945
168.508
168.082
167.667
167.263
166.875
166.501
166.14
165.791
165.453
165.125
164.807
164.498
164.198
163.906
163.622
163.346
163.077
162.815
162.559
162.311
162.068
161.831
161.601
161.376
161.156
160.942
160.733
160.529
160.331
160.136
159.947
159.762
159.581
159.405
159.232
159.064
158.9
158.739
158.582
158.429
158.279
158.132
157.989
157.849
157.712
157.578
157.447
157.318
157.193
157.07
156.949
156.831
156.716
156.602
156.491
156.382
156.275
156.171
156.067
155.966
155.867
155.769
155.673
155.579
155.486
155.422
12.4839
16.0316
19.5763
23.1394
26.499
29.5611
32.303
34.7324
36.8696
38.7399
40.3703
41.787
43.0148
44.0763
44.9919
45.7801
46.4567
47.0359
47.5302
47.9502
48.3054
48.604
48.8533
49.0597
49.229
49.3664
49.4768
49.5647
49.6343
49.6897
49.735
49.7738
49.8097
49.8463
49.8864
49.9329
49.9882
50.0543
50.1288
50.2129
50.3068
50.4105
50.5234
50.6447
50.7736
50.9093
51.0507
51.1972
51.3478
51.502
51.6589
51.8182
51.9791
52.1412
52.3042
52.4675
52.6308
52.7939
52.9563
53.1179
53.2783
53.4373
53.5948
53.7505
53.9042
54.0558
54.2052
54.3522
54.4969
54.639
54.7786
54.9157
55.0502
55.1822
55.3117
55.4387
55.5633
55.6854
55.8052
55.9227
56.038
56.1511
56.2621
56.3711
56.4781
56.5831
56.6863
56.7877
56.8874
56.9853
57.0817
57.1764
57.2696
57.3611
57.451
57.539
57.6245
57.7063
57.7818
57.8478
8.19013
8.50835
8.92728
9.42207
9.96042
10.517
11.0744
11.6207
12.1482
12.6522
13.1298
13.5797
14.0015
14.3956
14.7628
15.1041
15.4209
15.7145
15.9864
16.2379
16.4704
16.6853
16.8838
17.0673
17.2368
17.3936
17.5387
17.673
17.7977
17.9135
18.0215
18.1226
18.2175
18.307
18.3921
18.4733
18.5515
18.6272
18.6996
18.7693
18.8368
18.9025
18.9667
19.0297
19.0917
19.1529
19.2135
19.2735
19.3331
19.3924
19.4514
19.5102
19.5688
19.6272
19.6855
19.7437
19.8019
19.86
19.9181
19.9764
20.0348
20.0936
20.1527
20.2124
20.2728
20.3339
20.3959
20.459
20.5231
20.5884
20.6548
20.7225
20.7914
20.8615
20.9327
21.0051
21.0784
21.1527
21.2278
21.3037
21.3803
21.4575
21.5351
21.6131
21.6914
21.7699
21.8485
21.9272
22.0058
22.0844
22.1628
22.241
22.3189
22.3965
22.4737
22.5503
22.6263
22.7013
22.775
22.8476
7.95048
7.91719
7.90251
7.90641
7.92745
7.96334
8.0116
8.06978
8.13567
8.20731
8.283
8.36132
8.44106
8.52127
8.60113
8.68003
8.75746
8.83304
8.90648
8.97757
9.04615
9.11215
9.1755
9.23621
9.29427
9.34973
9.40265
9.45309
9.50114
9.54689
9.59044
9.63189
9.67136
9.70894
9.74476
9.77893
9.81157
9.84277
9.87262
9.90123
9.92867
9.95503
9.98038
10.0048
10.0284
10.0511
10.0731
10.0945
10.1152
10.1354
10.155
10.1741
10.1928
10.2111
10.2289
10.2465
10.2637
10.2807
10.2974
10.3138
10.3301
10.3462
10.3621
10.378
10.3938
10.4095
10.4253
10.441
10.4568
10.4726
10.4886
10.5046
10.5207
10.5369
10.5533
10.5698
10.5864
10.6032
10.6202
10.6372
10.6544
10.6718
10.6893
10.7069
10.7246
10.7425
10.7605
10.7786
10.7968
10.8152
10.8336
10.8522
10.8709
10.8896
10.9085
10.9275
10.9466
10.9659
10.9853
11.0051
7.93933
7.87995
7.82344
7.7701
7.7202
7.67386
7.63114
7.59197
7.55626
7.52385
7.49455
7.46814
7.44442
7.42315
7.40412
7.38712
7.37195
7.35841
7.34633
7.33556
7.32593
7.31732
7.3096
7.30266
7.29641
7.29074
7.28558
7.28086
7.27653
7.27251
7.26876
7.26525
7.26193
7.25877
7.25575
7.25284
7.25002
7.24729
7.24461
7.24198
7.2394
7.23685
7.23434
7.23184
7.22937
7.22691
7.22447
7.22205
7.21963
7.21724
7.21485
7.21249
7.21013
7.2078
7.20548
7.20319
7.20091
7.19866
7.19643
7.19423
7.19206
7.18992
7.18782
7.18575
7.18371
7.18172
7.17977
7.17786
7.176
7.17418
7.17242
7.17071
7.16906
7.16746
7.16593
7.16445
7.16304
7.1617
7.16042
7.15921
7.15806
7.15699
7.156
7.15508
7.15423
7.15346
7.15278
7.15217
7.15165
7.15121
7.15086
7.15061
7.15044
7.15038
7.15041
7.15056
7.15081
7.15119
7.1517
7.15237
7.93894
7.87839
7.81948
7.76217
7.70645
7.65229
7.59969
7.5486
7.49903
7.45094
7.40431
7.35911
7.3153
7.27287
7.23176
7.19194
7.15337
7.11602
7.07984
7.04479
7.01083
6.97792
6.94603
6.9151
6.88512
6.85603
6.8278
6.8004
6.7738
6.74796
6.72284
6.69843
6.6747
6.6516
6.62913
6.60726
6.58595
6.5652
6.54497
6.52526
6.50603
6.48727
6.46896
6.4511
6.43365
6.41661
6.39996
6.38369
6.36778
6.35223
6.33702
6.32213
6.30757
6.29332
6.27937
6.26571
6.25233
6.23922
6.22639
6.2138
6.20147
6.18939
6.17754
6.16592
6.15453
6.14335
6.13239
6.12164
6.11109
6.10074
6.09058
6.08061
6.07083
6.06123
6.0518
6.04254
6.03346
6.02454
6.01578
6.00718
5.99874
5.99045
5.98232
5.97433
5.96648
5.95878
5.95122
5.9438
5.93652
5.92938
5.92236
5.91548
5.90874
5.90213
5.89564
5.88929
5.88308
5.87699
5.87105
5.86524
7.93892
7.87833
7.81933
7.76185
7.70586
7.65131
7.59814
7.54632
7.4958
7.44655
7.39853
7.35171
7.30606
7.26153
7.21811
7.17575
7.13444
7.09414
7.05483
7.01647
6.97905
6.94253
6.90689
6.87211
6.83816
6.80501
6.77265
6.74105
6.71019
6.68005
6.6506
6.62184
6.59373
6.56626
6.53941
6.51316
6.4875
6.46241
6.43786
6.41385
6.39037
6.36739
6.3449
6.32288
6.30133
6.28023
6.25957
6.23934
6.21952
6.20011
6.18108
6.16244
6.14417
6.12626
6.1087
6.09149
6.07461
6.05806
6.04182
6.02589
6.01026
5.99493
5.97988
5.96511
5.95062
5.93639
5.92242
5.9087
5.89523
5.882
5.86901
5.85625
5.84372
5.8314
5.8193
5.80741
5.79573
5.78425
5.77297
5.76188
5.75098
5.74027
5.72974
5.71938
5.7092
5.6992
5.68936
5.67968
5.67017
5.66082
5.65163
5.64258
5.6337
5.62496
5.61636
5.60792
5.59961
5.59145
5.58343
5.57555
7.93891
7.87831
7.81928
7.76177
7.70574
7.65113
7.59788
7.54596
7.49532
7.44592
7.39772
7.35067
7.30475
7.25991
7.21613
7.17337
7.1316
7.09079
7.05092
7.01195
6.97387
6.93664
6.90024
6.86465
6.82985
6.79581
6.76252
6.72994
6.69808
6.66689
6.63637
6.6065
6.57726
6.54864
6.52061
6.49316
6.46628
6.43995
6.41416
6.3889
6.36414
6.33988
6.3161
6.2928
6.26996
6.24756
6.22561
6.20407
6.18296
6.16225
6.14193
6.12201
6.10245
6.08327
6.06444
6.04597
6.02783
6.01003
5.99255
5.9754
5.95855
5.942
5.92576
5.9098
5.89413
5.87873
5.8636
5.84874
5.83413
5.81978
5.80568
5.79181
5.77819
5.76479
5.75162
5.73868
5.72595
5.71343
5.70113
5.68902
5.67712
5.66541
5.65389
5.64257
5.63142
5.62046
5.60967
5.59906
5.58862
5.57834
5.56823
5.55829
5.5485
5.53886
5.52938
5.52005
5.51087
5.50183
5.49293
5.48418
7.93885
7.87816
7.81905
7.76146
7.70534
7.65063
7.5973
7.54528
7.49455
7.44504
7.39673
7.34958
7.30354
7.25858
7.21466
7.17176
7.12984
7.08887
7.04883
7.00968
6.9714
6.93396
6.89734
6.86151
6.82646
6.79215
6.75858
6.72571
6.69354
6.66203
6.63118
6.60096
6.57136
6.54235
6.51394
6.4861
6.45881
6.43206
6.40584
6.38013
6.35492
6.33021
6.30597
6.28219
6.25887
6.23598
6.21354
6.19151
6.16989
6.14867
6.12785
6.1074
6.08733
6.06763
6.04828
6.02928
6.01062
5.99229
5.97429
5.9566
5.93922
5.92215
5.90538
5.88889
5.87269
5.85677
5.84112
5.82573
5.81061
5.79574
5.78112
5.76674
5.7526
5.7387
5.72502
5.71157
5.69834
5.68533
5.67253
5.65993
5.64754
5.63534
5.62334
5.61153
5.59991
5.58847
5.57722
5.56613
5.55523
5.54449
5.53392
5.52351
5.51327
5.50318
5.49325
5.48347
5.47384
5.46436
5.45502
5.44582
7.93857
7.87756
7.81815
7.76028
7.70389
7.64893
7.59535
7.54311
7.49215
7.44244
7.39394
7.3466
7.30038
7.25525
7.21118
7.16813
7.12606
7.08495
7.04477
7.00549
6.96708
6.92952
6.89277
6.85683
6.82165
6.78723
6.75353
6.72055
6.68825
6.65662
6.62565
6.59531
6.56558
6.53645
6.50791
6.47993
6.45251
6.42562
6.39926
6.37342
6.34807
6.3232
6.29881
6.27488
6.2514
6.22837
6.20576
6.18356
6.16178
6.1404
6.1194
6.09878
6.07854
6.05866
6.03913
6.01995
6.00111
5.9826
5.96441
5.94653
5.92897
5.91171
5.89474
5.87807
5.86167
5.84556
5.82971
5.81413
5.79881
5.78374
5.76892
5.75435
5.74001
5.72591
5.71204
5.69839
5.68496
5.67175
5.65875
5.64596
5.63336
5.62097
5.60877
5.59677
5.58495
5.57331
5.56186
5.55058
5.53948
5.52855
5.51778
5.50718
5.49674
5.48646
5.47634
5.46636
5.45654
5.44687
5.43734
5.42795
7.93797
7.87632
7.8163
7.75786
7.70094
7.64549
7.59146
7.53879
7.48745
7.43738
7.38854
7.34089
7.29439
7.24899
7.20468
7.1614
7.11913
7.07783
7.03748
6.99804
6.95948
6.92178
6.88491
6.84885
6.81357
6.77906
6.74527
6.71221
6.67984
6.64814
6.6171
6.5867
6.55692
6.52775
6.49916
6.47114
6.44367
6.41675
6.39036
6.36447
6.33909
6.31419
6.28977
6.26582
6.24231
6.21924
6.1966
6.17438
6.15257
6.13116
6.11013
6.08949
6.06922
6.04931
6.02975
6.01054
5.99166
5.97312
5.9549
5.93699
5.9194
5.9021
5.8851
5.86839
5.85196
5.8358
5.81992
5.8043
5.78894
5.77383
5.75897
5.74436
5.72998
5.71584
5.70192
5.68823
5.67476
5.6615
5.64845
5.63561
5.62297
5.61053
5.59828
5.58623
5.57436
5.56267
5.55117
5.53984
5.52869
5.5177
5.50689
5.49623
5.48574
5.47541
5.46523
5.4552
5.44533
5.4356
5.42601
5.41656
7.93721
7.87472
7.81393
7.75478
7.6972
7.64115
7.58656
7.53339
7.48159
7.4311
7.38187
7.33387
7.28705
7.24137
7.19679
7.15328
7.11079
7.0693
7.02877
6.98917
6.95047
6.91265
6.87567
6.83951
6.80414
6.76954
6.73569
6.70257
6.67015
6.63841
6.60733
6.5769
6.5471
6.5179
6.4893
6.46127
6.4338
6.40687
6.38048
6.3546
6.32922
6.30434
6.27993
6.25598
6.23249
6.20944
6.18682
6.16462
6.14283
6.12143
6.10043
6.07981
6.05956
6.03967
6.02014
6.00095
5.9821
5.96358
5.94538
5.9275
5.90993
5.89266
5.87568
5.85899
5.84258
5.82645
5.81059
5.79499
5.77965
5.76456
5.74973
5.73513
5.72077
5.70664
5.69275
5.67907
5.66562
5.65237
5.63934
5.62652
5.61389
5.60147
5.58923
5.57719
5.56534
5.55366
5.54217
5.53085
5.51971
5.50874
5.49793
5.48728
5.4768
5.46647
5.4563
5.44628
5.43641
5.42669
5.41711
5.40767
7.93655
7.87338
7.812
7.75235
7.69434
7.63792
7.58301
7.52955
7.4775
7.42679
7.37737
7.3292
7.28223
7.23642
7.19173
7.14811
7.10553
7.06396
7.02336
6.98371
6.94496
6.90709
6.87007
6.83388
6.79848
6.76386
6.73
6.69686
6.66443
6.63268
6.6016
6.57117
6.54137
6.51218
6.48358
6.45556
6.4281
6.40118
6.3748
6.34894
6.32358
6.2987
6.27431
6.25038
6.22691
6.20388
6.18128
6.1591
6.13733
6.11596
6.09497
6.07437
6.05415
6.03428
6.01477
5.9956
5.97677
5.95828
5.9401
5.92224
5.90469
5.88744
5.87048
5.85382
5.83743
5.82132
5.80548
5.7899
5.77458
5.75952
5.7447
5.73012
5.71578
5.70168
5.6878
5.67414
5.6607
5.64748
5.63447
5.62166
5.60905
5.59664
5.58443
5.5724
5.56057
5.54891
5.53743
5.52613
5.515
5.50404
5.49325
5.48262
5.47215
5.46184
5.45168
5.44167
5.43181
5.4221
5.41253
5.4031
7.93721
7.87472
7.81393
7.75478
7.6972
7.64115
7.58656
7.53339
7.48159
7.4311
7.38187
7.33387
7.28705
7.24137
7.19679
7.15328
7.11079
7.0693
7.02877
6.98917
6.95047
6.91265
6.87567
6.83951
6.80414
6.76954
6.73569
6.70257
6.67015
6.63841
6.60733
6.5769
6.5471
6.5179
6.4893
6.46127
6.4338
6.40687
6.38048
6.3546
6.32922
6.30434
6.27993
6.25598
6.23249
6.20944
6.18682
6.16462
6.14283
6.12143
6.10043
6.07981
6.05956
6.03967
6.02014
6.00095
5.9821
5.96358
5.94538
5.9275
5.90993
5.89265
5.87568
5.85899
5.84258
5.82645
5.81058
5.79499
5.77965
5.76456
5.74972
5.73513
5.72077
5.70664
5.69274
5.67907
5.66561
5.65237
5.63933
5.62651
5.61388
5.60146
5.58922
5.57718
5.56532
5.55365
5.54215
5.53084
5.51969
5.50871
5.4979
5.48726
5.47677
5.46644
5.45627
5.44625
5.43637
5.42665
5.41706
5.40762
7.93797
7.87632
7.8163
7.75786
7.70094
7.64549
7.59146
7.53879
7.48745
7.43738
7.38854
7.34089
7.29439
7.24899
7.20468
7.1614
7.11913
7.07783
7.03748
6.99804
6.95948
6.92178
6.88491
6.84885
6.81357
6.77906
6.74527
6.71221
6.67984
6.64814
6.6171
6.5867
6.55692
6.52775
6.49916
6.47114
6.44367
6.41675
6.39036
6.36447
6.33909
6.31419
6.28977
6.26582
6.24231
6.21924
6.1966
6.17438
6.15257
6.13116
6.11013
6.08949
6.06922
6.04931
6.02975
6.01054
5.99166
5.97312
5.9549
5.93699
5.9194
5.9021
5.8851
5.86839
5.85196
5.8358
5.81992
5.8043
5.78894
5.77383
5.75898
5.74436
5.72998
5.71584
5.70192
5.68823
5.67475
5.6615
5.64845
5.63561
5.62297
5.61053
5.59828
5.58622
5.57435
5.56267
5.55116
5.53983
5.52868
5.51769
5.50687
5.49622
5.48572
5.47538
5.4652
5.45517
5.44529
5.43556
5.42596
5.41651
7.93857
7.87756
7.81815
7.76028
7.70389
7.64893
7.59535
7.54311
7.49215
7.44244
7.39394
7.3466
7.30038
7.25525
7.21118
7.16813
7.12606
7.08495
7.04477
7.00549
6.96708
6.92952
6.89277
6.85683
6.82165
6.78723
6.75353
6.72055
6.68825
6.65663
6.62565
6.59531
6.56558
6.53645
6.50791
6.47993
6.45251
6.42562
6.39926
6.37342
6.34807
6.3232
6.29881
6.27488
6.25141
6.22837
6.20576
6.18356
6.16178
6.1404
6.1194
6.09879
6.07854
6.05866
6.03913
6.01995
6.00111
5.9826
5.96441
5.94654
5.92897
5.91171
5.89475
5.87807
5.86168
5.84556
5.82971
5.81413
5.79881
5.78374
5.76893
5.75435
5.74002
5.72592
5.71204
5.69839
5.68497
5.67175
5.65875
5.64595
5.63336
5.62097
5.60877
5.59676
5.58494
5.5733
5.56185
5.55057
5.53946
5.52853
5.51776
5.50715
5.49671
5.48642
5.47629
5.46631
5.45648
5.4468
5.43726
5.42786
7.93885
7.87816
7.81905
7.76146
7.70534
7.65063
7.5973
7.54528
7.49455
7.44504
7.39673
7.34958
7.30354
7.25858
7.21466
7.17176
7.12984
7.08887
7.04883
7.00968
6.9714
6.93396
6.89734
6.86151
6.82646
6.79215
6.75858
6.72571
6.69354
6.66203
6.63118
6.60096
6.57136
6.54236
6.51394
6.4861
6.45881
6.43206
6.40584
6.38013
6.35492
6.33021
6.30597
6.28219
6.25887
6.23599
6.21354
6.19151
6.16989
6.14867
6.12785
6.1074
6.08733
6.06763
6.04828
6.02928
6.01062
5.99229
5.97429
5.9566
5.93922
5.92215
5.90538
5.88889
5.87269
5.85677
5.84112
5.82573
5.8106
5.79573
5.78111
5.76673
5.75259
5.73869
5.72501
5.71156
5.69833
5.68531
5.6725
5.6599
5.6475
5.6353
5.6233
5.61148
5.59986
5.58841
5.57715
5.56606
5.55514
5.54439
5.53381
5.52339
5.51313
5.50303
5.49308
5.48328
5.47363
5.46413
5.45477
5.44555
7.93891
7.87831
7.81928
7.76177
7.70574
7.65113
7.59788
7.54596
7.49532
7.44592
7.39772
7.35067
7.30475
7.25991
7.21613
7.17337
7.1316
7.09079
7.05092
7.01195
6.97387
6.93664
6.90024
6.86465
6.82985
6.79581
6.76252
6.72995
6.69808
6.66689
6.63637
6.6065
6.57726
6.54864
6.52061
6.49316
6.46628
6.43995
6.41416
6.3889
6.36414
6.33988
6.3161
6.2928
6.26996
6.24756
6.2256
6.20407
6.18296
6.16225
6.14193
6.122
6.10245
6.08327
6.06444
6.04596
6.02783
6.01002
5.99255
5.97539
5.95854
5.94199
5.92574
5.90978
5.8941
5.8787
5.86357
5.84871
5.8341
5.81974
5.80563
5.79176
5.77813
5.76473
5.75155
5.7386
5.72586
5.71333
5.70101
5.6889
5.67698
5.66525
5.65372
5.64237
5.63121
5.62022
5.60941
5.59878
5.58831
5.578
5.56786
5.55787
5.54804
5.53836
5.52884
5.51945
5.51022
5.50112
5.49216
5.48333
7.93892
7.87833
7.81933
7.76185
7.70586
7.65131
7.59814
7.54632
7.4958
7.44655
7.39853
7.35171
7.30606
7.26153
7.21811
7.17575
7.13444
7.09414
7.05483
7.01647
6.97905
6.94253
6.90689
6.87211
6.83816
6.80501
6.77265
6.74105
6.71019
6.68005
6.65061
6.62184
6.59373
6.56626
6.53941
6.51316
6.4875
6.4624
6.43786
6.41385
6.39037
6.36738
6.34489
6.32288
6.30133
6.28023
6.25957
6.23933
6.21951
6.2001
6.18107
6.16243
6.14415
6.12624
6.10868
6.09147
6.07458
6.05802
6.04178
6.02585
6.01021
5.99487
5.97982
5.96504
5.95054
5.9363
5.92232
5.90859
5.8951
5.88186
5.86885
5.85607
5.84352
5.83118
5.81906
5.80715
5.79543
5.78392
5.77261
5.76148
5.75054
5.73978
5.7292
5.7188
5.70856
5.69849
5.68859
5.67884
5.66925
5.65981
5.65053
5.64138
5.63239
5.62353
5.61481
5.60623
5.59778
5.58946
5.58127
5.5732
7.93894
7.87839
7.81948
7.76217
7.70645
7.65229
7.59969
7.5486
7.49903
7.45094
7.40431
7.35911
7.31531
7.27287
7.23176
7.19194
7.15337
7.11602
7.07984
7.04479
7.01083
6.97792
6.94603
6.91511
6.88512
6.85603
6.8278
6.8004
6.7738
6.74796
6.72284
6.69843
6.6747
6.6516
6.62913
6.60726
6.58595
6.5652
6.54497
6.52525
6.50602
6.48726
6.46895
6.45108
6.43364
6.41659
6.39994
6.38366
6.36775
6.3522
6.33698
6.32209
6.30753
6.29327
6.27931
6.26564
6.25225
6.23914
6.22628
6.21369
6.20135
6.18924
6.17738
6.16574
6.15432
6.14313
6.13214
6.12136
6.11077
6.10039
6.09019
6.08018
6.07035
6.06069
6.05121
6.04189
6.03274
6.02375
6.01491
6.00623
5.99769
5.98931
5.98106
5.97295
5.96498
5.95714
5.94943
5.94185
5.93439
5.92705
5.91984
5.91274
5.90575
5.89887
5.89211
5.88545
5.87889
5.87244
5.86609
5.85984
7.93933
7.87995
7.82344
7.7701
7.7202
7.67387
7.63114
7.59198
7.55627
7.52386
7.49456
7.46816
7.44443
7.42317
7.40414
7.38714
7.37197
7.35843
7.34636
7.33559
7.32596
7.31735
7.30963
7.3027
7.29644
7.29077
7.28562
7.2809
7.27656
7.27255
7.2688
7.26529
7.26197
7.25881
7.25579
7.25288
7.25006
7.24732
7.24464
7.24201
7.23942
7.23687
7.23435
7.23185
7.22937
7.2269
7.22445
7.22202
7.2196
7.21719
7.21479
7.2124
7.21003
7.20768
7.20534
7.20302
7.20071
7.19843
7.19617
7.19393
7.19172
7.18953
7.18737
7.18524
7.18314
7.18108
7.17905
7.17705
7.1751
7.17318
7.17131
7.16948
7.16769
7.16595
7.16425
7.16261
7.16101
7.15946
7.15795
7.1565
7.1551
7.15375
7.15244
7.15119
7.14998
7.14882
7.14771
7.14665
7.14564
7.14467
7.14374
7.14286
7.14202
7.14123
7.14048
7.13976
7.13909
7.13846
7.13786
7.13731
7.95048
7.9172
7.90252
7.90643
7.92748
7.96339
8.01166
8.06985
8.13576
8.20741
8.28311
8.36144
8.4412
8.52141
8.60129
8.6802
8.75764
8.83322
8.90667
8.97776
9.04635
9.11235
9.17571
9.23642
9.29449
9.34995
9.40287
9.45331
9.50137
9.54712
9.59067
9.63212
9.67158
9.70917
9.74498
9.77915
9.81178
9.84297
9.87282
9.90142
9.92885
9.95519
9.98053
10.0049
10.0285
10.0512
10.0732
10.0945
10.1152
10.1354
10.1549
10.174
10.1927
10.2109
10.2287
10.2462
10.2633
10.2802
10.2968
10.3131
10.3293
10.3453
10.3611
10.3768
10.3925
10.408
10.4236
10.4391
10.4546
10.4702
10.4858
10.5016
10.5173
10.5332
10.5492
10.5653
10.5814
10.5977
10.6141
10.6305
10.6471
10.6637
10.6805
10.6973
10.7141
10.731
10.748
10.765
10.782
10.799
10.8161
10.8331
10.8501
10.8671
10.8841
10.9011
10.918
10.9349
10.9517
10.9685
8.19017
8.50844
8.92745
9.42233
9.96076
10.5175
11.0749
11.6212
12.1488
12.6528
13.1305
13.5804
14.0023
14.3964
14.7636
15.105
15.4218
15.7154
15.9873
16.2388
16.4713
16.6862
16.8848
17.0682
17.2378
17.3945
17.5396
17.6739
17.7986
17.9144
18.0224
18.1235
18.2184
18.3079
18.393
18.4742
18.5523
18.628
18.7004
18.7701
18.8375
18.9032
18.9674
19.0303
19.0923
19.1535
19.214
19.274
19.3335
19.3928
19.4517
19.5103
19.5688
19.6271
19.6853
19.7434
19.8013
19.8592
19.9172
19.9752
20.0334
20.0918
20.1507
20.21
20.27
20.3307
20.3923
20.4549
20.5185
20.5832
20.6491
20.7161
20.7843
20.8536
20.924
20.9955
21.0679
21.1411
21.2152
21.2899
21.3652
21.441
21.5172
21.5936
21.6702
21.7469
21.8236
21.9002
21.9767
22.0528
22.1287
22.2042
22.2792
22.3538
22.4278
22.5012
22.574
22.6462
22.7176
22.7884
12.4844
16.0326
19.578
23.1416
26.5017
29.5641
32.3063
34.7358
36.8732
38.7437
40.3742
41.7909
43.0187
44.0802
44.9959
45.7839
46.4606
47.0398
47.534
47.954
48.3092
48.6077
48.857
49.0633
49.2326
49.3699
49.4803
49.5681
49.6377
49.6931
49.7383
49.7771
49.813
49.8496
49.8897
49.9362
49.9915
50.0575
50.1321
50.2161
50.3101
50.4138
50.5267
50.648
50.7769
50.9124
51.0538
51.2002
51.3508
51.5049
51.6617
51.8208
51.9816
52.1436
52.3064
52.4695
52.6326
52.7954
52.9575
53.1188
53.2789
53.4375
53.5945
53.7497
53.9029
54.054
54.2028
54.3491
54.493
54.6343
54.7731
54.9092
55.0427
55.1735
55.3018
55.4274
55.5506
55.6711
55.7893
55.905
56.0183
56.1293
56.238
56.3445
56.4489
56.5511
56.6512
56.7494
56.8455
56.9397
57.032
57.1225
57.2111
57.298
57.3832
57.4667
57.5485
57.6287
57.7073
57.7844
137.026
145.99
153.164
158.892
163.449
167.049
169.865
172.036
173.681
174.896
175.761
176.341
176.691
176.854
176.867
176.76
176.557
176.278
175.939
175.554
175.133
174.686
174.22
173.74
173.252
172.759
172.266
171.774
171.286
170.804
170.328
169.861
169.404
168.956
168.519
168.092
167.677
167.274
166.886
166.512
166.151
165.802
165.464
165.136
164.818
164.509
164.209
163.918
163.634
163.357
163.089
162.827
162.571
162.323
162.08
161.844
161.614
161.389
161.17
160.957
160.748
160.545
160.347
160.153
159.965
159.78
159.601
159.425
159.254
159.087
158.924
158.765
158.609
158.458
158.31
158.165
158.024
157.886
157.752
157.621
157.492
157.367
157.245
157.126
157.009
156.896
156.785
156.676
156.57
156.467
156.366
156.268
156.172
156.078
155.986
155.897
155.809
155.724
155.641
155.559
170.55
177.194
179.733
179.922
178.483
175.847
172.381
168.31
163.784
158.956
153.956
148.891
143.844
138.883
134.061
129.413
124.965
120.732
116.719
112.927
109.35
105.978
102.799
99.7997
96.9674
94.2888
91.7513
89.3436
87.0553
84.8771
82.8008
80.819
78.9252
77.1132
75.3776
73.7138
72.1173
70.5843
69.1112
67.6948
66.3319
65.0197
63.7554
62.5365
61.3606
60.2254
59.1285
58.0681
57.042
56.0483
55.0855
54.1518
53.2459
52.3663
51.5118
50.6812
49.8735
49.0876
48.3228
47.5782
46.853
46.1465
45.458
44.7868
44.1323
43.4938
42.8708
42.2629
41.6694
41.0899
40.5239
39.971
39.4306
38.9022
38.3855
37.8799
37.3849
36.9001
36.425
35.9592
35.5022
35.0537
34.6134
34.1809
33.7562
33.339
32.9292
32.5265
32.1306
31.7414
31.3586
30.9819
30.6113
30.2465
29.8873
29.5335
29.1853
28.8427
28.5057
28.1744
27.8488
27.5287
27.2141
26.9049
26.6009
26.3022
26.0087
25.7205
25.4378
25.1607
24.8892
24.6232
24.3627
24.1075
23.8577
23.6132
23.3742
23.141
22.9135
22.6916
22.4752
22.2643
22.0588
21.8589
21.6651
21.4772
21.2945
21.1169
20.944
20.7753
20.6108
20.4506
20.2944
20.1423
19.9943
19.8501
19.7099
19.5734
19.4408
19.3118
19.1863
19.0644
18.946
18.8309
18.7191
18.6107
18.5054
18.4033
18.3043
18.2084
18.1153
18.0249
17.9373
17.8522
17.7696
17.6894
17.6117
17.5364
17.4633
17.3926
17.324
17.2577
17.1935
17.1313
17.0711
17.0128
16.9563
16.9016
16.8485
16.797
16.7469
16.6982
16.6507
16.6043
16.5589
16.5144
16.4706
16.4275
16.3849
16.3428
16.301
16.2596
16.2184
16.1773
16.1364
16.0953
16.0541
16.0125
15.9704
15.9274
15.8836
15.8385
15.7921
15.7442
15.6947
15.6433
15.5899
15.5345
15.477
15.4172
15.3553
15.291
15.2243
15.1554
15.0841
15.0103
14.9343
14.8558
14.775
14.6919
14.6065
14.5188
14.4289
14.3368
14.2426
14.1463
14.048
13.9478
13.8457
13.7419
13.6364
13.5293
13.4206
13.3104
13.1987
13.0856
12.971
12.8551
12.7379
12.6195
12.4999
12.3791
12.2573
12.1344
12.0106
11.8857
11.76
11.6333
11.5058
11.3775
11.2484
11.1185
10.988
10.8567
10.7249
10.5925
10.4595
10.3262
10.1924
10.0583
9.92398
9.78946
9.65481
9.5201
9.38542
9.25086
9.11653
8.98253
8.84898
8.716
8.58371
8.45226
8.32177
8.19239
8.06425
7.93749
7.81223
7.68858
7.56666
7.44657
7.32843
7.21233
7.09836
6.98658
6.87708
6.7699
6.66509
6.56269
6.46271
6.36517
6.27005
6.17735
6.08708
5.99922
5.91375
5.83063
5.74982
5.67126
5.5949
5.52068
5.44852
5.37834
5.31006
5.24363
5.17899
5.11607
5.0548
4.99511
4.93705
4.88322
57.9875
58.5442
59.6623
61.1005
62.7845
64.6406
66.601
68.6366
70.7343
72.8537
74.9526
76.9895
78.9246
80.7225
82.3523
83.7894
85.0152
86.0172
86.7894
87.3312
87.6469
87.7452
87.6382
87.3405
86.8687
86.2404
85.4736
84.5865
83.5967
82.5212
81.3752
80.166
78.9058
77.6091
76.289
74.9569
73.6224
72.2937
70.9775
69.6794
68.4036
67.1534
65.9311
64.7385
63.5766
62.4459
61.3465
60.2778
59.2393
58.2301
57.2493
56.2958
55.3686
54.4666
53.5889
52.7345
51.9023
51.0915
50.3013
49.531
48.7798
48.0471
47.3323
46.6347
45.9537
45.2888
44.6396
44.0054
43.3859
42.7806
42.189
41.6108
41.0454
40.4925
39.9516
39.4222
38.9039
38.3963
37.899
37.4115
36.9333
36.464
36.0034
35.5511
35.1069
34.6705
34.2416
33.82
33.4056
32.9979
32.5969
32.2022
31.8136
31.4309
31.0539
30.6824
30.3164
29.9558
29.6007
29.251
28.9068
28.568
28.2344
27.906
27.5828
27.2647
26.9515
26.6435
26.3408
26.0433
25.7513
25.4646
25.1832
24.9072
24.6363
24.3707
24.1105
23.8559
23.6068
23.3632
23.1252
22.8927
22.6658
22.4445
22.2291
22.0195
21.8156
21.6174
21.4255
21.2392
21.058
20.8819
20.7106
20.544
20.382
20.2245
20.0715
19.9227
19.7782
19.6377
19.5013
19.3687
19.2398
19.1147
18.9932
18.8753
18.7608
18.6497
18.5419
18.4372
18.3354
18.2365
18.1402
18.0466
17.9556
17.867
17.7808
17.697
17.6155
17.5363
17.4594
17.3846
17.312
17.2413
17.1727
17.1061
17.0412
16.9782
16.9168
16.8569
16.7986
16.7416
16.6859
16.6313
16.5778
16.5252
16.4734
16.4223
16.3718
16.3218
16.2722
16.223
16.1741
16.1254
16.0769
16.0284
15.9798
15.9309
15.8816
15.8316
15.7808
15.7289
15.6759
15.6215
15.5658
15.5084
15.4494
15.3886
15.3261
15.2617
15.1955
15.1273
15.0572
14.9851
14.911
14.8348
14.7566
14.6763
14.594
14.5097
14.4233
14.3351
14.2448
14.1527
14.0587
13.963
13.8655
13.7663
13.6655
13.5632
13.4594
13.3542
13.2476
13.1396
13.0303
12.9197
12.8077
12.6946
12.5803
12.4648
12.3481
12.2304
12.1116
11.9918
11.871
11.7491
11.6263
11.5026
11.3779
11.2523
11.1258
10.9985
10.8703
10.7413
10.6116
10.4811
10.3499
10.2181
10.0857
9.95278
9.8194
9.68565
9.55161
9.41737
9.28302
9.14867
9.01444
8.88044
8.74679
8.61364
8.48111
8.34936
8.21852
8.08876
7.96021
7.83301
7.70731
7.58323
7.46091
7.34045
7.22198
7.10559
6.99139
6.87943
6.76981
6.66257
6.55776
6.45541
6.35554
6.25816
6.16326
6.07084
5.9809
5.89342
5.80838
5.72575
5.64548
5.56753
5.49183
5.41833
5.34696
5.27763
5.21028
5.14484
5.08123
5.01939
4.95923
4.90068
4.84378
4.79094
22.9621
23.1978
23.5133
23.8657
24.2629
24.6991
25.1586
25.6484
26.1783
26.7549
27.3824
28.0641
28.8019
29.5969
30.449
31.357
32.3182
33.3288
34.3835
35.4762
36.5995
37.7456
38.906
40.0718
41.2341
42.3842
43.5136
44.6143
45.6789
46.7003
47.6722
48.5941
49.4614
50.2684
51.0103
51.6832
52.2842
52.8114
53.2637
53.6408
53.9432
54.1721
54.3293
54.4172
54.4385
54.3916
54.277
54.0993
53.8633
53.5742
53.2368
52.8562
52.4375
51.9852
51.5041
50.9984
50.4724
49.9298
49.3742
48.8088
48.2367
47.6605
47.0824
46.5047
45.9291
45.3571
44.7899
44.2287
43.6743
43.1274
42.5885
42.0581
41.5362
41.0232
40.5191
40.0238
39.5373
39.0596
38.5904
38.1292
37.6758
37.23
36.7914
36.3599
35.9351
35.517
35.1052
34.6996
34.2999
33.9058
33.5173
33.134
32.7557
32.3823
32.0134
31.6489
31.2888
30.9329
30.5811
30.2336
29.8902
29.551
29.2159
28.8848
28.5579
28.235
27.9162
27.6016
27.2912
26.9851
26.6835
26.3864
26.0937
25.8055
25.5219
25.2427
24.9682
24.6984
24.4335
24.1734
23.9182
23.6679
23.4225
23.1823
22.9473
22.7176
22.4934
22.2747
22.0619
21.8556
21.6555
21.4612
21.2721
21.0882
20.9094
20.7356
20.5668
20.4027
20.2432
20.0883
19.9378
19.7915
19.6493
19.5112
19.377
19.2466
19.1199
18.9968
18.8769
18.7602
18.6464
18.5354
18.4272
18.3216
18.2185
18.118
18.0199
17.9242
17.8309
17.7399
17.6512
17.5648
17.4805
17.3984
17.3183
17.2402
17.1641
17.0898
17.0173
16.9465
16.8773
16.8096
16.7432
16.6782
16.6143
16.5515
16.4896
16.4286
16.3684
16.3088
16.2499
16.1914
16.1333
16.0757
16.0184
15.9612
15.9042
15.8471
15.7899
15.7322
15.674
15.6152
15.5556
15.4951
15.4336
15.3709
15.3069
15.2417
15.1751
15.1072
15.0379
14.9671
14.8947
14.8207
14.7451
14.6679
14.5889
14.5083
14.426
14.342
14.2563
14.1689
14.0799
13.9893
13.8971
13.8033
13.7081
13.6113
13.5131
13.4135
13.3126
13.2103
13.1067
13.0018
12.8956
12.7882
12.6796
12.5698
12.4588
12.3467
12.2334
12.119
12.0034
11.8867
11.7689
11.65
11.53
11.4089
11.2867
11.1634
11.039
10.9136
10.7871
10.6596
10.5312
10.4017
10.2713
10.14
10.0079
9.87502
9.74148
9.60734
9.47273
9.33774
9.2025
9.06713
8.93175
8.79649
8.66152
8.52697
8.393
8.25978
8.12747
7.99623
7.86623
7.73762
7.61056
7.48519
7.36165
7.24008
7.12058
7.00328
6.88827
6.77563
6.66543
6.55773
6.45256
6.34997
6.24996
6.15254
6.05772
5.96549
5.87582
5.78871
5.70413
5.62203
5.54237
5.4651
5.39016
5.31749
5.24702
5.17867
5.11237
5.04805
4.98561
4.92499
4.86611
4.80887
4.75329
4.70158
11.0292
11.0625
11.1025
11.1473
11.1965
11.2556
11.3352
11.4315
11.5382
11.6524
11.7735
11.9014
12.0366
12.1795
12.3309
12.4915
12.6627
12.8455
13.0414
13.2515
13.4771
13.7194
13.9795
14.2584
14.5568
14.8756
15.2144
15.5743
15.9558
16.359
16.7837
17.2299
17.6974
18.1856
18.6938
19.2211
19.7662
20.3276
20.9038
21.4929
22.0929
22.7019
23.3176
23.9378
24.5602
25.1856
25.814
26.4421
27.0672
27.6862
28.2962
28.8916
29.4696
30.0279
30.5642
31.0765
31.5629
32.022
32.4522
32.8526
33.2222
33.5605
33.867
34.1416
34.3843
34.5954
34.7752
34.9244
35.0439
35.1344
35.1971
35.233
35.2435
35.2299
35.1934
35.1355
35.0575
34.9609
34.8468
34.7168
34.5721
34.4138
34.2431
34.0611
33.8688
33.6673
33.4574
33.24
33.0159
32.7856
32.55
32.3094
32.0645
31.8156
31.5631
31.3074
31.0488
30.7876
30.5242
30.2589
29.9921
29.7239
29.4548
29.1851
28.9153
28.6457
28.3766
28.1075
27.8387
27.5705
27.3031
27.0368
26.7716
26.5077
26.2452
25.9843
25.725
25.4676
25.2122
24.9589
24.7079
24.4593
24.2132
23.9699
23.7296
23.4926
23.2591
23.0296
22.8044
22.584
22.3688
22.159
21.9548
21.7561
21.5626
21.3741
21.1905
21.0117
20.8377
20.6684
20.5036
20.3432
20.187
20.0349
19.8867
19.7422
19.6014
19.464
19.3296
19.1981
19.0694
18.9434
18.8201
18.6994
18.5813
18.4657
18.3527
18.2421
18.134
18.0283
17.925
17.824
17.7254
17.629
17.5348
17.4427
17.3528
17.2649
17.1789
17.0948
17.0125
16.9318
16.8528
16.7752
16.6991
16.6243
16.5507
16.4782
16.4068
16.3362
16.2665
16.1975
16.1292
16.0616
15.9944
15.9278
15.8616
15.7956
15.7298
15.664
15.598
15.5319
15.4655
15.3987
15.3314
15.2635
15.1949
15.1255
15.0553
14.9841
14.912
14.8388
14.7644
14.689
14.6123
14.5343
14.4551
14.3745
14.2926
14.2094
14.1248
14.0389
13.9516
13.8629
13.7729
13.6815
13.5888
13.4948
13.3995
13.3029
13.205
13.1057
13.0052
12.9034
12.8003
12.696
12.5904
12.4835
12.3753
12.2659
12.1552
12.0432
11.9299
11.8153
11.6993
11.582
11.4634
11.3433
11.222
11.0992
10.9751
10.8496
10.7229
10.5948
10.4654
10.3348
10.2029
10.0699
9.93584
9.80076
9.66481
9.52809
9.39073
9.25287
9.11465
8.97623
8.83775
8.69938
8.5613
8.42367
8.2867
8.15057
8.01546
7.88158
7.7491
7.61819
7.48903
7.36178
7.23659
7.11359
6.99291
6.87467
6.75895
6.64585
6.53541
6.42768
6.3227
6.22048
6.12103
6.02436
5.93046
5.83931
5.75088
5.66516
5.58208
5.50161
5.42369
5.34825
5.27523
5.20456
5.13616
5.06994
5.00583
4.94374
4.8836
4.8253
4.76876
4.71389
4.66068
4.61111
7.15324
7.15442
7.156
7.15805
7.16066
7.16483
7.17236
7.1827
7.1948
7.20815
7.22261
7.23819
7.25501
7.27326
7.29307
7.31453
7.33768
7.36251
7.38903
7.41729
7.44734
7.47928
7.51322
7.5493
7.58767
7.62858
7.6727
7.71979
7.7699
7.82314
7.8797
7.93978
8.0036
8.07143
8.14349
8.21998
8.30114
8.38719
8.47835
8.57485
8.6769
8.78472
8.89851
9.01846
9.14479
9.27776
9.41768
9.56487
9.71962
9.88219
10.053
10.2342
10.426
10.6285
10.8418
11.066
11.3007
11.5459
11.8015
12.0674
12.3434
12.6291
12.9241
13.2279
13.54
13.8598
14.1867
14.52
14.8591
15.2032
15.5516
15.9037
16.2587
16.6159
16.9747
17.3342
17.6939
18.0532
18.4112
18.7676
19.1216
19.4726
19.8201
20.1635
20.5022
20.8358
21.1636
21.4851
21.7996
22.1068
22.4059
22.6963
22.9774
23.2486
23.5091
23.7582
23.9951
24.2192
24.4297
24.6259
24.807
24.9723
25.1212
25.2531
25.3674
25.4636
25.5412
25.6003
25.6406
25.662
25.6648
25.649
25.6151
25.5636
25.4951
25.4104
25.3104
25.1961
25.0685
24.9287
24.7779
24.6174
24.4482
24.2718
24.0893
23.9023
23.7124
23.521
23.3274
23.1325
22.9373
22.7424
22.549
22.3574
22.1679
21.9815
21.7986
21.6191
21.4426
21.2691
21.0984
20.9306
20.7656
20.6034
20.4438
20.2869
20.1326
19.9808
19.8318
19.6854
19.5417
19.4006
19.2623
19.1267
18.9937
18.8635
18.7359
18.6109
18.4886
18.3688
18.2516
18.1369
18.0246
17.9147
17.8072
17.7019
17.5988
17.4979
17.399
17.3021
17.2072
17.1141
17.0228
16.9332
16.8452
16.7588
16.6738
16.5902
16.5079
16.4268
16.3468
16.2677
16.1896
16.1123
16.0357
15.9599
15.8846
15.8098
15.7355
15.6615
15.5878
15.5142
15.4407
15.3673
15.2938
15.2203
15.1465
15.0725
14.9981
14.9232
14.8478
14.7717
14.695
14.6175
14.5392
14.46
14.3799
14.2989
14.2168
14.1338
14.0496
13.9644
13.8781
13.7906
13.7019
13.6121
13.521
13.4287
13.3351
13.2403
13.1442
13.0467
12.9479
12.8477
12.7461
12.643
12.5385
12.4326
12.3251
12.2162
12.1057
11.9936
11.8799
11.7645
11.6475
11.5288
11.4084
11.2862
11.1623
11.0366
10.9093
10.7802
10.6496
10.5173
10.3834
10.248
10.1111
9.97277
9.83314
9.69235
9.55057
9.40796
9.26468
9.12092
8.97686
8.83268
8.6886
8.5448
8.4015
8.25892
8.1173
7.97687
7.83787
7.7005
7.56497
7.43147
7.30017
7.17126
7.04487
6.92115
6.80021
6.68217
6.56709
6.45503
6.34603
6.24008
6.1372
6.03737
5.94061
5.84689
5.7562
5.6685
5.58375
5.50189
5.42285
5.34658
5.27298
5.20198
5.13348
5.06739
5.00362
4.94208
4.88267
4.82528
4.76983
4.71622
4.66436
4.61414
4.56555
4.5202
5.85951
5.85385
5.84827
5.84278
5.83739
5.83209
5.82692
5.82186
5.81694
5.81214
5.80749
5.80302
5.79879
5.79488
5.79133
5.78819
5.78545
5.78311
5.78114
5.77952
5.77824
5.77728
5.77663
5.77629
5.77625
5.77654
5.77728
5.77837
5.77979
5.78155
5.78367
5.78617
5.78904
5.79229
5.79594
5.79999
5.80447
5.80939
5.81476
5.82061
5.82695
5.8338
5.84118
5.84909
5.85756
5.86661
5.87625
5.88651
5.89739
5.90893
5.92114
5.93428
5.94855
5.96404
5.98081
5.99899
6.01891
6.0407
6.06436
6.08992
6.11747
6.14711
6.17896
6.21316
6.24984
6.28916
6.33129
6.37639
6.42466
6.47629
6.5315
6.59049
6.65351
6.72079
6.7926
6.86922
6.95091
7.03798
7.13074
7.22951
7.33462
7.44642
7.56526
7.69149
7.8255
7.96765
8.11831
8.27739
8.44534
8.62275
8.8101
9.00781
9.21625
9.43576
9.66663
9.90913
10.1634
10.4298
10.7081
10.9987
11.3013
11.6158
11.9421
12.2798
12.6284
12.9875
13.3563
13.734
14.1198
14.5124
14.9108
15.3135
15.719
16.1256
16.5313
16.9341
17.3314
17.7202
18.0973
18.4608
18.8087
19.1393
19.4505
19.7409
20.0089
20.2529
20.4719
20.6649
20.8318
20.9723
21.0864
21.1742
21.2363
21.2735
21.2869
21.2778
21.2478
21.1988
21.1328
21.0518
20.9577
20.8524
20.7378
20.6156
20.4876
20.3555
20.2211
20.0853
19.948
19.8103
19.6732
19.5371
19.4024
19.2692
19.1379
19.0084
18.881
18.756
18.6335
18.5135
18.396
18.2809
18.1684
18.0582
17.9499
17.8436
17.739
17.6363
17.5354
17.4362
17.3386
17.2427
17.1483
17.0555
16.9642
16.8744
16.7859
16.6987
16.6128
16.528
16.4442
16.3613
16.2794
16.1982
16.1177
16.0376
15.958
15.8787
15.7997
15.7211
15.6426
15.5643
15.4862
15.4081
15.3301
15.252
15.174
15.0958
15.0174
14.9387
14.8598
14.7805
14.7008
14.6206
14.5398
14.4584
14.3763
14.2934
14.2098
14.1253
14.0399
13.9536
13.8662
13.7778
13.6882
13.5975
13.5055
13.4122
13.3176
13.2216
13.1241
13.0251
12.9245
12.8222
12.7183
12.6126
12.5052
12.3959
12.2847
12.1717
12.0567
11.9397
11.8206
11.6995
11.5762
11.4508
11.3231
11.1932
11.0612
10.927
10.7908
10.6526
10.5125
10.3706
10.2269
10.0813
9.934
9.78502
9.6347
9.48331
9.3311
9.17828
9.02511
8.87182
8.71866
8.56586
8.41368
8.26235
8.11214
7.96335
7.81637
7.67151
7.52896
7.38894
7.25164
7.11725
6.98593
6.85785
6.73313
6.61189
6.49421
6.38014
6.26972
6.16296
6.05975
5.95993
5.86355
5.77062
5.68114
5.59507
5.51236
5.43295
5.35675
5.28365
5.21356
5.14636
5.08193
5.02015
4.9609
4.90406
4.84949
4.79709
4.74672
4.69829
4.65167
4.60677
4.56348
4.52171
4.48147
4.44378
5.56771
5.5599
5.55212
5.54437
5.53665
5.52896
5.5213
5.51368
5.5061
5.49855
5.49103
5.48356
5.47612
5.46872
5.46136
5.45407
5.44686
5.43974
5.43271
5.42579
5.41899
5.4123
5.40571
5.39923
5.39286
5.38659
5.38042
5.37437
5.36846
5.36266
5.35697
5.35139
5.34591
5.34052
5.33523
5.33002
5.32491
5.3199
5.31499
5.31018
5.30547
5.30087
5.29638
5.29199
5.28772
5.28356
5.27951
5.27559
5.27178
5.2681
5.26455
5.2612
5.25806
5.25514
5.25247
5.25005
5.24796
5.24624
5.24486
5.24385
5.2432
5.24295
5.2431
5.2437
5.24477
5.24633
5.24842
5.25108
5.25434
5.25825
5.26284
5.26816
5.27427
5.28122
5.28906
5.29785
5.30766
5.31856
5.33062
5.34394
5.35858
5.37465
5.39225
5.41148
5.43246
5.45533
5.48026
5.50814
5.539
5.57273
5.60935
5.64897
5.69174
5.73789
5.78766
5.84131
5.89916
5.96154
6.02882
6.10138
6.17967
6.26416
6.35534
6.45376
6.55997
6.67384
6.79606
6.92778
7.06998
7.22356
7.38938
7.5683
7.76115
7.96874
8.19184
8.43109
8.68686
8.96089
9.25506
9.56895
9.9019
10.253
10.6213
11.0053
11.4032
11.8132
12.2329
12.6595
13.0904
13.5223
13.952
14.376
14.7909
15.1931
15.5791
15.9457
16.2899
16.6092
16.902
17.1667
17.4026
17.6094
17.7875
17.9374
18.0604
18.158
18.2317
18.2836
18.3164
18.3317
18.3313
18.3171
18.2911
18.2548
18.2099
18.1575
18.0989
18.0356
17.9685
17.8985
17.8261
17.7522
17.6772
17.6015
17.525
17.4482
17.371
17.2936
17.2162
17.1389
17.0616
16.9846
16.908
16.8317
16.7559
16.6807
16.6061
16.5316
16.4571
16.3827
16.3084
16.2343
16.1603
16.0866
16.0131
15.9397
15.8662
15.7926
15.7189
15.6449
15.5706
15.4961
15.4213
15.3462
15.2706
15.1945
15.1178
15.0406
14.9627
14.8842
14.805
14.725
14.6443
14.5629
14.4806
14.3974
14.3132
14.2281
14.1419
14.0547
13.9662
13.8766
13.7856
13.6933
13.5995
13.5043
13.4075
13.309
13.2088
13.1068
13.0029
12.8971
12.7892
12.6791
12.5669
12.4523
12.3355
12.2164
12.095
11.9711
11.8449
11.7163
11.5851
11.4515
11.3152
11.1763
11.0345
10.8901
10.7433
10.5943
10.4433
10.2905
10.1358
9.97954
9.8217
9.66242
9.50189
9.34047
9.17849
9.01621
8.85386
8.69174
8.53017
8.36958
8.21024
8.05239
7.89634
7.74236
7.59076
7.44188
7.29604
7.15348
7.01443
6.8791
6.74769
6.62036
6.49724
6.37843
6.26395
6.15382
6.04807
5.94645
5.84875
5.75508
5.66552
5.58021
5.49907
5.42202
5.34891
5.27959
5.21392
5.1517
5.09277
5.03695
4.98406
4.93391
4.88634
4.84116
4.79821
4.75733
4.71837
4.68119
4.64566
4.61164
4.57903
4.54773
4.51763
4.48866
4.46088
4.43463
5.47546
5.46676
5.45806
5.44939
5.44072
5.43207
5.42343
5.41481
5.4062
5.3976
5.38902
5.38043
5.37186
5.36328
5.3547
5.34612
5.33754
5.32896
5.32038
5.31183
5.3033
5.29478
5.2863
5.27784
5.26943
5.26107
5.25276
5.24451
5.23633
5.22821
5.22012
5.21208
5.20408
5.19613
5.18821
5.18034
5.17251
5.16472
5.15697
5.14927
5.14161
5.13399
5.12642
5.11889
5.1114
5.10395
5.09656
5.0892
5.08189
5.07462
5.06741
5.06026
5.05318
5.04617
5.03923
5.03236
5.02558
5.01889
5.01229
5.00579
4.99939
4.99311
4.98694
4.98089
4.97498
4.96921
4.96359
4.95812
4.95282
4.9477
4.94277
4.93805
4.93354
4.92926
4.92523
4.92146
4.91798
4.9148
4.91194
4.90943
4.90729
4.90555
4.90424
4.90338
4.90302
4.90318
4.90392
4.9055
4.90794
4.91121
4.91533
4.92032
4.92623
4.93312
4.94106
4.95013
4.9604
4.97198
4.98497
4.99948
5.01565
5.03361
5.05353
5.07559
5.10004
5.12782
5.15918
5.19403
5.23251
5.27487
5.32143
5.37264
5.42899
5.49109
5.55966
5.63566
5.72061
5.8156
5.92167
6.03978
6.16982
6.31346
6.47251
6.64845
6.84255
7.05596
7.28965
7.54444
7.82089
8.11932
8.43972
8.78165
9.14427
9.52625
9.9258
10.3406
10.7677
11.2039
11.6456
12.0886
12.5289
12.9621
13.3841
13.7907
14.1782
14.5434
14.8835
15.1965
15.4809
15.736
15.9616
16.1579
16.3263
16.468
16.5848
16.6787
16.7517
16.8053
16.8416
16.863
16.8712
16.8682
16.8554
16.8345
16.808
16.7765
16.7406
16.7008
16.6576
16.6114
16.5625
16.5115
16.4586
16.4041
16.3486
16.2925
16.2356
16.1778
16.119
16.0593
15.9988
15.9376
15.8757
15.8133
15.7504
15.6872
15.6237
15.5594
15.4944
15.4285
15.3619
15.2944
15.2261
15.1568
15.0862
15.0144
14.9414
14.8672
14.7919
14.7155
14.6378
14.5591
14.4791
14.3978
14.3153
14.2315
14.1464
14.0599
13.9719
13.8825
13.7914
13.6988
13.6045
13.5085
13.4107
13.311
13.2093
13.1057
12.9999
12.892
12.7818
12.6693
12.5543
12.4366
12.3162
12.1932
12.0675
11.9393
11.8086
11.6752
11.5393
11.4007
11.2596
11.1159
10.9696
10.8207
10.6693
10.5157
10.3601
10.2027
10.0436
9.88302
9.721
9.55771
9.39336
9.22826
9.06284
8.89732
8.73184
8.56663
8.402
8.2383
8.07593
7.91533
7.75682
7.60075
7.44747
7.29732
7.15062
7.00764
6.86853
6.73352
6.60288
6.47683
6.35549
6.23894
6.12727
6.02049
5.91814
5.82025
5.72692
5.63824
5.55427
5.47494
5.40028
5.33031
5.26479
5.2035
5.1462
5.09265
5.04262
4.99588
4.95218
4.91132
4.87306
4.8372
4.80353
4.77187
4.74203
4.71384
4.68716
4.66184
4.63774
4.61476
4.59279
4.57174
4.55153
4.5321
4.51353
4.49581
5.43666
5.42751
5.41836
5.40921
5.40008
5.39094
5.38182
5.3727
5.36358
5.35446
5.34534
5.3362
5.32706
5.31789
5.3087
5.29948
5.29023
5.28096
5.27166
5.26234
5.253
5.24366
5.23431
5.22497
5.21567
5.2064
5.19717
5.18796
5.17878
5.16961
5.16048
5.15136
5.14227
5.1332
5.12415
5.11513
5.10613
5.09715
5.0882
5.07926
5.07036
5.06147
5.05261
5.04377
5.03495
5.02615
5.01738
5.00863
4.9999
4.99119
4.98252
4.97387
4.96525
4.95666
4.9481
4.93957
4.93108
4.92262
4.91419
4.9058
4.89745
4.88913
4.88086
4.87263
4.86445
4.85631
4.84822
4.84019
4.83221
4.82429
4.81643
4.80864
4.80091
4.79326
4.78569
4.7782
4.77079
4.76348
4.75627
4.74917
4.74218
4.73532
4.72858
4.72198
4.71553
4.70924
4.70312
4.6972
4.69148
4.68599
4.68075
4.67577
4.67107
4.66668
4.6626
4.65887
4.65552
4.65256
4.65003
4.64796
4.64639
4.64535
4.6449
4.64508
4.64597
4.64789
4.65094
4.65507
4.66028
4.66665
4.67425
4.68319
4.69363
4.70575
4.71978
4.73608
4.7551
4.77718
4.80271
4.83234
4.8678
4.90921
4.95665
5.01053
5.07147
5.14025
5.21776
5.30498
5.40297
5.51289
5.63586
5.77212
5.92233
6.08892
6.27367
6.47796
6.70291
6.94937
7.21788
7.50864
7.8214
8.15542
8.50941
8.8816
9.26967
9.67079
10.0816
10.4985
10.9174
11.3342
11.7446
12.1444
12.53
12.8978
13.2449
13.5689
13.8678
14.1404
14.386
14.6046
14.7969
14.964
15.1071
15.2281
15.3282
15.4098
15.4749
15.5255
15.5632
15.5895
15.6057
15.613
15.6123
15.6045
15.5906
15.5714
15.5474
15.5197
15.489
15.4552
15.4187
15.3797
15.3382
15.2946
15.249
15.2017
15.1528
15.1024
15.0501
14.9959
14.9398
14.882
14.8224
14.7612
14.6982
14.6336
14.5672
14.4992
14.4294
14.3579
14.2847
14.2097
14.1328
14.0542
13.9737
13.8914
13.8071
13.7209
13.6326
13.5424
13.45
13.3555
13.2589
13.16
13.0589
12.9554
12.8496
12.7413
12.6306
12.5174
12.4017
12.2833
12.1623
12.0386
11.9121
11.7831
11.6513
11.5169
11.3798
11.24
11.0975
10.9523
10.8045
10.6541
10.5012
10.3461
10.1891
10.0303
9.86964
9.70726
9.54331
9.37796
9.21144
9.04401
8.876
8.70776
8.53966
8.37209
8.20541
8.04001
7.87629
7.71466
7.55548
7.39908
7.2459
7.09637
6.95086
6.80971
6.67323
6.54167
6.41519
6.29386
6.17786
6.06728
5.96178
5.86104
5.76529
5.67465
5.58934
5.50937
5.43463
5.36519
5.30102
5.24184
5.18736
5.13732
5.09143
5.04942
5.011
4.97588
4.94381
4.91451
4.88772
4.8632
4.84072
4.82007
4.80103
4.78343
4.76708
4.75183
4.73755
4.72409
4.71137
4.69927
4.68772
4.67665
4.66602
4.65578
4.64605
4.63652
5.41859
5.40924
5.39988
5.39053
5.38118
5.37183
5.36248
5.35312
5.34375
5.33437
5.32497
5.31555
5.30611
5.29662
5.28711
5.27755
5.26796
5.25834
5.24869
5.23901
5.22932
5.21966
5.21002
5.20039
5.19079
5.18119
5.17161
5.16204
5.15248
5.14294
5.13342
5.1239
5.1144
5.10492
5.09544
5.08599
5.07654
5.06711
5.05769
5.04829
5.0389
5.02952
5.02016
5.01081
5.00147
4.99214
4.98283
4.97353
4.96425
4.95498
4.94573
4.93649
4.92726
4.91806
4.90887
4.89969
4.89054
4.88139
4.87227
4.86317
4.85408
4.84501
4.83596
4.82693
4.81792
4.80893
4.79996
4.79101
4.78209
4.77319
4.76431
4.75546
4.74664
4.73784
4.72908
4.72034
4.71164
4.70297
4.69434
4.68575
4.67719
4.66868
4.66022
4.6518
4.64343
4.63512
4.62686
4.61867
4.61054
4.60248
4.5945
4.58661
4.5788
4.57108
4.56347
4.55596
4.54857
4.54131
4.53418
4.5272
4.52037
4.51372
4.50724
4.50096
4.49489
4.48907
4.48351
4.47825
4.47331
4.46872
4.46451
4.46072
4.45739
4.45457
4.45235
4.45083
4.45013
4.45036
4.45163
4.45415
4.45852
4.46481
4.47301
4.48325
4.49572
4.51064
4.52832
4.54907
4.57328
4.6014
4.63405
4.67293
4.71945
4.77321
4.83454
4.90409
4.98273
5.07149
5.17145
5.2838
5.40963
5.54879
5.7019
5.8715
6.05928
6.26639
6.49358
6.74125
7.00939
7.29755
7.60483
7.92981
8.27059
8.62488
8.98993
9.36261
9.73949
10.1169
10.4911
10.8585
11.2156
11.5592
11.8865
12.1953
12.4835
12.75
12.9941
13.2156
13.4149
13.5926
13.7497
13.8872
14.0064
14.1085
14.1944
14.2657
14.3236
14.3698
14.4055
14.4317
14.4494
14.4595
14.4627
14.4596
14.4507
14.4366
14.4178
14.3947
14.3676
14.3358
14.2997
14.2594
14.2153
14.1679
14.1177
14.0648
14.0091
13.9508
13.8898
13.8262
13.76
13.6912
13.6199
13.546
13.4696
13.3907
13.3092
13.2252
13.1386
13.0495
12.9577
12.8633
12.7663
12.6666
12.5641
12.459
12.351
12.2403
12.1267
12.0103
11.8911
11.769
11.6441
11.5165
11.3862
11.2532
11.1172
10.9783
10.8365
10.6917
10.544
10.3934
10.2401
10.0842
9.92574
9.76509
9.60241
9.43792
9.27182
9.10433
8.93573
8.76636
8.59661
8.4269
8.25764
8.08929
7.92231
7.75715
7.59429
7.4342
7.27733
7.12413
6.97496
6.83021
6.69028
6.55551
6.42612
6.30227
6.18421
6.07214
5.96574
5.86433
5.76827
5.67775
5.59303
5.51437
5.44162
5.37467
5.31375
5.25862
5.20893
5.16436
5.12458
5.08926
5.05807
5.03067
5.00674
4.98596
4.96803
4.95264
4.93952
4.9284
4.91901
4.91113
4.90454
4.89903
4.89442
4.89055
4.88727
4.88445
4.88197
4.87974
4.87769
4.87574
4.87386
4.87201
4.87016
4.86832
4.86665
4.8646
5.40715
5.39773
5.38832
5.37889
5.36947
5.36003
5.35059
5.34113
5.33165
5.32215
5.31263
5.30307
5.29349
5.28387
5.27422
5.26454
5.25484
5.24514
5.23546
5.22578
5.21613
5.20647
5.19683
5.18719
5.17756
5.16794
5.15833
5.14872
5.13912
5.12953
5.11995
5.11038
5.10081
5.09125
5.0817
5.07216
5.06262
5.0531
5.04358
5.03407
5.02457
5.01507
5.00559
4.99611
4.98664
4.97717
4.96772
4.95827
4.94884
4.93941
4.92999
4.92058
4.91118
4.90178
4.8924
4.88303
4.87366
4.86431
4.85497
4.84563
4.83631
4.82699
4.81769
4.80839
4.79911
4.78984
4.78058
4.77133
4.76209
4.75286
4.74365
4.73445
4.72526
4.71608
4.70692
4.69777
4.68864
4.67952
4.67042
4.66133
4.65226
4.64321
4.63417
4.62516
4.61616
4.60719
4.59824
4.58931
4.5804
4.57153
4.56268
4.55386
4.54507
4.53632
4.5276
4.51892
4.51028
4.50168
4.49313
4.48463
4.47619
4.4678
4.45947
4.45121
4.44302
4.4349
4.42687
4.41894
4.4111
4.40337
4.39575
4.38827
4.38093
4.37376
4.36676
4.35999
4.35347
4.34724
4.34132
4.33577
4.33063
4.32598
4.32188
4.31838
4.31556
4.31349
4.31227
4.312
4.31279
4.31478
4.31816
4.32353
4.33141
4.3417
4.35449
4.36998
4.38847
4.41028
4.43583
4.46558
4.50029
4.54217
4.5927
4.65128
4.7181
4.7938
4.87923
4.97536
5.0832
5.20373
5.33718
5.48241
5.64183
5.8172
6.00952
6.21926
6.4465
6.6909
6.95174
7.22793
7.51789
7.81973
8.13122
8.44986
8.77292
9.09755
9.42087
9.74008
10.0525
10.3557
10.6474
10.9259
11.1896
11.4372
11.6677
11.8807
12.0759
12.2534
12.4136
12.5571
12.6847
12.7971
12.8953
12.9801
13.0525
13.1134
13.1637
13.2042
13.2357
13.259
13.2727
13.2776
13.2742
13.2632
13.2453
13.2211
13.1909
13.1553
13.1145
13.0689
13.0187
12.9641
12.9053
12.8425
12.7757
12.7052
12.6309
12.5531
12.4717
12.3868
12.2984
12.2066
12.1113
12.0127
11.9107
11.8052
11.6964
11.5842
11.4685
11.3494
11.227
11.1011
10.9719
10.8395
10.7038
10.5649
10.4229
10.2777
10.1295
9.97838
9.82446
9.6679
9.50893
9.34776
9.18469
9.02
8.85403
8.6871
8.51958
8.35183
8.18428
8.01739
7.85163
7.68753
7.5256
7.36635
7.21024
7.05774
6.90934
6.76553
6.62676
6.49333
6.3654
6.2433
6.12737
6.01782
5.91399
5.81533
5.72226
5.63502
5.55398
5.47968
5.41192
5.3505
5.29554
5.24717
5.20493
5.16843
5.1373
5.11116
5.08963
5.07234
5.05892
5.04901
5.04224
5.03827
5.03677
5.03743
5.03994
5.04402
5.04941
5.05585
5.06313
5.07102
5.07936
5.08796
5.09667
5.10538
5.11397
5.12234
5.13043
5.13817
5.14554
5.1525
5.15904
5.16518
5.17092
5.17628
5.18151
5.18585
5.39825
5.38884
5.37942
5.36999
5.36056
5.35111
5.34165
5.33217
5.32267
5.31315
5.3036
5.29403
5.28447
5.27491
5.26537
5.25582
5.24629
5.23675
5.22722
5.21769
5.20817
5.19865
5.18913
5.17961
5.1701
5.1606
5.15109
5.14159
5.13209
5.1226
5.11311
5.10363
5.09414
5.08467
5.07519
5.06572
5.05626
5.0468
5.03734
5.02788
5.01843
5.00899
4.99955
4.99011
4.98068
4.97125
4.96183
4.95241
4.943
4.93359
4.92419
4.91479
4.9054
4.89601
4.88663
4.87725
4.86788
4.85852
4.84916
4.8398
4.83045
4.82111
4.81177
4.80244
4.79312
4.7838
4.77449
4.76518
4.75588
4.74659
4.7373
4.72802
4.71875
4.70949
4.70023
4.69098
4.68173
4.67249
4.66327
4.65405
4.64483
4.63563
4.62643
4.61725
4.60807
4.5989
4.58974
4.5806
4.57146
4.56234
4.55322
4.54412
4.53504
4.52596
4.51691
4.50786
4.49884
4.48983
4.48084
4.47187
4.46292
4.454
4.4451
4.43622
4.42737
4.41855
4.40977
4.40101
4.3923
4.38362
4.37499
4.3664
4.35786
4.34939
4.34097
4.33263
4.32437
4.31622
4.30816
4.30023
4.29243
4.28477
4.27727
4.26996
4.26285
4.25596
4.24933
4.24298
4.23695
4.23128
4.22601
4.22121
4.21697
4.21338
4.2105
4.20843
4.20727
4.20713
4.20813
4.21043
4.21424
4.22036
4.22938
4.24115
4.25574
4.27335
4.29429
4.31889
4.34756
4.38088
4.42042
4.46934
4.52673
4.59225
4.66616
4.74904
4.84161
4.9446
5.05874
5.18432
5.31944
5.46522
5.62329
5.79449
5.97903
6.1767
6.38695
6.60893
6.84153
7.08338
7.3329
7.58831
7.84777
8.10935
8.37107
8.63097
8.88717
9.13787
9.38145
9.61646
9.84166
10.056
10.2587
10.4491
10.6269
10.7918
10.9437
11.0829
11.2097
11.3243
11.4269
11.5155
11.5907
11.6529
11.7027
11.7407
11.7677
11.7842
11.7909
11.7884
11.7772
11.7578
11.7308
11.6966
11.6554
11.6078
11.554
11.4942
11.4288
11.3579
11.2816
11.2003
11.114
11.0229
10.9271
10.8267
10.7218
10.6126
10.4991
10.3814
10.2597
10.134
10.0046
9.87161
9.73512
9.59533
9.45242
9.3066
9.15811
9.00719
8.85414
8.69927
8.54295
8.38555
8.2275
8.06923
7.91119
7.75381
7.59754
7.44281
7.29011
7.13996
6.9929
6.84951
6.71029
6.57565
6.44579
6.32107
6.20196
6.08894
5.98236
5.88177
5.78589
5.69533
5.61045
5.5315
5.4592
5.39412
5.33596
5.28442
5.23962
5.20194
5.17088
5.14597
5.12681
5.11301
5.10415
5.09984
5.09967
5.10326
5.11022
5.12016
5.13274
5.14759
5.16437
5.18276
5.20246
5.22318
5.24465
5.26661
5.28885
5.31115
5.33332
5.3552
5.37665
5.39753
5.41774
5.4372
5.45584
5.47362
5.4905
5.50647
5.52153
5.53571
5.54903
5.56153
5.57328
5.58429
5.59489
5.60416
5.3937
5.38431
5.37491
5.36551
5.35612
5.34672
5.33733
5.32794
5.31854
5.30915
5.29976
5.29036
5.28097
5.27157
5.26217
5.25278
5.24338
5.23398
5.22458
5.21518
5.20579
5.19639
5.18699
5.1776
5.1682
5.15881
5.14941
5.14002
5.13063
5.12124
5.11185
5.10247
5.09308
5.0837
5.07431
5.06493
5.05555
5.04618
5.0368
5.02743
5.01806
5.00869
4.99932
4.98996
4.9806
4.97124
4.96189
4.95253
4.94318
4.93384
4.92449
4.91515
4.90582
4.89648
4.88715
4.87783
4.8685
4.85918
4.84987
4.84055
4.83124
4.82194
4.81264
4.80334
4.79405
4.78476
4.77547
4.76619
4.75691
4.74764
4.73837
4.72911
4.71985
4.71059
4.70134
4.69209
4.68285
4.67361
4.66437
4.65515
4.64592
4.6367
4.62749
4.61828
4.60907
4.59987
4.59068
4.58149
4.57231
4.56313
4.55396
4.5448
4.53564
4.52649
4.51734
4.50821
4.49908
4.48996
4.48085
4.47175
4.46267
4.45359
4.44452
4.43547
4.42642
4.4174
4.40839
4.39939
4.39041
4.38145
4.37251
4.36359
4.3547
4.34583
4.33698
4.32817
4.3194
4.31066
4.30197
4.29332
4.28473
4.27619
4.26771
4.2593
4.25096
4.2427
4.23453
4.22645
4.21848
4.21062
4.2029
4.19532
4.1879
4.18067
4.17364
4.16684
4.1603
4.15406
4.14815
4.14261
4.1375
4.1329
4.12891
4.12562
4.12313
4.12153
4.12093
4.12144
4.1232
4.12638
4.13152
4.13975
4.15094
4.16501
4.18205
4.20227
4.22592
4.25328
4.28474
4.32122
4.3663
4.41991
4.48111
4.5496
4.62548
4.70905
4.80065
4.90061
5.00918
5.12595
5.24911
5.37877
5.51591
5.661
5.814
5.97451
6.14187
6.31527
6.49374
6.67623
6.86161
7.04869
7.23627
7.42313
7.60811
7.79013
7.96819
8.14143
8.30915
8.47087
8.62665
8.77498
8.91486
9.04544
9.166
9.276
9.37502
9.46282
9.53925
9.60431
9.65809
9.70075
9.73254
9.75375
9.76471
9.76579
9.75736
9.73979
9.71348
9.6788
9.63612
9.58579
9.52818
9.46361
9.39241
9.3149
9.2314
9.14222
9.04765
8.94802
8.84363
8.7348
8.62184
8.50509
8.38488
8.26155
8.13548
8.00706
7.87669
7.74479
7.61182
7.47826
7.3446
7.21136
7.07908
6.9483
6.81949
6.69302
6.56918
6.4483
6.33086
6.2174
6.10856
6.00495
5.90695
5.81423
5.7254
5.64081
5.56101
5.4863
5.41697
5.35375
5.29805
5.24944
5.20749
5.17196
5.14325
5.12168
5.10674
5.09798
5.09496
5.09731
5.10466
5.11659
5.13274
5.1527
5.1761
5.20255
5.23169
5.26314
5.29656
5.33159
5.3679
5.40517
5.4431
5.48141
5.51982
5.55809
5.59599
5.63332
5.66989
5.70554
5.74012
5.77351
5.80562
5.83637
5.86569
5.89356
5.91994
5.94484
5.96828
5.99027
6.01088
6.03016
6.04818
6.06502
6.08076
6.09547
6.10951
6.12186
5.3982
5.38879
5.37938
5.36997
5.36056
5.35115
5.34174
5.33233
5.32293
5.31352
5.30412
5.29472
5.28532
5.27592
5.26653
5.25713
5.24774
5.23835
5.22896
5.21957
5.21018
5.2008
5.19142
5.18204
5.17266
5.16328
5.15391
5.14454
5.13517
5.1258
5.11643
5.10707
5.09771
5.08835
5.079
5.06964
5.06029
5.05094
5.0416
5.03225
5.02291
5.01357
5.00424
4.99491
4.98558
4.97625
4.96693
4.95761
4.94829
4.93898
4.92967
4.92036
4.91106
4.90176
4.89246
4.88317
4.87388
4.86459
4.85531
4.84603
4.83676
4.82749
4.81822
4.80895
4.7997
4.79044
4.78119
4.77194
4.7627
4.75346
4.74422
4.73499
4.72576
4.71654
4.70732
4.6981
4.68889
4.67968
4.67048
4.66128
4.65208
4.64289
4.6337
4.62452
4.61534
4.60616
4.59699
4.58782
4.57866
4.5695
4.56034
4.55119
4.54205
4.5329
4.52377
4.51463
4.50551
4.49638
4.48727
4.47816
4.46905
4.45996
4.45087
4.44178
4.43271
4.42364
4.41458
4.40553
4.3965
4.38747
4.37845
4.36945
4.36046
4.35149
4.34253
4.33358
4.32466
4.31576
4.30688
4.29803
4.2892
4.28041
4.27164
4.26291
4.25422
4.24556
4.23694
4.22837
4.21985
4.21137
4.20295
4.19459
4.1863
4.17807
4.16992
4.16185
4.15387
4.14599
4.13822
4.13057
4.12305
4.11569
4.1085
4.1015
4.09472
4.08819
4.08193
4.07599
4.0704
4.06522
4.0605
4.05636
4.05289
4.05019
4.04833
4.04741
4.04753
4.04878
4.05129
4.05535
4.06218
4.07195
4.08448
4.0997
4.11767
4.13847
4.16222
4.18907
4.2192
4.25356
4.2949
4.34346
4.39819
4.4583
4.52342
4.59338
4.66807
4.74741
4.83128
4.91951
5.01187
5.10759
5.2052
5.30389
5.4037
5.50476
5.607
5.71017
5.81391
5.91793
6.02232
6.12778
6.2336
6.33903
6.44328
6.54553
6.645
6.74087
6.83241
6.9189
6.99969
7.0742
7.14193
7.20242
7.25532
7.30035
7.33733
7.36614
7.38674
7.39917
7.40352
7.39994
7.38863
7.36984
7.34385
7.31097
7.27155
7.22594
7.17452
7.11771
7.05589
6.98948
6.91888
6.84453
6.76685
6.6863
6.60337
6.51857
6.4324
6.3454
6.2581
6.17106
6.08489
6.00017
5.91756
5.83761
5.76058
5.68611
5.61332
5.54237
5.47402
5.4088
5.347
5.28882
5.23458
5.18521
5.14262
5.10676
5.07712
5.05324
5.03489
5.02243
5.0168
5.01753
5.02421
5.03645
5.05394
5.07637
5.10344
5.13481
5.17018
5.20919
5.25152
5.29682
5.34474
5.39494
5.44706
5.50077
5.55572
5.61158
5.66801
5.72471
5.78138
5.83772
5.89348
5.94841
6.00227
6.05487
6.10601
6.15553
6.2033
6.2492
6.29312
6.335
6.37479
6.41246
6.44799
6.48139
6.5127
6.54195
6.5692
6.59453
6.61802
6.63979
6.65993
6.67856
6.6958
6.71172
6.72677
6.73981
5.40709
5.39767
5.38825
5.37884
5.36942
5.36001
5.35059
5.34118
5.33177
5.32236
5.31296
5.30355
5.29415
5.28475
5.27535
5.26595
5.25656
5.24717
5.23778
5.22839
5.21901
5.20962
5.20025
5.19087
5.1815
5.17213
5.16276
5.15339
5.14403
5.13468
5.12532
5.11597
5.10662
5.09727
5.08793
5.07859
5.06926
5.05993
5.0506
5.04128
5.03196
5.02265
5.01334
5.00403
4.99473
4.98543
4.97613
4.96684
4.95756
4.94828
4.939
4.92973
4.92046
4.9112
4.90194
4.89269
4.88344
4.8742
4.86496
4.85572
4.8465
4.83727
4.82806
4.81884
4.80964
4.80043
4.79124
4.78205
4.77286
4.76368
4.7545
4.74533
4.73617
4.72701
4.71785
4.7087
4.69956
4.69042
4.68129
4.67216
4.66303
4.65391
4.64479
4.63568
4.62657
4.61747
4.60837
4.59927
4.59018
4.5811
4.57201
4.56293
4.55386
4.54478
4.53572
4.52665
4.51759
4.50853
4.49948
4.49043
4.48138
4.47234
4.46331
4.45427
4.44525
4.43623
4.42721
4.4182
4.40919
4.4002
4.39121
4.38222
4.37325
4.36428
4.35533
4.34638
4.33745
4.32853
4.31962
4.31074
4.30187
4.29302
4.2842
4.2754
4.26662
4.25787
4.24915
4.24045
4.23179
4.22315
4.21455
4.20598
4.19745
4.18896
4.18051
4.1721
4.16374
4.15542
4.14716
4.13895
4.1308
4.12271
4.11469
4.10675
4.09888
4.09111
4.08342
4.07585
4.06838
4.06105
4.05385
4.04681
4.03995
4.0333
4.02687
4.0207
4.01481
4.00923
4.00401
3.99918
3.99485
3.99111
3.98802
3.98566
3.98408
3.98335
3.98351
3.98463
3.98677
3.99023
3.99588
4.00398
4.01436
4.02682
4.04127
4.05762
4.07582
4.09582
4.11755
4.14093
4.16592
4.19302
4.2237
4.25859
4.29708
4.33826
4.38139
4.42589
4.47137
4.51759
4.56463
4.61321
4.66317
4.71429
4.76636
4.81911
4.87226
4.9255
4.9785
5.03088
5.08227
5.13222
5.18021
5.22573
5.26834
5.30773
5.34367
5.37599
5.40457
5.42932
5.45014
5.46699
5.47983
5.48866
5.49351
5.49446
5.49159
5.48505
5.47498
5.46154
5.44486
5.42505
5.40222
5.3765
5.34814
5.31756
5.28522
5.2516
5.21709
5.18206
5.14684
5.11168
5.07679
5.04235
5.00848
4.97541
4.94373
4.9148
4.89049
4.87132
4.85691
4.84689
4.84095
4.83885
4.84055
4.84661
4.85815
4.87515
4.89735
4.9245
4.95637
4.99278
5.03357
5.07859
5.12762
5.18046
5.23688
5.29664
5.35947
5.42511
5.49326
5.56361
5.63585
5.70966
5.7847
5.86062
5.93709
6.01379
6.09036
6.1665
6.2419
6.31627
6.38932
6.46081
6.53049
6.59816
6.66363
6.72672
6.7873
6.84525
6.90048
6.95291
7.00251
7.04924
7.09311
7.13414
7.17235
7.20781
7.2406
7.27079
7.2985
7.32384
7.34695
7.36796
7.38702
7.40429
7.41989
7.43394
7.44696
7.45772
5.41849
5.40913
5.39976
5.3904
5.38103
5.37167
5.36231
5.35296
5.34361
5.33425
5.32491
5.31556
5.30622
5.29688
5.28754
5.2782
5.26887
5.25954
5.25022
5.2409
5.23158
5.22226
5.21295
5.20364
5.19434
5.18504
5.17574
5.16645
5.15716
5.14788
5.1386
5.12932
5.12005
5.11078
5.10152
5.09227
5.08302
5.07377
5.06453
5.05529
5.04606
5.03684
5.02762
5.01841
5.0092
5
4.9908
4.98161
4.97243
4.96325
4.95408
4.94492
4.93576
4.92661
4.91747
4.90833
4.8992
4.89008
4.88097
4.87186
4.86276
4.85366
4.84458
4.8355
4.82643
4.81737
4.80831
4.79927
4.79022
4.78119
4.77217
4.76315
4.75414
4.74514
4.73614
4.72715
4.71817
4.70919
4.70022
4.69126
4.6823
4.67335
4.66441
4.65547
4.64653
4.6376
4.62868
4.61976
4.61084
4.60192
4.59301
4.58411
4.5752
4.5663
4.55741
4.54851
4.53961
4.53072
4.52183
4.51294
4.50405
4.49517
4.48628
4.4774
4.46852
4.45963
4.45075
4.44187
4.43299
4.42412
4.41524
4.40637
4.3975
4.38863
4.37977
4.3709
4.36205
4.3532
4.34435
4.33553
4.32671
4.31792
4.30914
4.30038
4.29163
4.28291
4.27421
4.26553
4.25687
4.24824
4.23963
4.23105
4.22249
4.21396
4.20546
4.197
4.18856
4.18016
4.17179
4.16346
4.15517
4.14691
4.1387
4.13053
4.1224
4.11433
4.1063
4.09832
4.0904
4.08254
4.07474
4.067
4.05934
4.05175
4.04424
4.03682
4.0295
4.02228
4.01517
4.00818
4.00133
3.99463
3.9881
3.98176
3.97563
3.96972
3.96406
3.95866
3.95355
3.94876
3.94434
3.94037
3.93689
3.93393
3.93152
3.92966
3.92837
3.92765
3.92749
3.92786
3.92876
3.93033
3.93297
3.93695
3.94219
3.9485
3.95569
3.96359
3.97204
3.98096
3.99048
4.00085
4.01204
4.02397
4.03662
4.04992
4.06381
4.07823
4.09311
4.10838
4.12398
4.13991
4.15628
4.17319
4.19069
4.20868
4.22698
4.24531
4.26341
4.28103
4.29793
4.31392
4.32883
4.34253
4.35493
4.36596
4.3756
4.38389
4.3909
4.3968
4.40186
4.40645
4.41101
4.41601
4.42174
4.4283
4.4357
4.44395
4.45311
4.46324
4.47443
4.48676
4.50028
4.51506
4.53115
4.5487
4.5681
4.5901
4.61568
4.64522
4.67867
4.71601
4.75718
4.80214
4.85085
4.90329
4.95948
5.01941
5.08302
5.15025
5.22101
5.29518
5.37262
5.45316
5.53664
5.62282
5.71149
5.80237
5.89519
5.98964
6.08541
6.18215
6.27951
6.37715
6.47469
6.57179
6.66809
6.76326
6.85695
6.94885
7.03868
7.12616
7.21104
7.29308
7.37211
7.44793
7.5204
7.5894
7.65485
7.71667
7.77483
7.8293
7.88009
7.92724
7.9708
8.01082
8.04742
8.08068
8.11073
8.13771
8.16176
8.18305
8.20175
8.21804
8.23211
8.24414
8.25431
8.26275
8.27007
8.27501
5.43635
5.42716
5.41798
5.4088
5.39962
5.39044
5.38127
5.3721
5.36293
5.35377
5.3446
5.33545
5.32629
5.31714
5.308
5.29885
5.28972
5.28058
5.27145
5.26233
5.2532
5.24409
5.23498
5.22587
5.21677
5.20767
5.19858
5.1895
5.18042
5.17135
5.16228
5.15323
5.14417
5.13513
5.12609
5.11705
5.10803
5.09901
5.09
5.08099
5.07199
5.063
5.05402
5.04505
5.03609
5.02713
5.01818
5.00924
5.00031
4.99139
4.98248
4.97358
4.96469
4.95581
4.94694
4.93808
4.92922
4.92038
4.91156
4.90274
4.89393
4.88513
4.87635
4.86757
4.85881
4.85006
4.84132
4.83258
4.82387
4.81516
4.80646
4.79777
4.7891
4.78043
4.77177
4.76313
4.75449
4.74586
4.73724
4.72863
4.72003
4.71143
4.70285
4.69426
4.68569
4.67712
4.66855
4.65999
4.65143
4.64287
4.63432
4.62577
4.61722
4.60867
4.60012
4.59157
4.58301
4.57446
4.5659
4.55734
4.54877
4.5402
4.53163
4.52305
4.51446
4.50587
4.49727
4.48867
4.48005
4.47143
4.46281
4.45417
4.44553
4.43687
4.42821
4.41955
4.41087
4.40219
4.3935
4.38482
4.37614
4.36748
4.35883
4.35019
4.34157
4.33296
4.32436
4.31578
4.30722
4.29868
4.29016
4.28165
4.27317
4.26472
4.25629
4.24788
4.2395
4.23114
4.22282
4.21452
4.20625
4.19802
4.18982
4.18165
4.17352
4.16543
4.15737
4.14935
4.14138
4.13344
4.12555
4.1177
4.10991
4.10215
4.09445
4.0868
4.07921
4.07167
4.06419
4.05677
4.04942
4.04214
4.03492
4.02778
4.02073
4.01376
4.00687
4.00009
3.99341
3.98683
3.98038
3.97405
3.96785
3.9618
3.95591
3.95019
3.94464
3.93927
3.93408
3.92908
3.92427
3.91965
3.91524
3.91106
3.90713
3.90344
3.90001
3.89681
3.89385
3.89116
3.88885
3.88698
3.88556
3.88461
3.88415
3.88418
3.88472
3.88579
3.8874
3.88956
3.89229
3.89562
3.89962
3.90436
3.90988
3.91622
3.92339
3.93139
3.94019
3.94978
3.96014
3.97125
3.98312
3.99573
4.00911
4.02326
4.03824
4.05409
4.07089
4.08875
4.1078
4.12821
4.15019
4.17394
4.19962
4.22735
4.2572
4.28926
4.32361
4.36035
4.39957
4.44136
4.48582
4.53303
4.58308
4.63606
4.69207
4.75124
4.81368
4.87951
4.94881
5.02164
5.09801
5.17795
5.26142
5.34841
5.43884
5.53264
5.62972
5.72995
5.83318
5.93923
6.0479
6.15896
6.27214
6.38714
6.50367
6.62136
6.73987
6.85882
6.97781
7.09645
7.21434
7.33109
7.44631
7.55962
7.67066
7.7791
7.8846
7.98687
8.08565
8.1807
8.2718
8.35877
8.44147
8.51976
8.59357
8.66282
8.72749
8.78757
8.84307
8.89405
8.94057
8.98272
9.0206
9.05435
9.0841
9.11002
9.13227
9.15103
9.16651
9.1789
9.18842
9.19529
9.19975
9.20203
9.20234
9.20086
9.19833
9.19344
5.47454
5.46575
5.45696
5.44818
5.43941
5.43063
5.42186
5.4131
5.40434
5.39559
5.38684
5.37809
5.36935
5.36062
5.35189
5.34316
5.33444
5.32573
5.31702
5.30832
5.29962
5.29093
5.28225
5.27357
5.2649
5.25624
5.24758
5.23893
5.23029
5.22165
5.21303
5.20441
5.1958
5.1872
5.17861
5.17003
5.16146
5.1529
5.14435
5.13581
5.12728
5.11877
5.11026
5.10177
5.09329
5.08483
5.07638
5.06794
5.05951
5.0511
5.04271
5.03433
5.02596
5.01761
5.00928
5.00096
4.99266
4.98438
4.97611
4.96786
4.95962
4.95141
4.94321
4.93503
4.92686
4.91871
4.91058
4.90247
4.89438
4.8863
4.87823
4.87019
4.86216
4.85414
4.84614
4.83815
4.83018
4.82222
4.81427
4.80634
4.79841
4.79049
4.78259
4.77469
4.76679
4.7589
4.75102
4.74314
4.73526
4.72738
4.7195
4.71162
4.70373
4.69584
4.68795
4.68004
4.67213
4.66421
4.65627
4.64832
4.64036
4.63238
4.62439
4.61637
4.60834
4.60028
4.59221
4.58411
4.57599
4.56784
4.55967
4.55147
4.54324
4.53499
4.5267
4.51839
4.51005
4.50169
4.49329
4.48485
4.47642
4.46799
4.45956
4.45113
4.44272
4.43431
4.42591
4.41753
4.40916
4.4008
4.39246
4.38413
4.37583
4.36754
4.35928
4.35104
4.34282
4.33463
4.32646
4.31833
4.31022
4.30214
4.2941
4.28609
4.27811
4.27017
4.26226
4.2544
4.24657
4.23879
4.23105
4.22335
4.2157
4.2081
4.20054
4.19304
4.18559
4.17819
4.17085
4.16357
4.15634
4.14918
4.14208
4.13505
4.12809
4.1212
4.11438
4.10764
4.10098
4.0944
4.08791
4.08151
4.07521
4.069
4.0629
4.05691
4.05104
4.04528
4.03965
4.03415
4.02879
4.02357
4.0185
4.01358
4.00883
4.00425
3.99985
3.99565
3.99168
3.98804
3.9848
3.98198
3.97962
3.97775
3.97641
3.97564
3.97548
3.97597
3.97715
3.97907
3.98179
3.98535
3.98982
3.99524
4.00169
4.00923
4.01793
4.02786
4.03909
4.05169
4.06575
4.08134
4.09854
4.11744
4.13813
4.16069
4.18523
4.21184
4.24061
4.27167
4.30512
4.34106
4.37963
4.42094
4.46509
4.51222
4.56242
4.6158
4.67247
4.73251
4.79603
4.86309
4.93378
5.00816
5.08628
5.1682
5.25393
5.34352
5.43696
5.53424
5.63535
5.74023
5.84884
5.96108
6.07685
6.19602
6.31845
6.44395
6.57231
6.70331
6.83668
6.97213
7.10934
7.24794
7.38758
7.52785
7.66833
7.80859
7.9482
8.0867
8.22367
8.35865
8.49123
8.621
8.74757
8.87057
8.98966
9.10452
9.21488
9.32048
9.4211
9.51656
9.60671
9.69143
9.77063
9.84427
9.91232
9.97479
10.0317
10.0832
10.1292
10.17
10.2057
10.2363
10.2622
10.2833
10.3001
10.3126
10.3211
10.3258
10.327
10.3249
10.3198
10.3119
10.3015
10.2889
10.2744
10.2582
10.2412
10.2221
5.56516
5.55712
5.54909
5.54106
5.53304
5.52503
5.51702
5.50901
5.50101
5.49301
5.48502
5.47704
5.46906
5.46109
5.45312
5.44516
5.4372
5.42926
5.42132
5.41339
5.40546
5.39755
5.38964
5.38174
5.37386
5.36598
5.35811
5.35026
5.34241
5.33458
5.32676
5.31896
5.31116
5.30339
5.29563
5.28788
5.28015
5.27244
5.26474
5.25707
5.24941
5.24177
5.23416
5.22656
5.21899
5.21144
5.20391
5.19641
5.18893
5.18147
5.17404
5.16664
5.15926
5.15191
5.14459
5.1373
5.13003
5.12279
5.11559
5.10841
5.10126
5.09414
5.08705
5.07999
5.07296
5.06595
5.05898
5.05203
5.04512
5.03823
5.03136
5.02452
5.01771
5.01092
5.00416
4.99741
4.99069
4.98398
4.97729
4.97062
4.96396
4.95731
4.95067
4.94404
4.93741
4.93079
4.92416
4.91754
4.91091
4.90427
4.89762
4.89097
4.88429
4.8776
4.87089
4.86415
4.85739
4.8506
4.84378
4.83692
4.83003
4.82309
4.81611
4.80909
4.80202
4.79489
4.78772
4.78049
4.7732
4.76585
4.75845
4.75097
4.74343
4.73583
4.72816
4.72041
4.7126
4.70471
4.69675
4.68871
4.6806
4.67249
4.66439
4.65631
4.64824
4.64018
4.63213
4.62411
4.6161
4.60811
4.60014
4.59219
4.58427
4.57637
4.56849
4.56064
4.55283
4.54504
4.53728
4.52956
4.52187
4.51422
4.50661
4.49904
4.4915
4.48401
4.47657
4.46917
4.46182
4.45451
4.44727
4.44007
4.43293
4.42585
4.41883
4.41188
4.40499
4.39817
4.39142
4.38475
4.37815
4.37164
4.3652
4.35886
4.35261
4.34646
4.3404
4.33445
4.32861
4.32288
4.31727
4.31178
4.30643
4.30121
4.29614
4.29121
4.28645
4.28184
4.27741
4.27317
4.26911
4.26525
4.26161
4.25818
4.255
4.25206
4.24939
4.24704
4.24513
4.24396
4.24352
4.24386
4.24502
4.24705
4.24999
4.25389
4.25882
4.26484
4.27199
4.28036
4.29002
4.30103
4.31347
4.32742
4.34298
4.36022
4.37925
4.40015
4.42302
4.44798
4.47511
4.50454
4.53636
4.57069
4.60765
4.64734
4.68989
4.73541
4.78401
4.83581
4.89092
4.94946
5.01153
5.07724
5.14669
5.21997
5.29718
5.37839
5.46369
5.55312
5.64676
5.74462
5.84676
5.95316
6.06383
6.17875
6.29787
6.42112
6.54844
6.67971
6.81479
6.95355
7.09579
7.24132
7.38991
7.5413
7.69521
7.85133
8.00931
8.1688
8.3294
8.49071
8.65228
8.81366
8.9744
9.13402
9.29204
9.44798
9.60138
9.75177
9.89872
10.0418
10.1806
10.3147
10.4438
10.5675
10.6856
10.7979
10.904
11.0039
11.0973
11.1842
11.2645
11.3381
11.4051
11.4655
11.5193
11.5666
11.6076
11.6424
11.6711
11.6939
11.7111
11.7227
11.7292
11.7307
11.7274
11.7196
11.7077
11.6917
11.6722
11.6492
11.6232
11.5944
11.5632
11.53
11.495
11.4587
11.4222
11.3839
5.85361
5.84739
5.84118
5.83497
5.82877
5.82257
5.81638
5.8102
5.80403
5.79786
5.7917
5.78555
5.7794
5.77327
5.76715
5.76103
5.75493
5.74884
5.74275
5.73669
5.73063
5.72459
5.71857
5.71256
5.70656
5.70059
5.69463
5.68869
5.68278
5.67688
5.67101
5.66516
5.65934
5.65354
5.64777
5.64203
5.63633
5.63065
5.625
5.61939
5.61381
5.60828
5.60277
5.59731
5.59189
5.58651
5.58117
5.57588
5.57063
5.56543
5.56028
5.55517
5.55012
5.54511
5.54016
5.53526
5.53041
5.52561
5.52087
5.51618
5.51155
5.50698
5.50245
5.49799
5.49357
5.48921
5.48491
5.48065
5.47645
5.4723
5.4682
5.46415
5.46015
5.45618
5.45227
5.44839
5.44455
5.44074
5.43697
5.43323
5.42951
5.42582
5.42214
5.41848
5.41484
5.4112
5.40756
5.40392
5.40028
5.39663
5.39296
5.38927
5.38556
5.38181
5.37804
5.37422
5.37036
5.36644
5.36248
5.35845
5.35435
5.35019
5.34595
5.34163
5.33722
5.33272
5.32813
5.32344
5.31864
5.31374
5.30872
5.30359
5.29833
5.29295
5.28745
5.28181
5.27603
5.27012
5.26406
5.25786
5.25148
5.24491
5.2382
5.23146
5.22476
5.2181
5.21147
5.20487
5.19832
5.1918
5.18532
5.17887
5.17247
5.16611
5.1598
5.15352
5.1473
5.14112
5.13498
5.1289
5.12287
5.11688
5.11095
5.10508
5.09926
5.0935
5.0878
5.08216
5.07659
5.07108
5.06564
5.06027
5.05498
5.04977
5.04463
5.03959
5.03463
5.02977
5.02501
5.02035
5.0158
5.01137
5.00706
5.00288
4.99884
4.99494
4.9912
4.98761
4.9842
4.98097
4.97792
4.97508
4.97245
4.97005
4.96789
4.96597
4.96433
4.96296
4.96189
4.96113
4.9607
4.96063
4.96092
4.9616
4.9627
4.96425
4.96634
4.96918
4.97341
4.9789
4.98568
4.99382
5.00339
5.01447
5.02714
5.04147
5.05755
5.07546
5.09529
5.11714
5.1411
5.16725
5.19571
5.22657
5.25994
5.29591
5.33459
5.37608
5.4205
5.46795
5.51854
5.57237
5.62955
5.69019
5.75439
5.82225
5.89388
5.96937
6.04881
6.1323
6.21993
6.31177
6.4079
6.50839
6.6133
6.72268
6.83658
6.95503
7.07805
7.20564
7.33779
7.47447
7.61561
7.76115
7.911
8.06503
8.22309
8.385
8.55058
8.71958
8.89177
9.06686
9.24455
9.42452
9.6064
9.78983
9.97439
10.1597
10.3452
10.5306
10.7153
10.8989
11.0808
11.2605
11.4375
11.6114
11.7816
11.9476
12.109
12.2653
12.416
12.5609
12.6995
12.8315
12.9567
13.0747
13.1853
13.2884
13.3838
13.4715
13.5513
13.6233
13.6875
13.7438
13.7925
13.8335
13.867
13.8933
13.9124
13.9245
13.93
13.9289
13.9216
13.9083
13.8893
13.8648
13.8351
13.8004
13.7611
13.7175
13.6698
13.6183
13.5634
13.5053
13.4445
13.3814
13.3165
13.2502
13.1843
13.1168
7.13678
7.13628
7.13582
7.13538
7.13498
7.13461
7.13427
7.13397
7.1337
7.13346
7.13327
7.13311
7.13299
7.13291
7.13287
7.13287
7.13292
7.13302
7.13316
7.13336
7.1336
7.1339
7.13426
7.13467
7.13514
7.13568
7.13628
7.13696
7.1377
7.13851
7.13941
7.14038
7.14143
7.14257
7.14379
7.14511
7.14652
7.14803
7.14964
7.15136
7.15318
7.15511
7.15715
7.15931
7.16159
7.16399
7.16652
7.16917
7.17195
7.17487
7.17792
7.1811
7.18443
7.18789
7.1915
7.19525
7.19915
7.20319
7.20738
7.21172
7.2162
7.22083
7.22561
7.23053
7.2356
7.2408
7.24615
7.25163
7.25725
7.263
7.26887
7.27487
7.28099
7.28722
7.29356
7.3
7.30654
7.31316
7.31987
7.32665
7.3335
7.34041
7.34737
7.35437
7.3614
7.36845
7.37551
7.38258
7.38964
7.39668
7.40368
7.41065
7.41757
7.42442
7.43119
7.43788
7.44448
7.45096
7.45732
7.46355
7.46964
7.47557
7.48133
7.48692
7.49232
7.49752
7.50252
7.50729
7.51183
7.51614
7.5202
7.524
7.52754
7.53081
7.53379
7.53649
7.53889
7.54099
7.54277
7.54424
7.54537
7.54614
7.5465
7.54632
7.54566
7.5449
7.54416
7.54344
7.54274
7.54206
7.5414
7.54075
7.54011
7.53947
7.53885
7.53823
7.53761
7.53699
7.53637
7.53576
7.53515
7.53454
7.53393
7.53333
7.53273
7.53215
7.53159
7.53105
7.53054
7.53006
7.52963
7.52926
7.52895
7.52872
7.52858
7.52855
7.52865
7.52888
7.52928
7.52986
7.53065
7.53167
7.53294
7.5345
7.53637
7.53858
7.54117
7.54418
7.54763
7.55156
7.55602
7.56105
7.56669
7.57299
7.57999
7.58774
7.5963
7.60571
7.61603
7.62733
7.63965
7.65305
7.66761
7.6834
7.70053
7.71918
7.73987
7.76384
7.79041
7.81965
7.85166
7.88655
7.92444
7.96543
8.00963
8.05714
8.10808
8.16255
8.22064
8.28246
8.34809
8.41763
8.49115
8.56875
8.65049
8.73644
8.82667
8.92126
9.02025
9.12371
9.23171
9.34428
9.46149
9.58339
9.71001
9.8414
9.97758
10.1186
10.2644
10.4151
10.5706
10.7309
10.896
11.0659
11.2404
11.4196
11.6033
11.7915
11.984
12.1806
12.3812
12.5855
12.7933
13.0043
13.2181
13.4343
13.6527
13.8726
14.0938
14.3157
14.5377
14.7595
14.9804
15.1999
15.4174
15.6324
15.8443
16.0524
16.2563
16.4554
16.649
16.8367
17.0178
17.1919
17.3586
17.5173
17.6676
17.8092
17.9418
18.0651
18.1787
18.2825
18.3764
18.4601
18.5337
18.5971
18.6503
18.6933
18.7262
18.7491
18.7621
18.7654
18.7591
18.7435
18.7188
18.6853
18.6432
18.5927
18.5342
18.468
18.3943
18.3135
18.2258
18.1316
18.0311
17.9247
17.8128
17.6955
17.5732
17.4464
17.3153
17.1803
17.0419
16.9004
16.7563
16.6104
16.4633
16.3164
16.1721
16.0288
10.9854
11.0024
11.0197
11.0371
11.0548
11.0725
11.0905
11.1086
11.1269
11.1453
11.164
11.1827
11.2017
11.2208
11.24
11.2594
11.279
11.2987
11.3186
11.3386
11.3588
11.3792
11.3997
11.4204
11.4412
11.4622
11.4834
11.5048
11.5263
11.548
11.5699
11.5919
11.6142
11.6366
11.6592
11.682
11.705
11.7282
11.7516
11.7753
11.7991
11.8231
11.8474
11.8718
11.8965
11.9214
11.9466
11.9719
11.9975
12.0233
12.0493
12.0756
12.1021
12.1288
12.1557
12.1829
12.2103
12.2379
12.2657
12.2937
12.3219
12.3503
12.379
12.4078
12.4367
12.4659
12.4952
12.5247
12.5543
12.584
12.6138
12.6438
12.6739
12.704
12.7342
12.7645
12.7948
12.8251
12.8555
12.8858
12.9162
12.9465
12.9767
13.0069
13.0371
13.0671
13.097
13.1267
13.1564
13.1858
13.2151
13.2442
13.273
13.3016
13.33
13.3581
13.3859
13.4134
13.4406
13.4674
13.4939
13.52
13.5457
13.571
13.5959
13.6204
13.6444
13.6679
13.691
13.7136
13.7357
13.7573
13.7783
13.7988
13.8188
13.8383
13.8572
13.8755
13.8933
13.9104
13.927
13.943
13.9584
13.9731
13.9871
14
14.0124
14.0246
14.0368
14.0487
14.0605
14.072
14.0832
14.0941
14.1047
14.1149
14.1247
14.1342
14.1432
14.1519
14.1601
14.1678
14.1751
14.182
14.1885
14.1946
14.2002
14.2055
14.2105
14.2151
14.2194
14.2234
14.2272
14.2309
14.2344
14.2378
14.2412
14.2447
14.2482
14.2519
14.2559
14.2601
14.2648
14.2699
14.2756
14.282
14.2891
14.297
14.3059
14.3158
14.3268
14.3392
14.3528
14.368
14.3847
14.4031
14.4233
14.4455
14.4697
14.4961
14.5247
14.5557
14.5892
14.6254
14.6644
14.707
14.7548
14.8063
14.8615
14.9204
14.9831
15.0498
15.1203
15.1949
15.2735
15.3561
15.443
15.534
15.6293
15.7289
15.8329
15.9414
16.0543
16.1719
16.2942
16.4212
16.5531
16.69
16.8319
16.979
17.1313
17.2889
17.452
17.6205
17.7945
17.9739
18.1587
18.3488
18.544
18.744
18.9488
19.1578
19.3709
19.5876
19.8076
20.0303
20.2555
20.4825
20.7109
20.9402
21.1698
21.3992
21.6278
21.855
22.0803
22.3031
22.5227
22.7387
22.9503
23.157
23.3582
23.5532
23.7416
23.9228
24.0961
24.261
24.417
24.5637
24.7005
24.827
24.9428
25.0476
25.1409
25.2226
25.2923
25.3499
25.3951
25.428
25.4483
25.456
25.4512
25.4339
25.4042
25.3621
25.3079
25.2417
25.1638
25.0745
24.9739
24.8625
24.7405
24.6084
24.4665
24.3152
24.1549
23.9862
23.8093
23.625
23.4335
23.2354
23.0312
22.8212
22.6059
22.3858
22.1614
21.9331
21.7014
21.4669
21.23
20.9913
20.7512
20.5103
20.2691
20.0282
19.7882
19.55
19.3147
19.0842
18.8627
18.6503
22.8592
22.9304
23.0017
23.0733
23.145
23.2169
23.2889
23.361
23.4332
23.5055
23.5777
23.65
23.7223
23.7945
23.8667
23.9388
24.0108
24.0828
24.1546
24.2263
24.2979
24.3693
24.4406
24.5116
24.5826
24.6533
24.7238
24.7941
24.8642
24.934
25.0037
25.0731
25.1422
25.2111
25.2798
25.3481
25.4162
25.4841
25.5516
25.6189
25.6858
25.7524
25.8188
25.8848
25.9505
26.0158
26.0808
26.1455
26.2098
26.2737
26.3373
26.4005
26.4632
26.5256
26.5875
26.649
26.71
26.7706
26.8307
26.8904
26.9495
27.0081
27.0661
27.1236
27.1806
27.2369
27.2926
27.3477
27.4022
27.4559
27.509
27.5614
27.613
27.6639
27.7139
27.7632
27.8116
27.8592
27.9059
27.9517
27.9965
28.0404
28.0833
28.1252
28.1661
28.206
28.2447
28.2824
28.319
28.3544
28.3887
28.4218
28.4538
28.4845
28.514
28.5423
28.5694
28.5952
28.6197
28.643
28.665
28.6858
28.7052
28.7234
28.7403
28.7559
28.7702
28.7833
28.7951
28.8056
28.8148
28.8228
28.8296
28.8351
28.8394
28.8425
28.8444
28.8451
28.8447
28.8431
28.8403
28.8364
28.8313
28.825
28.8176
28.8091
28.8001
28.7905
28.7802
28.769
28.7571
28.7442
28.7306
28.716
28.7006
28.6843
28.6672
28.6493
28.6306
28.6111
28.591
28.5702
28.5488
28.5269
28.5045
28.4817
28.4586
28.4353
28.4118
28.3882
28.3646
28.3411
28.3179
28.2949
28.2723
28.2502
28.2288
28.2081
28.1882
28.1694
28.1516
28.135
28.1198
28.106
28.0939
28.0836
28.0751
28.0687
28.0644
28.0625
28.0631
28.0663
28.0723
28.0813
28.0933
28.1085
28.1272
28.1493
28.1752
28.2048
28.2383
28.2758
28.3175
28.3637
28.4152
28.4745
28.5399
28.6112
28.6884
28.7714
28.8604
28.9553
29.0562
29.1631
29.276
29.395
29.5199
29.6509
29.7878
29.9306
30.0791
30.2332
30.3929
30.5578
30.7278
30.9027
31.082
31.2657
31.4533
31.6444
31.8388
32.0361
32.2357
32.4373
32.6405
32.8448
33.0497
33.2548
33.4596
33.6636
33.8662
34.067
34.2655
34.4611
34.6533
34.8415
35.0251
35.2037
35.3765
35.5431
35.7028
35.855
35.9993
36.135
36.2615
36.3783
36.4849
36.5808
36.6655
36.7384
36.7993
36.8476
36.8829
36.905
36.9134
36.908
36.8884
36.8545
36.8061
36.7431
36.6654
36.573
36.4658
36.344
36.2076
36.0568
35.8917
35.7126
35.5198
35.3136
35.0943
34.8623
34.618
34.362
34.0945
33.8163
33.5279
33.2297
32.9224
32.6067
32.2831
31.9522
31.6149
31.2716
30.9231
30.5701
30.2132
29.8532
29.4907
29.1265
28.7611
28.3948
28.0284
27.6625
27.2977
26.9348
26.5743
26.2168
25.8629
25.513
25.1676
24.8272
24.4924
24.1636
23.8415
23.5269
23.2212
22.9275
22.6532
22.4086
57.8609
57.937
58.0126
58.0878
58.1626
58.2369
58.3107
58.3841
58.4571
58.5296
58.6016
58.6731
58.7442
58.8148
58.8849
58.9546
59.0237
59.0924
59.1607
59.2285
59.2958
59.3626
59.429
59.495
59.5605
59.6256
59.6902
59.7544
59.8182
59.8815
59.9445
60.007
60.0692
60.1309
60.1923
60.2533
60.3139
60.3741
60.434
60.4935
60.5527
60.6115
60.6699
60.728
60.7858
60.8431
60.9002
60.9569
61.0132
61.0692
61.1248
61.1801
61.235
61.2895
61.3436
61.3973
61.4506
61.5034
61.5559
61.6079
61.6594
61.7104
61.761
61.811
61.8605
61.9094
61.9577
62.0054
62.0524
62.0988
62.1445
62.1894
62.2336
62.277
62.3196
62.3614
62.4022
62.4422
62.4812
62.5192
62.5562
62.5921
62.627
62.6607
62.6933
62.7247
62.755
62.7839
62.8116
62.838
62.8631
62.8869
62.9093
62.9302
62.9498
62.968
62.9847
62.9999
63.0137
63.026
63.0369
63.0462
63.0541
63.0604
63.0653
63.0687
63.0706
63.0711
63.0701
63.0677
63.0638
63.0585
63.0519
63.0439
63.0345
63.0238
63.0119
62.9987
62.9843
62.9686
62.9518
62.9337
62.9142
62.8932
62.8709
62.8488
62.8256
62.8003
62.7732
62.7442
62.7132
62.6805
62.646
62.6098
62.5721
62.5329
62.4924
62.4507
62.4079
62.3642
62.3197
62.2746
62.229
62.1832
62.1372
62.0912
62.0456
62.0003
61.9556
61.9117
61.8687
61.8269
61.7864
61.7475
61.7103
61.675
61.6419
61.611
61.5827
61.557
61.5343
61.5147
61.4983
61.4855
61.4764
61.4711
61.4699
61.473
61.4805
61.4927
61.5097
61.5317
61.5588
61.5913
61.6292
61.6727
61.7219
61.7769
61.8378
61.9045
61.977
62.0552
62.1388
62.2283
62.3267
62.4294
62.5347
62.6426
62.7528
62.8649
62.9788
63.0942
63.2109
63.3285
63.4468
63.5654
63.6841
63.8025
63.9203
64.0371
64.1526
64.2664
64.3781
64.4872
64.5935
64.6963
64.7954
64.8902
64.9803
65.0652
65.1444
65.2173
65.2835
65.3424
65.3935
65.4362
65.4701
65.4946
65.5091
65.5131
65.5062
65.4877
65.4572
65.4141
65.3581
65.2886
65.2053
65.1076
64.9952
64.8677
64.7247
64.566
64.3913
64.2003
63.9927
63.7685
63.5274
63.2693
62.9942
62.702
62.3927
62.0664
61.7232
61.3632
60.9865
60.5934
60.1842
59.7591
59.3186
58.8629
58.3926
57.908
57.4098
56.8984
56.3744
55.8385
55.2913
54.7334
54.1656
53.5887
53.0032
52.4101
51.8101
51.2041
50.5928
49.977
49.3577
48.7357
48.1118
47.4868
46.8617
46.2372
45.6142
44.9935
44.3759
43.7622
43.1532
42.5497
41.9526
41.3626
40.7804
40.2065
39.6419
39.0874
38.5435
38.0108
37.4898
36.9809
36.4842
36.0002
35.5289
35.0705
34.6254
34.1936
33.7758
33.3726
32.9858
32.6197
32.2886
32.0434
155.479
155.4
155.321
155.243
155.166
155.089
155.014
154.939
154.865
154.792
154.719
154.648
154.577
154.507
154.437
154.369
154.301
154.234
154.168
154.102
154.037
153.973
153.91
153.847
153.785
153.723
153.663
153.602
153.542
153.483
153.424
153.366
153.308
153.25
153.193
153.136
153.079
153.023
152.966
152.91
152.854
152.797
152.741
152.685
152.628
152.572
152.515
152.458
152.401
152.343
152.285
152.226
152.167
152.107
152.047
151.986
151.924
151.862
151.799
151.735
151.67
151.604
151.538
151.47
151.402
151.332
151.262
151.191
151.118
151.045
150.971
150.895
150.819
150.742
150.663
150.584
150.504
150.423
150.341
150.258
150.175
150.091
150.006
149.921
149.835
149.749
149.662
149.575
149.488
149.401
149.314
149.227
149.141
149.054
148.969
148.883
148.799
148.715
148.632
148.551
148.47
148.391
148.313
148.237
148.163
148.091
148.021
147.953
147.887
147.824
147.763
147.705
147.651
147.599
147.55
147.505
147.463
147.424
147.39
147.359
147.332
147.31
147.291
147.278
147.269
147.267
147.27
147.279
147.294
147.315
147.342
147.374
147.413
147.457
147.506
147.562
147.623
147.689
147.761
147.838
147.921
148.008
148.101
148.199
148.301
148.408
148.519
148.635
148.755
148.879
149.007
149.139
149.274
149.412
149.553
149.697
149.844
149.993
150.143
150.296
150.449
150.604
150.759
150.914
151.068
151.223
151.376
151.527
151.676
151.822
151.965
152.105
152.24
152.369
152.493
152.611
152.722
152.825
152.92
153.006
153.083
153.15
153.207
153.255
153.292
153.319
153.334
153.337
153.327
153.304
153.266
153.213
153.143
153.057
152.954
152.832
152.692
152.531
152.351
152.15
151.927
151.682
151.414
151.123
150.808
150.469
150.105
149.716
149.301
148.86
148.393
147.9
147.38
146.833
146.259
145.658
145.03
144.375
143.693
142.983
142.247
141.484
140.695
139.881
139.04
138.174
137.284
136.369
135.431
134.47
133.487
132.483
131.458
130.413
129.35
128.268
127.17
126.057
124.929
123.787
122.633
121.469
120.295
119.112
117.923
116.728
115.529
114.327
113.124
111.921
110.719
109.521
108.326
107.138
105.957
104.785
103.622
102.471
101.333
100.208
99.0985
98.005
96.9288
95.8709
94.8322
93.8136
92.8159
91.8398
90.886
89.9551
89.0474
88.1635
87.3035
86.4678
85.6564
84.8693
84.1065
83.3676
82.652
81.9575
81.279
80.6154
79.9669
79.3342
78.7176
78.1175
77.534
76.9673
76.4172
75.8835
75.3657
74.8633
74.3755
73.9013
73.4394
72.9882
72.5455
72.1078
71.6708
71.1818
12.8008
13.0018
16.4853
19.9954
22.9837
25.7073
28.2416
30.6287
32.893
35.0491
37.1064
39.0781
40.9774
42.8092
44.5784
46.2892
47.945
49.5492
51.1045
52.6135
54.0786
55.5019
56.8852
58.2306
59.5397
60.8141
62.0553
63.2648
64.444
65.5942
66.7168
67.8129
68.8838
69.9305
70.9543
71.9563
72.9373
73.8986
74.8409
75.7654
76.6727
77.5638
78.4395
79.3004
80.1474
80.981
81.8019
82.6106
83.4076
84.1934
84.9683
85.7327
86.487
87.2312
87.9658
88.6907
89.4062
90.1123
90.809
91.4964
92.1744
92.8429
93.5018
94.1511
94.7905
95.4199
96.0392
96.6482
97.2466
97.8343
98.411
98.9766
99.5309
100.074
100.605
101.124
101.631
102.126
102.609
103.079
103.537
103.982
104.415
104.835
105.242
105.636
106.018
106.387
106.744
107.088
107.42
107.74
108.05
108.35
108.644
108.933
109.211
109.477
109.732
109.974
110.204
110.422
110.628
110.822
111.004
111.175
111.335
111.483
111.62
111.747
111.864
111.97
112.067
112.155
112.234
112.304
112.367
112.422
112.469
112.511
112.546
112.577
112.604
112.628
112.65
112.672
112.697
112.724
112.749
112.772
112.796
112.819
112.843
112.867
112.894
112.923
112.954
112.989
113.028
113.072
113.12
113.175
113.235
113.302
113.377
113.459
113.549
113.648
113.755
113.872
113.997
114.132
114.277
114.431
114.594
114.768
114.95
115.142
115.343
115.552
115.77
115.996
116.229
116.469
116.716
116.969
117.226
117.489
117.755
118.024
118.295
118.568
118.842
119.115
119.387
119.658
119.925
120.19
120.449
120.704
120.953
121.195
121.429
121.656
121.873
122.081
122.279
122.466
122.642
122.806
122.958
123.097
123.223
123.336
123.435
123.52
123.593
123.653
123.701
123.74
123.771
123.8
123.817
123.816
123.798
123.763
123.709
123.637
123.547
123.439
123.313
123.169
123.007
122.826
122.628
122.413
122.18
121.931
121.664
121.38
121.081
120.764
120.432
120.083
119.72
119.341
118.948
118.54
118.118
117.682
117.233
116.77
116.294
115.804
115.303
114.789
114.264
113.728
113.183
112.628
112.065
111.494
110.916
110.334
109.749
109.165
108.583
108.005
107.431
106.856
106.265
105.652
105.04
104.425
103.807
103.185
102.558
101.932
101.308
100.679
100.043
99.4057
98.7699
98.1229
97.4683
96.8239
96.1683
95.4806
94.8055
94.1796
93.5824
92.9419
92.3139
91.6907
91.0671
90.4557
89.8606
89.283
88.7232
88.1809
87.6558
87.1472
86.6549
86.1783
85.7217
85.2898
84.8388
84.4085
84.0036
83.6218
83.2609
82.9206
82.6019
82.3072
82.0408
81.8106
81.6323
81.5382
81.6493
82.204
16.1995
10.0426
12.008
13.8219
15.2135
16.3406
17.2756
18.0678
18.7492
19.3419
19.8615
20.3226
20.7389
21.1194
21.4702
21.7961
22.1012
22.3887
22.6613
22.9211
23.1699
23.4093
23.6405
23.8645
24.0823
24.2946
24.502
24.7052
24.9045
25.1004
25.2932
25.4833
25.6707
25.8557
26.0386
26.2193
26.398
26.5747
26.7496
26.9226
27.0937
27.263
27.4303
27.5958
27.7593
27.9208
28.0802
28.2374
28.3925
28.5452
28.6957
28.8437
28.9892
29.1321
29.2724
29.41
29.5448
29.6769
29.8061
29.9323
30.0557
30.1761
30.2935
30.408
30.5195
30.6281
30.7338
30.8365
30.9364
31.0335
31.1279
31.2196
31.3086
31.3951
31.4792
31.5609
31.6403
31.7174
31.7925
31.8656
31.9368
32.0061
32.0738
32.1398
32.2044
32.2676
32.3296
32.3906
32.4508
32.5105
32.5701
32.6302
32.6914
32.7548
32.8216
32.8889
32.9547
33.0186
33.0805
33.1405
33.1985
33.2547
33.3089
33.3614
33.4121
33.4611
33.5085
33.5543
33.5986
33.6415
33.683
33.7233
33.7624
33.8006
33.8378
33.8743
33.9102
33.9457
33.9809
34.0161
34.0516
34.0875
34.1243
34.1622
34.2017
34.2431
34.2868
34.3333
34.3851
34.4381
34.4922
34.5474
34.6038
34.6614
34.7204
34.7806
34.8423
34.9054
34.9699
35.0358
35.1032
35.172
35.2422
35.3137
35.3866
35.4606
35.5359
35.6122
35.6895
35.7677
35.8465
35.9259
36.0057
36.0857
36.1656
36.2454
36.3247
36.4034
36.4812
36.558
36.6334
36.7073
36.7794
36.8494
36.9171
36.9823
37.0446
37.104
37.1601
37.2128
37.2618
37.307
37.3481
37.385
37.4176
37.4457
37.4693
37.4882
37.5025
37.512
37.5167
37.5167
37.5121
37.5027
37.4888
37.4703
37.4474
37.4201
37.3884
37.3527
37.3131
37.2698
37.2231
37.1734
37.1212
37.0669
37.0111
36.9543
36.8972
36.8408
36.7863
36.7356
36.6976
36.6565
36.612
36.5641
36.5128
36.4581
36.4002
36.3391
36.2748
36.2075
36.1372
36.0641
35.9882
35.9095
35.8282
35.7443
35.6579
35.5691
35.4779
35.3846
35.2892
35.1918
35.0926
34.9914
34.8885
34.7838
34.6774
34.5693
34.4597
34.3487
34.2363
34.1226
34.0079
33.8923
33.7758
33.6587
33.5412
33.4235
33.3059
33.1887
33.0726
32.9582
32.846
32.7365
32.6297
32.5253
32.422
32.3166
32.2017
32.0625
31.9202
31.7771
31.6334
31.4891
31.3445
31.1997
31.0535
30.9052
30.7555
30.6054
30.4527
30.2952
30.1371
29.9779
29.8094
29.6324
29.4497
29.2695
29.0923
28.9002
28.7005
28.5166
28.3374
28.1619
27.9902
27.8224
27.6584
27.4984
27.3423
27.1902
27.0421
26.8982
26.7587
26.6223
26.4695
26.3037
26.1385
25.9784
25.8246
25.6771
25.5355
25.3993
25.2674
25.1384
25.009
24.8713
24.7134
24.4971
22.7663
10.0796
10.4666
11.4736
12.2876
12.9067
13.3784
13.743
14.0289
14.2565
14.4406
14.5927
14.7212
14.8324
14.9307
15.0194
15.101
15.1775
15.2502
15.3203
15.3887
15.4559
15.5226
15.589
15.6554
15.7221
15.7891
15.8567
15.9247
15.9933
16.0624
16.1321
16.2022
16.2728
16.3437
16.4149
16.4862
16.5577
16.6292
16.7006
16.7718
16.8428
16.9134
16.9835
17.053
17.1219
17.1901
17.2574
17.3238
17.3893
17.4537
17.517
17.5791
17.6399
17.6995
17.7578
17.8148
17.8703
17.9246
17.9774
18.0288
18.0788
18.1275
18.1748
18.2208
18.2654
18.3088
18.351
18.392
18.4319
18.4707
18.5085
18.5453
18.5812
18.6163
18.6505
18.6841
18.717
18.7492
18.7809
18.8122
18.843
18.8734
18.9035
18.9333
18.963
18.9926
19.0222
19.0518
19.0817
19.112
19.1429
19.1745
19.2071
19.241
19.2756
19.3099
19.3439
19.3775
19.4107
19.4434
19.4758
19.5078
19.5394
19.5708
19.6018
19.6326
19.6632
19.6937
19.724
19.7542
19.7844
19.8147
19.8451
19.8757
19.9065
19.9376
19.9692
20.0012
20.0339
20.0672
20.1013
20.1364
20.1724
20.2096
20.248
20.2879
20.3291
20.3719
20.4156
20.4601
20.5054
20.5515
20.5983
20.646
20.6945
20.7437
20.7936
20.8443
20.8956
20.9475
20.9999
21.0529
21.1062
21.1599
21.2137
21.2678
21.3218
21.3758
21.4296
21.483
21.536
21.5884
21.6401
21.6909
21.7407
21.7892
21.8365
21.8823
21.9264
21.9688
22.0093
22.0478
22.084
22.118
22.1495
22.1785
22.2048
22.2284
22.2491
22.267
22.282
22.2939
22.3029
22.3088
22.3116
22.3115
22.3083
22.3022
22.2931
22.2813
22.2666
22.2493
22.2293
22.2069
22.1822
22.1552
22.1261
22.095
22.0622
22.0278
21.9919
21.9549
21.917
21.8783
21.8391
21.7998
21.7604
21.7213
21.6827
21.6449
21.611
21.5769
21.5413
21.5042
21.4656
21.4256
21.3842
21.3415
21.2974
21.252
21.2054
21.1577
21.1088
21.0588
21.0077
20.9556
20.9026
20.8486
20.7937
20.738
20.6815
20.6243
20.5664
20.5079
20.4487
20.3889
20.3284
20.2674
20.2058
20.1437
20.0811
20.018
19.9545
19.8906
19.8264
19.7618
19.697
19.632
19.5669
19.5017
19.4367
19.3719
19.3074
19.2435
19.18
19.1168
19.0535
18.9898
18.9247
18.8571
18.786
18.714
18.6415
18.5684
18.4948
18.4207
18.346
18.2699
18.1919
18.1126
18.032
17.9488
17.8613
17.7711
17.6755
17.5737
17.4683
17.3573
17.2471
17.137
17.0244
16.9122
16.8046
16.6994
16.5959
16.4937
16.3929
16.2934
16.1953
16.0986
16.0034
15.9097
15.8176
15.7269
15.6372
15.546
15.4528
15.3591
15.266
15.174
15.0835
14.9943
14.9062
14.8184
14.7299
14.638
14.537
14.4214
14.2784
27.4485
10.5116
9.671
10.0927
10.5509
10.9057
11.1636
11.3481
11.4797
11.5735
11.6405
11.689
11.7247
11.752
11.7737
11.7921
11.8088
11.825
11.8415
11.8588
11.8774
11.8976
11.9195
11.9432
11.9688
11.9961
12.0253
12.0561
12.0886
12.1225
12.1578
12.1945
12.2322
12.271
12.3107
12.3512
12.3924
12.434
12.4761
12.5185
12.5612
12.6039
12.6466
12.6892
12.7317
12.7739
12.8157
12.8572
12.8982
12.9386
12.9785
13.0178
13.0564
13.0944
13.1316
13.168
13.2038
13.2387
13.2729
13.3064
13.3391
13.3711
13.4023
13.4328
13.4627
13.4919
13.5205
13.5486
13.5761
13.603
13.6295
13.6556
13.6813
13.7066
13.7316
13.7563
13.7807
13.805
13.829
13.8529
13.8767
13.9005
13.9241
13.9478
13.9714
13.9951
14.0189
14.0427
14.0668
14.091
14.1155
14.1404
14.1656
14.1913
14.2176
14.2445
14.2716
14.2986
14.3257
14.3528
14.3798
14.4068
14.4338
14.4608
14.4878
14.5148
14.5418
14.5689
14.5961
14.6235
14.651
14.6786
14.7065
14.7346
14.7631
14.7918
14.821
14.8505
14.8805
14.911
14.942
14.9736
15.0058
15.0387
15.0723
15.1066
15.1417
15.1776
15.2141
15.2512
15.2888
15.3269
15.3654
15.4044
15.4439
15.4838
15.5241
15.5648
15.6057
15.647
15.6884
15.73
15.7718
15.8135
15.8553
15.8969
15.9383
15.9795
16.0203
16.0606
16.1004
16.1395
16.178
16.2155
16.2521
16.2877
16.3221
16.3553
16.3871
16.4175
16.4464
16.4737
16.4992
16.523
16.545
16.565
16.5831
16.5991
16.6131
16.6251
16.6349
16.6426
16.6483
16.6518
16.6533
16.6527
16.65
16.6454
16.6389
16.6305
16.6203
16.6083
16.5948
16.5796
16.5629
16.5449
16.5256
16.5052
16.4836
16.4611
16.4378
16.4139
16.3893
16.3643
16.339
16.3136
16.288
16.2624
16.2369
16.2115
16.1872
16.1631
16.1383
16.1126
16.086
16.0586
16.0303
16.0013
15.9714
15.9408
15.9095
15.8775
15.8448
15.8114
15.7775
15.7429
15.7077
15.6719
15.6356
15.5987
15.5614
15.5236
15.4853
15.4466
15.4075
15.368
15.3281
15.2878
15.2472
15.2063
15.165
15.1233
15.0813
15.039
14.9964
14.9535
14.9103
14.8668
14.823
14.779
14.7348
14.6905
14.646
14.6014
14.5566
14.5115
14.4661
14.4202
14.3736
14.3261
14.2775
14.2277
14.1771
14.1258
14.0735
14.0202
13.966
13.9105
13.8533
13.7937
13.7323
13.6684
13.6002
13.5282
13.4537
13.375
13.2935
13.2098
13.124
13.0378
12.9515
12.8653
12.7798
12.6957
12.6124
12.5299
12.4479
12.3664
12.2855
12.2051
12.1253
12.0462
11.9678
11.8901
11.8131
11.7365
11.6599
11.5833
11.5067
11.4304
11.3546
11.2794
11.2046
11.1301
11.0554
10.9797
10.9014
10.8174
10.727
10.6283
31.8686
11.0815
9.19527
9.13718
9.33159
9.5171
9.65376
9.7458
9.80424
9.83892
9.85739
9.86517
9.86629
9.8636
9.85917
9.85448
9.85054
9.8481
9.84762
9.84942
9.85368
9.86047
9.86982
9.88167
9.89595
9.91254
9.93133
9.95216
9.97489
9.99936
10.0254
10.0529
10.0817
10.1117
10.1426
10.1744
10.2069
10.24
10.2737
10.3077
10.342
10.3765
10.4111
10.4457
10.4803
10.5148
10.549
10.5831
10.6169
10.6503
10.6834
10.7161
10.7484
10.7802
10.8117
10.8426
10.8731
10.9032
10.9328
10.9619
10.9906
11.0189
11.0468
11.0744
11.1015
11.1283
11.1549
11.1811
11.2071
11.2328
11.2583
11.2836
11.3088
11.3338
11.3587
11.3836
11.4083
11.433
11.4576
11.4822
11.5068
11.5313
11.5559
11.5805
11.6051
11.6298
11.6546
11.6794
11.7042
11.7292
11.7543
11.7796
11.8051
11.8307
11.8566
11.8828
11.9093
11.9359
11.9626
11.9893
12.016
12.0427
12.0694
12.0961
12.1228
12.1495
12.1763
12.2031
12.23
12.257
12.284
12.3112
12.3385
12.3659
12.3936
12.4214
12.4495
12.4778
12.5064
12.5353
12.5645
12.594
12.6239
12.6542
12.6848
12.7159
12.7475
12.7795
12.8118
12.8444
12.8773
12.9104
12.9438
12.9774
13.0113
13.0453
13.0795
13.1138
13.1482
13.1827
13.2172
13.2516
13.286
13.3203
13.3544
13.3883
13.4218
13.4551
13.4879
13.5202
13.552
13.5832
13.6137
13.6435
13.6725
13.7006
13.7277
13.7539
13.779
13.803
13.8258
13.8474
13.8677
13.8868
13.9044
13.9207
13.9355
13.949
13.961
13.9715
13.9806
13.9882
13.9944
13.9993
14.0027
14.0047
14.0055
14.0049
14.0032
14.0002
13.9961
13.9909
13.9847
13.9775
13.9694
13.9604
13.9507
13.9403
13.9292
13.9175
13.9054
13.8929
13.88
13.8668
13.8535
13.84
13.8265
13.8129
13.7994
13.7861
13.773
13.7595
13.7454
13.7306
13.7152
13.6991
13.6825
13.6653
13.6475
13.6291
13.6102
13.5908
13.5708
13.5503
13.5293
13.5078
13.4858
13.4634
13.4404
13.4171
13.3932
13.3689
13.3441
13.3188
13.2931
13.2669
13.2403
13.2134
13.186
13.1582
13.13
13.1013
13.0723
13.0427
13.0127
12.9823
12.9514
12.92
12.8882
12.8558
12.8231
12.7899
12.7565
12.7227
12.6883
12.6532
12.6173
12.5805
12.5427
12.5039
12.4638
12.4224
12.3797
12.3355
12.2895
12.2421
12.1928
12.1412
12.0865
12.0279
11.9677
11.9048
11.8384
11.7694
11.6982
11.6247
11.5494
11.4726
11.3946
11.3161
11.2374
11.1586
11.0801
11.0018
10.9236
10.8454
10.7674
10.6894
10.6115
10.5339
10.4565
10.3793
10.3025
10.2261
10.15
10.0742
9.99869
9.92353
9.84889
9.77477
9.70113
9.62794
9.55509
9.48239
9.40953
9.33593
9.26063
9.18234
9.10193
9.02206
35.8224
11.6631
8.87592
8.4114
8.3942
8.45929
8.52079
8.56216
8.58464
8.59303
8.59195
8.58505
8.57507
8.56399
8.55326
8.54386
8.53649
8.53162
8.52952
8.53035
8.53416
8.54093
8.55059
8.56303
8.57812
8.59568
8.61555
8.63755
8.66151
8.68723
8.71456
8.74332
8.77334
8.80446
8.83655
8.86945
8.90305
8.93721
8.97183
9.0068
9.04203
9.07744
9.11294
9.14846
9.18395
9.21935
9.25461
9.28968
9.32454
9.35916
9.3935
9.42756
9.46133
9.49478
9.52793
9.56076
9.59329
9.62551
9.65745
9.6891
9.7205
9.75165
9.78256
9.81327
9.84379
9.87413
9.90432
9.93437
9.96431
9.99414
10.0239
10.0536
10.0832
10.1127
10.1423
10.1718
10.2012
10.2307
10.2601
10.2895
10.3188
10.3482
10.3775
10.4068
10.4361
10.4654
10.4946
10.5238
10.553
10.5821
10.6112
10.6403
10.6694
10.6985
10.7277
10.757
10.7864
10.8159
10.8453
10.8747
10.9039
10.9331
10.9621
10.991
11.0198
11.0485
11.0772
11.1057
11.1341
11.1625
11.1908
11.2191
11.2474
11.2756
11.3039
11.3321
11.3604
11.3888
11.4172
11.4457
11.4743
11.503
11.5319
11.5609
11.59
11.6194
11.6489
11.6787
11.7087
11.7388
11.7689
11.7992
11.8295
11.8599
11.8903
11.9208
11.9512
11.9816
12.012
12.0422
12.0724
12.1024
12.1323
12.162
12.1914
12.2206
12.2495
12.278
12.3062
12.3339
12.3611
12.3879
12.4141
12.4397
12.4647
12.489
12.5127
12.5356
12.5578
12.5791
12.5997
12.6194
12.6382
12.6562
12.6732
12.6893
12.7045
12.7187
12.7321
12.7445
12.7559
12.7665
12.7762
12.7849
12.7929
12.8
12.8063
12.8118
12.8166
12.8208
12.8242
12.8271
12.8293
12.831
12.8323
12.833
12.8333
12.8332
12.8327
12.8319
12.8308
12.8295
12.8279
12.8262
12.8244
12.8225
12.8205
12.8185
12.8167
12.8149
12.8127
12.8101
12.8069
12.8032
12.7989
12.7941
12.7887
12.7828
12.7763
12.7693
12.7617
12.7535
12.7447
12.7354
12.7257
12.7154
12.7045
12.6932
12.6814
12.6691
12.6563
12.643
12.6293
12.615
12.6001
12.5846
12.5685
12.5518
12.5345
12.5165
12.4979
12.4786
12.4586
12.4379
12.4165
12.3943
12.3713
12.3476
12.3229
12.2973
12.2708
12.2435
12.2154
12.1864
12.1562
12.1245
12.0914
12.0567
12.0205
11.9826
11.9428
11.901
11.8566
11.8089
11.7583
11.7061
11.6515
11.5939
11.5328
11.4688
11.4026
11.3341
11.2632
11.1904
11.1158
11.0397
10.9622
10.8836
10.8042
10.7241
10.6437
10.5629
10.482
10.4008
10.3193
10.2376
10.1557
10.0736
9.99145
9.90931
9.82723
9.7453
9.66356
9.58207
9.50084
9.4199
9.33925
9.25902
9.17928
9.10003
9.02123
8.9428
8.86463
8.78659
8.70844
8.62983
8.55033
8.46965
8.38867
8.3125
37.5121
11.9608
8.76322
8.10071
7.97545
7.97818
8.00117
8.01697
8.02143
8.01659
8.00556
7.99114
7.97549
7.96024
7.94654
7.9352
7.92675
7.92153
7.91972
7.9214
7.92655
7.93509
7.94689
7.96179
7.97962
8.00017
8.02324
8.04862
8.0761
8.10548
8.13657
8.16916
8.20309
8.23818
8.27427
8.31121
8.34887
8.38711
8.42581
8.46488
8.50422
8.54374
8.58336
8.62301
8.66264
8.70219
8.74163
8.7809
8.81999
8.85887
8.89752
8.93592
8.97408
9.01198
9.04963
9.08703
9.1242
9.16113
9.19784
9.23436
9.27069
9.30685
9.34286
9.37875
9.41452
9.4502
9.4858
9.52134
9.55683
9.59228
9.6277
9.66309
9.69847
9.73384
9.76919
9.80452
9.83983
9.87512
9.91038
9.9456
9.98077
10.0159
10.0509
10.0859
10.1207
10.1555
10.1902
10.2247
10.2591
10.2934
10.3275
10.3616
10.3955
10.4293
10.463
10.4966
10.5302
10.5636
10.5969
10.63
10.6629
10.6955
10.728
10.7602
10.7922
10.824
10.8556
10.8869
10.9181
10.9491
10.98
11.0106
11.0412
11.0716
11.1018
11.132
11.1621
11.1921
11.222
11.2519
11.2818
11.3116
11.3415
11.3713
11.4012
11.4312
11.4611
11.4911
11.5212
11.5514
11.5815
11.6116
11.6417
11.6718
11.7018
11.7317
11.7615
11.7912
11.8208
11.8502
11.8795
11.9085
11.9374
11.966
11.9943
12.0224
12.0502
12.0776
12.1046
12.1313
12.1576
12.1834
12.2087
12.2336
12.2579
12.2817
12.3049
12.3275
12.3496
12.371
12.3917
12.4118
12.4313
12.4501
12.4682
12.4857
12.5025
12.5187
12.5341
12.549
12.5631
12.5767
12.5896
12.6019
12.6136
12.6247
12.6353
12.6454
12.6549
12.664
12.6727
12.681
12.6889
12.6964
12.7037
12.7106
12.7173
12.7237
12.7298
12.7358
12.7415
12.747
12.7524
12.7577
12.7628
12.7678
12.7726
12.7773
12.7818
12.7859
12.7894
12.7925
12.7949
12.7968
12.7982
12.7989
12.7991
12.7987
12.7977
12.7962
12.794
12.7912
12.7878
12.7837
12.7789
12.7735
12.7674
12.7606
12.7531
12.745
12.7361
12.7267
12.7166
12.7059
12.6944
12.682
12.6687
12.6546
12.6395
12.6236
12.6067
12.5888
12.5699
12.55
12.5289
12.5067
12.4833
12.4587
12.4326
12.4051
12.376
12.3454
12.3131
12.279
12.243
12.2047
12.1639
12.1201
12.0741
12.0263
11.976
11.9231
11.8669
11.8073
11.7451
11.6806
11.6139
11.5446
11.473
11.3991
11.3234
11.246
11.167
11.0866
11.0051
10.9224
10.8389
10.7546
10.6698
10.5845
10.4989
10.413
10.3269
10.2405
10.1538
10.067
9.97998
9.89286
9.80572
9.71861
9.63162
9.54481
9.45824
9.37194
9.28596
9.20029
9.11496
9.02999
8.94535
8.86108
8.77716
8.69356
8.6102
8.527
8.44383
8.36051
8.27691
8.19326
8.11044
8.0339
38.8943
12.2295
8.69174
7.86282
7.64703
7.59961
7.59448
7.59429
7.58967
7.57994
7.56678
7.55214
7.53767
7.52465
7.51399
7.50633
7.50207
7.50142
7.50451
7.51131
7.52176
7.53574
7.55308
7.57358
7.59704
7.62323
7.65194
7.68294
7.71601
7.75094
7.78752
7.82555
7.86485
7.90525
7.94658
7.9887
8.03146
8.07475
8.11843
8.16242
8.20662
8.25095
8.29533
8.33971
8.38402
8.42822
8.47227
8.51614
8.55981
8.60325
8.64646
8.68942
8.73214
8.77461
8.81684
8.85884
8.90062
8.94219
8.98357
9.02478
9.06583
9.10675
9.14754
9.18825
9.22887
9.26943
9.30995
9.35043
9.39089
9.43133
9.47176
9.51218
9.55259
9.59298
9.63336
9.6737
9.71401
9.75427
9.79447
9.83459
9.87461
9.91453
9.95432
9.99397
10.0335
10.0728
10.1119
10.1508
10.1895
10.228
10.2663
10.3044
10.3422
10.3799
10.4173
10.4545
10.4916
10.5283
10.5648
10.6009
10.6368
10.6723
10.7076
10.7425
10.7771
10.8114
10.8454
10.8791
10.9126
10.9458
10.9787
11.0114
11.0438
11.076
11.1081
11.1399
11.1716
11.2031
11.2345
11.2657
11.2968
11.3278
11.3588
11.3897
11.4205
11.4513
11.482
11.5128
11.5435
11.5742
11.6049
11.6355
11.6661
11.6966
11.7269
11.7572
11.7873
11.8173
11.8471
11.8767
11.9061
11.9353
11.9642
11.9929
12.0214
12.0495
12.0773
12.1048
12.132
12.1588
12.1852
12.2112
12.2368
12.262
12.2867
12.3109
12.3347
12.3579
12.3806
12.4027
12.4243
12.4454
12.4659
12.4859
12.5053
12.5242
12.5426
12.5605
12.5778
12.5947
12.611
12.6268
12.6422
12.6571
12.6715
12.6854
12.699
12.7121
12.7248
12.7371
12.7491
12.7607
12.7721
12.7832
12.7941
12.8047
12.8151
12.8252
12.8352
12.8449
12.8545
12.8638
12.873
12.8821
12.891
12.8997
12.9081
12.9162
12.9238
12.9309
12.9373
12.9431
12.9483
12.9528
12.9566
12.9598
12.9624
12.9642
12.9654
12.9659
12.9659
12.9651
12.9637
12.9615
12.9584
12.9544
12.9496
12.9438
12.9372
12.9295
12.921
12.9114
12.901
12.8895
12.877
12.8633
12.8484
12.8323
12.8151
12.7967
12.7771
12.7561
12.7337
12.7098
12.6845
12.6576
12.629
12.5986
12.5665
12.5323
12.4959
12.4572
12.4157
12.3721
12.3261
12.2774
12.2255
12.1706
12.1134
12.0538
11.9919
11.9275
11.8604
11.7906
11.7185
11.6444
11.5685
11.4907
11.4113
11.3304
11.2481
11.1646
11.08
10.9946
10.9084
10.8215
10.7341
10.6463
10.5581
10.4697
10.3811
10.2924
10.2035
10.1145
10.0255
9.93628
9.84707
9.75788
9.66876
9.57977
9.49097
9.40242
9.31415
9.2262
9.13859
9.05132
8.9644
8.87782
8.79157
8.70566
8.62009
8.53485
8.4499
8.36519
8.28067
8.19625
8.11198
8.02825
7.94622
7.87062
40.0175
12.4558
8.63377
7.66004
7.36353
7.27124
7.24174
7.22874
7.21787
7.20576
7.1926
7.17952
7.16771
7.15813
7.15149
7.14828
7.14879
7.15317
7.16146
7.17361
7.1895
7.20899
7.23189
7.25798
7.28703
7.31883
7.35313
7.38971
7.42834
7.4688
7.51088
7.55439
7.59913
7.64493
7.69163
7.73909
7.78715
7.83571
7.88463
7.93384
7.98322
8.03271
8.08223
8.13172
8.18114
8.23043
8.27956
8.32851
8.37725
8.42577
8.47405
8.5221
8.5699
8.61748
8.66483
8.71197
8.7589
8.80565
8.85223
8.89866
8.94496
8.99116
9.03726
9.08329
9.12927
9.17521
9.22113
9.26704
9.31294
9.35883
9.40473
9.45062
9.49649
9.54234
9.58815
9.63392
9.67961
9.72522
9.77073
9.81611
9.86134
9.9064
9.95127
9.99591
10.0403
10.0845
10.1283
10.1719
10.2152
10.2581
10.3008
10.3431
10.3851
10.4269
10.4683
10.5093
10.5499
10.5902
10.63
10.6694
10.7083
10.7469
10.785
10.8227
10.86
10.8969
10.9334
10.9695
11.0052
11.0406
11.0757
11.1104
11.1448
11.1789
11.2127
11.2463
11.2796
11.3126
11.3455
11.3781
11.4106
11.4429
11.475
11.507
11.5389
11.5707
11.6025
11.6341
11.6657
11.6972
11.7287
11.7602
11.7915
11.8228
11.8539
11.8849
11.9158
11.9465
11.977
12.0073
12.0373
12.0672
12.0968
12.1262
12.1552
12.184
12.2125
12.2406
12.2685
12.2959
12.3231
12.3499
12.3764
12.4024
12.4281
12.4533
12.4781
12.5024
12.5263
12.5496
12.5725
12.5949
12.6168
12.6382
12.6592
12.6798
12.6999
12.7195
12.7388
12.7576
12.776
12.794
12.8117
12.8289
12.8458
12.8623
12.8785
12.8943
12.9098
12.9249
12.9397
12.9543
12.9685
12.9826
12.9964
13.0099
13.0232
13.0363
13.0491
13.0617
13.0741
13.0862
13.0981
13.1098
13.1213
13.1326
13.1435
13.154
13.1637
13.1727
13.181
13.1885
13.1953
13.2013
13.2064
13.2107
13.2142
13.2168
13.2185
13.2194
13.2194
13.2185
13.2167
13.2139
13.2099
13.2048
13.1985
13.191
13.1822
13.1721
13.1608
13.148
13.1339
13.1181
13.1009
13.0822
13.062
13.0403
13.017
12.9922
12.9658
12.9376
12.9077
12.8759
12.842
12.806
12.7675
12.7269
12.6843
12.6393
12.5917
12.5412
12.488
12.4323
12.3742
12.3135
12.25
12.1838
12.1154
12.0448
11.9722
11.8975
11.8209
11.7424
11.6622
11.5803
11.4971
11.4126
11.327
11.2403
11.1527
11.0644
10.9754
10.8859
10.796
10.7057
10.6151
10.5243
10.4334
10.3425
10.2516
10.1606
10.0697
9.97888
9.88806
9.79733
9.7067
9.61623
9.52596
9.43593
9.3462
9.25679
9.16774
9.07907
8.9908
8.90294
8.81548
8.72845
8.64185
8.55568
8.46992
8.38459
8.29964
8.21507
8.13086
8.047
7.9636
7.8811
7.80071
7.72661
40.8708
12.657
8.59311
7.49063
7.12016
6.98594
6.93367
6.90909
6.8931
6.87962
6.86734
6.85653
6.84789
6.8421
6.83967
6.84097
6.84621
6.85548
6.86877
6.88601
6.90705
6.93173
6.95984
6.99117
7.02549
7.06257
7.10216
7.14405
7.18799
7.23378
7.28121
7.33006
7.38017
7.43134
7.48343
7.53628
7.58975
7.64372
7.69808
7.75272
7.80757
7.86252
7.91753
7.97253
8.02746
8.08229
8.13697
8.19149
8.24583
8.29996
8.35388
8.40758
8.46107
8.51436
8.56744
8.62033
8.67305
8.72561
8.77803
8.83032
8.88251
8.93461
8.98665
9.03864
9.09059
9.14253
9.19446
9.24639
9.29833
9.35027
9.40221
9.45413
9.50602
9.55786
9.60963
9.66131
9.71288
9.7643
9.81556
9.86663
9.91747
9.96806
10.0184
10.0683
10.118
10.1672
10.2161
10.2646
10.3126
10.3603
10.4075
10.4543
10.5007
10.5466
10.5919
10.6367
10.681
10.7247
10.7678
10.8104
10.8524
10.8939
10.9348
10.9752
11.015
11.0543
11.0931
11.1315
11.1694
11.2068
11.2438
11.2804
11.3166
11.3523
11.3878
11.4229
11.4576
11.492
11.5262
11.5601
11.5937
11.6271
11.6603
11.6933
11.7262
11.759
11.7916
11.8241
11.8565
11.8888
11.9211
11.9533
11.9855
12.0176
12.0496
12.0814
12.1131
12.1447
12.176
12.2072
12.2382
12.269
12.2995
12.3298
12.3598
12.3895
12.4189
12.448
12.4768
12.5053
12.5334
12.5613
12.5888
12.616
12.6429
12.6694
12.6955
12.7212
12.7465
12.7713
12.7958
12.8197
12.8432
12.8662
12.8889
12.9112
12.933
12.9545
12.9756
12.9963
13.0166
13.0365
13.0562
13.0754
13.0944
13.1131
13.1314
13.1496
13.1674
13.1851
13.2024
13.2195
13.2363
13.2528
13.2691
13.285
13.3007
13.3161
13.3311
13.3458
13.3602
13.3743
13.3881
13.4014
13.4144
13.4269
13.4388
13.4499
13.4601
13.4695
13.4779
13.4853
13.4918
13.4972
13.5016
13.505
13.5072
13.5084
13.5083
13.5071
13.5045
13.5007
13.4954
13.4887
13.4807
13.4712
13.4603
13.4478
13.4339
13.4184
13.4013
13.3825
13.3621
13.3398
13.3158
13.29
13.2623
13.2328
13.2013
13.1678
13.1322
13.0948
13.0552
13.0134
12.9692
12.9224
12.873
12.8213
12.7672
12.7107
12.6517
12.5901
12.5261
12.4598
12.3913
12.3205
12.2474
12.1723
12.0951
12.0161
11.9354
11.8532
11.7695
11.6844
11.598
11.5103
11.4217
11.3321
11.2417
11.1505
11.0588
10.9667
10.8741
10.7812
10.6881
10.5948
10.5014
10.408
10.3147
10.2214
10.1283
10.0353
9.94246
9.8498
9.75733
9.66508
9.57308
9.48137
9.38998
9.29894
9.20831
9.1181
9.02835
8.93906
8.85027
8.76197
8.67418
8.58693
8.50022
8.41406
8.32845
8.24338
8.15883
8.0748
7.9913
7.90836
7.82611
7.74495
7.666
7.59308
41.4674
12.8329
8.56543
7.34818
6.90954
6.73556
6.66127
6.6255
6.60471
6.59017
6.57903
6.57067
6.56529
6.56325
6.56491
6.5705
6.58017
6.59397
6.61185
6.63373
6.65945
6.68885
6.72171
6.75784
6.79699
6.83894
6.88347
6.93034
6.97932
7.03022
7.08281
7.1369
7.1923
7.24884
7.30635
7.3647
7.42373
7.48332
7.54337
7.60377
7.66442
7.72526
7.7862
7.84719
7.90817
7.9691
8.02995
8.09068
8.15127
8.21171
8.27198
8.33209
8.39202
8.45179
8.51139
8.57085
8.63017
8.68936
8.74844
8.80742
8.86633
8.92518
8.98397
9.04274
9.10149
9.16023
9.21897
9.27772
9.33647
9.39522
9.45394
9.51263
9.57124
9.62976
9.68816
9.74639
9.80443
9.86224
9.91979
9.97705
10.034
10.0905
10.1467
10.2024
10.2576
10.3123
10.3665
10.4201
10.4731
10.5256
10.5775
10.6289
10.6795
10.7295
10.7787
10.8271
10.8748
10.9218
10.968
11.0135
11.0583
11.1023
11.1457
11.1884
11.2304
11.2718
11.3126
11.3527
11.3924
11.4314
11.47
11.508
11.5455
11.5826
11.6192
11.6554
11.6911
11.7265
11.7616
11.7963
11.8307
11.8648
11.8987
11.9323
11.9658
11.9991
12.0322
12.0653
12.0982
12.1311
12.1639
12.1966
12.2293
12.2619
12.2945
12.327
12.3594
12.3916
12.4237
12.4557
12.4875
12.5192
12.5506
12.5818
12.6128
12.6435
12.6739
12.704
12.7338
12.7633
12.7926
12.8215
12.8502
12.8786
12.9067
12.9344
12.9618
12.9888
13.0156
13.0419
13.068
13.0937
13.1191
13.144
13.1685
13.1927
13.2164
13.2398
13.2628
13.2853
13.3075
13.3292
13.3506
13.3717
13.3923
13.4127
13.4327
13.4525
13.472
13.4913
13.5102
13.5288
13.5471
13.565
13.5825
13.5996
13.6163
13.6326
13.6484
13.6638
13.6787
13.6931
13.707
13.7202
13.7326
13.7442
13.7545
13.7637
13.7718
13.7787
13.7845
13.7892
13.7927
13.7949
13.796
13.7957
13.7942
13.7913
13.7871
13.7814
13.7741
13.7653
13.7549
13.7429
13.7293
13.714
13.6971
13.6784
13.6581
13.636
13.612
13.5862
13.5586
13.529
13.4974
13.4637
13.428
13.39
13.3498
13.3072
13.2623
13.2152
13.1658
13.1141
13.0599
13.0032
12.944
12.8825
12.8187
12.7526
12.6844
12.6139
12.5414
12.4669
12.3904
12.312
12.2317
12.1497
12.066
11.9808
11.8942
11.8063
11.7173
11.6271
11.5359
11.4437
11.3508
11.2571
11.1628
11.068
10.9728
10.8773
10.7815
10.6856
10.5895
10.4935
10.3974
10.3015
10.2057
10.1101
10.0147
9.91955
9.82469
9.73011
9.63585
9.54192
9.44837
9.35522
9.2625
9.17026
9.07852
8.98731
8.89667
8.80659
8.71711
8.62822
8.53996
8.45234
8.36537
8.27907
8.19343
8.10845
8.02414
7.94049
7.85752
7.77527
7.69386
7.61367
7.53564
7.46339
41.8219
12.9835
8.54828
7.22905
6.72743
6.5154
6.41936
6.37218
6.34632
6.33049
6.32027
6.31415
6.31177
6.31319
6.31856
6.32803
6.34168
6.35951
6.38147
6.40747
6.43736
6.47096
6.5081
6.54856
6.59214
6.63861
6.68776
6.73937
6.79323
6.84911
6.90682
6.96616
7.02695
7.089
7.15216
7.21628
7.28121
7.34684
7.41304
7.47971
7.54676
7.61411
7.68167
7.74939
7.8172
7.88506
7.95293
8.02077
8.08856
8.15627
8.22389
8.29142
8.35883
8.42615
8.49336
8.56047
8.62748
8.69442
8.76128
8.82807
8.89481
8.96151
9.02818
9.09482
9.16144
9.22805
9.29466
9.36126
9.42783
9.49437
9.56085
9.62724
9.69349
9.75957
9.82541
9.89099
9.95624
10.0211
10.0856
10.1497
10.2133
10.2763
10.3388
10.4006
10.4618
10.5222
10.5819
10.6409
10.6991
10.7565
10.8131
10.8688
10.9235
10.9771
11.0298
11.0815
11.1322
11.1819
11.2307
11.2786
11.3256
11.3716
11.4169
11.4613
11.5048
11.5476
11.5897
11.631
11.6716
11.7117
11.751
11.7898
11.828
11.8656
11.9027
11.9393
11.9754
12.011
12.0463
12.0811
12.1156
12.1498
12.1836
12.2173
12.2507
12.2839
12.3169
12.3498
12.3827
12.4155
12.4482
12.4809
12.5136
12.5462
12.5789
12.6115
12.644
12.6765
12.709
12.7413
12.7736
12.8057
12.8376
12.8694
12.9011
12.9326
12.9639
12.995
13.026
13.0567
13.0871
13.1173
13.1472
13.1767
13.206
13.235
13.2636
13.2919
13.3198
13.3475
13.3748
13.4019
13.4286
13.4549
13.4808
13.5062
13.5311
13.5556
13.5797
13.6032
13.6263
13.6489
13.6711
13.6928
13.7139
13.7347
13.7549
13.7747
13.794
13.8129
13.8313
13.8492
13.8666
13.8836
13.9001
13.916
13.9314
13.9463
13.9605
13.9741
13.9871
13.9994
14.011
14.0217
14.0313
14.0396
14.0465
14.0521
14.0565
14.0597
14.0616
14.0622
14.0615
14.0594
14.056
14.0511
14.0449
14.0372
14.0281
14.0175
14.0051
13.9911
13.9754
13.9579
13.9386
13.9174
13.8944
13.8696
13.8428
13.814
13.7832
13.7504
13.7155
13.6784
13.6392
13.5976
13.5538
13.5077
13.4592
13.4083
13.3551
13.2995
13.2417
13.1815
13.119
13.0542
12.9871
12.9179
12.8465
12.773
12.6977
12.6204
12.5413
12.4604
12.3778
12.2936
12.2077
12.1204
12.0316
11.9414
11.8501
11.7577
11.6642
11.5698
11.4746
11.3786
11.2819
11.1847
11.0869
10.9888
10.8904
10.7917
10.6929
10.594
10.4951
10.3963
10.2976
10.199
10.1007
10.0027
9.90495
9.80755
9.71052
9.61389
9.51768
9.42193
9.32665
9.23188
9.13767
9.04403
8.95099
8.8586
8.76687
8.67582
8.58546
8.49581
8.40688
8.31869
8.23125
8.14459
8.05869
7.97358
7.88924
7.80569
7.72296
7.64108
7.56014
7.48049
7.40292
7.33091
41.9431
13.1098
8.54075
7.13128
6.57137
6.3227
6.20483
6.14563
6.11399
6.09622
6.08638
6.08199
6.08213
6.08652
6.09513
6.10798
6.12511
6.14648
6.17204
6.20169
6.2353
6.27272
6.31377
6.35828
6.40606
6.4569
6.51061
6.56698
6.6258
6.68686
6.74996
6.8149
6.88149
6.94956
7.01894
7.08947
7.16102
7.23345
7.30665
7.38051
7.45493
7.52982
7.60509
7.68068
7.75652
7.83255
7.90872
7.98499
8.06133
8.13771
8.2141
8.29049
8.36686
8.4432
8.51951
8.59577
8.672
8.74819
8.82434
8.90045
8.97652
9.05256
9.12856
9.20452
9.28044
9.35632
9.43215
9.50792
9.58362
9.65921
9.73466
9.80993
9.88494
9.95963
10.0339
10.1078
10.1812
10.254
10.3262
10.3977
10.4685
10.5386
10.6079
10.6762
10.7437
10.8101
10.8756
10.94
11.0033
11.0655
11.1263
11.1857
11.2437
11.3005
11.3559
11.4101
11.463
11.5147
11.5652
11.6146
11.6628
11.71
11.7561
11.8012
11.8453
11.8884
11.9307
11.9722
12.0128
12.0527
12.0919
12.1304
12.1682
12.2053
12.2418
12.2778
12.3132
12.3481
12.3824
12.4164
12.4499
12.4831
12.516
12.5487
12.5811
12.6133
12.6453
12.6772
12.709
12.7408
12.7726
12.8044
12.8362
12.868
12.8999
12.9321
12.9643
12.9966
13.0289
13.0612
13.0934
13.1255
13.1575
13.1894
13.2212
13.2529
13.2845
13.316
13.3473
13.3784
13.4092
13.4397
13.4699
13.4998
13.5293
13.5585
13.5873
13.6157
13.6437
13.6713
13.6984
13.7251
13.7512
13.7769
13.802
13.8266
13.8507
13.8743
13.8973
13.9198
13.9417
13.963
13.9837
14.0039
14.0234
14.0424
14.0608
14.0786
14.0958
14.1125
14.1285
14.1441
14.159
14.1734
14.1872
14.2004
14.213
14.2249
14.2361
14.2467
14.2566
14.2657
14.274
14.2812
14.2871
14.2916
14.2949
14.2968
14.2974
14.2967
14.2947
14.2912
14.2864
14.2801
14.2724
14.2631
14.2524
14.24
14.2261
14.2105
14.1932
14.1741
14.1531
14.1302
14.1054
14.0785
14.0497
14.0188
13.9858
13.9507
13.9135
13.8741
13.8324
13.7885
13.7423
13.6937
13.6428
13.5896
13.534
13.4761
13.4159
13.3534
13.2886
13.2216
13.1525
13.0812
13.0079
12.9325
12.8551
12.7759
12.6948
12.6121
12.5276
12.4416
12.354
12.2649
12.1744
12.0825
11.9893
11.8949
11.7995
11.703
11.6057
11.5075
11.4086
11.309
11.2088
11.1081
11.0071
10.9057
10.8041
10.7023
10.6005
10.4987
10.3969
10.2953
10.1938
10.0926
9.99171
9.89115
9.79097
9.69123
9.59195
9.49316
9.3949
9.2972
9.20008
9.10359
9.00775
8.9126
8.81816
8.72447
8.63154
8.53939
8.44804
8.35749
8.26776
8.17887
8.09083
8.00367
7.91737
7.83197
7.74745
7.66384
7.58114
7.49941
7.41872
7.33934
7.26197
7.18997
41.8396
13.2129
8.54258
7.05389
6.44005
6.156
6.01605
5.94398
5.90559
5.88498
5.87471
5.87138
5.87344
5.88027
5.89164
5.90745
5.92766
5.95223
5.98109
6.01416
6.05133
6.09246
6.13743
6.18607
6.23822
6.29373
6.3524
6.41405
6.47848
6.54547
6.61482
6.68631
6.75974
6.83494
6.91171
6.98992
7.06941
7.15005
7.23172
7.3143
7.39769
7.48178
7.56648
7.6517
7.73739
7.82345
7.90984
7.9965
8.08338
8.17044
8.25764
8.34494
8.43232
8.51976
8.60724
8.69473
8.78223
8.86973
8.9572
9.04463
9.13202
9.21934
9.30659
9.39374
9.48078
9.56769
9.65445
9.74105
9.82745
9.91362
9.99949
10.085
10.1701
10.2546
10.3385
10.4217
10.5041
10.5857
10.6663
10.746
10.8246
10.9021
10.9785
11.0537
11.1276
11.2001
11.2713
11.3409
11.4087
11.4745
11.5384
11.6005
11.6609
11.7195
11.7765
11.8319
11.8857
11.938
11.9888
12.0383
12.0864
12.1332
12.1787
12.2231
12.2662
12.3082
12.3493
12.3893
12.4285
12.4668
12.5043
12.541
12.5769
12.612
12.6465
12.6804
12.7137
12.7464
12.7785
12.8101
12.8413
12.8722
12.9027
12.933
12.9632
12.9933
13.0233
13.0532
13.083
13.1128
13.1427
13.1725
13.2023
13.2322
13.2623
13.2925
13.3228
13.3533
13.3838
13.4144
13.445
13.4756
13.506
13.5363
13.5665
13.5965
13.6263
13.6559
13.6851
13.7141
13.7429
13.7713
13.7994
13.8271
13.8545
13.8816
13.9082
13.9344
13.9601
13.9854
14.0101
14.0343
14.058
14.0812
14.1038
14.1259
14.1474
14.1683
14.1886
14.2084
14.2275
14.246
14.2639
14.2812
14.2979
14.3139
14.3293
14.3441
14.3582
14.3718
14.3847
14.3971
14.4088
14.42
14.4305
14.4404
14.4496
14.4582
14.4661
14.4733
14.4799
14.4857
14.4905
14.4941
14.4965
14.4975
14.4972
14.4956
14.4927
14.4884
14.4827
14.4756
14.467
14.4568
14.445
14.4317
14.4167
14.4
14.3816
14.3615
14.3394
14.3155
14.2896
14.2617
14.2317
14.1996
14.1654
14.129
14.0904
14.0497
14.0067
13.9614
13.9139
13.864
13.8118
13.7573
13.7004
13.6412
13.5797
13.516
13.45
13.3818
13.3114
13.2389
13.1643
13.0877
13.0091
12.9286
12.8462
12.7621
12.6763
12.5888
12.4997
12.4091
12.3171
12.2237
12.1289
12.0329
11.9357
11.8373
11.738
11.6378
11.5367
11.4349
11.3324
11.2293
11.1256
11.0216
10.9172
10.8126
10.7078
10.6029
10.4981
10.3932
10.2885
10.184
10.0797
9.9758
9.87223
9.76908
9.66641
9.56425
9.46265
9.36164
9.26126
9.16155
9.06253
8.96425
8.86673
8.77001
8.67411
8.57906
8.48488
8.39159
8.29919
8.2077
8.11713
8.0275
7.93883
7.85113
7.76442
7.6787
7.59398
7.51027
7.4276
7.34598
7.26548
7.18633
7.10911
7.03712
41.522
13.2941
8.55444
6.9971
6.33344
6.01516
5.8528
5.76689
5.72062
5.69611
5.68454
5.68153
5.68496
5.69383
5.70767
5.72627
5.74954
5.77739
5.80975
5.84653
5.88765
5.93302
5.98255
6.03612
6.09362
6.1549
6.21981
6.2882
6.35985
6.43453
6.512
6.59201
6.67433
6.75875
6.8451
6.93322
7.02295
7.11417
7.20674
7.30053
7.39544
7.49134
7.58814
7.68574
7.78404
7.88296
7.98242
8.08235
8.18267
8.28332
8.38425
8.48539
8.5867
8.68814
8.78965
8.89121
8.99277
9.09431
9.19579
9.29718
9.39844
9.49953
9.60042
9.70108
9.80147
9.90154
10.0013
10.1006
10.1995
10.2979
10.3958
10.493
10.5894
10.685
10.7795
10.873
10.9652
11.0562
11.1457
11.2339
11.3205
11.4056
11.4891
11.5708
11.6508
11.729
11.8048
11.8778
11.9481
12.0159
12.0812
12.1441
12.2048
12.2632
12.3196
12.374
12.4265
12.4773
12.5264
12.5738
12.6196
12.6639
12.7067
12.748
12.7879
12.8266
12.8642
12.9007
12.9362
12.9708
13.0045
13.0373
13.0691
13.1001
13.1304
13.1601
13.1892
13.2178
13.2461
13.2739
13.3014
13.3284
13.355
13.3814
13.4076
13.4338
13.4598
13.4857
13.5115
13.5372
13.5628
13.5884
13.6139
13.6395
13.6649
13.6903
13.7157
13.7409
13.7663
13.7918
13.8174
13.843
13.8686
13.8942
13.9196
13.9449
13.9701
13.995
14.0197
14.0442
14.0684
14.0924
14.1161
14.1396
14.1628
14.1856
14.2082
14.2303
14.2521
14.2735
14.2944
14.3149
14.3349
14.3544
14.3734
14.3919
14.4098
14.4272
14.444
14.4602
14.4759
14.491
14.5054
14.5193
14.5325
14.5451
14.5571
14.5685
14.5792
14.5894
14.5989
14.6078
14.6161
14.6239
14.631
14.6374
14.6433
14.6485
14.6531
14.6571
14.6605
14.663
14.6645
14.6649
14.664
14.6618
14.6583
14.6534
14.6472
14.6396
14.6305
14.6199
14.6077
14.5939
14.5785
14.5613
14.5424
14.5218
14.4993
14.4749
14.4486
14.4203
14.3899
14.3575
14.3229
14.2861
14.2471
14.2058
14.1624
14.1167
14.0687
14.0184
13.9658
13.9109
13.8536
13.794
13.7321
13.6679
13.6014
13.5327
13.4618
13.3887
13.3135
13.2363
13.157
13.0757
12.9926
12.9075
12.8207
12.7321
12.6419
12.5502
12.4568
12.3621
12.2659
12.1684
12.0696
11.9696
11.8685
11.7664
11.6633
11.5593
11.4546
11.3492
11.2431
11.1365
11.0295
10.9221
10.8144
10.7065
10.5985
10.4905
10.3825
10.2747
10.167
10.0596
9.95248
9.84577
9.73952
9.63377
9.52857
9.42398
9.32004
9.21679
9.11427
9.01253
8.9116
8.81151
8.71231
8.614
8.51664
8.42023
8.3248
8.23036
8.13693
8.04452
7.95315
7.86284
7.7736
7.68546
7.59842
7.51249
7.42768
7.344
7.26145
7.18007
7.0999
7.02111
6.94416
6.87241
41.0204
13.3698
8.58354
6.96526
6.25466
5.90271
5.71726
5.61632
5.56089
5.53136
5.51763
5.5144
5.51894
5.52986
5.54646
5.56836
5.59538
5.62739
5.6643
5.70604
5.75255
5.80378
5.85969
5.92024
5.98537
6.05501
6.12902
6.20724
6.28945
6.37536
6.46461
6.55686
6.65181
6.74923
6.84894
6.95079
7.05464
7.16035
7.2678
7.37685
7.48736
7.59921
7.71229
7.82646
7.94163
8.05768
8.17451
8.29201
8.41006
8.52857
8.64745
8.76659
8.88591
9.00533
9.12479
9.2442
9.3635
9.48263
9.60152
9.72011
9.83832
9.95611
10.0734
10.1901
10.3062
10.4217
10.5364
10.6503
10.7633
10.8753
10.9863
11.0962
11.2048
11.3119
11.4175
11.5215
11.6236
11.7238
11.822
11.9181
12.0121
12.1038
12.1932
12.2805
12.3647
12.4451
12.5219
12.5953
12.6653
12.7319
12.7955
12.856
12.9137
12.9687
13.0212
13.0715
13.1196
13.1656
13.2097
13.252
13.2924
13.3311
13.3681
13.4033
13.4369
13.4692
13.5002
13.5301
13.559
13.5869
13.6139
13.6402
13.6657
13.6905
13.7146
13.7379
13.7606
13.7829
13.8048
13.8263
13.8472
13.8675
13.8873
13.9066
13.9255
13.9441
13.9622
13.9801
13.9978
14.0152
14.0326
14.0499
14.0672
14.0844
14.1016
14.1187
14.1357
14.1527
14.1697
14.1866
14.2038
14.2213
14.239
14.2568
14.2748
14.2928
14.3109
14.3289
14.3469
14.3648
14.3827
14.4005
14.4181
14.4357
14.4531
14.4704
14.4875
14.5044
14.5211
14.5375
14.5536
14.5694
14.5848
14.5999
14.6145
14.6288
14.6425
14.6559
14.6687
14.681
14.6928
14.7041
14.7148
14.7249
14.7345
14.7434
14.7518
14.7596
14.7668
14.7733
14.7793
14.7847
14.7895
14.7937
14.7973
14.8003
14.8028
14.8046
14.806
14.8068
14.8069
14.8063
14.8047
14.8019
14.7979
14.7926
14.786
14.778
14.7687
14.7578
14.7455
14.7316
14.7161
14.6989
14.68
14.6594
14.6369
14.6126
14.5864
14.5582
14.528
14.4957
14.4614
14.4249
14.3861
14.3452
14.302
14.2565
14.2088
14.1588
14.1065
14.0518
13.9949
13.9355
13.8738
13.8098
13.7435
13.6749
13.6041
13.531
13.4557
13.3783
13.2988
13.2172
13.1336
13.0481
12.9607
12.8715
12.7805
12.6878
12.5935
12.4976
12.4003
12.3015
12.2014
12.0999
11.9973
11.8935
11.7886
11.6827
11.576
11.4684
11.3601
11.2511
11.1416
11.0316
10.9212
10.8104
10.6995
10.5884
10.4773
10.3662
10.2552
10.1443
10.0338
9.9235
9.81363
9.70422
9.59532
9.48701
9.37934
9.27236
9.16612
9.06067
8.95605
8.85232
8.7495
8.64764
8.54678
8.44694
8.34815
8.25043
8.15381
8.05831
7.96394
7.87072
7.77869
7.68785
7.59822
7.50982
7.42265
7.33671
7.25201
7.16856
7.08637
7.00545
6.92583
6.84763
6.77121
6.70021
40.4663
13.5433
8.6681
6.97581
6.21319
5.82461
5.61375
5.49581
5.42964
5.39397
5.37743
5.37385
5.3799
5.39378
5.41454
5.44164
5.47471
5.51353
5.55793
5.60781
5.66315
5.72393
5.79021
5.86204
5.93949
6.02259
6.11134
6.20557
6.30489
6.40884
6.51678
6.62806
6.74221
6.85908
6.97854
7.10049
7.22482
7.35142
7.48016
7.6109
7.74347
7.87773
8.01354
8.15076
8.28927
8.42891
8.5695
8.71087
8.85284
8.99523
9.13789
9.28066
9.42341
9.56599
9.70828
9.85017
9.99153
10.1323
10.2722
10.4114
10.5495
10.6867
10.8226
10.9574
11.0909
11.223
11.3537
11.4828
11.6103
11.736
11.8599
11.9818
12.1016
12.2192
12.3345
12.4473
12.5576
12.6653
12.7701
12.8719
12.9706
13.0663
13.158
13.2447
13.3267
13.4041
13.4771
13.5458
13.6104
13.6712
13.7282
13.7814
13.8313
13.8782
13.9223
13.9639
14.0032
14.0402
14.075
14.1078
14.1386
14.1676
14.1948
14.2204
14.2447
14.2676
14.2891
14.3094
14.3286
14.3468
14.3641
14.3805
14.3965
14.4115
14.4257
14.4389
14.4512
14.4627
14.4735
14.4835
14.4927
14.5012
14.509
14.5161
14.5227
14.5289
14.5346
14.54
14.5452
14.5504
14.5555
14.5606
14.5658
14.5712
14.5766
14.5822
14.5879
14.5937
14.5997
14.6059
14.6122
14.6187
14.6257
14.6333
14.6413
14.6497
14.6585
14.6676
14.6769
14.6864
14.6962
14.7061
14.7161
14.7263
14.7366
14.747
14.7574
14.7678
14.7782
14.7886
14.7989
14.809
14.819
14.8288
14.8384
14.8477
14.8567
14.8654
14.8737
14.8817
14.8892
14.8963
14.903
14.9091
14.9148
14.9199
14.9245
14.9286
14.9321
14.935
14.9373
14.9391
14.9404
14.941
14.9411
14.9406
14.9396
14.9381
14.9361
14.9337
14.9307
14.927
14.9223
14.9164
14.9094
14.9011
14.8915
14.8805
14.868
14.8541
14.8387
14.8217
14.803
14.7827
14.7605
14.7366
14.7108
14.6831
14.6535
14.6219
14.5882
14.5524
14.5145
14.4743
14.4319
14.3873
14.3403
14.2911
14.2395
14.1856
14.1294
14.0708
14.0099
13.9466
13.8809
13.8129
13.7425
13.6699
13.5949
13.5178
13.4385
13.357
13.2734
13.1878
13.1001
13.0106
12.9192
12.8259
12.7309
12.6343
12.536
12.4362
12.335
12.2323
12.1284
12.0231
11.9167
11.8092
11.7007
11.5912
11.4809
11.3698
11.2581
11.1457
11.0328
10.9195
10.8059
10.692
10.5779
10.4637
10.3496
10.2355
10.1216
10.0079
9.89453
9.78154
9.669
9.55699
9.44556
9.33479
9.22474
9.11546
9.00701
8.89944
8.79281
8.68717
8.58254
8.47899
8.37655
8.27525
8.17512
8.0762
7.97852
7.88211
7.787
7.6932
7.60074
7.50962
7.41984
7.33143
7.24437
7.15867
7.07434
6.99137
6.90977
6.82954
6.75068
6.67327
6.59762
6.52786
39.8049
13.7699
8.80171
7.02922
6.21112
5.78369
5.54584
5.40981
5.33237
5.29069
5.27223
5.26998
5.28009
5.3005
5.33004
5.36788
5.41323
5.46549
5.5243
5.58949
5.66104
5.73909
5.82384
5.91555
6.01449
6.12088
6.23483
6.3562
6.48448
6.61853
6.75712
6.89929
7.04338
7.18999
7.33918
7.49102
7.64549
7.8025
7.96192
8.12355
8.2872
8.45267
8.6198
8.78849
8.95863
9.12991
9.30196
9.47447
9.64711
9.81962
9.99176
10.1633
10.334
10.5037
10.6723
10.8395
11.0052
11.1692
11.3314
11.4915
11.6495
11.8053
11.9588
12.1098
12.2584
12.4046
12.5483
12.6895
12.8279
12.9633
13.0958
13.2252
13.3515
13.4745
13.5943
13.7109
13.8245
13.9345
14.0411
14.1432
14.2394
14.3292
14.4131
14.4913
14.5639
14.6312
14.6935
14.7509
14.8039
14.8527
14.8976
14.9391
14.9774
15.0126
15.045
15.0746
15.1017
15.1263
15.1486
15.1686
15.1864
15.2021
15.216
15.2284
15.2394
15.2489
15.2569
15.2634
15.2685
15.2725
15.2752
15.2768
15.2772
15.2764
15.2744
15.2713
15.2672
15.2621
15.2561
15.2493
15.2417
15.2333
15.2244
15.2149
15.2049
15.1946
15.184
15.1733
15.1626
15.1519
15.1415
15.1313
15.1215
15.112
15.1029
15.0942
15.086
15.0781
15.0706
15.0636
15.057
15.0508
15.0451
15.04
15.0356
15.0321
15.0293
15.0272
15.0257
15.0249
15.0245
15.0247
15.0253
15.0264
15.0279
15.0298
15.032
15.0345
15.0373
15.0403
15.0435
15.0468
15.0503
15.0538
15.0573
15.0608
15.0643
15.0676
15.0708
15.0739
15.0767
15.0793
15.0815
15.0835
15.0851
15.0862
15.087
15.0873
15.0871
15.0865
15.0853
15.0837
15.0815
15.0787
15.0755
15.0717
15.0674
15.0628
15.0577
15.0523
15.0463
15.0396
15.032
15.0232
15.0133
15.0021
14.9896
14.9757
14.9604
14.9436
14.9252
14.9053
14.8837
14.8604
14.8353
14.8084
14.7796
14.7489
14.7162
14.6814
14.6446
14.6056
14.5643
14.5209
14.4751
14.4271
14.3766
14.3239
14.2688
14.2113
14.1514
14.0891
14.0244
13.9573
13.8878
13.8159
13.7417
13.6651
13.5863
13.5052
13.4219
13.3364
13.2489
13.1593
13.0677
12.9742
12.8788
12.7816
12.6827
12.5822
12.48
12.3764
12.2713
12.1649
12.0572
11.9482
11.8382
11.7271
11.615
11.502
11.3882
11.2737
11.1586
11.0429
10.9268
10.8103
10.6935
10.5765
10.4593
10.3422
10.2251
10.1082
9.99143
9.87499
9.75892
9.64329
9.52817
9.41365
9.29978
9.18664
9.0743
8.96281
8.85225
8.74266
8.6341
8.52663
8.42029
8.31513
8.2112
8.10852
8.00715
7.90713
7.80855
7.71143
7.61577
7.52158
7.42886
7.33761
7.24784
7.15955
7.07274
6.98741
6.90355
6.82115
6.7402
6.66069
6.5826
6.50596
6.43107
6.36218
39.0101
14.0112
8.97809
7.12814
6.25401
5.7874
5.52317
5.3708
5.28501
5.24139
5.22625
5.23188
5.25421
5.29142
5.34286
5.40668
5.48026
5.56189
5.65075
5.74668
5.84995
5.96113
6.08087
6.20979
6.34821
6.49611
6.65306
6.81819
6.99026
7.16789
7.34996
7.53453
7.72072
7.90992
8.10099
8.29444
8.49036
8.68865
8.88909
9.09139
9.29525
9.50042
9.70678
9.91461
10.1242
10.3342
10.5437
10.7522
10.9592
11.1645
11.3678
11.5688
11.7672
11.963
12.1558
12.3455
12.5318
12.7146
12.8937
13.0688
13.2399
13.4068
13.5695
13.728
13.8822
14.0325
14.1797
14.3234
14.4629
14.598
14.7287
14.8554
14.9779
15.0961
15.2101
15.3209
15.4287
15.5315
15.6274
15.7162
15.7981
15.8735
15.9426
16.0054
16.0622
16.1132
16.1588
16.1994
16.2354
16.2672
16.2952
16.3202
16.3423
16.3613
16.3774
16.3905
16.4009
16.4087
16.414
16.4167
16.4169
16.4148
16.4106
16.4043
16.3961
16.3861
16.3743
16.361
16.3461
16.33
16.3126
16.2939
16.2739
16.2527
16.2303
16.2068
16.1824
16.1572
16.1313
16.1047
16.0775
16.0498
16.0217
15.9933
15.9646
15.9358
15.9069
15.8781
15.8495
15.8213
15.7935
15.7662
15.7395
15.7134
15.6879
15.6631
15.639
15.6156
15.5928
15.5708
15.5494
15.5288
15.5088
15.4896
15.471
15.4533
15.4369
15.4214
15.407
15.3936
15.3811
15.3695
15.3588
15.3488
15.3397
15.3312
15.3235
15.3164
15.3099
15.3041
15.2987
15.2939
15.2895
15.2856
15.282
15.2788
15.2758
15.273
15.2704
15.2679
15.2655
15.2631
15.2607
15.2582
15.2556
15.2528
15.2498
15.2466
15.243
15.2391
15.2349
15.2303
15.2252
15.2197
15.2137
15.2073
15.2005
15.1933
15.1857
15.1778
15.1693
15.1602
15.15
15.1388
15.1264
15.1127
15.0977
15.0813
15.0635
15.0443
15.0235
15.0011
14.9771
14.9513
14.9237
14.8943
14.863
14.8297
14.7943
14.7568
14.7172
14.6753
14.6312
14.5848
14.536
14.4849
14.4313
14.3753
14.3169
14.256
14.1926
14.1268
14.0586
13.9878
13.9146
13.839
13.761
13.6806
13.5979
13.5129
13.4257
13.3363
13.2448
13.1513
13.0557
12.9583
12.8589
12.7578
12.655
12.5506
12.4446
12.3371
12.2282
12.118
12.0065
11.8938
11.7801
11.6653
11.5497
11.4331
11.3159
11.1979
11.0794
10.9604
10.8409
10.7212
10.6012
10.4811
10.3609
10.2407
10.1207
10.0008
9.88122
9.76199
9.6432
9.52491
9.40719
9.29013
9.1738
9.05827
8.94362
8.82992
8.71722
8.60561
8.49512
8.38582
8.27775
8.17098
8.06553
7.96145
7.85879
7.75759
7.65792
7.5598
7.46324
7.36822
7.27477
7.18288
7.09258
7.0039
6.9168
6.83129
6.74732
6.66489
6.58397
6.50454
6.42657
6.35004
6.27522
6.20634
37.3136
14.3675
9.31484
7.3615
6.40787
5.89005
5.59952
5.44017
5.36198
5.33744
5.35091
5.3939
5.46337
5.56176
5.69795
5.86163
6.0343
6.21092
6.39119
6.5763
6.76777
6.96702
7.17499
7.39194
7.61741
7.8504
8.08968
8.334
8.58233
8.83402
9.08891
9.34757
9.61169
9.87884
10.1475
10.4182
10.6903
10.9631
11.236
11.5084
11.7796
12.0493
12.3173
12.584
12.849
13.1101
13.3667
13.6183
13.8645
14.1049
14.3393
14.5675
14.7893
15.0047
15.2136
15.4158
15.6113
15.7998
15.9813
16.1557
16.3231
16.4837
16.6378
16.7856
16.9267
17.0614
17.1897
17.3112
17.4262
17.5373
17.6454
17.7496
17.8484
17.9408
18.026
18.1029
18.1711
18.2315
18.2848
18.3317
18.3727
18.4077
18.4368
18.4598
18.4764
18.4873
18.4935
18.4953
18.4932
18.4875
18.4785
18.4665
18.4517
18.4341
18.4137
18.3908
18.3652
18.3373
18.3069
18.274
18.2389
18.2017
18.1627
18.1219
18.0796
18.0357
17.9905
17.9442
17.8969
17.8487
17.7997
17.7499
17.6994
17.6481
17.5962
17.5437
17.4907
17.4375
17.3842
17.3306
17.277
17.2232
17.1695
17.1158
17.0622
17.0088
16.9556
16.9028
16.8505
16.7988
16.7477
16.6974
16.648
16.5993
16.5516
16.5048
16.4588
16.4138
16.3698
16.3267
16.2846
16.2434
16.2032
16.164
16.1257
16.0882
16.0516
16.0161
15.9819
15.9492
15.918
15.8881
15.8595
15.8323
15.8064
15.7817
15.7583
15.7361
15.7151
15.6952
15.6765
15.6589
15.6422
15.6266
15.612
15.5982
15.5853
15.5732
15.5618
15.551
15.5409
15.5313
15.5222
15.5135
15.5051
15.497
15.4891
15.4814
15.4737
15.4661
15.4584
15.4507
15.4427
15.4346
15.4261
15.4174
15.4085
15.3992
15.3896
15.3796
15.369
15.3575
15.3449
15.3313
15.3165
15.3004
15.2831
15.2644
15.2443
15.2227
15.1996
15.1749
15.1486
15.1204
15.0904
15.0584
15.0245
14.9885
14.9503
14.9099
14.8672
14.8222
14.7748
14.725
14.6727
14.6179
14.5605
14.5006
14.4382
14.3732
14.3056
14.2354
14.1626
14.0873
14.0095
13.9292
13.8463
13.7611
13.6735
13.5836
13.4914
13.397
13.3005
13.2019
13.1013
12.9988
12.8944
12.7883
12.6804
12.571
12.46
12.3475
12.2337
12.1186
12.0022
11.8848
11.7662
11.6467
11.5264
11.4052
11.2833
11.1608
11.0378
10.9143
10.7905
10.6664
10.5421
10.4177
10.2933
10.1691
10.045
9.92113
9.79762
9.67454
9.55195
9.42993
9.30855
9.18789
9.06804
8.94908
8.83108
8.71413
8.5983
8.48365
8.37025
8.25814
8.14738
8.03803
7.93012
7.82369
7.71878
7.61541
7.5136
7.41337
7.31474
7.21772
7.12232
7.02855
6.93646
6.84606
6.75732
6.67022
6.58474
6.50086
6.41854
6.33777
6.25852
6.18074
6.10462
6.03462
35.6747
14.4968
9.58855
7.65018
6.72639
6.28832
6.15828
6.1915
6.31196
6.49281
6.71899
6.98331
7.28959
7.66805
8.16711
8.70379
9.21449
9.70855
10.1924
10.6698
11.1424
11.6104
12.073
12.5292
12.9786
13.4208
13.8562
14.2852
14.7078
15.1239
15.5334
15.9359
16.331
16.7185
17.0998
17.472
17.8331
18.1817
18.5167
18.8375
19.1437
19.4352
19.7116
19.972
20.215
20.443
20.6569
20.8575
21.0452
21.2203
21.3831
21.5341
21.6739
21.8032
21.9226
22.0322
22.1319
22.222
22.3025
22.3738
22.4364
22.492
22.5448
22.5928
22.634
22.6672
22.6905
22.7043
22.71
22.7064
22.694
22.6739
22.6469
22.6136
22.5747
22.5305
22.4814
22.4277
22.3698
22.3082
22.243
22.1745
22.1032
22.0299
21.9556
21.8801
21.8031
21.7244
21.644
21.5619
21.4782
21.3931
21.3067
21.219
21.13
21.0397
20.948
20.8548
20.7598
20.6637
20.5671
20.4703
20.3735
20.2769
20.1805
20.0843
19.9884
19.8929
19.7977
19.7029
19.6084
19.5144
19.421
19.3282
19.236
19.1445
19.0539
18.9642
18.8754
18.7874
18.7002
18.6139
18.5283
18.4436
18.3598
18.2768
18.1946
18.1134
18.0331
17.9539
17.8757
17.7988
17.723
17.6485
17.5752
17.5031
17.4324
17.3629
17.2947
17.2278
17.1623
17.0981
17.0353
16.9739
16.9139
16.8552
16.798
16.7421
16.6875
16.6342
16.5826
16.5328
16.4848
16.4385
16.3941
16.3514
16.3105
16.2715
16.2342
16.1987
16.165
16.133
16.1027
16.074
16.0469
16.0214
15.9973
15.9747
15.9535
15.9335
15.9147
15.8971
15.8805
15.865
15.8503
15.8364
15.8232
15.8106
15.7987
15.7871
15.776
15.7652
15.7545
15.744
15.7335
15.723
15.7124
15.7017
15.6907
15.6792
15.6668
15.6535
15.6392
15.6238
15.6073
15.5895
15.5703
15.5497
15.5277
15.504
15.4787
15.4515
15.4224
15.3914
15.3582
15.3227
15.285
15.2449
15.2024
15.1573
15.1097
15.0594
15.0065
14.9508
14.8923
14.8311
14.767
14.7002
14.6305
14.5581
14.4829
14.4049
14.3241
14.2407
14.1546
14.0658
13.9745
13.8806
13.7843
13.6857
13.5847
13.4816
13.3762
13.2689
13.1595
13.0482
12.9351
12.8203
12.7038
12.5857
12.4661
12.3452
12.223
12.0995
11.9749
11.8493
11.7227
11.5952
11.4669
11.338
11.2084
11.0784
10.9479
10.8172
10.6861
10.555
10.4238
10.2927
10.1618
10.031
9.90066
9.7707
9.64124
9.51237
9.38415
9.25664
9.12994
9.00413
8.87933
8.75563
8.63313
8.51193
8.39209
8.27369
8.15679
8.04145
7.92771
7.81563
7.70522
7.59653
7.48958
7.38439
7.28096
7.1793
7.07942
6.98131
6.88498
6.79042
6.69758
6.60646
6.51705
6.42935
6.34334
6.25903
6.17639
6.09542
6.0161
5.9384
5.86245
5.79257
34.253
14.3393
9.93368
8.51068
8.12053
8.38402
9.38824
10.5632
11.7562
12.987
14.2362
15.4826
16.7085
17.8942
18.9732
19.9713
20.945
21.8883
22.7892
23.6405
24.4397
25.187
25.8836
26.5313
27.132
27.6877
28.2002
28.671
29.1018
29.4937
29.848
30.1659
30.4485
30.6971
30.9131
31.0977
31.2521
31.3774
31.4751
31.5468
31.5943
31.6197
31.6251
31.6117
31.5806
31.5333
31.471
31.3949
31.3064
31.2064
31.096
30.9763
30.8491
30.7194
30.5862
30.4481
30.3045
30.1553
30.0007
29.8411
29.6768
29.5079
29.3301
29.1462
28.9586
28.769
28.5785
28.3879
28.1972
28.0072
27.8169
27.6258
27.4343
27.2429
27.0519
26.8614
26.6716
26.4826
26.2943
26.1069
25.9204
25.7349
25.5508
25.3689
25.1904
25.0145
24.8406
24.6682
24.4968
24.3264
24.157
23.9884
23.8208
23.6541
23.4883
23.3234
23.1595
22.9976
22.8382
22.681
22.5258
22.3724
22.221
22.0715
21.9238
21.7781
21.634
21.4917
21.3508
21.2113
21.0737
20.9381
20.8049
20.6738
20.545
20.4183
20.2937
20.171
20.0502
19.9314
19.8144
19.6992
19.586
19.4746
19.3649
19.2568
19.1502
19.045
18.9414
18.8394
18.739
18.6402
18.543
18.4475
18.3536
18.2614
18.1709
18.0822
17.9953
17.9101
17.8268
17.7453
17.6657
17.588
17.5121
17.4382
17.3662
17.2961
17.2279
17.1616
17.097
17.0345
16.974
16.9155
16.8592
16.805
16.7529
16.703
16.6551
16.6094
16.5658
16.5243
16.4848
16.4472
16.4116
16.3779
16.346
16.3158
16.2873
16.2604
16.2351
16.2111
16.1885
16.1671
16.1468
16.1276
16.1094
16.0919
16.0753
16.0592
16.0437
16.0287
16.014
15.9996
15.9853
15.9711
15.957
15.9426
15.9279
15.9125
15.8964
15.8793
15.8613
15.8422
15.8219
15.8002
15.777
15.7522
15.7256
15.6972
15.6668
15.6343
15.5995
15.5623
15.5227
15.4805
15.4357
15.3881
15.3378
15.2847
15.2287
15.1697
15.1079
15.0431
14.9753
14.9045
14.8308
14.7541
14.6744
14.5919
14.5065
14.4182
14.3272
14.2335
14.137
14.038
13.9365
13.8325
13.7262
13.6177
13.507
13.3941
13.2793
13.1626
13.044
12.9237
12.8018
12.6783
12.5534
12.427
12.2994
12.1706
12.0407
11.9098
11.7779
11.6453
11.5118
11.3777
11.2431
11.1079
10.9724
10.8366
10.7005
10.5644
10.4282
10.2922
10.1563
10.0207
9.88539
9.75058
9.61632
9.48269
9.34978
9.21766
9.08637
8.95598
8.8265
8.69813
8.57104
8.44535
8.32116
8.19857
8.07765
7.95847
7.84109
7.72556
7.61193
7.50023
7.3905
7.28277
7.17704
7.07334
6.97167
6.87203
6.77441
6.67879
6.58515
6.49346
6.40369
6.31581
6.2298
6.14566
6.06339
5.98295
5.90433
5.82749
5.7524
5.67909
5.60778
5.54236
33.2545
14.5507
12.5196
15.5308
19.0251
23.0174
26.8685
30.4989
33.8199
36.7667
39.3355
41.5447
43.4217
44.9958
46.2921
47.3455
48.1941
48.8677
49.3903
49.783
50.065
50.2522
50.3574
50.3912
50.3622
50.2777
50.1437
49.9651
49.7461
49.4906
49.2017
48.8826
48.5363
48.1654
47.7729
47.3614
46.9337
46.4922
46.0395
45.5777
45.1093
44.6391
44.1687
43.6979
43.227
42.7567
42.2877
41.8206
41.3563
40.8956
40.4388
39.9865
39.5382
39.0895
38.642
38.1979
37.7587
37.3253
36.8983
36.4782
36.0654
35.6594
35.26
34.8673
34.4813
34.1025
33.7311
33.367
33.0096
32.6587
32.3145
31.9765
31.6446
31.3186
30.9982
30.6834
30.3738
30.0692
29.7693
29.474
29.1831
28.8964
28.614
28.336
28.0627
27.7939
27.5294
27.2689
27.0121
26.7588
26.509
26.2623
26.0189
25.7786
25.5414
25.3073
25.0765
24.8497
24.628
24.4106
24.1972
23.9873
23.781
23.578
23.3785
23.1822
22.9893
22.7996
22.614
22.4328
22.2556
22.0822
21.9125
21.7464
21.5837
21.4242
21.268
21.1144
20.9639
20.8166
20.6726
20.5318
20.394
20.259
20.1266
19.9965
19.8687
19.7431
19.6197
19.4984
19.3793
19.2624
19.1475
19.0348
18.9243
18.8159
18.7099
18.6061
18.5047
18.4056
18.3088
18.2143
18.1223
18.0325
17.9451
17.8601
17.7775
17.6972
17.6193
17.5438
17.4704
17.3993
17.3305
17.2639
17.1997
17.1378
17.0782
17.0209
16.9659
16.9131
16.8626
16.8142
16.7681
16.724
16.682
16.642
16.6039
16.5676
16.5331
16.5003
16.4691
16.4393
16.411
16.3839
16.358
16.3331
16.3092
16.2861
16.2638
16.2422
16.221
16.2003
16.1799
16.1598
16.1398
16.1199
16.1
16.0797
16.059
16.0375
16.0153
15.9922
15.9681
15.9427
15.9159
15.8875
15.8574
15.8254
15.7913
15.7551
15.7165
15.6755
15.6319
15.5856
15.5366
15.4848
15.4301
15.3725
15.312
15.2486
15.1821
15.1127
15.0402
14.9648
14.8864
14.805
14.7207
14.6335
14.5435
14.4507
14.3551
14.2569
14.1561
14.0528
13.9471
13.839
13.7288
13.6163
13.5018
13.3853
13.267
13.1468
13.025
12.9015
12.7765
12.6501
12.5223
12.3932
12.263
12.1317
11.9994
11.8661
11.732
11.5971
11.4616
11.3254
11.1888
11.0516
10.9142
10.7764
10.6385
10.5004
10.3624
10.2244
10.0865
9.94893
9.81165
9.67479
9.53843
9.40268
9.26763
9.13337
8.99998
8.86753
8.73602
8.60557
8.47633
8.34849
8.22218
8.09751
7.97457
7.85344
7.73421
7.61693
7.50167
7.38847
7.27739
7.16846
7.06172
6.95721
6.85496
6.75497
6.65723
6.56172
6.46841
6.37727
6.28825
6.20132
6.11645
6.03361
5.95279
5.87403
5.79734
5.72259
5.64969
5.57857
5.50917
5.44147
5.37563
5.31514
34.3828
31.1568
42.4564
53.014
62.3982
69.9948
75.5515
79.5565
82.3444
84.1692
85.2305
85.6881
85.6723
85.2894
84.6259
83.7528
82.7277
81.596
80.3935
79.1473
77.8821
76.6108
75.3413
74.0797
72.8302
71.5956
70.3774
69.1769
67.9945
66.8309
65.6864
64.5615
63.4564
62.3717
61.308
60.2658
59.2458
58.2485
57.2743
56.3234
55.3956
54.4874
53.5982
52.7296
51.8823
51.0566
50.2521
49.4687
48.7056
47.9622
47.2378
46.5318
45.8436
45.1722
44.5168
43.8767
43.2516
42.6411
42.0448
41.4625
40.8939
40.3383
39.7954
39.2647
38.7461
38.2393
37.7442
37.2604
36.7876
36.3255
35.8738
35.4321
35.0001
34.5773
34.1633
33.7579
33.3606
32.971
32.5887
32.2134
31.8447
31.4823
31.1261
30.7761
30.4323
30.0944
29.7624
29.436
29.115
28.7991
28.4882
28.182
27.8805
27.5834
27.2907
27.0024
26.7186
26.4396
26.1656
25.8967
25.6327
25.3734
25.1189
24.8689
24.6235
24.3826
24.1462
23.9144
23.6879
23.4673
23.252
23.0417
22.836
22.6348
22.4381
22.2456
22.0577
21.8749
21.6968
21.5234
21.3543
21.1893
21.0284
20.8713
20.7176
20.5673
20.4203
20.2764
20.1353
19.9971
19.8615
19.7287
19.5987
19.4714
19.347
19.2253
19.1065
18.9906
18.8775
18.7672
18.6598
18.5552
18.4534
18.3543
18.258
18.1644
18.0735
17.9853
17.8999
17.817
17.7368
17.659
17.5837
17.5108
17.4403
17.3723
17.3066
17.2433
17.1824
17.1237
17.0673
17.0131
16.9611
16.9112
16.8634
16.8175
16.7735
16.7314
16.691
16.6522
16.615
16.5792
16.5447
16.5114
16.4792
16.448
16.4177
16.3881
16.3592
16.3308
16.3029
16.2753
16.248
16.2209
16.1939
16.1669
16.1398
16.1122
16.0841
16.0553
16.0257
15.995
15.9631
15.9298
15.8948
15.8581
15.8194
15.7786
15.7355
15.69
15.6419
15.5913
15.538
15.4819
15.423
15.3613
15.2968
15.2294
15.1591
15.086
15.01
14.9312
14.8495
14.7651
14.6779
14.588
14.4955
14.4003
14.3026
14.2025
14.0999
13.9951
13.888
13.7788
13.6676
13.5544
13.4393
13.3224
13.2038
13.0836
12.9618
12.8386
12.714
12.5881
12.4609
12.3325
12.2031
12.0727
11.9413
11.809
11.6759
11.5421
11.4076
11.2725
11.1369
11.0008
10.8643
10.7274
10.5904
10.4531
10.3158
10.1784
10.0411
9.90388
9.76685
9.63009
9.49369
9.35774
9.22234
9.08759
8.9536
8.82046
8.68828
8.55715
8.42718
8.29854
8.17139
8.04579
7.92183
7.7996
7.67919
7.56069
7.44417
7.3297
7.21736
7.10719
6.99924
6.89357
6.79022
6.68926
6.59076
6.49471
6.40104
6.3097
6.22064
6.13382
6.0492
5.96674
5.88638
5.80809
5.73182
5.65755
5.58521
5.51474
5.44607
5.37912
5.31382
5.25009
5.188
5.13059
55.2814
130.872
149.138
153.644
153.444
151.39
148.595
145.313
141.686
137.837
133.866
129.854
125.866
121.951
118.147
114.48
110.967
107.616
104.429
101.405
98.532
95.8028
93.2105
90.7467
88.4029
86.1702
84.0403
82.0057
80.0596
78.1957
76.4087
74.6939
73.0469
71.464
69.9416
68.477
67.0672
65.7098
64.4024
63.1426
61.9283
60.7571
59.6269
58.5356
57.4811
56.4614
55.4748
54.5194
53.5936
52.6957
51.8244
50.9782
50.156
49.3567
48.579
47.8222
47.0852
46.3674
45.6681
44.9865
44.3222
43.6745
43.0428
42.4265
41.8252
41.2383
40.6655
40.1063
39.5603
39.0272
38.5064
37.9976
37.5003
37.014
36.5384
36.0729
35.617
35.1704
34.7326
34.3032
33.8817
33.4679
33.0614
32.6622
32.2701
31.885
31.5066
31.1348
30.7692
30.4098
30.0563
29.7084
29.366
29.0289
28.697
28.3703
28.0486
27.7324
27.4216
27.1163
26.8164
26.5219
26.2327
25.9486
25.6697
25.3958
25.1269
24.8631
24.6048
24.352
24.1049
23.8631
23.6266
23.3953
23.1691
22.9479
22.732
22.5223
22.3182
22.1196
21.926
21.7374
21.5536
21.3747
21.201
21.0321
20.8677
20.7073
20.5503
20.3966
20.2464
20.0996
19.9563
19.8164
19.68
19.5469
19.4172
19.2909
19.1679
19.0482
18.9318
18.8185
18.7083
18.6012
18.4972
18.3963
18.2983
18.2033
18.1112
18.0219
17.9354
17.8516
17.7703
17.6916
17.6153
17.5415
17.4701
17.4011
17.3344
17.27
17.2078
17.1478
17.09
17.0343
16.9805
16.9287
16.8787
16.8306
16.7841
16.7392
16.6957
16.6536
16.6128
16.5731
16.5344
16.4966
16.4597
16.4233
16.3876
16.3523
16.3174
16.2828
16.2484
16.2142
16.1801
16.1459
16.1115
16.0767
16.0413
16.0051
15.968
15.9298
15.8902
15.849
15.8062
15.7614
15.7146
15.6656
15.6143
15.5606
15.5045
15.4457
15.3844
15.3205
15.254
15.1848
15.1129
15.0384
14.9613
14.8816
14.7992
14.7144
14.6269
14.537
14.4447
14.35
14.253
14.1538
14.0524
13.9489
13.8434
13.736
13.6268
13.5157
13.403
13.2886
13.1726
13.0551
12.9361
12.8158
12.6941
12.5713
12.4472
12.322
12.1957
12.0685
11.9403
11.8112
11.6812
11.5504
11.4189
11.2867
11.1539
11.0205
10.8865
10.7521
10.6173
10.4821
10.3466
10.211
10.0753
9.93957
9.80379
9.66806
9.53246
9.39708
9.262
9.12734
8.99319
8.85968
8.72691
8.595
8.46409
8.3343
8.2058
8.07868
7.95306
7.82904
7.70671
7.58617
7.46753
7.35087
7.23628
7.12383
7.01359
6.9056
6.79993
6.6966
6.59566
6.49715
6.4011
6.30748
6.21627
6.12743
6.04093
5.95673
5.87478
5.79504
5.71744
5.64193
5.56845
5.49688
5.42714
5.35923
5.29308
5.22864
5.16582
5.10457
5.04494
4.98973
)
;

boundaryField
{
    wallL
    {
        type            omegaWallFunction;
        blending        binomial;
        n               2;
        value           nonuniform List<scalar> 
400
(
137.026
145.99
153.164
158.892
163.449
167.049
169.865
172.036
173.681
174.896
175.761
176.341
176.691
176.854
176.867
176.76
176.557
176.278
175.939
175.554
175.133
174.686
174.22
173.74
173.252
172.759
172.266
171.774
171.286
170.804
170.328
169.861
169.404
168.956
168.519
168.092
167.677
167.274
166.886
166.512
166.151
165.802
165.464
165.136
164.818
164.509
164.209
163.918
163.634
163.357
163.089
162.827
162.571
162.323
162.08
161.844
161.614
161.389
161.17
160.957
160.748
160.545
160.347
160.153
159.965
159.78
159.601
159.425
159.254
159.087
158.924
158.765
158.609
158.458
158.31
158.165
158.024
157.886
157.752
157.621
157.492
157.367
157.245
157.126
157.009
156.896
156.785
156.676
156.57
156.467
156.366
156.268
156.172
156.078
155.986
155.897
155.809
155.724
155.641
155.559
155.479
155.4
155.321
155.243
155.166
155.089
155.014
154.939
154.865
154.792
154.719
154.648
154.577
154.507
154.437
154.369
154.301
154.234
154.168
154.102
154.037
153.973
153.91
153.847
153.785
153.723
153.663
153.602
153.542
153.483
153.424
153.366
153.308
153.25
153.193
153.136
153.079
153.023
152.966
152.91
152.854
152.797
152.741
152.685
152.628
152.572
152.515
152.458
152.401
152.343
152.285
152.226
152.167
152.107
152.047
151.986
151.924
151.862
151.799
151.735
151.67
151.604
151.538
151.47
151.402
151.332
151.262
151.191
151.118
151.045
150.971
150.895
150.819
150.742
150.663
150.584
150.504
150.423
150.341
150.258
150.175
150.091
150.006
149.921
149.835
149.749
149.662
149.575
149.488
149.401
149.314
149.227
149.141
149.054
148.969
148.883
148.799
148.715
148.632
148.551
148.47
148.391
148.313
148.237
148.163
148.091
148.021
147.953
147.887
147.824
147.763
147.705
147.651
147.599
147.55
147.505
147.463
147.424
147.39
147.359
147.332
147.31
147.291
147.278
147.269
147.267
147.27
147.279
147.294
147.315
147.342
147.374
147.413
147.457
147.506
147.562
147.623
147.689
147.761
147.838
147.921
148.008
148.101
148.199
148.301
148.408
148.519
148.635
148.755
148.879
149.007
149.139
149.274
149.412
149.553
149.697
149.844
149.993
150.143
150.296
150.449
150.604
150.759
150.914
151.068
151.223
151.376
151.527
151.676
151.822
151.965
152.105
152.24
152.369
152.493
152.611
152.722
152.825
152.92
153.006
153.083
153.15
153.207
153.255
153.292
153.319
153.334
153.337
153.327
153.304
153.266
153.213
153.143
153.057
152.954
152.832
152.692
152.531
152.351
152.15
151.927
151.682
151.414
151.123
150.808
150.469
150.105
149.716
149.301
148.86
148.393
147.9
147.38
146.833
146.259
145.658
145.03
144.375
143.693
142.983
142.247
141.484
140.695
139.881
139.04
138.174
137.284
136.369
135.431
134.47
133.487
132.483
131.458
130.413
129.35
128.268
127.17
126.057
124.929
123.787
122.633
121.469
120.295
119.112
117.923
116.728
115.529
114.327
113.124
111.921
110.719
109.521
108.326
107.138
105.957
104.785
103.622
102.471
101.333
100.208
99.0985
98.005
96.9288
95.8709
94.8322
93.8136
92.8159
91.8398
90.886
89.9551
89.0474
88.1635
87.3035
86.4678
85.6564
84.8693
84.1065
83.3676
82.652
81.9575
81.279
80.6154
79.9669
79.3342
78.7176
78.1175
77.534
76.9673
76.4172
75.8835
75.3657
74.8633
74.3755
73.9013
73.4394
72.9882
72.5455
72.1078
71.6708
71.1818
)
;
    }
    wallR
    {
        type            omegaWallFunction;
        blending        binomial;
        n               2;
        value           nonuniform List<scalar> 
400
(
137.016
145.979
153.153
158.88
163.436
167.037
169.852
172.024
173.669
174.884
175.748
176.329
176.678
176.842
176.855
176.748
176.545
176.266
175.928
175.543
175.122
174.675
174.208
173.729
173.241
172.748
172.255
171.763
171.275
170.793
170.318
169.851
169.393
168.945
168.508
168.082
167.667
167.263
166.875
166.501
166.14
165.791
165.453
165.125
164.807
164.498
164.198
163.906
163.622
163.346
163.077
162.815
162.559
162.311
162.068
161.831
161.601
161.376
161.156
160.942
160.733
160.529
160.331
160.136
159.947
159.762
159.581
159.405
159.232
159.064
158.9
158.739
158.582
158.429
158.279
158.132
157.989
157.849
157.712
157.578
157.447
157.318
157.193
157.07
156.949
156.831
156.716
156.602
156.491
156.382
156.275
156.171
156.067
155.966
155.867
155.769
155.673
155.579
155.486
155.422
12.8008
13.0018
16.4853
19.9954
22.9837
25.7073
28.2416
30.6287
32.893
35.0491
37.1064
39.0781
40.9774
42.8092
44.5784
46.2892
47.945
49.5492
51.1045
52.6135
54.0786
55.5019
56.8852
58.2306
59.5397
60.8141
62.0553
63.2648
64.444
65.5942
66.7168
67.8129
68.8838
69.9305
70.9543
71.9563
72.9373
73.8986
74.8409
75.7654
76.6727
77.5638
78.4395
79.3004
80.1474
80.981
81.8019
82.6106
83.4076
84.1934
84.9683
85.7327
86.487
87.2312
87.9658
88.6907
89.4062
90.1123
90.809
91.4964
92.1744
92.8429
93.5018
94.1511
94.7905
95.4199
96.0392
96.6482
97.2466
97.8343
98.411
98.9766
99.5309
100.074
100.605
101.124
101.631
102.126
102.609
103.079
103.537
103.982
104.415
104.835
105.242
105.636
106.018
106.387
106.744
107.088
107.42
107.74
108.05
108.35
108.644
108.933
109.211
109.477
109.732
109.974
110.204
110.422
110.628
110.822
111.004
111.175
111.335
111.483
111.62
111.747
111.864
111.97
112.067
112.155
112.234
112.304
112.367
112.422
112.469
112.511
112.546
112.577
112.604
112.628
112.65
112.672
112.697
112.724
112.749
112.772
112.796
112.819
112.843
112.867
112.894
112.923
112.954
112.989
113.028
113.072
113.12
113.175
113.235
113.302
113.377
113.459
113.549
113.648
113.755
113.872
113.997
114.132
114.277
114.431
114.594
114.768
114.95
115.142
115.343
115.552
115.77
115.996
116.229
116.469
116.716
116.969
117.226
117.489
117.755
118.024
118.295
118.568
118.842
119.115
119.387
119.658
119.925
120.19
120.449
120.704
120.953
121.195
121.429
121.656
121.873
122.081
122.279
122.466
122.642
122.806
122.958
123.097
123.223
123.336
123.435
123.52
123.593
123.653
123.701
123.74
123.771
123.8
123.817
123.816
123.798
123.763
123.709
123.637
123.547
123.439
123.313
123.169
123.007
122.826
122.628
122.413
122.18
121.931
121.664
121.38
121.081
120.764
120.432
120.083
119.72
119.341
118.948
118.54
118.118
117.682
117.233
116.77
116.294
115.804
115.303
114.789
114.264
113.728
113.183
112.628
112.065
111.494
110.916
110.334
109.749
109.165
108.583
108.005
107.431
106.856
106.265
105.652
105.04
104.425
103.807
103.185
102.558
101.932
101.308
100.679
100.043
99.4057
98.7699
98.1229
97.4683
96.8239
96.1683
95.4806
94.8055
94.1796
93.5824
92.9419
92.3139
91.6907
91.0671
90.4557
89.8606
89.283
88.7232
88.1809
87.6558
87.1472
86.6549
86.1783
85.7217
85.2898
84.8388
84.4085
84.0036
83.6218
83.2609
82.9206
82.6019
82.3072
82.0408
81.8106
81.6323
81.5382
81.6493
82.204
)
;
    }
    wallExpansion
    {
        type            omegaWallFunction;
        blending        binomial;
        n               2;
        value           nonuniform List<scalar> 
25
(
12.8008
16.1995
22.7663
27.4485
31.8686
35.8224
37.5121
38.8943
40.0175
40.8708
41.4674
41.8219
41.9431
41.8396
41.522
41.0204
40.4663
39.8049
39.0101
37.3136
35.6747
34.253
33.2545
34.3828
55.2814
)
;
    }
    inlet
    {
        type            fixedValue;
        value           uniform 8;
    }
    outlet
    {
        type            zeroGradient;
    }
    twoD
    {
        type            empty;
    }
}


// ************************************************************************* //
