/*--------------------------------*- C++ -*----------------------------------*\
| =========                 |                                                 |
| \\      /  F ield         | OpenFOAM: The Open Source CFD Toolbox           |
|  \\    /   O peration     | Version:  2412                                  |
|   \\  /    A nd           | Website:  www.openfoam.com                      |
|    \\/     M anipulation  |                                                 |
\*---------------------------------------------------------------------------*/
FoamFile
{
    version     2.0;
    format      ascii;
    arch        "LSB;label=32;scalar=64";
    class       volScalarField;
    location    "500";
    object      omega;
}
// * * * * * * * * * * * * * * * * * * * * * * * * * * * * * * * * * * * * * //

dimensions      [0 0 -1 0 0 0 0];

internalField   nonuniform List<scalar> 
18750
(
137.016
145.979
153.153
158.88
163.436
167.037
169.852
172.024
173.669
174.884
175.748
176.329
176.678
176.842
176.855
176.749
176.546
176.267
175.928
175.543
175.123
174.676
174.209
173.73
173.242
172.75
172.257
171.765
171.278
170.796
170.321
169.855
169.398
168.951
168.515
168.089
167.676
167.273
166.887
166.514
166.155
165.808
165.473
165.148
164.833
164.527
164.231
163.943
163.664
163.393
163.13
162.874
162.626
162.386
162.152
161.925
161.706
161.493
161.287
161.088
160.895
160.709
160.53
160.358
160.192
160.033
159.881
159.735
159.597
159.466
159.343
159.226
159.118
159.018
158.925
158.842
158.767
158.701
158.643
158.592
158.551
158.52
158.5
158.491
158.496
158.515
158.549
158.6
158.669
158.758
158.868
159.001
159.159
159.345
159.56
159.806
160.082
160.386
160.702
161
12.4839
16.0316
19.5763
23.1394
26.499
29.5611
32.303
34.7324
36.8695
38.7399
40.3703
41.787
43.0148
44.0762
44.9919
45.78
46.4566
47.0359
47.5302
47.9502
48.3053
48.6039
48.8532
49.0596
49.2288
49.3662
49.4765
49.5643
49.6338
49.6891
49.7341
49.7727
49.8083
49.8444
49.884
49.9299
49.9843
50.0494
50.1228
50.2056
50.2981
50.4001
50.5112
50.6304
50.757
50.8901
51.0287
51.1719
51.3191
51.4694
51.622
51.7765
51.9322
52.0885
52.245
52.4013
52.5568
52.7112
52.8642
53.0153
53.1642
53.3106
53.4542
53.5946
53.7315
53.8647
53.9938
54.1186
54.2388
54.3541
54.4643
54.5691
54.6681
54.7611
54.8477
54.9248
54.9894
55.0427
55.0906
55.1323
55.1667
55.193
55.21
55.2166
55.2113
55.1928
55.1591
55.1083
55.0377
54.9445
54.8246
54.6735
54.4846
54.2497
53.9573
53.5912
53.1282
52.5335
51.7519
50.6777
8.19013
8.50835
8.92728
9.42207
9.96042
10.517
11.0744
11.6207
12.1482
12.6522
13.1297
13.5796
14.0014
14.3955
14.7627
15.104
15.4208
15.7144
15.9862
16.2376
16.4701
16.6849
16.8834
17.0668
17.2363
17.393
17.5379
17.6721
17.7966
17.9123
18.0201
18.1209
18.2155
18.3048
18.3894
18.4702
18.5479
18.623
18.6947
18.7637
18.8303
18.895
18.9581
19.0199
19.0805
19.1401
19.1989
19.2569
19.3143
19.371
19.4272
19.4828
19.5379
19.5924
19.6464
19.6997
19.7525
19.8047
19.8562
19.9072
19.9576
20.0076
20.057
20.1061
20.1548
20.2032
20.2514
20.2993
20.347
20.3944
20.4414
20.488
20.5337
20.5772
20.6182
20.6582
20.6985
20.7388
20.7786
20.8176
20.8554
20.8913
20.925
20.9559
20.9832
21.0062
21.0241
21.0361
21.0409
21.0375
21.0242
20.9995
20.9612
20.9067
20.8331
20.7364
20.6123
20.4558
20.2604
20.0145
7.95048
7.91719
7.90251
7.90641
7.92745
7.96334
8.0116
8.06978
8.13567
8.2073
8.28299
8.3613
8.44105
8.52124
8.6011
8.68
8.75742
8.83298
8.90641
8.97748
9.04605
9.11202
9.17535
9.23602
9.29405
9.34946
9.40233
9.45271
9.5007
9.54637
9.58983
9.63118
9.67052
9.70797
9.74363
9.77762
9.81004
9.84101
9.8706
9.89889
9.92598
9.95195
9.97685
10.0008
10.0237
10.0459
10.0672
10.0877
10.1075
10.1266
10.1451
10.1629
10.1802
10.1969
10.213
10.2286
10.2436
10.2581
10.2721
10.2856
10.2985
10.311
10.3229
10.3343
10.3452
10.3556
10.3654
10.3747
10.3833
10.3912
10.3981
10.4038
10.4084
10.4129
10.417
10.4208
10.4243
10.4273
10.4298
10.4316
10.4328
10.4332
10.4327
10.4311
10.4283
10.4242
10.4185
10.4111
10.4017
10.39
10.3759
10.3588
10.3384
10.3144
10.2863
10.2536
10.2157
10.1724
10.123
10.0673
7.93933
7.87995
7.82344
7.7701
7.7202
7.67386
7.63114
7.59197
7.55626
7.52385
7.49455
7.46814
7.44442
7.42315
7.40412
7.38711
7.37193
7.35839
7.34632
7.33553
7.3259
7.31729
7.30956
7.30261
7.29634
7.29066
7.28548
7.28075
7.27638
7.27234
7.26856
7.26501
7.26165
7.25844
7.25536
7.25239
7.2495
7.24667
7.2439
7.24116
7.23845
7.23575
7.23307
7.23038
7.2277
7.225
7.22229
7.21956
7.2168
7.21402
7.2112
7.20835
7.20545
7.20252
7.19953
7.19648
7.19337
7.1902
7.18694
7.18361
7.18018
7.17665
7.17301
7.16924
7.16534
7.16128
7.15698
7.15241
7.14753
7.14241
7.13725
7.13201
7.12669
7.12128
7.11576
7.11013
7.10436
7.09844
7.09236
7.0861
7.07963
7.07294
7.066
7.0588
7.0513
7.04347
7.0353
7.02676
7.0178
7.00843
6.99859
6.98829
6.97751
6.96623
6.95448
6.94225
6.92958
6.91649
6.90299
6.88915
7.93894
7.87839
7.81948
7.76217
7.70645
7.65229
7.59969
7.5486
7.49903
7.45094
7.40431
7.35911
7.3153
7.27287
7.23176
7.19194
7.15337
7.11602
7.07983
7.04478
7.01082
6.97792
6.94602
6.9151
6.88511
6.85601
6.82778
6.80038
6.77377
6.74792
6.7228
6.69838
6.67463
6.65153
6.62904
6.60715
6.58582
6.56505
6.54479
6.52504
6.50578
6.48697
6.46862
6.4507
6.43318
6.41607
6.39934
6.38297
6.36696
6.35128
6.33594
6.3209
6.30617
6.29172
6.27755
6.26365
6.25
6.23659
6.22341
6.21046
6.19771
6.18516
6.17279
6.16058
6.14853
6.13661
6.12489
6.11337
6.10203
6.09087
6.07988
6.06905
6.05839
6.04788
6.03752
6.0273
6.01722
6.00729
5.99748
5.9878
5.97825
5.96883
5.95953
5.95036
5.94132
5.93241
5.92364
5.91503
5.90657
5.8983
5.89023
5.88239
5.8748
5.8675
5.86052
5.85391
5.8477
5.84191
5.83656
5.83171
7.93892
7.87833
7.81933
7.76185
7.70586
7.65131
7.59814
7.54632
7.4958
7.44655
7.39853
7.35171
7.30606
7.26153
7.21811
7.17576
7.13444
7.09414
7.05483
7.01648
6.97905
6.94253
6.90689
6.87211
6.83816
6.80501
6.77265
6.74105
6.71019
6.68004
6.6506
6.62183
6.59372
6.56625
6.53939
6.51314
6.48747
6.46237
6.43782
6.4138
6.3903
6.36731
6.3448
6.32277
6.3012
6.28008
6.25939
6.23913
6.21927
6.19981
6.18074
6.16204
6.14371
6.12573
6.10809
6.09079
6.07381
6.05714
6.04078
6.0247
6.00891
5.99339
5.97815
5.96318
5.94849
5.93405
5.91986
5.90591
5.89221
5.87875
5.86551
5.85249
5.8397
5.82712
5.81475
5.80259
5.79063
5.77888
5.76732
5.75597
5.74481
5.73385
5.72309
5.71254
5.7022
5.69207
5.68216
5.67248
5.66305
5.65388
5.64498
5.63638
5.62809
5.62013
5.61254
5.60532
5.59849
5.59207
5.58606
5.58051
7.93891
7.87831
7.81928
7.76177
7.70574
7.65113
7.59788
7.54596
7.49532
7.44592
7.39772
7.35067
7.30475
7.25991
7.21613
7.17337
7.1316
7.09079
7.05092
7.01195
6.97387
6.93664
6.90024
6.86466
6.82985
6.79581
6.76252
6.72995
6.69808
6.6669
6.63638
6.60651
6.57727
6.54864
6.52061
6.49317
6.46629
6.43996
6.41417
6.3889
6.36414
6.33988
6.3161
6.2928
6.26995
6.24755
6.22559
6.20405
6.18293
6.16221
6.14188
6.12194
6.10238
6.08318
6.06433
6.04584
6.02768
6.00985
5.99234
5.97514
5.95826
5.94167
5.92538
5.90938
5.89366
5.87822
5.86305
5.84814
5.8335
5.8191
5.80496
5.79106
5.7774
5.76398
5.75079
5.73784
5.72511
5.71261
5.70034
5.68829
5.67647
5.66487
5.65351
5.64238
5.63148
5.62083
5.61043
5.60029
5.59041
5.58082
5.57153
5.56254
5.55387
5.54554
5.53757
5.52995
5.52271
5.51585
5.50936
5.50328
7.93885
7.87816
7.81905
7.76146
7.70534
7.65063
7.5973
7.54528
7.49455
7.44504
7.39673
7.34958
7.30354
7.25858
7.21466
7.17176
7.12984
7.08887
7.04883
7.00968
6.9714
6.93396
6.89734
6.86151
6.82646
6.79216
6.75858
6.72572
6.69354
6.66204
6.63118
6.60096
6.57136
6.54236
6.51395
6.4861
6.45882
6.43207
6.40585
6.38014
6.35494
6.33022
6.30598
6.28221
6.25889
6.23601
6.21356
6.19153
6.16992
6.1487
6.12788
6.10743
6.08737
6.06766
6.04831
6.02931
6.01065
5.99232
5.97432
5.95663
5.93926
5.92219
5.90542
5.88894
5.87274
5.85683
5.84119
5.82582
5.81072
5.79587
5.78128
5.76694
5.75285
5.73901
5.7254
5.71204
5.69891
5.68602
5.67336
5.66093
5.64874
5.63678
5.62507
5.61359
5.60236
5.59137
5.58065
5.57018
5.55998
5.55007
5.54044
5.5311
5.52208
5.51337
5.505
5.49695
5.48924
5.48187
5.47484
5.46818
7.93857
7.87756
7.81815
7.76028
7.70389
7.64893
7.59535
7.54311
7.49215
7.44244
7.39394
7.3466
7.30038
7.25525
7.21118
7.16813
7.12606
7.08495
7.04477
7.00549
6.96708
6.92952
6.89277
6.85683
6.82165
6.78723
6.75354
6.72055
6.68825
6.65663
6.62565
6.59531
6.56558
6.53646
6.50791
6.47994
6.45252
6.42563
6.39927
6.37343
6.34808
6.32322
6.29883
6.2749
6.25142
6.22839
6.20578
6.18359
6.16181
6.14043
6.11943
6.09882
6.07858
6.0587
6.03918
6.02
6.00116
5.98265
5.96447
5.9466
5.92905
5.91179
5.89484
5.87818
5.8618
5.8457
5.82988
5.81432
5.79903
5.784
5.76923
5.75471
5.74043
5.7264
5.71262
5.69907
5.68576
5.67268
5.65984
5.64723
5.63486
5.62272
5.61082
5.59916
5.58773
5.57656
5.56563
5.55496
5.54454
5.5344
5.52452
5.51493
5.50562
5.49661
5.4879
5.47949
5.47139
5.46359
5.4561
5.44893
7.93797
7.87632
7.8163
7.75786
7.70094
7.64549
7.59146
7.53879
7.48745
7.43738
7.38854
7.34089
7.29439
7.24899
7.20468
7.1614
7.11913
7.07783
7.03748
6.99804
6.95948
6.92178
6.88491
6.84885
6.81358
6.77906
6.74528
6.71221
6.67984
6.64814
6.61711
6.58671
6.55692
6.52775
6.49916
6.47114
6.44368
6.41675
6.39036
6.36448
6.33909
6.3142
6.28978
6.26582
6.24231
6.21925
6.19661
6.17439
6.15258
6.13117
6.11014
6.0895
6.06922
6.04931
6.02976
6.01055
5.99168
5.97314
5.95492
5.93702
5.91943
5.90214
5.88515
5.86844
5.85203
5.83589
5.82002
5.80443
5.7891
5.77402
5.7592
5.74463
5.73031
5.71623
5.7024
5.68879
5.67543
5.6623
5.6494
5.63673
5.6243
5.61209
5.60012
5.58838
5.57687
5.56561
5.55458
5.5438
5.53327
5.523
5.51298
5.50322
5.49373
5.48452
5.47558
5.46691
5.45853
5.45043
5.4426
5.43507
7.93721
7.87472
7.81393
7.75478
7.6972
7.64115
7.58656
7.53339
7.48159
7.4311
7.38187
7.33387
7.28705
7.24137
7.19679
7.15328
7.11079
7.0693
7.02877
6.98917
6.95047
6.91265
6.87567
6.83951
6.80414
6.76954
6.73569
6.70257
6.67015
6.63841
6.60733
6.5769
6.5471
6.5179
6.48929
6.46127
6.4338
6.40687
6.38048
6.3546
6.32922
6.30433
6.27992
6.25598
6.23248
6.20943
6.18681
6.16461
6.14282
6.12142
6.10042
6.0798
6.05955
6.03966
6.02013
6.00094
5.9821
5.96358
5.94539
5.92751
5.90994
5.89268
5.87571
5.85903
5.84263
5.82652
5.81067
5.7951
5.77979
5.76473
5.74994
5.73539
5.72108
5.70702
5.6932
5.67961
5.66626
5.65314
5.64025
5.62759
5.61516
5.60296
5.59099
5.57924
5.56773
5.55644
5.5454
5.53459
5.52401
5.51369
5.5036
5.49377
5.48419
5.47487
5.4658
5.45699
5.44844
5.44015
5.43212
5.42435
7.93655
7.87338
7.812
7.75235
7.69434
7.63792
7.58301
7.52955
7.4775
7.42679
7.37737
7.3292
7.28223
7.23642
7.19173
7.14811
7.10553
7.06396
7.02336
6.98371
6.94496
6.90709
6.87007
6.83388
6.79848
6.76386
6.73
6.69686
6.66443
6.63268
6.6016
6.57117
6.54137
6.51218
6.48358
6.45556
6.4281
6.40118
6.3748
6.34894
6.32358
6.29871
6.27431
6.25039
6.22691
6.20388
6.18128
6.1591
6.13733
6.11597
6.09499
6.07439
6.05416
6.0343
6.01479
5.99563
5.97681
5.95832
5.94015
5.9223
5.90476
5.88752
5.87058
5.85392
5.83756
5.82147
5.80565
5.79011
5.77482
5.7598
5.74503
5.7305
5.71623
5.7022
5.6884
5.67484
5.66152
5.64843
5.63557
5.62293
5.61053
5.59835
5.58639
5.57467
5.56317
5.55189
5.54085
5.53004
5.51946
5.50912
5.49901
5.48915
5.47952
5.47014
5.461
5.45211
5.44346
5.43506
5.4269
5.41899
7.93721
7.87472
7.81393
7.75478
7.6972
7.64115
7.58656
7.53339
7.48159
7.4311
7.38187
7.33387
7.28705
7.24137
7.19679
7.15328
7.11079
7.0693
7.02877
6.98917
6.95047
6.91265
6.87567
6.83951
6.80414
6.76954
6.73569
6.70257
6.67015
6.63841
6.60733
6.5769
6.5471
6.5179
6.4893
6.46127
6.4338
6.40687
6.38048
6.3546
6.32923
6.30434
6.27993
6.25599
6.2325
6.20945
6.18683
6.16463
6.14284
6.12145
6.10045
6.07983
6.05958
6.03969
6.02017
6.00098
5.98214
5.96362
5.94543
5.92756
5.91
5.89274
5.87577
5.8591
5.84271
5.8266
5.81076
5.79519
5.77989
5.76484
5.75005
5.73551
5.72121
5.70716
5.69334
5.67976
5.66642
5.65331
5.64042
5.62777
5.61534
5.60314
5.59116
5.5794
5.56788
5.55657
5.5455
5.53465
5.52403
5.51364
5.50349
5.49357
5.48388
5.47442
5.46521
5.45623
5.44749
5.43898
5.43071
5.42267
7.93797
7.87632
7.8163
7.75786
7.70094
7.64549
7.59146
7.53879
7.48745
7.43738
7.38854
7.34089
7.29439
7.24899
7.20468
7.1614
7.11913
7.07783
7.03748
6.99804
6.95948
6.92178
6.88491
6.84885
6.81357
6.77906
6.74527
6.71221
6.67984
6.64814
6.6171
6.5867
6.55692
6.52774
6.49915
6.47113
6.44367
6.41675
6.39035
6.36447
6.33909
6.31419
6.28977
6.26581
6.2423
6.21924
6.1966
6.17438
6.15257
6.13115
6.11013
6.08949
6.06921
6.0493
6.02975
6.01054
5.99167
5.97313
5.95491
5.93701
5.91942
5.90213
5.88514
5.86844
5.85202
5.83588
5.82002
5.80442
5.78909
5.77401
5.75919
5.74463
5.7303
5.71622
5.70238
5.68878
5.67541
5.66227
5.64936
5.63667
5.62422
5.61199
5.59998
5.5882
5.57664
5.56531
5.5542
5.54331
5.53266
5.52223
5.51203
5.50206
5.49232
5.48281
5.47353
5.46449
5.45567
5.44709
5.43874
5.43062
7.93857
7.87756
7.81815
7.76028
7.70389
7.64893
7.59535
7.54311
7.49215
7.44244
7.39394
7.3466
7.30038
7.25525
7.21118
7.16813
7.12606
7.08495
7.04477
7.00549
6.96708
6.92951
6.89277
6.85682
6.82165
6.78723
6.75353
6.72055
6.68825
6.65662
6.62565
6.5953
6.56557
6.53645
6.5079
6.47992
6.4525
6.42562
6.39926
6.37341
6.34806
6.32319
6.2988
6.27487
6.25139
6.22835
6.20574
6.18354
6.16176
6.14037
6.11938
6.09876
6.07851
6.05863
6.0391
6.01992
6.00108
5.98257
5.96438
5.94651
5.92895
5.91169
5.89473
5.87807
5.86168
5.84558
5.82975
5.8142
5.7989
5.78387
5.76909
5.75456
5.74029
5.72625
5.71246
5.6989
5.68558
5.67249
5.65964
5.64701
5.63461
5.62244
5.61049
5.59877
5.58728
5.57601
5.56497
5.55416
5.54357
5.53321
5.52309
5.51319
5.50352
5.49409
5.48489
5.47593
5.46719
5.45869
5.45043
5.44238
7.93885
7.87816
7.81905
7.76146
7.70534
7.65063
7.5973
7.54528
7.49455
7.44504
7.39673
7.34958
7.30354
7.25858
7.21466
7.17176
7.12984
7.08887
7.04883
7.00968
6.9714
6.93396
6.89734
6.86151
6.82646
6.79215
6.75858
6.72571
6.69353
6.66203
6.63117
6.60095
6.57135
6.54235
6.51393
6.48609
6.4588
6.43205
6.40583
6.38012
6.35491
6.33019
6.30595
6.28217
6.25885
6.23597
6.21351
6.19149
6.16987
6.14865
6.12782
6.10738
6.08731
6.06761
6.04826
6.02927
6.01061
5.99229
5.9743
5.95662
5.93926
5.9222
5.90544
5.88898
5.87281
5.85692
5.84131
5.82596
5.81089
5.79608
5.78153
5.76724
5.7532
5.7394
5.72585
5.71255
5.69948
5.68666
5.67407
5.66171
5.64959
5.63771
5.62606
5.61464
5.60345
5.5925
5.58179
5.57131
5.56106
5.55106
5.54129
5.53176
5.52248
5.51344
5.50464
5.49608
5.48777
5.4797
5.47188
5.46429
7.93891
7.87831
7.81928
7.76177
7.70574
7.65113
7.59788
7.54596
7.49532
7.44592
7.39772
7.35067
7.30475
7.25991
7.21613
7.17337
7.1316
7.09079
7.05092
7.01195
6.97387
6.93664
6.90024
6.86465
6.82985
6.79581
6.76251
6.72994
6.69807
6.66689
6.63637
6.6065
6.57726
6.54863
6.5206
6.49316
6.46628
6.43995
6.41416
6.38889
6.36414
6.33988
6.31611
6.29281
6.26997
6.24758
6.22563
6.2041
6.18299
6.16229
6.14199
6.12208
6.10254
6.08337
6.06457
6.04612
6.02801
6.01024
5.99281
5.97569
5.9589
5.94241
5.92623
5.91035
5.89476
5.87946
5.86444
5.8497
5.83523
5.82104
5.80711
5.79344
5.78004
5.76689
5.754
5.74136
5.72898
5.71684
5.70496
5.69332
5.68193
5.6708
5.65991
5.64927
5.63889
5.62876
5.61888
5.60926
5.5999
5.5908
5.58196
5.57338
5.56508
5.55703
5.54926
5.54176
5.53453
5.52757
5.52088
5.51446
7.93892
7.87833
7.81933
7.76185
7.70586
7.65131
7.59814
7.54632
7.4958
7.44655
7.39853
7.35171
7.30606
7.26153
7.21811
7.17575
7.13444
7.09414
7.05483
7.01647
6.97905
6.94253
6.90689
6.87211
6.83816
6.80501
6.77265
6.74105
6.71019
6.68005
6.65061
6.62185
6.59374
6.56627
6.53943
6.51319
6.48753
6.46244
6.4379
6.41391
6.39043
6.36746
6.34499
6.32299
6.30146
6.28039
6.25975
6.23955
6.21977
6.2004
6.18142
6.16283
6.14462
6.12679
6.10931
6.09219
6.07541
6.05897
6.04286
6.02708
6.01161
5.99646
5.98161
5.96707
5.95283
5.93888
5.92522
5.91184
5.89875
5.88594
5.87341
5.86116
5.84919
5.83749
5.82606
5.81491
5.80403
5.79343
5.7831
5.77306
5.76329
5.75381
5.74461
5.73569
5.72707
5.71874
5.71071
5.70297
5.69554
5.68841
5.68159
5.67509
5.6689
5.66302
5.65746
5.65223
5.64731
5.64271
5.63844
5.63448
7.93894
7.87839
7.81948
7.76217
7.70645
7.65229
7.59969
7.5486
7.49903
7.45094
7.40431
7.35911
7.31531
7.27287
7.23176
7.19194
7.15337
7.11602
7.07984
7.04479
7.01083
6.97793
6.94603
6.91511
6.88513
6.85604
6.82782
6.80043
6.77383
6.74799
6.72289
6.69849
6.67476
6.65168
6.62922
6.60736
6.58608
6.56535
6.54515
6.52546
6.50627
6.48756
6.4693
6.45148
6.4341
6.41713
6.40056
6.38438
6.36858
6.35314
6.33806
6.32333
6.30893
6.29487
6.28113
6.2677
6.25458
6.24177
6.22925
6.21703
6.2051
6.19345
6.18209
6.17101
6.16021
6.14968
6.13944
6.12947
6.11978
6.11037
6.10123
6.09238
6.08381
6.07553
6.06754
6.05984
6.05244
6.04534
6.03855
6.03207
6.02591
6.02007
6.01456
6.00939
6.00455
6.00007
5.99594
5.99216
5.98875
5.98571
5.98305
5.98077
5.97887
5.97736
5.97624
5.97552
5.97519
5.97525
5.97572
5.97658
7.93933
7.87995
7.82344
7.7701
7.7202
7.67387
7.63114
7.59198
7.55627
7.52386
7.49456
7.46816
7.44444
7.42317
7.40415
7.38715
7.37198
7.35845
7.34638
7.33561
7.32599
7.31739
7.30968
7.30275
7.29651
7.29085
7.28572
7.28102
7.2767
7.27271
7.269
7.26552
7.26225
7.25914
7.25617
7.25333
7.25058
7.24793
7.24535
7.24283
7.24038
7.23797
7.23561
7.2333
7.23103
7.22881
7.22663
7.2245
7.22241
7.22039
7.21842
7.21651
7.21467
7.21291
7.21123
7.20964
7.20815
7.20677
7.2055
7.20436
7.20336
7.2025
7.20181
7.20129
7.20095
7.20081
7.20089
7.2012
7.20175
7.20256
7.20365
7.20504
7.20674
7.20877
7.21115
7.2139
7.21703
7.22058
7.22455
7.22896
7.23385
7.23921
7.24508
7.25148
7.25841
7.26591
7.27397
7.28263
7.2919
7.30178
7.31229
7.32345
7.33526
7.34774
7.36088
7.3747
7.38919
7.40437
7.42023
7.43678
7.95048
7.9172
7.90252
7.90643
7.92748
7.96339
8.01166
8.06986
8.13576
8.20742
8.28312
8.36145
8.44122
8.52143
8.60132
8.68023
8.75768
8.83328
8.90674
8.97785
9.04646
9.11248
9.17587
9.23661
9.29471
9.35022
9.40318
9.45369
9.50181
9.54764
9.59128
9.63283
9.67242
9.71014
9.74611
9.78046
9.81329
9.84473
9.87484
9.90375
9.93152
9.95826
9.98405
10.009
10.0331
10.0564
10.0792
10.1013
10.1229
10.144
10.1647
10.1851
10.2051
10.2249
10.2444
10.2638
10.2831
10.3023
10.3215
10.3407
10.36
10.3794
10.399
10.4189
10.439
10.4595
10.4804
10.5018
10.5237
10.5461
10.5692
10.5929
10.6174
10.6427
10.6687
10.6956
10.7234
10.7521
10.7819
10.8126
10.8443
10.8771
10.911
10.9461
10.9823
11.0197
11.0583
11.098
11.1391
11.1813
11.2248
11.2696
11.3156
11.3628
11.4113
11.4611
11.512
11.5642
11.6176
11.6723
8.19017
8.50844
8.92746
9.42233
9.96076
10.5175
11.0749
11.6212
12.1488
12.6529
13.1305
13.5804
14.0023
14.3965
14.7637
15.1051
15.4219
15.7156
15.9875
16.239
16.4716
16.6865
16.8851
17.0687
17.2383
17.3952
17.5403
17.6748
17.7996
17.9157
18.0239
18.1252
18.2203
18.3102
18.3956
18.4773
18.5559
18.6322
18.7052
18.7757
18.844
18.9106
18.9759
19.0401
19.1035
19.1662
19.2285
19.2905
19.3522
19.4139
19.4756
19.5374
19.5992
19.6614
19.7237
19.7864
19.8495
19.9131
19.9773
20.0422
20.1079
20.1745
20.2423
20.3114
20.3819
20.454
20.5279
20.6037
20.6815
20.7615
20.8436
20.9281
21.0148
21.1039
21.1953
21.2891
21.3851
21.4833
21.5838
21.6863
21.791
21.8976
22.0063
22.1167
22.229
22.343
22.4586
22.5758
22.6945
22.8145
22.936
23.0587
23.1825
23.3075
23.4335
23.5604
23.6883
23.8169
23.9463
24.0764
12.4844
16.0326
19.578
23.1416
26.5017
29.5641
32.3063
34.7358
36.8732
38.7437
40.3742
41.7909
43.0187
44.0802
44.9959
45.784
46.4606
47.0398
47.5341
47.9541
48.3092
48.6078
48.8571
49.0634
49.2327
49.3701
49.4806
49.5685
49.6382
49.6937
49.7391
49.7782
49.8145
49.8514
49.8921
49.9393
49.9953
50.0624
50.138
50.2234
50.3188
50.4241
50.5388
50.6622
50.7934
50.9315
51.0757
51.2252
51.3792
51.537
51.6981
51.8618
52.0276
52.1952
52.3641
52.5339
52.7044
52.8753
53.0463
53.2172
53.3878
53.5579
53.7275
53.8963
54.0642
54.2313
54.3974
54.5625
54.7266
54.8897
55.0519
55.2132
55.3736
55.5333
55.6924
55.8509
56.0089
56.1666
56.324
56.4812
56.6384
56.7955
56.9527
57.11
57.2676
57.4253
57.5834
57.7417
57.9003
58.0591
58.2183
58.3776
58.5372
58.6969
58.8567
59.0165
59.1762
59.3357
59.4949
59.6536
137.026
145.99
153.164
158.892
163.449
167.049
169.865
172.036
173.681
174.896
175.761
176.341
176.691
176.854
176.867
176.76
176.557
176.278
175.939
175.554
175.133
174.685
174.219
173.739
173.25
172.757
172.264
171.771
171.283
170.8
170.325
169.857
169.399
168.95
168.512
168.085
167.669
167.264
166.874
166.499
166.136
165.784
165.444
165.114
164.793
164.481
164.177
163.881
163.592
163.311
163.036
162.768
162.505
162.249
161.997
161.752
161.511
161.274
161.042
160.814
160.59
160.37
160.153
159.939
159.728
159.52
159.314
159.11
158.908
158.707
158.508
158.309
158.112
157.915
157.718
157.521
157.323
157.126
156.927
156.727
156.526
156.323
156.118
155.912
155.702
155.491
155.276
155.059
154.838
154.614
154.387
154.156
153.921
153.682
153.439
153.192
152.941
152.685
152.425
152.161
153.853
141.225
124.609
105.42
85.7235
67.2708
58.2166
50.644
44.3224
39.0346
34.5967
30.8572
27.6912
24.9974
22.6959
20.7219
19.0221
17.5525
16.2767
15.1651
14.1931
13.3404
12.5896
11.927
11.3408
49.3798
47.4497
44.7778
41.2836
36.9919
32.0755
29.3692
26.8859
24.6364
22.6175
20.8164
19.2162
17.7986
16.5448
15.4366
14.4569
13.5902
12.8223
12.1407
11.5346
10.9941
10.5113
10.0787
9.69041
9.34084
19.7236
19.2908
18.6877
17.8706
16.8077
15.5052
14.7608
14.0529
13.3833
12.7566
12.1743
11.6363
11.1411
10.6868
10.271
9.89073
9.54327
9.22573
8.93538
8.66966
8.42622
8.20288
7.99764
7.80882
7.63458
10.0046
9.91499
9.78592
9.60303
9.35435
9.02904
8.83616
8.64942
8.46614
8.28902
8.11914
7.95683
7.80245
7.65601
7.51739
7.38634
7.26255
7.14568
7.03536
6.93119
6.8328
6.73981
6.65182
6.5686
6.48948
6.87472
6.85577
6.82915
6.79097
6.73713
6.65971
6.61206
6.56524
6.517
6.46854
6.42028
6.37234
6.32483
6.27795
6.23186
6.18665
6.14239
6.09912
6.05687
6.01564
5.97542
5.93618
5.89787
5.86062
5.82395
5.82745
5.82286
5.81716
5.80947
5.79889
5.78099
5.7694
5.75822
5.74567
5.73242
5.71862
5.70422
5.68918
5.67353
5.65732
5.6406
5.62341
5.60579
5.58777
5.56941
5.55073
5.53177
5.51256
5.49328
5.47351
5.57542
5.56982
5.56328
5.55554
5.54629
5.53237
5.52374
5.51579
5.50697
5.49777
5.48825
5.47831
5.4679
5.457
5.44562
5.43378
5.4215
5.40879
5.39568
5.38219
5.36834
5.35415
5.33963
5.32496
5.30974
5.49757
5.4911
5.4836
5.47487
5.46484
5.45081
5.44235
5.43466
5.42629
5.41768
5.40887
5.39977
5.39032
5.38048
5.37026
5.35965
5.34864
5.33724
5.32546
5.3133
5.30077
5.2879
5.27468
5.26131
5.24739
5.46178
5.45438
5.4457
5.43558
5.42404
5.40877
5.39974
5.39157
5.38289
5.37409
5.36518
5.35607
5.34668
5.33698
5.32696
5.31659
5.30588
5.29481
5.28339
5.27163
5.25954
5.24713
5.2344
5.22156
5.2082
5.44194
5.43374
5.42401
5.41254
5.39937
5.3825
5.3726
5.36356
5.35415
5.34471
5.33524
5.32565
5.31587
5.30587
5.29564
5.28516
5.27442
5.26339
5.25209
5.24054
5.22873
5.21667
5.20438
5.19202
5.17921
5.42765
5.41884
5.4083
5.39579
5.38127
5.36301
5.35236
5.34254
5.33247
5.32245
5.31247
5.30247
5.29235
5.28214
5.27179
5.2613
5.25065
5.23984
5.22885
5.21768
5.20634
5.19481
5.18312
5.1714
5.15933
5.41665
5.40744
5.39635
5.38312
5.36767
5.3485
5.33734
5.32701
5.31655
5.3062
5.296
5.28585
5.27573
5.26565
5.25556
5.24543
5.23525
5.22499
5.21463
5.20417
5.19358
5.18287
5.17203
5.16119
5.15001
5.4111
5.40164
5.39023
5.37659
5.36066
5.34119
5.32994
5.31954
5.3091
5.29886
5.28882
5.27892
5.2691
5.25933
5.24958
5.23983
5.23005
5.22022
5.21034
5.20038
5.19034
5.18021
5.16999
5.15982
5.14932
5.41463
5.40496
5.39327
5.37927
5.36287
5.34295
5.33149
5.32088
5.31028
5.29993
5.28985
5.27996
5.27022
5.2606
5.25107
5.24159
5.23216
5.22275
5.21335
5.20393
5.1945
5.18504
5.17555
5.16617
5.1565
5.42248
5.41266
5.40078
5.38655
5.36989
5.34978
5.33827
5.32762
5.31705
5.3068
5.29688
5.28723
5.27781
5.26859
5.25955
5.25066
5.2419
5.23326
5.22471
5.21624
5.20785
5.19952
5.19124
5.18315
5.17485
5.43433
5.42461
5.41288
5.39886
5.38252
5.36306
5.35201
5.34186
5.3319
5.32235
5.31323
5.30449
5.29609
5.288
5.28021
5.2727
5.26544
5.25841
5.2516
5.24499
5.23858
5.23234
5.22627
5.22051
5.21462
5.45672
5.44762
5.43671
5.42382
5.40905
5.39188
5.38232
5.37376
5.36553
5.35786
5.35076
5.34419
5.33813
5.33254
5.32741
5.32271
5.31843
5.31455
5.31104
5.3079
5.30509
5.30261
5.30044
5.29871
5.29696
5.50812
5.50062
5.49181
5.48174
5.4708
5.45893
5.45275
5.44772
5.44325
5.43953
5.43661
5.43445
5.433
5.43224
5.43216
5.43273
5.43393
5.43572
5.43808
5.44099
5.44443
5.44836
5.45277
5.45778
5.46287
5.63075
5.62661
5.6222
5.61792
5.61473
5.61331
5.61366
5.61541
5.61802
5.62169
5.62646
5.63227
5.6391
5.64691
5.65567
5.66536
5.67592
5.68734
5.69956
5.71256
5.72629
5.74073
5.75583
5.7717
5.78774
5.97793
5.98031
5.98436
5.99117
6.00265
6.02076
6.03323
6.04754
6.06322
6.08047
6.09932
6.11971
6.1416
6.16495
6.1897
6.21582
6.24324
6.2719
6.30174
6.33271
6.36475
6.39778
6.43174
6.46672
6.50198
7.45473
7.47847
7.51031
7.55356
7.61324
7.6952
7.74707
7.80222
7.86023
7.92125
7.98525
8.0521
8.1217
8.1939
8.26857
8.34557
8.42476
8.50597
8.58904
8.67382
8.76013
8.84783
8.93673
9.02685
9.11711
11.7302
11.8051
11.9028
12.0311
12.2008
12.4246
12.5622
12.7052
12.8529
13.005
13.1614
13.3218
13.4858
13.653
13.8231
13.9957
14.1706
14.3472
14.5252
14.7042
14.884
15.064
15.244
15.4239
15.6022
24.2118
24.3833
24.6009
24.8771
25.2281
25.6722
25.9381
26.2079
26.48
26.7543
27.0302
27.3072
27.5847
27.8622
28.139
28.4145
28.6882
28.9594
29.2274
29.4915
29.7513
30.0061
30.2554
30.4992
30.7369
59.8169
60.0203
60.2735
60.5875
60.9743
61.4572
61.7425
62.0225
62.296
62.5618
62.8186
63.0653
63.3008
63.524
63.7339
63.9298
64.1109
64.2767
64.4267
64.5606
64.6784
64.7798
64.8654
64.9367
64.9989
151.885
151.532
151.082
150.502
149.75
148.734
148.086
147.397
146.681
145.942
145.18
144.393
143.584
142.752
141.901
141.031
140.144
139.241
138.324
137.395
136.455
135.507
134.551
133.591
132.618
11.0064
10.6976
10.4098
10.1412
9.89024
9.65525
9.43491
9.22804
9.03354
8.85045
8.67788
8.51504
8.36119
8.21569
8.07791
7.94733
7.82343
7.70576
7.59389
7.48743
7.38603
7.28935
7.1971
7.109
7.02478
6.9442
6.86705
6.79312
6.72221
6.65415
6.58877
6.52593
6.46547
6.40726
6.35117
6.2971
6.24493
6.19456
6.1459
6.09885
6.05333
6.00926
5.96658
5.9252
5.88506
5.84611
5.80828
5.77153
5.73579
5.70102
5.66718
5.63422
5.6021
5.57079
5.54024
5.51042
5.48131
5.45287
5.42506
5.39788
5.37127
5.34523
5.31974
5.29475
5.27027
5.24626
5.2227
5.19959
5.1769
5.15462
5.13272
5.1112
5.09004
5.06924
5.04876
5.02861
5.00878
4.98924
4.96999
4.95103
4.93233
4.9139
4.89572
4.87779
4.86009
4.84263
4.82538
4.80835
4.79153
4.77491
4.75849
4.74226
4.72621
4.71034
4.69465
4.67913
4.66377
4.64857
4.63353
4.61864
4.60391
4.58933
4.57488
4.56057
4.54639
4.53234
4.51841
4.50461
4.49093
4.47736
4.46392
4.45058
4.43736
4.42424
4.41124
4.39833
4.38553
4.37283
4.36022
4.34771
4.3353
4.32297
4.31074
4.29856
4.28627
9.13872
8.95033
8.77281
8.60546
8.44754
8.29831
8.15715
8.02348
7.89677
7.77654
7.66234
7.55377
7.45045
7.35202
7.25819
7.16864
7.08311
7.00135
6.92313
6.84823
6.77645
6.70761
6.64153
6.57806
6.51704
6.45834
6.40182
6.34737
6.29488
6.24423
6.19533
6.14808
6.1024
6.05821
6.01543
5.97398
5.93381
5.89484
5.85703
5.8203
5.78461
5.7499
5.71614
5.68328
5.65127
5.62007
5.58965
5.55997
5.531
5.50271
5.47507
5.44804
5.4216
5.39573
5.37041
5.3456
5.32129
5.29745
5.27408
5.25114
5.22863
5.20652
5.18479
5.16345
5.14246
5.12182
5.10151
5.08152
5.06184
5.04246
5.02337
5.00456
4.98601
4.96772
4.94968
4.93188
4.91431
4.89697
4.87985
4.86294
4.84624
4.82973
4.81341
4.79729
4.78134
4.76557
4.74997
4.73453
4.71926
4.70414
4.68918
4.67436
4.65969
4.64516
4.63076
4.6165
4.60237
4.58837
4.57449
4.56073
4.5471
4.53359
4.52019
4.5069
4.49372
4.48063
4.46765
4.45476
4.44198
4.42929
4.4167
4.4042
4.39179
4.37948
4.36725
4.3551
4.34304
4.33107
4.31918
4.30736
4.29563
4.28397
4.27238
4.26084
4.24918
7.53213
7.43559
7.34329
7.25511
7.17084
7.09021
7.01299
6.93898
6.868
6.79987
6.73443
6.67153
6.61103
6.5528
6.4967
6.44263
6.39048
6.34014
6.29152
6.24453
6.19909
6.15511
6.11253
6.07128
6.03128
5.99247
5.95481
5.91823
5.88267
5.8481
5.81447
5.78172
5.74983
5.71874
5.68844
5.65886
5.63
5.60181
5.57426
5.54733
5.52099
5.49521
5.46998
5.44525
5.42103
5.39728
5.37398
5.35112
5.32868
5.30664
5.28499
5.2637
5.24278
5.22219
5.20194
5.182
5.16237
5.14303
5.12398
5.1052
5.08668
5.06841
5.05039
5.03261
5.01506
4.99773
4.98061
4.9637
4.94699
4.93047
4.91414
4.89799
4.88202
4.86622
4.85059
4.83512
4.81981
4.80464
4.78963
4.77476
4.76003
4.74544
4.73098
4.71666
4.70245
4.68838
4.67442
4.66058
4.64685
4.63324
4.61974
4.60634
4.59305
4.57986
4.56677
4.55378
4.54089
4.52809
4.51538
4.50277
4.49025
4.47782
4.46548
4.45323
4.44105
4.42895
4.41692
4.40498
4.39311
4.38131
4.3696
4.35795
4.34637
4.33487
4.32344
4.31207
4.30078
4.28955
4.27839
4.26729
4.25626
4.24528
4.23437
4.22349
4.21248
6.4421
6.39695
6.35297
6.3103
6.26891
6.22872
6.18966
6.15169
6.11478
6.07886
6.04391
6.00987
5.97672
5.94442
5.91292
5.8822
5.85222
5.82294
5.79435
5.76641
5.7391
5.71238
5.68623
5.66063
5.63556
5.61099
5.5869
5.56328
5.5401
5.51735
5.49501
5.47306
5.45148
5.43027
5.40941
5.38889
5.36868
5.34879
5.32919
5.30988
5.29085
5.27208
5.25357
5.2353
5.21727
5.19948
5.1819
5.16454
5.14739
5.13043
5.11367
5.0971
5.0807
5.06448
5.04844
5.03255
5.01683
5.00126
4.98584
4.97057
4.95543
4.94044
4.92558
4.91085
4.89625
4.88177
4.86741
4.85317
4.83904
4.82503
4.81113
4.79733
4.78363
4.77004
4.75655
4.74316
4.72986
4.71665
4.70354
4.69052
4.67758
4.66473
4.65197
4.63929
4.62669
4.61418
4.60174
4.58938
4.5771
4.56489
4.55275
4.54069
4.52871
4.51679
4.50494
4.49316
4.48145
4.46981
4.45823
4.44672
4.43527
4.4239
4.41259
4.40135
4.39016
4.37902
4.36794
4.35692
4.34596
4.33505
4.3242
4.3134
4.30266
4.29197
4.28134
4.27077
4.26025
4.24978
4.23936
4.229
4.21869
4.20843
4.19822
4.18804
4.17771
5.8016
5.78009
5.75867
5.73754
5.71673
5.69621
5.67596
5.65598
5.63626
5.61681
5.59761
5.57865
5.55994
5.54147
5.52322
5.5052
5.4874
5.4698
5.45241
5.43521
5.41821
5.40139
5.38474
5.36827
5.35197
5.33583
5.31985
5.30402
5.28833
5.27279
5.25738
5.24211
5.22696
5.21194
5.19704
5.18226
5.16759
5.15304
5.13859
5.12424
5.11
5.09586
5.08181
5.06786
5.054
5.04023
5.02654
5.01295
4.99943
4.986
4.97265
4.95938
4.94618
4.93306
4.92001
4.90704
4.89414
4.88131
4.86855
4.85586
4.84323
4.83067
4.81818
4.80575
4.79338
4.78108
4.76884
4.75666
4.74454
4.73249
4.72049
4.70855
4.69666
4.68484
4.67307
4.66136
4.6497
4.6381
4.62656
4.61507
4.60363
4.59225
4.58092
4.56964
4.55841
4.54724
4.53611
4.52504
4.51402
4.50305
4.49212
4.48125
4.47043
4.45965
4.44892
4.43825
4.42761
4.41703
4.40649
4.39599
4.38556
4.37517
4.36483
4.35453
4.34428
4.33407
4.3239
4.31377
4.30368
4.29364
4.28364
4.27369
4.26378
4.25392
4.2441
4.23432
4.22458
4.21488
4.20523
4.19561
4.18604
4.17651
4.16701
4.15753
4.1479
5.46124
5.44933
5.43715
5.42494
5.41272
5.40049
5.38823
5.37595
5.36367
5.35138
5.3391
5.32682
5.31454
5.30228
5.29004
5.27781
5.2656
5.25341
5.24124
5.22909
5.21697
5.20487
5.19279
5.18074
5.16872
5.15672
5.14475
5.13281
5.12089
5.109
5.09714
5.0853
5.07349
5.06171
5.04996
5.03824
5.02655
5.01488
5.00324
4.99164
4.98006
4.96851
4.95699
4.9455
4.93405
4.92262
4.91122
4.89986
4.88853
4.87723
4.86596
4.85472
4.84352
4.83234
4.8212
4.8101
4.79903
4.78799
4.77698
4.76601
4.75507
4.74417
4.7333
4.72247
4.71167
4.70091
4.69018
4.67949
4.66884
4.65822
4.64763
4.63708
4.62656
4.61608
4.60564
4.59523
4.58487
4.57453
4.56424
4.55398
4.54376
4.53358
4.52344
4.51332
4.50324
4.4932
4.48319
4.47322
4.46329
4.45339
4.44353
4.4337
4.42391
4.41416
4.40444
4.39475
4.3851
4.37548
4.3659
4.35636
4.34686
4.33738
4.32795
4.31855
4.3092
4.29988
4.29059
4.28135
4.27214
4.26296
4.25382
4.24472
4.23564
4.2266
4.2176
4.20862
4.19968
4.19078
4.1819
4.17305
4.16424
4.15546
4.1467
4.13795
4.12907
5.30025
5.29103
5.28151
5.27192
5.26228
5.25258
5.24282
5.233
5.22312
5.2132
5.20323
5.19322
5.18318
5.17311
5.16301
5.15289
5.14274
5.13258
5.1224
5.1122
5.10199
5.09178
5.08155
5.07131
5.06108
5.05083
5.04059
5.03035
5.0201
5.00986
4.99962
4.98939
4.97916
4.96894
4.95872
4.94852
4.93832
4.92813
4.91796
4.90779
4.89764
4.88751
4.87739
4.86728
4.85719
4.84712
4.83707
4.82703
4.81702
4.80702
4.79704
4.78708
4.77714
4.76722
4.75733
4.74745
4.7376
4.72778
4.71798
4.7082
4.69845
4.68873
4.67903
4.66936
4.65971
4.65009
4.6405
4.63093
4.62139
4.61187
4.60237
4.5929
4.58346
4.57404
4.56466
4.55531
4.54599
4.5367
4.52743
4.5182
4.509
4.49983
4.49068
4.48157
4.47248
4.46341
4.45438
4.44537
4.43639
4.42743
4.4185
4.40959
4.40072
4.39186
4.38304
4.37424
4.36546
4.35671
4.34799
4.33929
4.33061
4.32197
4.31334
4.30475
4.29617
4.28763
4.27911
4.27061
4.26214
4.2537
4.24528
4.23689
4.22852
4.22018
4.21186
4.20357
4.19531
4.18706
4.17885
4.17066
4.16249
4.15435
4.14623
4.13812
4.12988
5.23868
5.23021
5.22145
5.21261
5.20372
5.19475
5.18571
5.17661
5.16745
5.15823
5.14897
5.13965
5.1303
5.12091
5.11149
5.10203
5.09255
5.08305
5.07353
5.06399
5.05443
5.04487
5.03529
5.0257
5.01611
5.00652
4.99692
4.98732
4.97772
4.96812
4.95853
4.94894
4.93936
4.92978
4.9202
4.91064
4.90109
4.89155
4.88202
4.8725
4.863
4.85352
4.84405
4.8346
4.82516
4.81574
4.80634
4.79696
4.78759
4.77824
4.76891
4.75959
4.7503
4.74102
4.73177
4.72253
4.71333
4.70415
4.69499
4.68587
4.67676
4.66768
4.65863
4.6496
4.64059
4.6316
4.62264
4.61369
4.60477
4.59588
4.587
4.57815
4.56931
4.5605
4.55171
4.54295
4.5342
4.52547
4.51677
4.50809
4.49943
4.4908
4.48218
4.47359
4.46502
4.45648
4.44796
4.43946
4.43098
4.42252
4.41409
4.40569
4.3973
4.38894
4.3806
4.37228
4.36399
4.35572
4.34748
4.33925
4.33105
4.32287
4.31472
4.30659
4.29848
4.2904
4.28234
4.2743
4.26628
4.25829
4.25032
4.24237
4.23445
4.22655
4.21867
4.21082
4.20299
4.19518
4.18739
4.17963
4.17189
4.16417
4.15648
4.14878
4.14098
5.19985
5.19173
5.18334
5.17487
5.16637
5.1578
5.14917
5.14048
5.13174
5.12296
5.11414
5.10528
5.09638
5.08746
5.07851
5.06953
5.06054
5.05153
5.0425
5.03347
5.02443
5.01538
5.00633
4.99728
4.98823
4.97917
4.97012
4.96108
4.95203
4.943
4.93396
4.92493
4.91591
4.9069
4.8979
4.88891
4.87992
4.87096
4.86202
4.8531
4.8442
4.83531
4.82645
4.8176
4.80876
4.79994
4.79114
4.78235
4.77358
4.76483
4.75609
4.74736
4.73866
4.72996
4.72129
4.71263
4.70398
4.69536
4.68674
4.67815
4.66957
4.66102
4.65247
4.64395
4.63545
4.62696
4.61849
4.61005
4.60162
4.59321
4.58482
4.57645
4.5681
4.55977
4.55146
4.54317
4.5349
4.52665
4.51842
4.51021
4.50202
4.49386
4.48571
4.47759
4.46949
4.46141
4.45335
4.44531
4.43729
4.4293
4.42133
4.41338
4.40545
4.39754
4.38966
4.3818
4.37396
4.36614
4.35835
4.35058
4.34283
4.3351
4.3274
4.31972
4.31206
4.30442
4.29681
4.28922
4.28165
4.27411
4.26658
4.25908
4.25161
4.24415
4.23672
4.22931
4.22192
4.21455
4.20721
4.19988
4.19258
4.1853
4.17804
4.17078
4.16344
5.17122
5.16347
5.15547
5.14742
5.13934
5.13123
5.12306
5.11486
5.10662
5.09834
5.09003
5.08169
5.07333
5.06494
5.05653
5.0481
5.03967
5.03122
5.02278
5.01433
5.00589
4.99745
4.98901
4.98057
4.97214
4.96371
4.95527
4.94685
4.93842
4.93
4.92158
4.91317
4.90476
4.89636
4.88796
4.87957
4.87119
4.86281
4.85444
4.84607
4.83772
4.82937
4.82104
4.81272
4.8044
4.7961
4.78781
4.77953
4.77127
4.76302
4.75478
4.74655
4.73834
4.73015
4.72197
4.7138
4.70565
4.69752
4.6894
4.6813
4.67321
4.66514
4.65709
4.64906
4.64104
4.63305
4.62507
4.61711
4.60917
4.60125
4.59334
4.58546
4.5776
4.56976
4.56193
4.55413
4.54635
4.53859
4.53086
4.52314
4.51544
4.50777
4.50012
4.49249
4.48488
4.47729
4.46973
4.46219
4.45467
4.44718
4.43971
4.43226
4.42483
4.41742
4.41004
4.40269
4.39535
4.38804
4.38075
4.37349
4.36625
4.35903
4.35183
4.34466
4.33751
4.33038
4.32328
4.3162
4.30915
4.30211
4.2951
4.28811
4.28115
4.27421
4.26729
4.26039
4.25351
4.24666
4.23983
4.23302
4.22623
4.21947
4.21272
4.20598
4.19916
5.15183
5.1446
5.13715
5.12967
5.12218
5.11465
5.10709
5.0995
5.09187
5.08422
5.07654
5.06883
5.0611
5.05335
5.04558
5.03779
5.02998
5.02216
5.01432
5.00647
4.99861
4.99074
4.98286
4.97498
4.96709
4.9592
4.9513
4.94341
4.93551
4.92762
4.91972
4.91183
4.90394
4.89606
4.88818
4.88031
4.87244
4.86458
4.85673
4.84888
4.84105
4.83322
4.82541
4.8176
4.80981
4.80203
4.79426
4.7865
4.77876
4.77103
4.76332
4.75562
4.74794
4.74027
4.73262
4.72499
4.71737
4.70977
4.70219
4.69463
4.68709
4.67956
4.67206
4.66457
4.65711
4.64967
4.64224
4.63484
4.62746
4.62011
4.61277
4.60546
4.59816
4.5909
4.58365
4.57643
4.56923
4.56205
4.5549
4.54777
4.54067
4.53359
4.52653
4.5195
4.51249
4.50551
4.49855
4.49161
4.48471
4.47782
4.47096
4.46413
4.45732
4.45053
4.44377
4.43704
4.43033
4.42364
4.41698
4.41035
4.40373
4.39715
4.39059
4.38405
4.37754
4.37105
4.36458
4.35814
4.35173
4.34533
4.33896
4.33262
4.3263
4.32
4.31372
4.30747
4.30124
4.29503
4.28884
4.28268
4.27654
4.27042
4.26432
4.25822
4.25207
5.14307
5.13637
5.12945
5.12248
5.11551
5.1085
5.10146
5.09438
5.08727
5.08013
5.07296
5.06577
5.05856
5.05133
5.04407
5.0368
5.02952
5.02222
5.01491
5.00759
5.00026
4.99293
4.98558
4.97824
4.97089
4.96354
4.95619
4.94885
4.9415
4.93416
4.92682
4.91949
4.91216
4.90484
4.89753
4.89023
4.88294
4.87566
4.86839
4.86114
4.85389
4.84667
4.83945
4.83225
4.82507
4.81791
4.81076
4.80363
4.79651
4.78942
4.78234
4.77529
4.76826
4.76124
4.75425
4.74728
4.74033
4.73341
4.72651
4.71963
4.71277
4.70594
4.69913
4.69235
4.6856
4.67886
4.67216
4.66548
4.65882
4.6522
4.64559
4.63902
4.63247
4.62595
4.61945
4.61299
4.60655
4.60013
4.59375
4.58739
4.58106
4.57476
4.56848
4.56224
4.55602
4.54983
4.54366
4.53753
4.53142
4.52534
4.51928
4.51326
4.50726
4.50129
4.49535
4.48943
4.48354
4.47768
4.47184
4.46603
4.46025
4.45449
4.44876
4.44305
4.43737
4.43172
4.42609
4.42048
4.4149
4.40935
4.40382
4.39831
4.39283
4.38737
4.38193
4.37652
4.37113
4.36576
4.36041
4.35509
4.34978
4.3445
4.33924
4.33397
4.32868
5.14282
5.13657
5.13011
5.12362
5.11712
5.1106
5.10406
5.09749
5.0909
5.08428
5.07765
5.07101
5.06435
5.05768
5.05099
5.0443
5.0376
5.0309
5.02419
5.01748
5.01078
5.00407
4.99737
4.99067
4.98397
4.97728
4.97061
4.96394
4.95728
4.95063
4.944
4.93738
4.93078
4.92419
4.91762
4.91107
4.90453
4.89802
4.89152
4.88505
4.8786
4.87217
4.86576
4.85938
4.85302
4.84668
4.84037
4.83409
4.82784
4.82161
4.8154
4.80923
4.80308
4.79697
4.79088
4.78482
4.77879
4.77279
4.76682
4.76088
4.75497
4.7491
4.74325
4.73743
4.73165
4.7259
4.72018
4.71449
4.70883
4.70321
4.69761
4.69205
4.68652
4.68103
4.67556
4.67013
4.66473
4.65936
4.65402
4.64872
4.64344
4.6382
4.63299
4.62781
4.62266
4.61755
4.61246
4.6074
4.60238
4.59738
4.59242
4.58749
4.58258
4.5777
4.57286
4.56804
4.56325
4.55849
4.55376
4.54905
4.54437
4.53972
4.5351
4.5305
4.52593
4.52138
4.51686
4.51236
4.50789
4.50344
4.49902
4.49462
4.49025
4.48589
4.48156
4.47725
4.47296
4.4687
4.46445
4.46022
4.45602
4.45183
4.44766
4.44349
4.43931
5.15056
5.14486
5.13898
5.13308
5.1272
5.12132
5.11542
5.10952
5.10362
5.09771
5.09181
5.0859
5.07999
5.07409
5.0682
5.06231
5.05643
5.05056
5.04471
5.03887
5.03304
5.02723
5.02143
5.01566
5.0099
5.00417
4.99846
4.99277
4.98711
4.98147
4.97586
4.97027
4.96472
4.95919
4.95369
4.94823
4.94279
4.93739
4.93202
4.92668
4.92137
4.9161
4.91087
4.90567
4.9005
4.89537
4.89028
4.88522
4.8802
4.87521
4.87027
4.86536
4.86049
4.85565
4.85086
4.8461
4.84138
4.8367
4.83206
4.82746
4.82289
4.81836
4.81387
4.80942
4.80501
4.80064
4.7963
4.792
4.78774
4.78352
4.77933
4.77519
4.77108
4.767
4.76296
4.75896
4.755
4.75107
4.74718
4.74332
4.73949
4.7357
4.73195
4.72823
4.72454
4.72089
4.71727
4.71368
4.71012
4.7066
4.70311
4.69964
4.69621
4.69281
4.68944
4.68609
4.68278
4.67949
4.67624
4.673
4.6698
4.66662
4.66347
4.66034
4.65724
4.65416
4.65111
4.64808
4.64507
4.64208
4.63912
4.63618
4.63326
4.63036
4.62748
4.62461
4.62177
4.61894
4.61614
4.61335
4.61057
4.60781
4.60507
4.60232
4.59959
5.1698
5.16501
5.16005
5.15511
5.15021
5.14534
5.14049
5.13565
5.13084
5.12605
5.12129
5.11654
5.11183
5.10714
5.10249
5.09786
5.09326
5.0887
5.08416
5.07967
5.07521
5.07078
5.06639
5.06204
5.05773
5.05346
5.04923
5.04504
5.04089
5.03679
5.03273
5.02871
5.02474
5.02081
5.01693
5.01309
5.0093
5.00556
5.00186
4.99821
4.9946
4.99105
4.98754
4.98408
4.98066
4.9773
4.97398
4.9707
4.96748
4.9643
4.96117
4.95809
4.95506
4.95207
4.94913
4.94623
4.94338
4.94058
4.93782
4.93511
4.93245
4.92983
4.92725
4.92472
4.92223
4.91978
4.91738
4.91502
4.9127
4.91043
4.90819
4.906
4.90384
4.90173
4.89966
4.89762
4.89562
4.89366
4.89174
4.88985
4.888
4.88619
4.88441
4.88266
4.88095
4.87927
4.87762
4.87601
4.87442
4.87287
4.87135
4.86985
4.86839
4.86695
4.86554
4.86416
4.86281
4.86148
4.86017
4.85889
4.85764
4.8564
4.85519
4.854
4.85284
4.85169
4.85056
4.84945
4.84836
4.84729
4.84624
4.8452
4.84418
4.84318
4.84218
4.84121
4.84025
4.8393
4.83836
4.83744
4.83652
4.83562
4.83473
4.83382
4.83296
5.2111
5.20787
5.20451
5.2012
5.19798
5.19481
5.19169
5.18863
5.18562
5.18267
5.17977
5.17692
5.17414
5.17141
5.16873
5.16611
5.16355
5.16105
5.15861
5.15622
5.1539
5.15163
5.14943
5.14728
5.1452
5.14317
5.14121
5.13931
5.13747
5.13569
5.13397
5.13231
5.13072
5.12918
5.12771
5.1263
5.12495
5.12366
5.12243
5.12125
5.12014
5.11909
5.1181
5.11716
5.11629
5.11547
5.11471
5.11401
5.11336
5.11277
5.11223
5.11175
5.11132
5.11095
5.11063
5.11036
5.11014
5.10998
5.10986
5.1098
5.10978
5.10981
5.10989
5.11002
5.11019
5.1104
5.11067
5.11097
5.11132
5.11171
5.11214
5.11261
5.11313
5.11368
5.11427
5.11489
5.11556
5.11626
5.11699
5.11776
5.11856
5.1194
5.12026
5.12116
5.12209
5.12304
5.12403
5.12504
5.12608
5.12714
5.12823
5.12935
5.13049
5.13165
5.13283
5.13403
5.13526
5.1365
5.13777
5.13905
5.14035
5.14166
5.14299
5.14434
5.1457
5.14707
5.14846
5.14986
5.15127
5.15269
5.15412
5.15556
5.15701
5.15846
5.15993
5.1614
5.16287
5.16435
5.16584
5.16733
5.16882
5.17032
5.17181
5.17329
5.17483
5.29606
5.29547
5.29478
5.29419
5.29373
5.29337
5.2931
5.29292
5.29283
5.29283
5.29293
5.29311
5.29338
5.29374
5.29419
5.29472
5.29534
5.29605
5.29683
5.29771
5.29867
5.29971
5.30083
5.30204
5.30332
5.30469
5.30614
5.30767
5.30927
5.31095
5.31271
5.31455
5.31646
5.31845
5.32051
5.32265
5.32485
5.32713
5.32948
5.33189
5.33438
5.33693
5.33955
5.34224
5.34499
5.3478
5.35068
5.35362
5.35661
5.35967
5.36279
5.36596
5.36919
5.37247
5.37581
5.3792
5.38264
5.38613
5.38967
5.39326
5.39689
5.40058
5.4043
5.40807
5.41188
5.41574
5.41963
5.42357
5.42754
5.43154
5.43559
5.43967
5.44378
5.44792
5.4521
5.4563
5.46053
5.4648
5.46909
5.4734
5.47774
5.48211
5.48649
5.4909
5.49533
5.49978
5.50425
5.50874
5.51324
5.51776
5.52229
5.52684
5.5314
5.53597
5.54055
5.54515
5.54975
5.55436
5.55898
5.56361
5.56824
5.57288
5.57752
5.58216
5.58681
5.59146
5.59611
5.60075
5.6054
5.61005
5.61469
5.61933
5.62397
5.6286
5.63322
5.63784
5.64245
5.64705
5.65165
5.65624
5.66082
5.66539
5.66994
5.67447
5.67908
5.46627
5.46997
5.47363
5.47744
5.48141
5.48554
5.48979
5.49418
5.49869
5.50334
5.50811
5.513
5.51802
5.52315
5.5284
5.53377
5.53924
5.54483
5.55053
5.55633
5.56223
5.56824
5.57435
5.58056
5.58687
5.59327
5.59976
5.60635
5.61303
5.61979
5.62664
5.63358
5.64059
5.64769
5.65487
5.66213
5.66946
5.67687
5.68434
5.69189
5.69951
5.70719
5.71494
5.72276
5.73063
5.73857
5.74656
5.75461
5.76272
5.77088
5.77909
5.78735
5.79565
5.80401
5.81241
5.82085
5.82933
5.83786
5.84642
5.85502
5.86365
5.87232
5.88102
5.88975
5.8985
5.90729
5.9161
5.92493
5.93379
5.94267
5.95157
5.96049
5.96943
5.97838
5.98734
5.99632
6.00531
6.01431
6.02333
6.03234
6.04137
6.0504
6.05943
6.06847
6.07751
6.08655
6.09559
6.10463
6.11367
6.1227
6.13173
6.14075
6.14976
6.15877
6.16777
6.17675
6.18573
6.19469
6.20364
6.21258
6.2215
6.2304
6.23929
6.24816
6.257
6.26583
6.27464
6.28343
6.29219
6.30092
6.30963
6.31832
6.32698
6.33561
6.34421
6.35278
6.36132
6.36983
6.3783
6.38675
6.39516
6.40354
6.41188
6.42017
6.42856
5.79799
5.80853
5.81907
5.82981
5.84077
5.85191
5.86323
5.87472
5.88638
5.8982
5.91018
5.92231
5.93458
5.947
5.95956
5.97225
5.98507
5.99802
6.01109
6.02428
6.03758
6.05099
6.06452
6.07814
6.09187
6.10569
6.11961
6.13361
6.14771
6.16189
6.17615
6.19049
6.2049
6.21938
6.23394
6.24856
6.26324
6.27798
6.29278
6.30764
6.32255
6.3375
6.35251
6.36756
6.38264
6.39777
6.41294
6.42813
6.44336
6.45862
6.4739
6.48921
6.50454
6.51989
6.53525
6.55063
6.56603
6.58143
6.59684
6.61226
6.62768
6.6431
6.65852
6.67394
6.68936
6.70477
6.72017
6.73556
6.75094
6.76631
6.78166
6.797
6.81231
6.82761
6.84288
6.85814
6.87336
6.88856
6.90373
6.91887
6.93398
6.94906
6.9641
6.97911
6.99408
7.00901
7.0239
7.03875
7.05356
7.06832
7.08304
7.09771
7.11233
7.1269
7.14143
7.1559
7.17032
7.18468
7.19899
7.21324
7.22743
7.24156
7.25563
7.26963
7.28358
7.29746
7.31127
7.32501
7.33868
7.35228
7.36581
7.37927
7.39265
7.40595
7.41918
7.43232
7.44539
7.45837
7.47127
7.48408
7.49681
7.50946
7.52202
7.53448
7.54701
6.52419
6.54667
6.56922
6.59203
6.61512
6.63845
6.662
6.68576
6.70973
6.73389
6.75823
6.78275
6.80744
6.83228
6.85727
6.8824
6.90766
6.93305
6.95856
6.98417
7.00989
7.0357
7.0616
7.08759
7.11365
7.13979
7.16599
7.19225
7.21856
7.24492
7.27132
7.29776
7.32424
7.35074
7.37727
7.40381
7.43037
7.45694
7.48351
7.51009
7.53666
7.56323
7.58979
7.61633
7.64286
7.66937
7.69585
7.7223
7.74872
7.77511
7.80146
7.82777
7.85404
7.88026
7.90643
7.93255
7.95861
7.98462
8.01057
8.03645
8.06228
8.08803
8.11372
8.13933
8.16488
8.19034
8.21573
8.24104
8.26627
8.29142
8.31647
8.34145
8.36633
8.39112
8.41582
8.44043
8.46494
8.48935
8.51366
8.53787
8.56197
8.58598
8.60987
8.63366
8.65734
8.68091
8.70436
8.7277
8.75092
8.77403
8.79702
8.81988
8.84262
8.86524
8.88773
8.9101
8.93233
8.95443
8.9764
8.99823
9.01992
9.04148
9.06289
9.08416
9.10529
9.12627
9.14709
9.16777
9.18829
9.20866
9.22886
9.2489
9.26878
9.2885
9.30804
9.32741
9.3466
9.36562
9.38445
9.4031
9.42156
9.43984
9.45794
9.47582
9.49371
9.17317
9.22943
9.28573
9.34225
9.39902
9.45597
9.51307
9.57029
9.62762
9.68502
9.74247
9.79995
9.85744
9.91492
9.97238
10.0298
10.0871
10.1444
10.2015
10.2586
10.3155
10.3722
10.4289
10.4853
10.5416
10.5976
10.6535
10.7091
10.7646
10.8198
10.8747
10.9294
10.9839
11.038
11.0919
11.1455
11.1989
11.2519
11.3046
11.3571
11.4092
11.461
11.5125
11.5636
11.6144
11.6649
11.7151
11.7649
11.8143
11.8634
11.9122
11.9606
12.0086
12.0563
12.1036
12.1505
12.1971
12.2433
12.2891
12.3346
12.3796
12.4243
12.4686
12.5125
12.556
12.5991
12.6418
12.6841
12.726
12.7675
12.8086
12.8493
12.8896
12.9295
12.969
13.008
13.0467
13.0849
13.1227
13.16
13.197
13.2335
13.2696
13.3052
13.3404
13.3752
13.4095
13.4433
13.4768
13.5097
13.5422
13.5743
13.6059
13.637
13.6677
13.6979
13.7276
13.7569
13.7856
13.8139
13.8417
13.8691
13.8959
13.9222
13.9481
13.9734
13.9982
14.0225
14.0463
14.0696
14.0924
14.1147
14.1364
14.1576
14.1782
14.1983
14.2179
14.2369
14.2553
14.2732
14.2905
14.3072
14.3233
14.3387
14.3537
15.7116
15.8206
15.9289
16.0367
16.144
16.2508
16.3569
16.4624
16.5671
16.6711
16.7742
16.8766
16.978
17.0786
17.1782
17.2768
17.3745
17.4711
17.5668
17.6613
17.7548
17.8472
17.9385
18.0286
18.1177
18.2056
18.2923
18.3779
18.4623
18.5456
18.6277
18.7085
18.7882
18.8667
18.9441
19.0202
19.0951
19.1688
19.2413
19.3126
19.3827
19.4517
19.5194
19.5859
19.6512
19.7153
19.7782
19.84
19.9005
19.9598
20.018
20.075
20.1308
20.1854
20.2388
20.2911
20.3421
20.392
20.4408
20.4883
20.5347
20.58
20.624
20.667
20.7087
20.7493
20.7888
20.8271
20.8643
20.9003
20.9352
20.9689
21.0015
21.033
21.0633
21.0925
21.1206
21.1475
21.1734
21.1981
21.2217
21.2442
21.2656
21.2858
21.305
21.3231
21.3401
21.3559
21.3707
21.3844
21.3971
21.4086
21.4191
21.4285
21.4368
21.4441
21.4503
21.4555
21.4596
21.4626
21.4647
21.4657
21.4656
21.4646
21.4625
21.4594
21.4553
21.4502
21.4441
21.437
21.429
21.4199
21.4099
21.3989
21.3869
21.3739
21.36
21.3451
21.3292
21.3123
21.2944
21.2754
21.2554
21.2341
21.2116
30.8804
31.0211
31.1584
31.2928
31.4244
31.5532
31.679
31.8018
31.9216
32.0383
32.152
32.2626
32.3702
32.4746
32.5758
32.674
32.769
32.861
32.9498
33.0356
33.1182
33.1979
33.2744
33.348
33.4186
33.4862
33.5509
33.6127
33.6716
33.7277
33.7809
33.8313
33.8789
33.9239
33.9661
34.0056
34.0425
34.0768
34.1085
34.1376
34.1643
34.1884
34.2101
34.2293
34.2461
34.2606
34.2727
34.2825
34.29
34.2952
34.2983
34.2991
34.2977
34.2942
34.2885
34.2808
34.2709
34.2591
34.2452
34.2293
34.2114
34.1916
34.1699
34.1463
34.1208
34.0935
34.0643
34.0333
34.0006
33.9661
33.9299
33.892
33.8525
33.8112
33.7684
33.7239
33.6778
33.6302
33.5811
33.5304
33.4783
33.4247
33.3697
33.3132
33.2554
33.1961
33.1356
33.0737
33.0105
32.9461
32.8804
32.8135
32.7454
32.6761
32.6057
32.5341
32.4614
32.3876
32.3128
32.237
32.1601
32.0823
32.0035
31.9237
31.843
31.7615
31.6791
31.5958
31.5117
31.4267
31.341
31.2546
31.1674
31.0794
30.9908
30.9014
30.8114
30.7206
30.6291
30.5369
30.4439
30.3499
30.2549
30.1584
30.06
65.0314
65.0557
65.073
65.0841
65.0892
65.0883
65.0815
65.069
65.0509
65.0273
64.9984
64.9641
64.9248
64.8804
64.8312
64.7771
64.7184
64.6552
64.5875
64.5154
64.4391
64.3586
64.2742
64.1857
64.0935
63.9974
63.8978
63.7945
63.6877
63.5776
63.4641
63.3473
63.2274
63.1044
62.9784
62.8495
62.7176
62.583
62.4456
62.3055
62.1628
62.0175
61.8698
61.7196
61.5671
61.4122
61.2551
61.0957
60.9342
60.7706
60.605
60.4374
60.2678
60.0963
59.923
59.7479
59.5711
59.3925
59.2123
59.0305
58.8472
58.6623
58.476
58.2883
58.0992
57.9087
57.717
57.5241
57.3299
57.1346
56.9383
56.7408
56.5423
56.3429
56.1425
55.9412
55.7391
55.5362
55.3325
55.1281
54.923
54.7172
54.5109
54.304
54.0966
53.8887
53.6803
53.4716
53.2625
53.053
52.8433
52.6333
52.4232
52.2128
52.0023
51.7917
51.581
51.3703
51.1596
50.9489
50.7383
50.5278
50.3175
50.1073
49.8973
49.6875
49.478
49.2688
49.0599
48.8513
48.6431
48.4353
48.2279
48.021
47.8145
47.6084
47.4029
47.1977
46.9931
46.7887
46.5846
46.3806
46.176
45.9698
45.7605
132.013
131.402
130.794
130.188
129.585
128.984
128.386
127.79
127.197
126.607
126.02
125.436
124.855
124.278
123.705
123.135
122.569
122.007
121.449
120.895
120.345
119.8
119.259
118.722
118.19
117.663
117.14
116.621
116.108
115.599
115.095
114.595
114.101
113.611
113.126
112.646
112.171
111.701
111.235
110.775
110.319
109.868
109.422
108.98
108.543
108.111
107.684
107.261
106.843
106.43
106.021
105.617
105.217
104.822
104.431
104.044
103.662
103.284
102.911
102.542
102.176
101.815
101.458
101.105
100.757
100.412
100.071
99.7333
99.3999
99.0703
98.7443
98.4221
98.1034
97.7883
97.4767
97.1686
96.8639
96.5626
96.2646
95.9698
95.6783
95.39
95.1048
94.8227
94.5437
94.2676
93.9945
93.7243
93.4569
93.1924
92.9306
92.6716
92.4152
92.1615
91.9104
91.6619
91.4158
91.1723
90.9312
90.6925
90.4561
90.2221
89.9903
89.7609
89.5336
89.3085
89.0856
88.8648
88.646
88.4294
88.2147
88.0021
87.7914
87.5827
87.3759
87.1711
86.9681
86.767
86.5678
86.3705
86.1752
85.9819
85.7907
85.6021
85.4168
4.26491
4.24373
4.22316
4.20312
4.18359
4.16455
4.146
4.12791
4.11026
4.09304
4.07624
4.05983
4.04382
4.02817
4.01289
3.99796
3.98337
3.96911
3.95517
3.94154
3.92821
3.91516
3.9024
3.88992
3.8777
3.86575
3.85404
3.84258
3.83136
3.82036
3.8096
3.79905
3.78872
3.7786
3.76869
3.75898
3.74946
3.74013
3.73098
3.72202
3.71322
3.7046
3.69614
3.68784
3.6797
3.67171
3.66388
3.6562
3.64866
3.64126
3.634
3.62687
3.61988
3.61302
3.60628
3.59967
3.59318
3.5868
3.58055
3.5744
3.56837
3.56244
3.55662
3.55091
3.54529
3.53978
3.53436
3.52904
3.52381
3.51867
3.51363
3.50867
3.50379
3.49896
3.494
4.22891
4.20878
4.18921
4.17013
4.15151
4.13335
4.11563
4.09833
4.08144
4.06495
4.04885
4.03311
4.01774
4.00271
3.98802
3.97366
3.95962
3.94588
3.93245
3.9193
3.90644
3.89385
3.88153
3.86946
3.85765
3.84609
3.83477
3.82367
3.8128
3.80215
3.79172
3.7815
3.77148
3.76166
3.75204
3.74261
3.73337
3.7243
3.71542
3.7067
3.69815
3.68976
3.68153
3.67346
3.66554
3.65777
3.65014
3.64265
3.63531
3.6281
3.62102
3.61408
3.60726
3.60057
3.594
3.58755
3.58121
3.57499
3.56888
3.56288
3.55698
3.55119
3.54551
3.53992
3.53443
3.52903
3.52373
3.51853
3.51341
3.50838
3.50344
3.49858
3.4938
3.48906
3.4842
4.19336
4.17432
4.1558
4.13771
4.12004
4.10279
4.08593
4.06947
4.05338
4.03765
4.02228
4.00725
3.99255
3.97818
3.96412
3.95036
3.93689
3.92372
3.91082
3.8982
3.88583
3.87373
3.86188
3.85027
3.8389
3.82777
3.81685
3.80616
3.79567
3.7854
3.77533
3.76546
3.75578
3.74629
3.73699
3.72786
3.71892
3.71014
3.70153
3.69309
3.6848
3.67668
3.6687
3.66087
3.65319
3.64565
3.63825
3.63098
3.62385
3.61685
3.60997
3.60321
3.59658
3.59006
3.58366
3.57738
3.5712
3.56513
3.55917
3.55332
3.54757
3.54191
3.53636
3.5309
3.52554
3.52027
3.51509
3.50999
3.50499
3.50007
3.49523
3.49048
3.4858
3.48116
3.4764
4.15976
4.14186
4.12442
4.10737
4.0907
4.07441
4.05847
4.04289
4.02765
4.01275
3.99817
3.9839
3.96993
3.95626
3.94288
3.92978
3.91694
3.90438
3.89207
3.88001
3.8682
3.85664
3.84531
3.83421
3.82332
3.81266
3.80221
3.79196
3.7819
3.77205
3.76238
3.7529
3.7436
3.73447
3.72552
3.71673
3.70811
3.69965
3.69134
3.68319
3.67519
3.66733
3.65962
3.65205
3.64461
3.63731
3.63013
3.62309
3.61617
3.60938
3.6027
3.59615
3.5897
3.58337
3.57716
3.57105
3.56504
3.55914
3.55334
3.54765
3.54204
3.53654
3.53113
3.52581
3.52058
3.51544
3.51039
3.50542
3.50054
3.49574
3.49102
3.48638
3.4818
3.47728
3.47262
4.13116
4.11444
4.09813
4.08218
4.06656
4.05128
4.03633
4.02171
4.00739
3.99337
3.97965
3.96621
3.95305
3.94016
3.92752
3.91514
3.90301
3.89112
3.87947
3.86804
3.85683
3.84585
3.83507
3.8245
3.81414
3.80397
3.79399
3.7842
3.7746
3.76518
3.75593
3.74685
3.73794
3.72919
3.72061
3.71218
3.7039
3.69577
3.68779
3.67995
3.67226
3.6647
3.65727
3.64997
3.64281
3.63577
3.62885
3.62205
3.61537
3.60881
3.60236
3.59603
3.5898
3.58367
3.57766
3.57174
3.56593
3.56021
3.55459
3.54907
3.54364
3.5383
3.53305
3.52789
3.52281
3.51782
3.51291
3.50809
3.50334
3.49867
3.49408
3.48956
3.48512
3.48071
3.47618
4.11359
4.0981
4.08299
4.06819
4.05368
4.03946
4.02553
4.01188
3.99851
3.9854
3.97255
3.95995
3.9476
3.93549
3.92361
3.91197
3.90055
3.88934
3.87835
3.86757
3.85699
3.84661
3.83643
3.82643
3.81662
3.80699
3.79753
3.78825
3.77914
3.77019
3.76141
3.75278
3.74431
3.73598
3.72781
3.71978
3.71189
3.70415
3.69653
3.68905
3.6817
3.67448
3.66739
3.66041
3.65356
3.64682
3.6402
3.63369
3.62729
3.621
3.61481
3.60873
3.60275
3.59688
3.5911
3.58541
3.57983
3.57433
3.56893
3.56361
3.55838
3.55324
3.54819
3.54321
3.53832
3.53351
3.52877
3.52412
3.51954
3.51503
3.51059
3.50623
3.50194
3.49768
3.49331
4.11549
4.10109
4.08703
4.07325
4.05974
4.04649
4.03349
4.02075
4.00826
3.99601
3.984
3.97221
3.96065
3.94931
3.93818
3.92726
3.91654
3.90602
3.8957
3.88557
3.87562
3.86585
3.85627
3.84685
3.83761
3.82853
3.81961
3.81085
3.80224
3.79379
3.78548
3.77733
3.76931
3.76143
3.75369
3.74608
3.7386
3.73125
3.72402
3.71692
3.70993
3.70307
3.69632
3.68968
3.68316
3.67674
3.67043
3.66422
3.65812
3.65211
3.64621
3.6404
3.63469
3.62907
3.62354
3.6181
3.61275
3.60748
3.6023
3.59721
3.59219
3.58726
3.58241
3.57763
3.57293
3.5683
3.56375
3.55927
3.55486
3.55052
3.54625
3.54205
3.53791
3.53381
3.5296
4.12732
4.11365
4.10031
4.08723
4.0744
4.06182
4.04948
4.03738
4.02551
4.01387
4.00245
3.99125
3.98025
3.96947
3.95888
3.94849
3.93829
3.92828
3.91845
3.90879
3.89932
3.89001
3.88087
3.87189
3.86307
3.85441
3.8459
3.83753
3.82931
3.82124
3.8133
3.8055
3.79783
3.7903
3.78289
3.7756
3.76844
3.7614
3.75447
3.74766
3.74096
3.73438
3.7279
3.72153
3.71526
3.70909
3.70303
3.69706
3.69119
3.68541
3.67973
3.67414
3.66863
3.66322
3.65789
3.65264
3.64748
3.6424
3.6374
3.63248
3.62764
3.62288
3.61818
3.61356
3.60902
3.60454
3.60014
3.5958
3.59153
3.58733
3.58319
3.57912
3.5751
3.57113
3.56705
4.15054
4.13766
4.12508
4.11275
4.10066
4.0888
4.07716
4.06576
4.05457
4.0436
4.03283
4.02226
4.0119
4.00172
3.99173
3.98193
3.9723
3.96285
3.95357
3.94446
3.93551
3.92672
3.91808
3.90959
3.90125
3.89306
3.885
3.87709
3.86931
3.86166
3.85414
3.84675
3.83948
3.83233
3.8253
3.81838
3.81158
3.80489
3.79831
3.79184
3.78547
3.7792
3.77304
3.76697
3.761
3.75512
3.74934
3.74365
3.73804
3.73253
3.7271
3.72176
3.7165
3.71132
3.70622
3.7012
3.69626
3.6914
3.68661
3.68189
3.67725
3.67267
3.66817
3.66374
3.65937
3.65507
3.65084
3.64667
3.64256
3.63852
3.63453
3.63061
3.62675
3.62292
3.619
4.18718
4.17521
4.16354
4.1521
4.14088
4.12987
4.11909
4.10851
4.09813
4.08795
4.07796
4.06816
4.05854
4.0491
4.03984
4.03074
4.0218
4.01303
4.00441
3.99595
3.98763
3.97945
3.97142
3.96353
3.95577
3.94814
3.94065
3.93327
3.92602
3.91889
3.91188
3.90498
3.89819
3.89151
3.88494
3.87848
3.87211
3.86585
3.85969
3.85362
3.84765
3.84177
3.83599
3.83029
3.82468
3.81915
3.81371
3.80836
3.80308
3.79789
3.79277
3.78773
3.78277
3.77788
3.77306
3.76832
3.76365
3.75904
3.75451
3.75004
3.74564
3.74131
3.73704
3.73283
3.72868
3.7246
3.72057
3.71661
3.7127
3.70885
3.70506
3.70132
3.69764
3.69399
3.69026
4.24123
4.23042
4.21988
4.20956
4.19943
4.18951
4.17978
4.17023
4.16087
4.15169
4.14269
4.13385
4.12517
4.11665
4.10829
4.10007
4.09201
4.08408
4.07629
4.06864
4.06111
4.05372
4.04645
4.0393
4.03227
4.02535
4.01855
4.01185
4.00527
3.99878
3.9924
3.98612
3.97994
3.97385
3.96786
3.96196
3.95615
3.95042
3.94478
3.93923
3.93376
3.92837
3.92306
3.91782
3.91267
3.90759
3.90258
3.89764
3.89278
3.88799
3.88326
3.87861
3.87401
3.86949
3.86503
3.86063
3.8563
3.85203
3.84781
3.84366
3.83957
3.83553
3.83155
3.82763
3.82377
3.81995
3.81619
3.81249
3.80884
3.80524
3.80168
3.79818
3.79473
3.79131
3.78781
4.31934
4.31001
4.30095
4.29206
4.28335
4.27481
4.26644
4.25823
4.25018
4.24228
4.23453
4.22692
4.21945
4.21211
4.20491
4.19782
4.19086
4.18402
4.17729
4.17068
4.16417
4.15777
4.15147
4.14527
4.13916
4.13315
4.12723
4.12141
4.11567
4.11001
4.10444
4.09895
4.09354
4.08821
4.08295
4.07777
4.07266
4.06762
4.06265
4.05775
4.05292
4.04815
4.04345
4.03881
4.03423
4.02972
4.02526
4.02087
4.01653
4.01225
4.00803
4.00386
3.99975
3.9957
3.99169
3.98774
3.98384
3.98
3.9762
3.97245
3.96875
3.96511
3.9615
3.95795
3.95444
3.95098
3.94757
3.9442
3.94087
3.93759
3.93436
3.93116
3.92801
3.92488
3.92168
4.43191
4.42453
4.41737
4.41036
4.40348
4.39674
4.39013
4.38364
4.37728
4.37104
4.3649
4.35888
4.35296
4.34715
4.34143
4.3358
4.33026
4.32481
4.31945
4.31417
4.30896
4.30383
4.29878
4.2938
4.28889
4.28404
4.27926
4.27455
4.2699
4.26531
4.26077
4.2563
4.25188
4.24752
4.24321
4.23895
4.23474
4.23059
4.22648
4.22242
4.21841
4.21445
4.21053
4.20666
4.20284
4.19905
4.19531
4.19162
4.18796
4.18435
4.18078
4.17725
4.17376
4.17031
4.1669
4.16353
4.16019
4.1569
4.15364
4.15042
4.14724
4.14409
4.14098
4.13791
4.13487
4.13187
4.12891
4.12598
4.12308
4.12022
4.11739
4.1146
4.11184
4.10909
4.10629
4.59473
4.58987
4.58518
4.58059
4.57608
4.57166
4.56733
4.56307
4.55889
4.55478
4.55074
4.54676
4.54284
4.53898
4.53518
4.53142
4.52772
4.52407
4.52046
4.51689
4.51336
4.50988
4.50643
4.50302
4.49964
4.4963
4.49299
4.48971
4.48646
4.48323
4.48004
4.47688
4.47374
4.47062
4.46754
4.46447
4.46143
4.45842
4.45543
4.45246
4.44952
4.44659
4.44369
4.44082
4.43796
4.43513
4.43232
4.42952
4.42676
4.42401
4.42128
4.41858
4.41589
4.41323
4.41059
4.40797
4.40538
4.4028
4.40025
4.39771
4.3952
4.39271
4.39025
4.3878
4.38538
4.38298
4.3806
4.37824
4.37591
4.37359
4.3713
4.36903
4.36679
4.36455
4.36225
4.8314
4.82979
4.8283
4.82684
4.8254
4.82397
4.82257
4.82118
4.81981
4.81845
4.81709
4.81575
4.8144
4.81306
4.81172
4.81038
4.80904
4.80769
4.80634
4.80498
4.80361
4.80224
4.80085
4.79946
4.79805
4.79664
4.79521
4.79378
4.79233
4.79087
4.7894
4.78792
4.78643
4.78492
4.78341
4.78188
4.78034
4.77879
4.77724
4.77567
4.77409
4.77251
4.77092
4.76932
4.76771
4.76609
4.76447
4.76284
4.76121
4.75957
4.75793
4.75629
4.75464
4.75299
4.75134
4.74968
4.74803
4.74638
4.74472
4.74307
4.74142
4.73977
4.73812
4.73648
4.73484
4.73321
4.73157
4.72995
4.72833
4.72672
4.72511
4.72351
4.72192
4.72032
4.71867
5.17753
5.18012
5.18274
5.1853
5.18778
5.19021
5.19257
5.19486
5.19709
5.19925
5.20134
5.20336
5.20531
5.20719
5.209
5.21073
5.2124
5.21399
5.21551
5.21696
5.21834
5.21965
5.22089
5.22205
5.22315
5.22418
5.22514
5.22604
5.22687
5.22763
5.22833
5.22897
5.22954
5.23006
5.23052
5.23091
5.23126
5.23154
5.23177
5.23195
5.23208
5.23216
5.23219
5.23217
5.2321
5.23199
5.23184
5.23165
5.23141
5.23114
5.23083
5.23048
5.2301
5.22968
5.22923
5.22875
5.22824
5.2277
5.22713
5.22654
5.22593
5.22529
5.22462
5.22394
5.22323
5.22251
5.22177
5.22102
5.22024
5.21946
5.21866
5.21785
5.21702
5.21617
5.21527
5.68722
5.69515
5.70299
5.71065
5.71812
5.7254
5.73251
5.73944
5.7462
5.75277
5.75917
5.7654
5.77146
5.77734
5.78305
5.7886
5.79398
5.79919
5.80424
5.80913
5.81386
5.81844
5.82286
5.82712
5.83124
5.83521
5.83903
5.84271
5.84625
5.84966
5.85292
5.85606
5.85906
5.86194
5.86469
5.86732
5.86984
5.87223
5.87451
5.87668
5.87875
5.8807
5.88256
5.88431
5.88597
5.88753
5.889
5.89038
5.89168
5.89289
5.89402
5.89506
5.89604
5.89693
5.89776
5.89852
5.8992
5.89983
5.90039
5.90089
5.90133
5.90172
5.90205
5.90233
5.90256
5.90274
5.90288
5.90297
5.90303
5.90304
5.90301
5.90295
5.90285
5.90271
5.9025
6.44337
6.45781
6.47199
6.48582
6.49928
6.51238
6.52515
6.53757
6.54965
6.5614
6.57282
6.58392
6.59469
6.60515
6.61529
6.62513
6.63467
6.6439
6.65284
6.6615
6.66987
6.67796
6.68578
6.69333
6.70062
6.70764
6.71442
6.72094
6.72722
6.73327
6.73908
6.74466
6.75002
6.75517
6.7601
6.76482
6.76934
6.77367
6.7778
6.78175
6.78551
6.7891
6.79252
6.79577
6.79885
6.80178
6.80456
6.80718
6.80966
6.81201
6.81422
6.81629
6.81824
6.82007
6.82178
6.82338
6.82486
6.82624
6.82751
6.82868
6.82976
6.83075
6.83165
6.83246
6.83319
6.83384
6.83441
6.83492
6.83535
6.83572
6.83602
6.83626
6.83645
6.83657
6.83659
7.56907
7.5905
7.6114
7.63169
7.65135
7.6704
7.68886
7.70673
7.72403
7.74076
7.75693
7.77255
7.78764
7.8022
7.81625
7.82978
7.84282
7.85538
7.86745
7.87907
7.89022
7.90093
7.91121
7.92106
7.9305
7.93954
7.94818
7.95643
7.96431
7.97183
7.97899
7.9858
7.99228
7.99844
8.00427
8.0098
8.01503
8.01996
8.02462
8.02901
8.03313
8.037
8.04062
8.044
8.04716
8.05009
8.0528
8.05531
8.05762
8.05974
8.06168
8.06343
8.06502
8.06644
8.0677
8.06881
8.06977
8.07059
8.07128
8.07183
8.07227
8.07258
8.07278
8.07287
8.07286
8.07274
8.07254
8.07224
8.07185
8.07139
8.07084
8.07023
8.06954
8.06877
8.06786
9.52507
9.55535
9.58476
9.61314
9.64047
9.66678
9.69209
9.71642
9.7398
9.76223
9.78375
9.80437
9.82411
9.843
9.86105
9.87829
9.89474
9.91041
9.92533
9.93953
9.95301
9.96579
9.97791
9.98938
10.0002
10.0104
10.0201
10.0291
10.0376
10.0456
10.053
10.0599
10.0663
10.0723
10.0778
10.0828
10.0875
10.0917
10.0955
10.0989
10.102
10.1048
10.1072
10.1092
10.111
10.1125
10.1137
10.1147
10.1153
10.1158
10.116
10.116
10.1157
10.1153
10.1146
10.1138
10.1128
10.1117
10.1103
10.1089
10.1073
10.1055
10.1036
10.1016
10.0995
10.0972
10.0949
10.0924
10.0899
10.0873
10.0846
10.0818
10.0789
10.0759
10.0728
14.3788
14.4019
14.4234
14.443
14.4606
14.4763
14.4902
14.5025
14.513
14.522
14.5295
14.5355
14.54
14.5433
14.5453
14.546
14.5456
14.5441
14.5415
14.5379
14.5333
14.5278
14.5215
14.5143
14.5064
14.4978
14.4884
14.4784
14.4679
14.4567
14.445
14.4328
14.4201
14.407
14.3935
14.3796
14.3654
14.3509
14.336
14.3209
14.3056
14.29
14.2743
14.2583
14.2422
14.226
14.2096
14.1931
14.1766
14.1599
14.1432
14.1265
14.1097
14.0928
14.076
14.0592
14.0424
14.0255
14.0087
13.992
13.9753
13.9586
13.942
13.9254
13.9089
13.8925
13.8761
13.8598
13.8436
13.8274
13.8113
13.7953
13.7794
13.7636
13.7474
21.1688
21.1248
21.0794
21.0323
20.9836
20.9335
20.8821
20.8296
20.776
20.7214
20.6661
20.61
20.5532
20.4959
20.4381
20.38
20.3215
20.2628
20.2039
20.1448
20.0857
20.0266
19.9676
19.9086
19.8498
19.7911
19.7327
19.6745
19.6166
19.559
19.5018
19.445
19.3886
19.3326
19.2771
19.222
19.1674
19.1133
19.0597
19.0066
18.9541
18.9021
18.8506
18.7997
18.7494
18.6996
18.6504
18.6017
18.5537
18.5062
18.4592
18.4129
18.3672
18.322
18.2774
18.2334
18.1899
18.147
18.1047
18.0629
18.0217
17.9811
17.9409
17.9014
17.8623
17.8237
17.7857
17.7482
17.7111
17.6745
17.6384
17.6027
17.5674
17.5325
17.4972
29.8827
29.71
29.5398
29.3711
29.2042
29.0392
28.8762
28.7151
28.5561
28.3991
28.2441
28.0913
27.9406
27.792
27.6456
27.5014
27.3593
27.2194
27.0816
26.9461
26.8127
26.6814
26.5523
26.4253
26.3005
26.1777
26.057
25.9384
25.8218
25.7072
25.5946
25.484
25.3753
25.2685
25.1636
25.0606
24.9594
24.86
24.7624
24.6665
24.5723
24.4799
24.3891
24.3
24.2124
24.1265
24.0421
23.9593
23.8779
23.7981
23.7197
23.6427
23.5672
23.493
23.4201
23.3486
23.2784
23.2095
23.1419
23.0754
23.0101
22.9459
22.8829
22.8209
22.7601
22.7002
22.6414
22.5836
22.5267
22.4707
22.4156
22.3613
22.3078
22.2549
22.2017
45.3882
45.0351
44.6913
44.355
44.0265
43.7057
43.3922
43.0858
42.7865
42.4939
42.208
41.9287
41.6558
41.3891
41.1286
40.8741
40.6255
40.3826
40.1454
39.9138
39.6875
39.4665
39.2506
39.0398
38.8338
38.6327
38.4362
38.2443
38.0569
37.8738
37.6949
37.5202
37.3495
37.1827
37.0197
36.8605
36.7049
36.5529
36.4043
36.2591
36.1171
35.9784
35.8428
35.7102
35.5807
35.454
35.3301
35.209
35.0905
34.9747
34.8615
34.7507
34.6423
34.5363
34.4326
34.3312
34.232
34.135
34.04
33.947
33.8559
33.7667
33.6793
33.5937
33.5098
33.4276
33.347
33.2679
33.1904
33.1142
33.0394
32.9658
32.8932
32.8213
32.7492
85.0937
84.7843
84.4806
84.1805
83.8853
83.5958
83.3123
83.0351
82.7643
82.5001
82.2423
81.9912
81.7465
81.5082
81.2762
81.0504
80.8307
80.6169
80.4089
80.2066
80.0097
79.8182
79.6319
79.4507
79.2744
79.1029
78.9361
78.7738
78.616
78.4624
78.313
78.1677
78.0264
77.8889
77.7551
77.625
77.4984
77.3752
77.2554
77.1388
77.0254
76.9151
76.8078
76.7033
76.6017
76.5028
76.4066
76.313
76.2219
76.1333
76.047
75.963
75.8813
75.8018
75.7244
75.6491
75.5758
75.5044
75.4348
75.3665
75.2997
75.2341
75.1699
75.107
75.0454
74.9852
74.9262
74.8685
74.8121
74.757
74.7031
74.6505
74.5992
74.5493
74.5005
3.48385
3.47294
3.46159
3.4498
3.43753
3.42478
3.41153
3.39776
3.38346
3.36861
3.3532
3.33721
3.32062
3.30343
3.28561
3.26715
3.24804
3.22827
3.20782
3.18668
3.16485
3.1423
3.11904
3.09506
3.07051
3.05541
3.04063
3.02599
3.0115
2.99714
2.98291
2.96883
2.95487
2.94105
2.92736
2.9138
2.90036
2.88705
2.87386
2.8608
2.84786
2.83503
2.82233
2.80974
2.79727
2.78491
2.77267
2.76053
2.74851
2.73659
2.72479
2.71309
2.70149
2.69
2.67861
2.66732
2.65613
2.64504
2.63405
2.62315
2.61235
2.60165
2.59104
2.58052
2.57009
2.55976
2.54951
2.53935
2.52928
2.5193
2.5094
2.49959
2.48986
2.48021
2.47055
2.45519
2.44059
2.42683
2.41384
2.40158
2.38999
2.37904
2.36868
2.35888
2.34961
2.34083
2.33251
2.32463
2.31716
2.31008
2.30336
2.29699
2.29094
2.28519
2.27974
2.27456
2.26964
2.26497
2.26055
2.25663
3.47423
3.46352
3.45237
3.44078
3.42871
3.41617
3.40312
3.38956
3.37548
3.36084
3.34564
3.32987
3.3135
3.29652
3.27891
3.26067
3.24177
3.22221
3.20196
3.18103
3.15939
3.13703
3.11396
3.09016
3.06578
3.05079
3.0361
3.02156
3.00715
2.99287
2.97873
2.96471
2.95083
2.93708
2.92345
2.90995
2.89657
2.88331
2.87018
2.85716
2.84427
2.83149
2.81883
2.80628
2.79385
2.78152
2.76931
2.75721
2.74522
2.73333
2.72155
2.70987
2.6983
2.68683
2.67546
2.66418
2.65301
2.64194
2.63096
2.62008
2.60929
2.59859
2.58799
2.57748
2.56706
2.55672
2.54648
2.53632
2.52625
2.51626
2.50636
2.49655
2.48681
2.47716
2.46749
2.45211
2.43749
2.42371
2.4107
2.39841
2.3868
2.37582
2.36543
2.35561
2.34631
2.3375
2.32915
2.32124
2.31374
2.30662
2.29987
2.29347
2.28739
2.28162
2.27613
2.27092
2.26597
2.26127
2.25682
2.25288
3.46664
3.45613
3.44521
3.43383
3.42198
3.40966
3.39684
3.38351
3.36965
3.35524
3.34027
3.32472
3.30858
3.29183
3.27445
3.25643
3.23775
3.21841
3.19838
3.17765
3.15622
3.13407
3.11119
3.08758
3.06338
3.04849
3.03391
3.01946
3.00514
2.99095
2.97688
2.96295
2.94914
2.93546
2.9219
2.90846
2.89514
2.88194
2.86887
2.8559
2.84306
2.83033
2.81771
2.80521
2.79282
2.78053
2.76836
2.75629
2.74433
2.73248
2.72072
2.70908
2.69753
2.68608
2.67474
2.66349
2.65234
2.64128
2.63032
2.61946
2.60869
2.598
2.58741
2.57692
2.5665
2.55618
2.54595
2.5358
2.52573
2.51575
2.50586
2.49604
2.48631
2.47666
2.46699
2.4516
2.43699
2.4232
2.41018
2.39788
2.38626
2.37527
2.36487
2.35503
2.34571
2.33688
2.32852
2.32059
2.31307
2.30594
2.29917
2.29274
2.28665
2.28085
2.27535
2.27012
2.26516
2.26043
2.25597
2.252
3.46307
3.4528
3.44211
3.43097
3.41936
3.40728
3.39471
3.38163
3.36801
3.35386
3.33914
3.32384
3.30795
3.29144
3.27431
3.25653
3.2381
3.21899
3.19919
3.17869
3.15748
3.13554
3.11287
3.08946
3.06545
3.05068
3.0362
3.02185
3.00763
2.99353
2.97955
2.9657
2.95197
2.93836
2.92487
2.9115
2.89825
2.88511
2.87209
2.85919
2.8464
2.83372
2.82115
2.80869
2.79635
2.78411
2.77197
2.75995
2.74802
2.73621
2.72449
2.71288
2.70136
2.68995
2.67863
2.66741
2.65629
2.64526
2.63433
2.62349
2.61274
2.60208
2.59151
2.58103
2.57064
2.56034
2.55012
2.53999
2.52995
2.51998
2.5101
2.5003
2.49059
2.48095
2.4713
2.45593
2.44133
2.42756
2.41456
2.40227
2.39066
2.37968
2.36929
2.35946
2.35015
2.34132
2.33296
2.32504
2.31752
2.31039
2.30362
2.2972
2.2911
2.28531
2.27981
2.27458
2.26961
2.26488
2.26041
2.25643
3.46687
3.45686
3.44643
3.43556
3.42424
3.41243
3.40014
3.38734
3.37402
3.36015
3.34572
3.33071
3.31511
3.29889
3.28205
3.26455
3.2464
3.22756
3.20803
3.1878
3.16684
3.14515
3.12272
3.09954
3.07574
3.06111
3.04675
3.03252
3.0184
3.00441
2.99053
2.97677
2.96313
2.94961
2.9362
2.92291
2.90973
2.89667
2.88372
2.87088
2.85815
2.84553
2.83303
2.82063
2.80833
2.79615
2.78406
2.77209
2.76021
2.74844
2.73677
2.7252
2.71373
2.70236
2.69109
2.67991
2.66883
2.65784
2.64694
2.63614
2.62543
2.61481
2.60428
2.59384
2.58349
2.57322
2.56305
2.55295
2.54294
2.53302
2.52317
2.51341
2.50373
2.49413
2.48452
2.46921
2.45468
2.44097
2.42802
2.41579
2.40424
2.39331
2.38297
2.37318
2.36392
2.35514
2.34682
2.33894
2.33146
2.32437
2.31764
2.31125
2.30519
2.29943
2.29395
2.28875
2.28381
2.27911
2.27466
2.27069
3.48429
3.4746
3.4645
3.45397
3.44298
3.43153
3.41959
3.40715
3.39419
3.38068
3.36663
3.35199
3.33676
3.32092
3.30444
3.28732
3.26953
3.25105
3.23188
3.212
3.19138
3.17003
3.14792
3.12506
3.10157
3.08713
3.07294
3.05887
3.04491
3.03106
3.01732
3.0037
2.99019
2.97679
2.9635
2.95033
2.93726
2.9243
2.91146
2.89872
2.88609
2.87356
2.86115
2.84883
2.83663
2.82453
2.81253
2.80063
2.78884
2.77715
2.76556
2.75407
2.74267
2.73138
2.72018
2.70908
2.69807
2.68716
2.67634
2.66562
2.65499
2.64445
2.634
2.62364
2.61336
2.60318
2.59308
2.58307
2.57315
2.56331
2.55356
2.54388
2.53429
2.52478
2.51528
2.50013
2.48575
2.4722
2.45941
2.44733
2.43592
2.42513
2.41494
2.40529
2.39616
2.38751
2.37932
2.37156
2.3642
2.35723
2.35061
2.34433
2.33837
2.3327
2.32733
2.32222
2.31737
2.31275
2.30838
2.30447
3.52088
3.51151
3.50175
3.49156
3.48092
3.46982
3.45823
3.44615
3.43354
3.4204
3.4067
3.39242
3.37754
3.36204
3.34591
3.32912
3.31165
3.2935
3.27463
3.25504
3.23471
3.21362
3.19177
3.16914
3.14587
3.13157
3.1175
3.10355
3.08969
3.07595
3.06231
3.04878
3.03536
3.02204
3.00884
2.99574
2.98275
2.96987
2.95709
2.94443
2.93187
2.91941
2.90707
2.89483
2.88269
2.87066
2.85874
2.84692
2.8352
2.82359
2.81208
2.80067
2.78936
2.77815
2.76704
2.75603
2.74512
2.7343
2.72358
2.71296
2.70243
2.692
2.68167
2.67142
2.66127
2.65121
2.64124
2.63136
2.62158
2.61188
2.60227
2.59274
2.58331
2.57396
2.56462
2.54974
2.53565
2.52237
2.50985
2.49805
2.4869
2.47638
2.46644
2.45705
2.44817
2.43976
2.43181
2.42427
2.41714
2.41038
2.40397
2.39789
2.39213
2.38665
2.38146
2.37653
2.37185
2.36739
2.36318
2.35939
3.55857
3.54948
3.53999
3.53008
3.51973
3.50891
3.49762
3.48583
3.47352
3.46068
3.44727
3.43329
3.41871
3.40351
3.38767
3.37116
3.35398
3.3361
3.3175
3.29817
3.27808
3.25724
3.23562
3.21321
3.19014
3.17597
3.16202
3.14818
3.13443
3.12078
3.10724
3.09381
3.08048
3.06725
3.05413
3.04112
3.02821
3.01541
3.00272
2.99014
2.97766
2.96529
2.95303
2.94087
2.92882
2.91688
2.90505
2.89332
2.88169
2.87017
2.85876
2.84745
2.83624
2.82514
2.81414
2.80324
2.79245
2.78175
2.77116
2.76066
2.75027
2.73997
2.72977
2.71967
2.70967
2.69976
2.68995
2.68023
2.6706
2.66107
2.65164
2.64229
2.63304
2.62388
2.61474
2.60019
2.58642
2.57347
2.56128
2.54979
2.53895
2.52874
2.5191
2.50999
2.50139
2.49326
2.48557
2.4783
2.47142
2.4649
2.45873
2.45288
2.44733
2.44207
2.43708
2.43235
2.42785
2.42358
2.41954
2.4159
3.6108
3.60203
3.59286
3.58328
3.57326
3.56279
3.55184
3.5404
3.52845
3.51595
3.50291
3.48928
3.47506
3.46021
3.44472
3.42857
3.41173
3.39419
3.37592
3.35691
3.33715
3.31661
3.29528
3.27317
3.25038
3.23639
3.2226
3.20891
3.19531
3.18182
3.16842
3.15512
3.14193
3.12884
3.11585
3.10297
3.0902
3.07753
3.06498
3.05253
3.04019
3.02795
3.01583
3.00382
2.99191
2.98012
2.96843
2.95686
2.94539
2.93403
2.92279
2.91165
2.90061
2.88969
2.87887
2.86817
2.85756
2.84707
2.83668
2.8264
2.81622
2.80614
2.79617
2.7863
2.77654
2.76687
2.75731
2.74785
2.73849
2.72923
2.72007
2.71101
2.70205
2.69318
2.68435
2.67031
2.65705
2.6446
2.63289
2.62188
2.61152
2.60176
2.59256
2.58389
2.5757
2.56798
2.56069
2.55379
2.54728
2.54111
2.53528
2.52976
2.52453
2.51958
2.51488
2.51043
2.5062
2.50219
2.49839
2.49497
3.68242
3.67403
3.66527
3.65609
3.64649
3.63644
3.62592
3.61491
3.6034
3.59135
3.57875
3.56557
3.5518
3.5374
3.52236
3.50665
3.49026
3.47315
3.45532
3.43674
3.4174
3.39728
3.37637
3.35466
3.33227
3.31853
3.30498
3.29151
3.27814
3.26487
3.25169
3.23861
3.22563
3.21275
3.19998
3.18731
3.17475
3.1623
3.14996
3.13773
3.12562
3.11361
3.10172
3.08994
3.07827
3.06672
3.05528
3.04396
3.03275
3.02166
3.01068
2.99982
2.98907
2.97844
2.96792
2.95752
2.94723
2.93705
2.92699
2.91704
2.9072
2.89747
2.88786
2.87835
2.86896
2.85967
2.85049
2.84143
2.83247
2.82361
2.81487
2.80623
2.7977
2.78927
2.78089
2.76759
2.75507
2.74334
2.73233
2.722
2.7123
2.70318
2.6946
2.68653
2.67892
2.67175
2.665
2.65862
2.6526
2.64692
2.64154
2.63646
2.63166
2.62711
2.6228
2.61871
2.61484
2.61117
2.60769
2.60456
3.78043
3.77254
3.76428
3.75563
3.74655
3.73704
3.72708
3.71663
3.70568
3.69421
3.68219
3.66959
3.65641
3.6426
3.62816
3.61304
3.59724
3.58073
3.56349
3.5455
3.52675
3.50722
3.48689
3.46578
3.44398
3.43061
3.41741
3.40429
3.39126
3.37832
3.36547
3.35273
3.34008
3.32754
3.31511
3.30278
3.29056
3.27845
3.26646
3.25458
3.24281
3.23117
3.21964
3.20823
3.19694
3.18577
3.17473
3.1638
3.153
3.14232
3.13176
3.12133
3.11102
3.10083
3.09076
3.08082
3.071
3.0613
3.05172
3.04226
3.03292
3.02371
3.01461
3.00563
2.99677
2.98803
2.9794
2.97089
2.96249
2.95421
2.94604
2.93798
2.93004
2.92221
2.91445
2.90215
2.89061
2.87983
2.86974
2.86029
2.85144
2.84313
2.83534
2.82802
2.82113
2.81466
2.80856
2.80282
2.7974
2.79229
2.78747
2.78292
2.77861
2.77454
2.77069
2.76704
2.76358
2.7603
2.7572
2.7544
3.91491
3.90766
3.90007
3.89209
3.88371
3.87491
3.86567
3.85596
3.84576
3.83505
3.8238
3.81199
3.79959
3.78659
3.77295
3.75864
3.74366
3.72797
3.71155
3.69439
3.67648
3.65779
3.63831
3.61806
3.59713
3.5843
3.57162
3.55902
3.5465
3.53407
3.52173
3.50949
3.49735
3.48532
3.47339
3.46157
3.44986
3.43827
3.4268
3.41545
3.40421
3.3931
3.38212
3.37126
3.36053
3.34993
3.33945
3.3291
3.31889
3.3088
3.29884
3.28902
3.27932
3.26976
3.26032
3.25101
3.24184
3.23279
3.22387
3.21508
3.20641
3.19787
3.18945
3.18116
3.17299
3.16495
3.15702
3.14921
3.14153
3.13396
3.1265
3.11916
3.11194
3.10484
3.0978
3.0867
3.07631
3.06662
3.05758
3.04914
3.04123
3.03384
3.0269
3.02039
3.01428
3.00854
3.00314
2.99805
2.99326
2.98874
2.98448
2.98046
2.97665
2.97305
2.96965
2.96642
2.96336
2.96046
2.95771
2.95523
4.10031
4.09392
4.0872
4.08012
4.07266
4.0648
4.05651
4.04779
4.03859
4.0289
4.01869
4.00793
3.99661
3.98468
3.97214
3.95894
3.94508
3.93052
3.91525
3.89924
3.8825
3.86499
3.84672
3.82768
3.80799
3.79593
3.78399
3.77213
3.76033
3.74863
3.73701
3.72548
3.71406
3.70273
3.69152
3.68041
3.66942
3.65854
3.64779
3.63715
3.62664
3.61626
3.60601
3.59588
3.58588
3.57602
3.56629
3.55669
3.54722
3.53788
3.52868
3.51961
3.51068
3.50188
3.4932
3.48466
3.47625
3.46797
3.45981
3.45179
3.44388
3.4361
3.42845
3.42092
3.4135
3.40621
3.39903
3.39197
3.38502
3.37819
3.37147
3.36486
3.35836
3.35197
3.34564
3.33569
3.32639
3.31772
3.30964
3.30209
3.29502
3.2884
3.28219
3.27635
3.27087
3.2657
3.26083
3.25624
3.25191
3.24783
3.24396
3.2403
3.23684
3.23356
3.23044
3.22749
3.22468
3.22201
3.21947
3.21717
4.35733
4.35204
4.34647
4.34057
4.33432
4.32769
4.32068
4.31324
4.30537
4.29702
4.28818
4.27882
4.26891
4.25842
4.24733
4.2356
4.22322
4.21017
4.19641
4.18194
4.16673
4.15079
4.13409
4.11665
4.09859
4.08751
4.07653
4.06561
4.05474
4.04395
4.03323
4.0226
4.01206
4.00161
3.99125
3.98101
3.97086
3.96083
3.95091
3.9411
3.93142
3.92185
3.91241
3.90308
3.89388
3.88481
3.87586
3.86703
3.85833
3.84975
3.8413
3.83297
3.82476
3.81668
3.80871
3.80086
3.79313
3.78552
3.77803
3.77064
3.76337
3.75621
3.74917
3.74222
3.73539
3.72866
3.72203
3.71551
3.70908
3.70276
3.69653
3.6904
3.68436
3.67842
3.67253
3.66324
3.65455
3.64644
3.63883
3.63169
3.62496
3.61863
3.61265
3.60699
3.60164
3.59658
3.59177
3.58721
3.58288
3.57876
3.57483
3.5711
3.56754
3.56416
3.56093
3.55785
3.55491
3.5521
3.54943
3.547
4.71509
4.71122
4.7071
4.70269
4.69796
4.6929
4.68748
4.68167
4.67545
4.66878
4.66165
4.65401
4.64585
4.63712
4.6278
4.61786
4.60727
4.596
4.58403
4.57134
4.55792
4.54375
4.52883
4.51314
4.49682
4.48679
4.47682
4.46686
4.45692
4.44703
4.43718
4.4274
4.41767
4.40801
4.39843
4.38892
4.37949
4.37015
4.3609
4.35173
4.34266
4.33369
4.32481
4.31603
4.30735
4.29876
4.29028
4.28189
4.2736
4.2654
4.25731
4.24931
4.2414
4.23359
4.22587
4.21825
4.21072
4.20327
4.19592
4.18866
4.18148
4.1744
4.1674
4.1605
4.15367
4.14693
4.14027
4.13369
4.12721
4.12081
4.11449
4.10824
4.10206
4.09593
4.08982
4.08009
4.07082
4.06203
4.05367
4.04571
4.03814
4.03093
4.02405
4.0175
4.01125
4.00528
3.99959
3.99415
3.98896
3.984
3.97927
3.97474
3.97041
3.96627
3.96232
3.95853
3.95491
3.95145
3.94815
3.94513
5.21326
5.21102
5.20856
5.20585
5.20286
5.19955
5.19591
5.19189
5.18748
5.18263
5.17732
5.1715
5.16514
5.15819
5.15064
5.14242
5.13352
5.12389
5.11351
5.10234
5.09037
5.07756
5.06391
5.04941
5.03418
5.02475
5.01531
5.00581
4.99628
4.98673
4.97718
4.96764
4.9581
4.94858
4.93908
4.92961
4.92018
4.91078
4.90142
4.89211
4.88284
4.87361
4.86444
4.85531
4.84624
4.83722
4.82825
4.81935
4.81049
4.8017
4.79296
4.78427
4.77564
4.76707
4.75856
4.75012
4.74175
4.73343
4.72518
4.717
4.70892
4.70092
4.693
4.68514
4.67733
4.66957
4.66184
4.65414
4.64644
4.63874
4.63104
4.62335
4.61565
4.60795
4.60022
4.58775
4.5758
4.56437
4.55342
4.54293
4.5329
4.52329
4.51408
4.50527
4.49684
4.48877
4.48104
4.47364
4.46656
4.45979
4.4533
4.44709
4.44115
4.43547
4.43003
4.42483
4.41984
4.41508
4.41053
4.40638
5.90192
5.90115
5.90018
5.89894
5.89741
5.89555
5.89333
5.8907
5.88763
5.88407
5.87998
5.8753
5.86999
5.86401
5.85728
5.84978
5.84143
5.83221
5.82204
5.8109
5.79875
5.78554
5.77124
5.75585
5.73948
5.72925
5.7189
5.7084
5.69779
5.68709
5.6763
5.66545
5.65453
5.64356
5.63256
5.62151
5.61044
5.59934
5.58821
5.57706
5.56589
5.55471
5.54352
5.53234
5.52115
5.50998
5.49883
5.48772
5.47664
5.46557
5.45452
5.4435
5.4325
5.42161
5.4108
5.40006
5.38938
5.37875
5.36816
5.35758
5.34699
5.33637
5.32574
5.3151
5.30444
5.29376
5.28307
5.27236
5.26164
5.2509
5.24013
5.22933
5.21851
5.20766
5.19672
5.179
5.16197
5.14567
5.13004
5.11507
5.10072
5.08698
5.07383
5.06123
5.04917
5.03763
5.02658
5.016
5.00588
4.9962
4.98694
4.97808
4.96961
4.96151
4.95377
4.94637
4.9393
4.93254
4.92609
4.92021
6.83644
6.83605
6.83537
6.83435
6.83293
6.83107
6.82871
6.8258
6.82229
6.81811
6.8132
6.8075
6.80094
6.79344
6.78494
6.77537
6.76465
6.75271
6.73947
6.72488
6.70886
6.69137
6.67236
6.65182
6.62988
6.61612
6.60212
6.58789
6.57348
6.5589
6.54417
6.52931
6.51434
6.49927
6.48411
6.46889
6.45357
6.43815
6.42265
6.40708
6.39145
6.3758
6.36015
6.34451
6.32889
6.31332
6.29778
6.28238
6.2671
6.25192
6.2368
6.22175
6.20675
6.19171
6.17663
6.16152
6.14638
6.13121
6.11601
6.10078
6.08552
6.07023
6.0549
6.03954
6.02413
6.00869
5.9932
5.97767
5.96208
5.94645
5.93077
5.91503
5.89924
5.88339
5.86741
5.8415
5.81667
5.7929
5.77014
5.74837
5.72755
5.70764
5.6886
5.67041
5.65303
5.63643
5.62057
5.60542
5.59096
5.57715
5.56397
5.55139
5.53939
5.52794
5.51701
5.50659
5.49665
5.48718
5.47817
5.46995
8.06562
8.06292
8.05974
8.05598
8.05158
8.04646
8.04056
8.0338
8.02611
8.0174
8.0076
7.99661
7.98434
7.97071
7.95561
7.93896
7.92067
7.90062
7.87871
7.85484
7.82896
7.801
7.77095
7.7388
7.70478
7.68351
7.66196
7.64014
7.61812
7.59592
7.57357
7.55111
7.52856
7.50595
7.48331
7.46064
7.43796
7.41526
7.39256
7.36986
7.34717
7.32463
7.30228
7.28008
7.258
7.23601
7.21406
7.19203
7.16993
7.1478
7.12563
7.10342
7.08117
7.05888
7.03655
7.01417
6.99175
6.96928
6.94677
6.92423
6.90164
6.87902
6.85636
6.83368
6.81095
6.78819
6.76539
6.74255
6.7197
6.69682
6.67392
6.651
6.62807
6.60511
6.58204
6.5449
6.50948
6.47569
6.44348
6.41279
6.38358
6.35577
6.3293
6.30412
6.28015
6.25735
6.23565
6.21501
6.19538
6.1767
6.15893
6.14202
6.12593
6.11063
6.09608
6.08223
6.06907
6.05656
6.04469
6.03387
10.0656
10.0576
10.0487
10.0388
10.0279
10.0157
10.0022
9.98737
9.971
9.95298
9.93321
9.91154
9.88786
9.86202
9.83389
9.80332
9.77019
9.73434
9.69565
9.65399
9.60927
9.5614
9.51034
9.45615
9.39904
9.36338
9.3274
9.29117
9.25477
9.21823
9.18154
9.14484
9.10824
9.0717
9.03518
8.99865
8.96214
8.92565
8.88915
8.85263
8.8161
8.77944
8.74262
8.70567
8.66859
8.63141
8.59414
8.55681
8.51944
8.48203
8.44462
8.4072
8.36981
8.33245
8.29514
8.2579
8.22075
8.18369
8.14675
8.10993
8.07325
8.03672
8.00036
7.96416
7.92816
7.89234
7.85673
7.82134
7.78616
7.75121
7.71649
7.68199
7.64772
7.61366
7.57969
7.52553
7.47439
7.42609
7.38047
7.3374
7.29674
7.25834
7.22207
7.18778
7.15537
7.12472
7.09572
7.06828
7.0423
7.0177
6.9944
6.97233
6.95141
6.93158
6.91279
6.89497
6.87807
6.86206
6.8469
6.8331
13.7121
13.6747
13.6349
13.5927
13.5479
13.5003
13.4498
13.3962
13.3395
13.2793
13.2156
13.1483
13.077
13.0018
12.9225
12.8388
12.7508
12.6584
12.5614
12.4599
12.3539
12.2435
12.1288
12.0101
11.8879
11.8128
11.7384
11.6648
11.592
11.5198
11.4481
11.3768
11.3058
11.235
11.1646
11.0947
11.0251
10.9561
10.8876
10.8197
10.7524
10.6858
10.6198
10.5546
10.49
10.4262
10.3631
10.3008
10.2392
10.1784
10.1184
10.0592
10.0008
9.94312
9.88627
9.83021
9.77492
9.72042
9.66669
9.61374
9.56155
9.51012
9.45944
9.40951
9.36034
9.31191
9.26422
9.21725
9.17099
9.12543
9.08056
9.03635
8.99279
8.94983
8.90733
8.84025
8.7777
8.71928
8.66466
8.61358
8.56577
8.52099
8.47901
8.43962
8.40263
8.36787
8.33519
8.30444
8.27548
8.2482
8.22248
8.19822
8.17533
8.15372
8.1333
8.11401
8.09578
8.07855
8.06228
8.04744
17.4215
17.3422
17.2592
17.1723
17.0814
16.9865
16.8874
16.7841
16.6763
16.5639
16.447
16.3254
16.1991
16.068
15.9321
15.7914
15.6461
15.4962
15.3419
15.1832
15.021
14.8555
14.6867
14.515
14.3404
14.2338
14.1284
14.0246
13.9223
13.8215
13.7223
13.6246
13.5286
13.4341
13.3414
13.2503
13.1609
13.0731
12.987
12.9025
12.8197
12.7385
12.6589
12.5808
12.5043
12.4294
12.3559
12.284
12.2135
12.1444
12.0768
12.0105
11.9456
11.882
11.8198
11.7588
11.6991
11.6406
11.5834
11.5273
11.4724
11.4186
11.366
11.3144
11.2639
11.2144
11.166
11.1185
11.072
11.0264
10.9817
10.938
10.895
10.8528
10.8114
10.7462
10.6861
10.6304
10.5786
10.5305
10.4858
10.4441
10.4052
10.3689
10.335
10.3033
10.2736
10.2458
10.2197
10.1952
10.1722
10.1505
10.1302
10.111
10.093
10.0759
10.0599
10.0447
10.0304
10.0173
22.0878
21.9699
21.8478
21.7211
21.5898
21.4541
21.3137
21.1688
21.0191
20.8649
20.7061
20.5428
20.3753
20.2037
20.028
19.8485
19.6667
19.4824
19.2957
19.1065
18.9138
18.7179
18.5194
18.3196
18.1197
17.9992
17.881
17.7657
17.6533
17.5438
17.437
17.3328
17.2314
17.1326
17.0363
16.9425
16.8513
16.7624
16.6759
16.5917
16.5098
16.4301
16.3525
16.2771
16.2037
16.1324
16.063
15.9955
15.9299
15.8661
15.8041
15.7438
15.6852
15.6282
15.5729
15.519
15.4667
15.4159
15.3665
15.3184
15.2718
15.2264
15.1824
15.1395
15.0979
15.0575
15.0182
14.98
14.9428
14.9067
14.8716
14.8374
14.8041
14.7717
14.74
14.6909
14.6464
14.6058
14.5685
14.5342
14.5027
14.4736
14.4467
14.4219
14.3989
14.3776
14.3578
14.3393
14.3221
14.3059
14.2908
14.2767
14.2634
14.251
14.2394
14.2285
14.2182
14.2085
14.1993
14.1907
32.5941
32.4381
32.2786
32.1146
31.9464
31.7739
31.5972
31.4163
31.2313
31.0422
30.8513
30.6588
30.4645
30.2684
30.0706
29.871
29.6678
29.4617
29.2536
29.0441
28.8342
28.6249
28.4174
28.2133
28.0149
27.8968
27.7813
27.6697
27.5625
27.4594
27.3604
27.2653
27.174
27.0865
27.0026
26.9222
26.8451
26.7714
26.7008
26.6332
26.5687
26.5069
26.4479
26.3916
26.3378
26.2865
26.2376
26.1909
26.1465
26.1042
26.064
26.0257
25.9894
25.9548
25.9221
25.8911
25.8617
25.8339
25.8076
25.7829
25.7595
25.7375
25.7168
25.6973
25.6791
25.662
25.6461
25.6312
25.6174
25.6045
25.5925
25.5814
25.5711
25.5616
25.5529
25.5409
25.532
25.5251
25.5197
25.5157
25.5128
25.5108
25.5097
25.5092
25.5094
25.5101
25.511
25.512
25.5132
25.5145
25.516
25.5177
25.5195
25.5215
25.5235
25.5256
25.5277
25.5297
25.5314
25.5327
74.3959
74.2902
74.1821
74.0713
73.9578
73.8418
73.7236
73.6035
73.4819
73.3592
73.2389
73.1208
73.0045
72.8901
72.7775
72.6669
72.559
72.4545
72.3539
72.2578
72.1666
72.081
72.0011
71.9262
71.8513
71.8104
71.7767
71.7482
71.724
71.7037
71.6871
71.674
71.6639
71.6568
71.6524
71.6506
71.651
71.6537
71.6584
71.6649
71.6732
71.6832
71.6946
71.7073
71.7214
71.7366
71.7529
71.7701
71.7883
71.8073
71.827
71.8474
71.8685
71.8901
71.9123
71.9349
71.9579
71.9813
72.005
72.029
72.0533
72.0778
72.1025
72.1273
72.1524
72.1775
72.2028
72.2282
72.2537
72.2793
72.305
72.3308
72.3569
72.3831
72.4089
72.4483
72.4858
72.5225
72.5579
72.5915
72.6231
72.653
72.6812
72.7079
72.733
72.7567
72.7785
72.7987
72.8173
72.8344
72.8502
72.8647
72.8781
72.8905
72.902
72.9126
72.9226
72.9321
72.9414
72.952
1.57427e+06
263844
78050.1
29889.7
13720.7
7228.74
5019.72
3913.08
3166.04
2634.52
2241.71
1942.63
1709.31
1523.16
1371.1
1244.47
1137.37
1045.64
966.223
896.739
835.402
780.986
732.9
690.854
656.839
241381
36608.1
10604.8
3639.76
1859.36
1171.44
918.022
783.806
688.272
617.686
564.057
522.344
488.846
459.903
432.89
408.085
385.616
365.127
346.301
328.942
312.944
298.177
284.5
272.146
262.289
73389.3
10343.3
2674.75
1332.68
838.265
595.132
500.059
448.736
409.068
374.749
344.52
319.417
298.179
279.902
264.01
250.01
237.539
226.31
216.035
206.588
197.8
189.609
182.017
175.159
169.592
30064.7
3790.26
1399.41
799.051
539.438
404.135
347.999
312.044
282.021
258.662
239.818
224.27
211.197
200.011
190.253
181.556
173.699
166.492
159.821
153.594
147.742
142.225
137.052
132.318
128.336
14446.7
1977.47
954.139
575.335
401.651
307.825
264.22
235.614
214.824
199.016
186.292
175.837
166.98
159.175
152.177
145.773
139.832
134.268
129.023
124.048
119.325
114.836
110.6
106.688
103.291
7751.53
1247.87
670.696
430.654
314.336
245.97
212.175
191.977
177.475
166.311
157.254
149.415
142.312
135.772
129.638
123.832
118.336
113.141
108.235
103.58
99.1538
94.9608
91.0232
87.393
84.1838
5283.39
966.642
544.517
367.766
272.584
208.471
181.886
167.165
156.813
147.651
139.428
131.903
124.803
118.057
111.632
105.556
99.8362
94.4869
89.4815
84.8129
80.4672
76.434
72.7137
69.3218
66.3135
4193.93
841.362
493.419
339.756
242.628
189.993
169.214
156.072
145.652
136.572
128.301
120.482
112.987
105.88
99.2207
93.0483
87.3467
82.1092
77.2935
72.869
68.8118
65.0965
61.7069
58.6418
55.9216
3468.64
743.903
444.537
309.53
226.188
179.427
159.24
146.863
136.671
127.172
118.222
109.783
101.944
94.6301
87.9728
81.94
76.4927
71.5683
67.1105
63.067
59.4015
56.0821
53.0774
50.3758
47.978
2952.22
676.429
411.728
285.978
212.785
170.922
151.759
139.184
127.935
117.729
108.257
99.4266
91.3695
84.1786
77.7787
72.108
67.0781
62.5836
58.5635
54.9595
51.717
48.8033
46.1796
43.8253
41.7316
2572.59
629.107
390.575
269.531
204.018
163.685
144.51
131.167
119.164
108.229
98.2691
89.3768
81.532
74.7107
68.7981
63.6174
59.0766
55.0687
51.5052
48.3349
45.5011
42.9595
40.674
38.6163
36.7796
2288.17
590.386
373.415
257.337
197.011
157.204
137.126
122.753
110.017
98.661
88.6921
80.0702
72.7214
66.4628
61.1156
56.4882
52.4478
48.9057
45.7761
42.9948
40.5113
38.2753
36.2603
34.4399
32.8092
2071.02
557.534
357.227
248.908
191.405
150.636
129.242
113.959
100.815
89.4681
79.8625
71.8269
65.1307
59.5087
54.7254
50.6235
47.0458
43.9134
41.1523
38.6837
36.4702
34.4708
32.6636
31.0288
29.5597
1901.59
532.643
344.117
241.761
185.99
143.339
120.82
105.041
91.9278
81.0217
72.089
64.7947
58.7902
53.7704
49.5078
45.8468
42.6672
39.8614
37.3764
35.1481
33.139
31.3239
29.6787
28.1885
26.8464
1765.89
515.343
334.835
236.159
179.819
135.206
112.109
96.388
83.7561
73.6067
65.4938
58.9554
53.5815
49.0792
45.256
41.9522
39.0667
36.5127
34.2317
32.1875
30.3392
28.67
27.1547
25.7816
24.5431
1644.91
498.556
326.84
231.115
172.579
126.481
103.556
88.3624
76.5566
67.3171
60.0355
54.1653
49.3161
45.2374
41.7443
38.7119
36.04
33.6766
31.5569
29.658
27.9425
26.3917
24.9841
23.7087
22.5574
1531.77
487.201
320.69
226.103
164.964
117.675
95.5687
81.2635
70.4501
62.1216
55.5563
50.2255
45.7888
42.0219
38.7747
35.9435
33.4432
31.2259
29.2446
27.4644
25.8595
24.4073
23.0909
21.8988
20.823
1431.8
490.484
319.943
222.03
156.936
109.197
88.4222
75.2066
65.3959
57.853
51.8548
46.9315
42.796
39.265
36.209
33.5336
31.1775
29.0811
27.214
25.5336
24.0226
22.6559
21.4196
20.3006
19.2921
1344.45
503.355
322.675
217.923
148.544
101.563
82.3235
70.1777
61.2389
54.3048
48.7236
44.1056
40.2057
36.859
33.9541
31.4115
29.1699
27.178
25.405
23.8137
22.3843
21.0942
19.9296
18.8766
17.9296
1267.75
520.525
326.072
213.232
140.137
94.8638
77.1959
66.0193
57.7415
51.2721
46.0194
41.6417
37.9253
34.7275
31.9481
29.5138
27.3683
25.4702
23.7793
22.2682
20.9113
19.6906
18.5909
17.5991
16.7093
1197.82
539.432
329.121
207.307
131.835
89.0171
72.8462
62.4857
54.7381
48.6439
43.6492
39.4637
35.8936
32.8138
30.1361
27.7952
25.7378
23.9208
22.3051
20.8662
19.5763
18.4202
17.3813
16.4473
15.6115
1124.73
562.4
331.854
200.134
123.958
83.8512
69.035
59.416
52.1379
46.3467
41.5538
37.5118
34.0529
31.0703
28.4826
26.2252
24.2466
22.5029
20.9584
19.5852
18.3593
17.2644
16.2838
15.405
14.621
1038.39
602.686
336.237
192.717
116.514
79.1563
65.6634
56.7529
49.8624
44.3035
39.6621
35.7287
32.3614
29.4633
26.9558
24.7754
22.8715
21.1983
19.7205
18.41
17.2456
16.2094
15.2851
14.4598
13.7257
980.551
647.709
333.079
180.725
108.517
74.9143
62.7693
54.4536
47.8599
42.4558
37.9196
34.0727
30.7862
27.9668
25.5363
23.4314
21.6002
19.9934
18.5784
17.329
16.2244
15.2454
14.3758
13.6021
12.9158
1156.68
501.607
261.53
150.883
98.3024
71.1704
60.4451
52.5289
46.1026
40.772
36.2999
32.5259
29.311
26.5663
24.2105
22.1791
20.4196
18.8755
17.5215
16.3326
15.2867
14.3636
13.5472
12.8234
12.1827
764.205
734.386
712.434
690.714
669.745
649.911
631.116
613.252
596.254
580.073
564.657
549.954
535.917
522.502
509.668
497.378
485.597
474.294
463.439
453.006
442.97
433.309
424
415.026
406.368
398.01
389.936
382.132
374.585
367.281
360.211
353.362
346.724
340.289
334.046
327.989
322.108
316.396
310.846
305.452
300.207
295.105
290.141
285.309
280.604
276.022
271.558
267.207
262.965
258.829
254.794
250.856
247.013
243.261
239.597
236.017
232.52
229.102
225.761
222.495
219.3
216.174
213.117
210.124
207.195
204.328
201.52
198.77
196.077
193.437
190.851
188.316
185.832
183.396
181.007
178.664
176.366
174.111
171.899
169.728
167.597
165.505
163.451
161.434
159.453
157.508
155.596
153.718
151.873
150.06
148.277
146.525
144.802
143.109
141.443
139.805
138.193
136.608
135.049
133.514
132.004
130.518
129.055
127.616
126.205
124.818
123.455
122.114
120.793
119.494
118.214
116.953
115.711
114.487
113.282
112.093
110.922
109.768
108.631
107.51
106.406
105.318
104.247
103.194
102.166
268.951
265.839
259.37
253.162
247.22
241.434
235.833
230.443
225.264
220.283
215.491
210.876
206.429
202.14
198
194
190.133
186.392
182.772
179.265
175.868
172.574
169.38
166.281
163.274
160.353
157.517
154.762
152.084
149.48
146.948
144.485
142.088
139.755
137.484
135.272
133.117
131.017
128.97
126.974
125.027
123.129
121.276
119.468
117.703
115.979
114.295
112.65
111.042
109.471
107.934
106.432
104.962
103.524
102.117
100.739
99.3906
98.0702
96.7771
95.5104
94.2693
93.0533
91.8614
90.6931
89.5477
88.4245
87.323
86.2424
85.1824
84.1422
83.1214
82.1194
81.1358
80.1701
79.2217
78.2903
77.3754
76.4765
75.5934
74.7255
73.8725
73.0341
72.2097
71.3992
70.6022
69.8183
69.0473
68.2887
67.5424
66.808
66.0852
65.3738
64.6736
63.9842
63.3053
62.6369
61.9785
61.3301
60.6913
60.062
59.4419
58.8308
58.2285
57.6348
57.0519
56.479
55.9152
55.3599
54.8112
54.2691
53.7335
53.2045
52.6821
52.1663
51.657
51.1541
50.6574
50.1669
49.6823
49.2033
48.7294
48.2598
47.7926
47.324
46.8445
167.293
163.308
158.695
154.402
150.393
146.599
143.008
139.615
136.406
133.366
130.48
127.735
125.118
122.617
120.223
117.928
115.722
113.6
111.556
109.584
107.679
105.838
104.056
102.33
100.657
99.035
97.4603
95.931
94.445
93.0003
91.595
90.2275
88.8962
87.5996
86.3362
85.1048
83.9042
82.7331
81.5905
80.4753
79.3866
78.3234
77.2848
76.2699
75.2779
74.3079
73.3592
72.431
71.5228
70.6338
69.7635
68.9112
68.0764
67.2586
66.4573
65.6719
64.9021
64.1473
63.4071
62.6812
61.9691
61.2703
60.5847
59.9117
59.2511
58.6026
57.9657
57.3401
56.7257
56.122
55.5289
54.946
54.373
53.8097
53.2559
52.7114
52.1758
51.649
51.1307
50.6208
50.119
49.6251
49.139
48.6604
48.1892
47.7252
47.2682
46.8181
46.3746
45.9377
45.5072
45.083
44.6648
44.2526
43.8463
43.4456
43.0505
42.6608
42.2764
41.8973
41.5232
41.1541
40.7898
40.4303
40.0756
39.7255
39.3801
39.0393
38.7039
38.3735
38.0476
37.726
37.4079
37.0931
36.7813
36.4727
36.1671
35.8644
35.5646
35.2676
34.9732
34.6808
34.39
34.0999
33.8084
125.565
122.179
118.694
115.462
112.442
109.591
106.902
104.364
101.967
99.6991
97.5496
95.5091
93.5686
91.7201
89.9565
88.271
86.6577
85.1114
83.627
82.2003
80.8274
79.5047
78.229
76.9973
75.807
74.6558
73.5413
72.4616
71.4148
70.3992
69.4132
68.4554
67.5244
66.619
65.738
64.8804
64.045
63.2311
62.4376
61.6637
60.9087
60.1719
59.4525
58.7499
58.0636
57.3929
56.7374
56.0963
55.4693
54.8559
54.2554
53.6676
53.0921
52.5283
51.9759
51.4347
50.9041
50.3839
49.8738
49.3735
48.8827
48.401
47.9282
47.4641
47.0085
46.5609
46.1214
45.6895
45.2652
44.8481
44.4381
44.0351
43.6387
43.2489
42.8655
42.4883
42.1171
41.7517
41.3922
41.0382
40.6896
40.3463
40.0083
39.6752
39.3471
39.0238
38.7052
38.3911
38.0815
37.7763
37.4753
37.1785
36.8857
36.5969
36.3119
36.0308
35.7533
35.4794
35.209
34.9421
34.6785
34.4182
34.1611
33.9071
33.6562
33.4083
33.1633
32.9212
32.682
32.4457
32.2121
31.9812
31.7533
31.5282
31.3058
31.0858
30.8682
30.6526
30.4386
30.2261
30.0149
29.8047
29.5953
29.3865
29.1765
100.762
98.1
95.4682
93.0195
90.7302
88.5675
86.5184
84.5742
82.7265
80.968
79.2922
77.6937
76.1671
74.7078
73.3114
71.9739
70.6916
69.461
68.279
67.1426
66.0491
64.9961
63.9811
63.002
62.0568
61.1437
60.261
59.4071
58.5804
57.7797
57.0036
56.2509
55.5205
54.8113
54.1225
53.453
52.802
52.1687
51.5524
50.9522
50.3677
49.798
49.2427
48.7012
48.1729
47.6574
47.1542
46.6629
46.1831
45.7143
45.2562
44.8084
44.3705
43.9422
43.5234
43.1135
42.7123
42.3195
41.9348
41.5579
41.1887
40.8269
40.4721
40.1243
39.7833
39.4487
39.1204
38.7983
38.4821
38.1717
37.8669
37.5675
37.2735
36.9845
36.7007
36.4216
36.1473
35.8777
35.6125
35.3517
35.0951
34.8427
34.5943
34.3499
34.1093
33.8724
33.6392
33.4096
33.1834
32.9605
32.741
32.5248
32.3117
32.1016
31.8945
31.6904
31.4891
31.2906
31.0948
30.9017
30.7111
30.5231
30.3375
30.1544
29.9736
29.7951
29.6188
29.4448
29.2728
29.103
28.9352
28.7694
28.6057
28.4439
28.284
28.1259
27.9697
27.8151
27.6623
27.5112
27.3615
27.2131
27.0657
26.9194
26.7729
82.1605
80.1213
78.1275
76.2509
74.4886
72.8205
71.2356
69.7275
68.29
66.9172
65.6044
64.3474
63.1426
61.9867
60.8767
59.8101
58.7843
57.7972
56.8465
55.9305
55.0472
54.195
53.3724
52.5778
51.81
51.0675
50.3492
49.654
48.9808
48.3285
47.6962
47.083
46.4881
45.9107
45.3499
44.8055
44.2765
43.7621
43.2618
42.775
42.3012
41.8399
41.3906
40.9527
40.5259
40.1097
39.7038
39.3077
38.9211
38.5437
38.1752
37.8153
37.4636
37.1199
36.7844
36.4564
36.1356
35.8218
35.5148
35.2143
34.9203
34.6324
34.3506
34.0745
33.8041
33.5392
33.2796
33.0252
32.7758
32.5313
32.2915
32.0563
31.8256
31.5993
31.3772
31.1593
30.9454
30.7354
30.5292
30.3268
30.1279
29.9326
29.7408
29.5523
29.3671
29.185
29.0062
28.8303
28.6574
28.4874
28.3203
28.1559
27.9943
27.8352
27.6788
27.5248
27.3734
27.2243
27.0776
26.9332
26.7911
26.6511
26.5133
26.3776
26.244
26.1124
25.9827
25.8549
25.7291
25.605
25.4828
25.3623
25.2435
25.1264
25.0109
24.897
24.7847
24.6739
24.5647
24.4569
24.3505
24.2456
24.142
24.0399
23.9385
65.0153
63.7015
62.3754
61.0771
59.8248
58.6175
57.4527
56.3303
55.2496
54.2091
53.207
52.2417
51.3115
50.4148
49.5503
48.7163
47.9115
47.1346
46.3844
45.6595
44.959
44.2816
43.6263
42.9922
42.3783
41.7842
41.2086
40.6507
40.1097
39.5849
39.0757
38.5814
38.1014
37.6352
37.1822
36.742
36.3139
35.8976
35.4926
35.0984
34.7147
34.3411
33.9772
33.6226
33.2771
32.9403
32.6118
32.2915
31.979
31.6741
31.3764
31.0858
30.8021
30.5249
30.2541
29.9894
29.7308
29.478
29.2309
28.9893
28.753
28.5218
28.2957
28.0745
27.858
27.6461
27.4387
27.2356
27.0368
26.8421
26.6514
26.4646
26.2816
26.1023
25.9267
25.7545
25.5858
25.4204
25.2583
25.0994
24.9436
24.7908
24.641
24.494
24.3499
24.2086
24.0699
23.9339
23.8004
23.6695
23.541
23.415
23.2913
23.1699
23.0507
22.9337
22.819
22.7063
22.5957
22.4871
22.3805
22.2758
22.173
22.0721
21.973
21.8757
21.7802
21.6863
21.5942
21.5036
21.4147
21.3274
21.2416
21.1573
21.0745
20.9931
20.9131
20.8345
20.7572
20.6813
20.6067
20.5334
20.4614
20.3908
20.3213
54.635
53.4368
52.2889
51.1886
50.1378
49.1312
48.1637
47.2327
46.3366
45.4739
44.6428
43.8419
43.0697
42.3248
41.606
40.9121
40.2418
39.5941
38.9684
38.3633
37.7778
37.211
36.6623
36.1307
35.6156
35.1161
34.6318
34.162
33.7061
33.2636
32.8339
32.4166
32.0111
31.6171
31.234
30.8611
30.4984
30.1456
29.8022
29.4679
29.1425
28.8256
28.5168
28.216
27.9228
27.6371
27.3584
27.0867
26.8217
26.5631
26.3108
26.0646
25.8242
25.5895
25.3604
25.1366
24.9179
24.7043
24.4956
24.2916
24.0923
23.8974
23.7069
23.5206
23.3384
23.1602
22.9859
22.8155
22.6487
22.4855
22.3258
22.1696
22.0166
21.867
21.7204
21.577
21.4366
21.2992
21.1646
21.0328
20.9038
20.7774
20.6537
20.5325
20.4138
20.2976
20.1838
20.0723
19.9631
19.8561
19.7514
19.6488
19.5483
19.4499
19.3535
19.2591
19.1666
19.076
18.9873
18.9005
18.8154
18.7321
18.6505
18.5706
18.4924
18.4159
18.3409
18.2675
18.1957
18.1253
18.0565
17.9891
17.9232
17.8586
17.7954
17.7335
17.673
17.6138
17.5558
17.4992
17.4437
17.3895
17.3366
17.285
17.2344
46.767
45.6437
44.5843
43.5808
42.6312
41.7297
40.8705
40.0499
39.265
38.513
37.7915
37.0981
36.4316
35.7898
35.1712
34.5746
33.9988
33.4427
32.9051
32.3853
31.8826
31.396
30.9249
30.4686
30.0264
29.5973
29.1812
28.7776
28.3858
28.0055
27.6362
27.2774
26.9288
26.5899
26.2604
25.94
25.6282
25.3248
25.0295
24.7419
24.4619
24.1892
23.9235
23.6646
23.4123
23.1663
22.9264
22.6925
22.4643
22.2417
22.0245
21.8125
21.6056
21.4036
21.2064
21.0138
20.8256
20.6419
20.4624
20.2869
20.1155
19.948
19.7842
19.6241
19.4676
19.3146
19.1649
19.0186
18.8754
18.7354
18.5985
18.4645
18.3334
18.2051
18.0796
17.9567
17.8365
17.7189
17.6037
17.4911
17.3808
17.2728
17.1671
17.0637
16.9624
16.8633
16.7662
16.6712
16.5783
16.4872
16.3981
16.3109
16.2256
16.142
16.0602
15.9802
15.9018
15.8252
15.7502
15.6768
15.6049
15.5347
15.466
15.3987
15.333
15.2687
15.2058
15.1443
15.0842
15.0255
14.968
14.9116
14.8564
14.8024
14.7495
14.6978
14.6472
14.5978
14.5495
14.5023
14.4563
14.4114
14.3677
14.325
14.2833
40.6467
39.6339
38.6803
37.78
36.9281
36.1198
35.3508
34.6175
33.9165
33.2454
32.602
31.9843
31.3905
30.8194
30.2695
29.7396
29.2286
28.7355
28.2589
27.7985
27.3534
26.9228
26.5062
26.1028
25.7121
25.3334
24.9663
24.6102
24.2647
23.9295
23.6039
23.2878
22.9807
22.6822
22.392
22.1099
21.8355
21.5685
21.3087
21.0558
20.8096
20.5698
20.3363
20.1087
19.8869
19.6707
19.46
19.2545
19.0541
18.8586
18.6679
18.4817
18.3001
18.1228
17.9497
17.7806
17.6155
17.4543
17.2968
17.1429
16.9925
16.8455
16.7019
16.5615
16.4242
16.29
16.1588
16.0304
15.9049
15.7821
15.662
15.5445
15.4296
15.3171
15.207
15.0993
14.9938
14.8907
14.7897
14.6908
14.594
14.4993
14.4066
14.3158
14.2269
14.1399
14.0546
13.9712
13.8895
13.8096
13.7313
13.6546
13.5795
13.5061
13.4341
13.3637
13.2947
13.2272
13.1611
13.0964
13.0331
12.9712
12.9105
12.8512
12.7931
12.7363
12.6808
12.6264
12.5733
12.5213
12.4705
12.421
12.3726
12.3254
12.2794
12.2344
12.1906
12.1479
12.1062
12.0656
12.026
11.9874
11.9498
11.9133
11.8773
35.8116
34.9069
34.0561
33.2504
32.4857
31.7584
31.0652
30.403
29.7692
29.1618
28.5793
28.0201
27.4823
26.9652
26.4674
25.988
25.5259
25.0802
24.65
24.2346
23.8332
23.4451
23.0697
22.7064
22.3547
22.0141
21.684
21.3641
21.0539
20.7529
20.4609
20.1774
19.9021
19.6347
19.3749
19.1224
18.8769
18.6381
18.4059
18.18
17.96
17.746
17.5375
17.3345
17.1368
16.9441
16.7563
16.5732
16.3947
16.2207
16.0509
15.8853
15.7238
15.5661
15.4122
15.2619
15.1152
14.972
14.8321
14.6954
14.5619
14.4314
14.3039
14.1792
14.0574
13.9383
13.8218
13.7079
13.5966
13.4876
13.381
13.2768
13.1747
13.0749
12.9772
12.8816
12.788
12.6964
12.6067
12.5189
12.4329
12.3487
12.2663
12.1856
12.1065
12.0291
11.9533
11.879
11.8062
11.735
11.6652
11.5968
11.5298
11.4642
11.3999
11.3369
11.2753
11.2148
11.1556
11.0976
11.0409
10.9852
10.9307
10.8774
10.8251
10.7739
10.7238
10.6747
10.6267
10.5796
10.5337
10.4888
10.445
10.4022
10.3605
10.3198
10.28
10.2412
10.2033
10.1664
10.1303
10.0952
10.0609
10.0275
9.99474
31.9385
31.1218
30.3512
29.6182
28.9209
28.2569
27.6234
27.0177
26.4382
25.8831
25.3508
24.8398
24.3489
23.8769
23.4228
22.9854
22.5641
22.1579
21.766
21.3877
21.0225
20.6695
20.3283
19.9984
19.6791
19.3701
19.0708
18.781
18.5
18.2276
17.9635
17.7073
17.4586
17.2172
16.9828
16.7551
16.5338
16.3188
16.1098
15.9065
15.7087
15.5164
15.3291
15.1469
14.9694
14.7966
14.6283
14.4643
14.3044
14.1486
13.9967
13.8486
13.7041
13.5631
13.4256
13.2914
13.1604
13.0325
12.9076
12.7857
12.6666
12.5502
12.4365
12.3253
12.2167
12.1105
12.0067
11.9052
11.806
11.7089
11.6139
11.5209
11.43
11.341
11.2539
11.1686
11.0852
11.0034
10.9234
10.8451
10.7683
10.6931
10.6195
10.5474
10.4767
10.4074
10.3396
10.2731
10.2079
10.144
10.0814
10.02
9.95987
9.90089
9.84307
9.78638
9.7308
9.67631
9.62288
9.57049
9.51911
9.46874
9.41935
9.37091
9.32342
9.27684
9.23118
9.1864
9.1425
9.09945
9.05725
9.01588
8.97534
8.93561
8.89668
8.85855
8.8212
8.78461
8.74879
8.71372
8.6794
8.6458
8.61293
8.58078
8.54903
28.7657
28.0174
27.3092
26.6355
25.9944
25.3835
24.8006
24.2435
23.7105
23.2
22.7107
22.2411
21.7902
21.3569
20.9402
20.5392
20.153
19.7809
19.4222
19.0761
18.7422
18.4197
18.1082
17.8072
17.5161
17.2346
16.9621
16.6984
16.443
16.1956
15.9558
15.7234
15.498
15.2793
15.0671
14.8612
14.6612
14.467
14.2783
14.095
13.9167
13.7434
13.5749
13.4109
13.2513
13.096
12.9449
12.7976
12.6542
12.5145
12.3784
12.2457
12.1164
11.9902
11.8672
11.7472
11.6301
11.5158
11.4043
11.2954
11.189
11.0851
10.9837
10.8846
10.7877
10.693
10.6004
10.5099
10.4214
10.3349
10.2502
10.1673
10.0863
10.0069
9.92928
9.85325
9.77882
9.70593
9.63454
9.56462
9.49612
9.429
9.36323
9.29878
9.23561
9.17369
9.11299
9.05347
8.99511
8.93788
8.88174
8.82669
8.77268
8.7197
8.66771
8.61671
8.56666
8.51754
8.46934
8.42203
8.37559
8.33001
8.28526
8.24133
8.19821
8.15586
8.11429
8.07347
8.03339
7.99404
7.9554
7.91745
7.88019
7.8436
7.80768
7.77241
7.73778
7.70378
7.6704
7.63763
7.60547
7.57391
7.54293
7.51252
7.48235
26.113
25.4211
24.766
24.1431
23.5502
22.9852
22.4462
21.9312
21.4386
20.9672
20.5154
20.0822
19.6664
19.2672
18.8834
18.5144
18.1593
17.8174
17.488
17.1706
16.8644
16.5691
16.284
16.0087
15.7428
15.4857
15.2372
14.9969
14.7643
14.5392
14.3212
14.1101
13.9055
13.7072
13.515
13.3285
13.1476
12.9721
12.8017
12.6362
12.4754
12.3193
12.1675
12.0199
11.8764
11.7369
11.6011
11.4689
11.3403
11.2151
11.0931
10.9743
10.8585
10.7456
10.6356
10.5283
10.4237
10.3216
10.2221
10.1249
10.03
9.93734
9.84687
9.75849
9.67215
9.58778
9.50531
9.42469
9.34586
9.26877
9.19337
9.11959
9.04741
8.97676
8.9076
8.83989
8.7736
8.70866
8.64506
8.58275
8.5217
8.46186
8.40322
8.34573
8.28936
8.23409
8.17988
8.12671
8.07455
8.02337
7.97316
7.92387
7.8755
7.82802
7.7814
7.73563
7.69069
7.64655
7.6032
7.56061
7.51878
7.47768
7.43729
7.39761
7.35861
7.32028
7.28261
7.24558
7.20917
7.17339
7.1382
7.1036
7.06958
7.03613
7.00324
6.97089
6.93908
6.90779
6.87702
6.84676
6.817
6.78773
6.75895
6.73062
6.7024
23.8601
23.2164
22.6071
22.0281
21.4771
20.9524
20.452
19.9742
19.5175
19.0806
18.6623
18.2615
17.8771
17.5083
17.1541
16.8138
16.4866
16.1719
15.8689
15.5772
15.2962
15.0253
14.764
14.512
14.2688
14.034
13.8071
13.5879
13.376
13.1711
12.9729
12.7811
12.5954
12.4156
12.2414
12.0726
11.909
11.7503
11.5964
11.4471
11.3022
11.1615
11.0249
10.8921
10.7632
10.6378
10.5159
10.3973
10.282
10.1698
10.0605
9.95416
9.85057
9.74966
9.65133
9.5555
9.46207
9.37096
9.28209
9.19539
9.11078
9.02819
8.94756
8.86881
8.79189
8.71675
8.64331
8.57153
8.50135
8.43272
8.3656
8.29994
8.23568
8.1728
8.11124
8.05097
7.99195
7.93414
7.87751
7.82202
7.76763
7.71432
7.66206
7.61082
7.56056
7.51127
7.4629
7.41545
7.36888
7.32317
7.27829
7.23424
7.19097
7.14848
7.10674
7.06574
7.02545
6.98586
6.94695
6.9087
6.8711
6.83414
6.79779
6.76204
6.72688
6.6923
6.65828
6.6248
6.59187
6.55946
6.52756
6.49616
6.46526
6.43484
6.40489
6.3754
6.34636
6.31777
6.28962
6.26189
6.23459
6.20769
6.1812
6.15507
6.12899
21.9186
21.3173
20.7483
20.2081
19.6945
19.2056
18.7398
18.2953
17.8709
17.4652
17.0771
16.7055
16.3496
16.0084
15.681
15.3668
15.0649
14.7749
14.4961
14.2278
13.9697
13.7211
13.4816
13.2509
13.0284
12.8138
12.6068
12.4069
12.2139
12.0274
11.8472
11.673
11.5045
11.3415
11.1838
11.0311
10.8831
10.7398
10.6009
10.4663
10.3357
10.209
10.0861
9.96676
9.85087
9.7383
9.62891
9.52259
9.41922
9.31869
9.22088
9.1257
9.03305
8.94284
8.85497
8.76936
8.68593
8.6046
8.5253
8.44796
8.3725
8.29886
8.22699
8.15681
8.08827
8.02132
7.9559
7.89196
7.82946
7.76834
7.70856
7.65008
7.59286
7.53686
7.48203
7.42835
7.37578
7.32427
7.27381
7.22436
7.17588
7.12836
7.08176
7.03605
6.99121
6.94721
6.90404
6.86166
6.82005
6.7792
6.73908
6.69968
6.66096
6.62292
6.58554
6.54879
6.51267
6.47715
6.44223
6.40788
6.37409
6.34085
6.30815
6.27596
6.24429
6.2131
6.18241
6.15218
6.12242
6.0931
6.06423
6.03579
6.00777
5.98016
5.95295
5.92614
5.89972
5.87368
5.848
5.82269
5.79774
5.77313
5.74887
5.72491
5.70092
20.2239
19.6608
19.1283
18.6232
18.1433
17.687
17.2525
16.8385
16.4434
16.0662
15.7057
15.361
15.0311
14.7151
14.4124
14.1221
13.8436
13.5763
13.3196
13.0729
12.8358
12.6078
12.3883
12.1771
11.9737
11.7778
11.5889
11.4067
11.231
11.0615
10.8978
10.7397
10.5869
10.4393
10.2965
10.1584
10.0248
9.89545
9.77018
9.64883
9.53123
9.41723
9.30667
9.19941
9.09532
8.99428
8.89615
8.80082
8.70819
8.61814
8.53057
8.44539
8.36251
8.28184
8.2033
8.1268
8.05227
7.97964
7.90883
7.83979
7.77245
7.70674
7.64262
7.58001
7.51888
7.45917
7.40083
7.34381
7.28807
7.23357
7.18026
7.12811
7.07708
7.02712
6.97821
6.93032
6.88341
6.83744
6.7924
6.74825
6.70496
6.66251
6.62087
6.58002
6.53993
6.50059
6.46197
6.42404
6.3868
6.35021
6.31426
6.27894
6.24423
6.2101
6.17655
6.14355
6.1111
6.07917
6.04776
6.01685
5.98643
5.95652
5.92704
5.898
5.86941
5.84124
5.8135
5.78616
5.75922
5.73268
5.70651
5.68072
5.65529
5.63021
5.60548
5.58109
5.55704
5.53331
5.50989
5.48679
5.464
5.4415
5.41929
5.39734
5.37533
18.7294
18.2013
17.7022
17.2293
16.7805
16.3542
15.9486
15.5626
15.1946
14.8437
14.5088
14.1888
13.883
13.5904
13.3105
13.0424
12.7855
12.5392
12.303
12.0763
11.8587
11.6497
11.4488
11.2556
11.0698
10.891
10.7189
10.5531
10.3933
10.2393
10.0907
9.94737
9.809
9.67537
9.54628
9.42151
9.30088
9.18419
9.07127
8.96196
8.8561
8.75354
8.65414
8.55777
8.46429
8.37359
8.28556
8.20008
8.11704
8.03636
7.95793
7.88167
7.80749
7.7353
7.66504
7.59662
7.52998
7.46505
7.40177
7.34006
7.27988
7.22117
7.16388
7.10795
7.05333
6.99999
6.94786
6.89692
6.84712
6.79841
6.75078
6.70416
6.65854
6.61388
6.57015
6.52731
6.48534
6.44421
6.4039
6.36437
6.3256
6.28757
6.25026
6.21364
6.1777
6.1424
6.10774
6.07369
6.04024
6.00737
5.97506
5.94329
5.91206
5.88134
5.85112
5.82139
5.79213
5.76334
5.73499
5.70708
5.6796
5.65257
5.62589
5.59961
5.57372
5.5482
5.52304
5.49824
5.47378
5.44966
5.42588
5.40241
5.37926
5.35642
5.33388
5.31163
5.28967
5.26799
5.24658
5.22545
5.20457
5.18396
5.16359
5.14344
5.1233
17.401
16.9053
16.4373
15.9943
15.5744
15.1759
14.7973
14.4372
14.0946
13.7681
13.4569
13.1601
12.8767
12.606
12.3473
12.0998
11.8631
11.6365
11.4194
11.2113
11.0118
10.8204
10.6367
10.4603
10.2908
10.1279
9.97118
9.82041
9.67527
9.53548
9.40079
9.27095
9.14572
9.02488
8.90824
8.79558
8.68674
8.58152
8.47978
8.38134
8.28607
8.19382
8.10445
8.01785
7.93389
7.85246
7.77345
7.69676
7.62228
7.54994
7.47964
7.4113
7.34483
7.28017
7.21724
7.15598
7.09631
7.03817
6.98151
6.92627
6.8724
6.81984
6.76855
6.71848
6.66957
6.62181
6.57513
6.5295
6.48488
6.44125
6.39856
6.35678
6.31588
6.27583
6.2366
6.19816
6.16049
6.12357
6.08736
6.05185
6.01701
5.98282
5.94926
5.91631
5.88395
5.85217
5.82094
5.79025
5.76009
5.73043
5.70126
5.67258
5.64435
5.61658
5.58925
5.56234
5.53585
5.50976
5.48406
5.45875
5.43381
5.40924
5.38501
5.36112
5.33757
5.31434
5.29143
5.26883
5.24653
5.22452
5.2028
5.18136
5.16019
5.13929
5.11865
5.09827
5.07813
5.05824
5.03859
5.01917
4.99997
4.98101
4.96225
4.94369
4.92512
16.2127
15.7475
15.3087
14.8938
14.5009
14.1285
13.7752
13.4396
13.1205
12.8171
12.5282
12.253
11.9906
11.7404
11.5017
11.2736
11.0558
10.8475
10.6482
10.4575
10.2749
10.1
9.93222
9.77132
9.6169
9.46862
9.32616
9.18922
9.05752
8.93079
8.80879
8.69126
8.57801
8.4688
8.36346
8.26178
8.16361
8.06876
7.97709
7.88844
7.80269
7.71969
7.63931
7.56146
7.486
7.41284
7.34187
7.273
7.20614
7.14121
7.07812
7.01679
6.95715
6.89914
6.84269
6.78772
6.73419
6.68204
6.63121
6.58165
6.53331
6.48615
6.44011
6.39516
6.35126
6.30837
6.26644
6.22545
6.18536
6.14614
6.10776
6.07018
6.03339
5.99734
5.96203
5.92741
5.89347
5.86019
5.82754
5.79551
5.76407
5.7332
5.70288
5.67311
5.64385
5.6151
5.58684
5.55905
5.53172
5.50483
5.47838
5.45235
5.42672
5.40149
5.37665
5.35218
5.32807
5.30431
5.28089
5.25781
5.23506
5.21264
5.19053
5.16869
5.14715
5.12589
5.10491
5.0842
5.06375
5.04356
5.02361
5.00392
4.98446
4.96523
4.94623
4.92746
4.9089
4.89055
4.87241
4.85448
4.83674
4.8192
4.80184
4.78465
4.76742
15.1453
14.7089
14.2976
13.9092
13.5418
13.194
12.8644
12.5518
12.2551
11.9732
11.7054
11.4506
11.2082
10.9773
10.7573
10.5475
10.3473
10.1562
9.97366
9.79917
9.63228
9.47257
9.31962
9.17307
9.03257
8.89779
8.76842
8.64417
8.52476
8.40996
8.29952
8.19321
8.09082
7.99216
7.89704
7.80528
7.71672
7.6312
7.54859
7.46873
7.3915
7.31677
7.24444
7.17438
7.1065
7.0407
6.97688
6.91496
6.85485
6.79647
6.73975
6.68463
6.63102
6.57887
6.52812
6.4787
6.43057
6.38367
6.33795
6.29337
6.24988
6.20743
6.166
6.12553
6.08599
6.04734
6.00956
5.97261
5.93646
5.90108
5.86644
5.83252
5.79928
5.76671
5.73479
5.70348
5.67278
5.64265
5.61308
5.58405
5.55554
5.52754
5.50003
5.47299
5.44641
5.42027
5.39456
5.36927
5.34438
5.31989
5.29577
5.27202
5.24863
5.22558
5.20287
5.18049
5.15843
5.13667
5.11522
5.09406
5.07319
5.0526
5.0323
5.01222
4.99241
4.97284
4.95351
4.93442
4.91557
4.89693
4.87852
4.86032
4.84232
4.82453
4.80694
4.78955
4.77234
4.75532
4.73848
4.72182
4.70533
4.68901
4.67286
4.65684
4.64076
14.1835
13.7745
13.3892
13.0257
12.6824
12.3578
12.0506
11.7598
11.4843
11.223
10.975
10.7396
10.516
10.3033
10.101
9.90833
9.72478
9.54978
9.38282
9.22342
9.07113
8.92554
8.78627
8.65295
8.52525
8.40284
8.28545
8.17279
8.0646
7.96064
7.86069
7.76454
7.67199
7.58284
7.49694
7.4141
7.33418
7.25704
7.18253
7.11053
7.04092
6.97358
6.9084
6.84528
6.78413
6.72486
6.66738
6.6116
6.55746
6.50488
6.45379
6.40413
6.35583
6.30884
6.2631
6.21856
6.17516
6.13287
6.09163
6.0514
6.01215
5.97383
5.9364
5.89984
5.8641
5.82916
5.79499
5.76155
5.72882
5.69677
5.66538
5.63462
5.60448
5.57492
5.54593
5.51749
5.48957
5.46217
5.43526
5.40883
5.38285
5.35732
5.33223
5.30754
5.28327
5.25938
5.23587
5.21272
5.18993
5.16749
5.14538
5.12359
5.10211
5.08094
5.06007
5.03948
5.01917
4.99913
4.97936
4.95984
4.94058
4.92157
4.90279
4.88423
4.86589
4.84778
4.82987
4.81217
4.79468
4.77737
4.76027
4.74334
4.7266
4.71004
4.69366
4.67744
4.66139
4.6455
4.62978
4.6142
4.59878
4.58351
4.56838
4.55337
4.53829
13.3155
12.9323
12.5715
12.2315
11.9109
11.6083
11.3225
11.0524
10.797
10.5552
10.3263
10.1092
9.90332
9.70786
9.52216
9.34559
9.17757
9.01757
8.86509
8.71968
8.58089
8.44833
8.32163
8.20044
8.08445
7.97336
7.86687
7.76475
7.66673
7.5726
7.48214
7.39516
7.31146
7.23088
7.15325
7.07842
7.00624
6.93658
6.86931
6.80432
6.74149
6.68071
6.62189
6.56494
6.50976
6.45626
6.40439
6.35405
6.30517
6.2577
6.21157
6.16671
6.12308
6.08062
6.03928
5.999
5.95976
5.92149
5.88417
5.84775
5.8122
5.77747
5.74354
5.71038
5.67795
5.64623
5.61519
5.5848
5.55504
5.52589
5.49731
5.4693
5.44182
5.41487
5.38842
5.36245
5.33695
5.3119
5.28728
5.26309
5.2393
5.2159
5.19288
5.17023
5.14793
5.12597
5.10435
5.08305
5.06207
5.04138
5.02099
5.00088
4.98105
4.96149
4.94218
4.92313
4.90433
4.88576
4.86742
4.84931
4.83142
4.81376
4.7963
4.77904
4.76197
4.74509
4.72839
4.71188
4.69554
4.67937
4.66338
4.64755
4.63188
4.61637
4.60101
4.5858
4.57074
4.55582
4.54104
4.5264
4.51189
4.49751
4.48326
4.46911
4.45487
12.5312
12.172
11.8342
11.5164
11.2174
10.9359
10.6705
10.4203
10.1841
9.96097
9.74999
9.55033
9.3612
9.18191
9.01178
8.85022
8.69665
8.55057
8.41148
8.27895
8.15257
8.03196
7.91677
7.80666
7.70133
7.60051
7.50393
7.41134
7.32252
7.23725
7.15534
7.0766
7.00085
6.92795
6.85772
6.79004
6.72477
6.66179
6.60097
6.54221
6.4854
6.43045
6.37727
6.32577
6.27586
6.22748
6.18055
6.135
6.09076
6.04779
6.00601
5.96538
5.92584
5.88735
5.84986
5.81333
5.77771
5.74297
5.70906
5.67596
5.64363
5.61204
5.58116
5.55095
5.5214
5.49248
5.46416
5.43641
5.40923
5.38258
5.35644
5.3308
5.30563
5.28093
5.25667
5.23284
5.20941
5.18639
5.16375
5.14148
5.11957
5.098
5.07677
5.05587
5.03527
5.01498
4.99498
4.97526
4.95582
4.93664
4.91773
4.89906
4.88063
4.86245
4.84449
4.82675
4.80923
4.79191
4.77481
4.7579
4.74119
4.72467
4.70834
4.6922
4.67619
4.66037
4.6447
4.6292
4.61386
4.59866
4.58362
4.56872
4.55397
4.53935
4.52487
4.51052
4.4963
4.48221
4.46824
4.4544
4.44067
4.42706
4.41356
4.40015
4.38663
11.8213
11.4843
11.1682
10.8718
10.5937
10.3324
10.0868
9.85558
9.63776
9.43233
9.23838
9.05509
8.8817
8.7175
8.56188
8.41423
8.27402
8.14075
8.01397
7.89326
7.77823
7.66852
7.56379
7.46374
7.36809
7.27657
7.18893
7.10494
7.0244
6.9471
6.87286
6.80151
6.73289
6.66684
6.60324
6.54194
6.48282
6.42577
6.37069
6.31746
6.266
6.21621
6.16802
6.12133
6.07609
6.03222
5.98964
5.94831
5.90816
5.86914
5.83119
5.79427
5.75832
5.72331
5.68919
5.65593
5.62348
5.59181
5.56089
5.53068
5.50116
5.4723
5.44406
5.41643
5.38938
5.36289
5.33692
5.31147
5.28652
5.26203
5.23801
5.21442
5.19125
5.16849
5.14612
5.12413
5.1025
5.08123
5.06029
5.03968
5.01939
4.9994
4.9797
4.96029
4.94116
4.92229
4.90368
4.88533
4.86721
4.84933
4.83168
4.81424
4.79703
4.78002
4.76321
4.74659
4.73017
4.71394
4.69788
4.682
4.66629
4.65077
4.6354
4.62018
4.60511
4.59019
4.57541
4.56078
4.54628
4.53192
4.5177
4.5036
4.48963
4.47578
4.46205
4.44844
4.43495
4.42157
4.4083
4.39514
4.38209
4.36913
4.35628
4.34351
4.33062
100.625
98.8642
97.1359
95.4506
93.8187
92.2428
90.7223
89.2557
87.8414
86.4778
85.1627
83.8942
82.6701
81.4886
80.3477
79.2456
78.1806
77.151
76.1552
75.1919
74.2595
73.3568
72.4825
71.6355
70.8145
70.0185
69.2465
68.4976
67.7708
67.0652
66.3801
65.7145
65.0679
64.4394
63.8284
63.2341
62.6561
62.0937
61.5463
61.0134
60.4944
59.989
59.4964
59.0164
58.5485
58.0922
57.6471
57.2129
56.789
56.3753
55.9712
55.5764
55.1906
54.8134
54.4444
54.0834
53.7299
53.3837
53.0443
52.7114
52.3845
52.0634
51.7474
51.4361
51.1289
50.8251
50.524
50.2246
49.9257
49.6257
49.3224
49.0136
48.6968
48.3898
48.3334
46.0763
45.3434
44.6361
43.9459
43.2746
42.6235
41.9926
41.3818
40.7907
40.2188
39.6655
39.1302
38.6122
38.111
37.6257
37.1559
36.7009
36.2601
35.8329
35.4188
35.0173
34.6278
34.25
33.8832
33.5272
33.1815
32.8456
32.5193
32.2022
31.8939
31.5941
31.3025
31.0188
30.7428
30.4741
30.2125
29.9578
29.7098
29.4682
29.2328
29.0034
28.7799
28.562
28.3496
28.1425
27.9406
27.7438
27.5519
27.3648
27.1823
27.0044
26.8311
26.6621
26.4975
26.3372
26.1811
26.0292
25.8816
25.7381
25.599
25.4643
25.3343
25.2092
25.0895
24.9758
24.8689
24.77
24.6811
24.6049
24.5453
24.5085
24.5014
24.5421
24.6486
24.7704
33.3168
32.8406
32.3805
31.9351
31.5043
31.0874
30.6839
30.2932
29.9147
29.5481
29.1928
28.8485
28.5147
28.191
27.877
27.5724
27.2768
26.9898
26.7112
26.4405
26.1775
25.9219
25.6735
25.4318
25.1968
24.9681
24.7455
24.5288
24.3178
24.1123
23.9121
23.717
23.5268
23.3414
23.1606
22.9843
22.8123
22.6445
22.4807
22.3209
22.1649
22.0126
21.8639
21.7187
21.5769
21.4384
21.3032
21.1711
21.0421
20.9161
20.7931
20.673
20.5558
20.4414
20.3298
20.2211
20.1151
20.0119
19.9116
19.8141
19.7197
19.6284
19.5403
19.4558
19.3753
19.299
19.2277
19.1623
19.1037
19.0536
19.0141
18.9878
18.977
18.9793
18.9669
28.8169
28.4643
28.1211
27.7873
27.463
27.1481
26.8422
26.5449
26.256
25.9754
25.7027
25.4377
25.1801
24.9297
24.6862
24.4493
24.2188
23.9946
23.7763
23.5638
23.3568
23.1551
22.9587
22.7672
22.5805
22.3985
22.221
22.0478
21.8788
21.7139
21.5528
21.3956
21.2421
21.0921
20.9456
20.8024
20.6625
20.5257
20.392
20.2612
20.1334
20.0083
19.886
19.7663
19.6493
19.5347
19.4227
19.313
19.2057
19.1008
18.9981
18.8976
18.7994
18.7033
18.6094
18.5176
18.428
18.3405
18.2552
18.1721
18.0912
18.0125
17.9363
17.8625
17.7913
17.7229
17.6574
17.5951
17.5363
17.4815
17.431
17.3855
17.3449
17.3074
17.2672
26.5207
26.2698
26.0233
25.7816
25.5447
25.3125
25.085
24.8621
24.6438
24.4301
24.2209
24.0161
23.8157
23.6197
23.4279
23.2403
23.0568
22.8774
22.7019
22.5302
22.3622
22.1979
22.0371
21.8797
21.7257
21.575
21.4275
21.2831
21.1417
21.0033
20.8677
20.735
20.6051
20.4778
20.3532
20.231
20.1113
19.994
19.879
19.7663
19.6558
19.5476
19.4414
19.3373
19.2353
19.1352
19.0371
18.941
18.8467
18.7542
18.6636
18.5747
18.4876
18.4023
18.3186
18.2367
18.1564
18.0779
18.0009
17.9257
17.8521
17.7801
17.7098
17.6412
17.5743
17.509
17.4454
17.3835
17.3233
17.2647
17.2078
17.1525
17.0983
17.0445
16.9903
23.7649
23.593
23.4289
23.271
23.1185
22.9707
22.8262
22.6841
22.5441
22.4059
22.2696
22.135
22.0023
21.8712
21.742
21.6144
21.4886
21.3646
21.2422
21.1217
21.0029
20.8858
20.7705
20.6569
20.5451
20.435
20.3266
20.2199
20.1149
20.0115
19.9098
19.8097
19.7113
19.6144
19.519
19.4253
19.333
19.2423
19.153
19.0652
18.9788
18.8939
18.8103
18.7281
18.6473
18.5678
18.4897
18.4128
18.3373
18.263
18.19
18.1182
18.0476
17.9783
17.9101
17.8432
17.7775
17.713
17.6496
17.5874
17.5263
17.4663
17.4075
17.3498
17.2932
17.2377
17.1833
17.1301
17.078
17.027
16.9771
16.9283
16.8804
16.8332
16.7849
20.2037
20.0893
19.9802
19.8766
19.7781
19.6844
19.5962
19.5139
19.4367
19.3639
19.294
19.2256
19.1583
19.0921
19.0268
18.9623
18.8986
18.8356
18.7733
18.7117
18.6506
18.5902
18.5304
18.4711
18.4124
18.3543
18.2967
18.2397
18.1833
18.1274
18.072
18.0171
17.9628
17.909
17.8558
17.8031
17.7509
17.6993
17.6482
17.5976
17.5476
17.4981
17.4491
17.4007
17.3529
17.3056
17.2588
17.2126
17.1669
17.1218
17.0773
17.0333
16.9899
16.947
16.9047
16.863
16.8219
16.7813
16.7414
16.702
16.6632
16.625
16.5875
16.5505
16.5142
16.4785
16.4434
16.409
16.3753
16.3422
16.3098
16.2781
16.2469
16.2154
16.1802
17.1494
17.0677
16.9904
16.9175
16.8489
16.7844
16.724
16.6679
16.6159
16.5681
16.5248
16.4865
16.4526
16.4225
16.3956
16.37
16.3454
16.3217
16.2989
16.2768
16.2555
16.2348
16.2146
16.195
16.1759
16.157
16.1382
16.1195
16.1009
16.0824
16.064
16.0456
16.0273
16.0091
15.9909
15.9728
15.9547
15.9366
15.9186
15.9005
15.8826
15.8646
15.8467
15.8289
15.8111
15.7933
15.7756
15.7579
15.7403
15.7228
15.7053
15.6879
15.6706
15.6533
15.6362
15.6192
15.6022
15.5854
15.5687
15.5522
15.5358
15.5195
15.5033
15.4873
15.4714
15.4557
15.4401
15.4246
15.4092
15.3938
15.3785
15.3631
15.3473
15.33
15.3059
14.2128
14.1458
14.083
14.0244
13.9696
13.9184
13.8708
13.8267
13.7859
13.7485
13.7143
13.6835
13.656
13.6318
13.6109
13.5944
13.5819
13.573
13.5673
13.5643
13.5626
13.562
13.5623
13.5635
13.5656
13.5685
13.5721
13.5763
13.5811
13.5863
13.592
13.598
13.6043
13.6108
13.6176
13.6245
13.6315
13.6386
13.6458
13.653
13.6602
13.6674
13.6745
13.6816
13.6887
13.6956
13.7025
13.7093
13.7159
13.7225
13.7289
13.7352
13.7413
13.7474
13.7533
13.7591
13.7647
13.7702
13.7756
13.7809
13.786
13.791
13.7958
13.8006
13.8051
13.8096
13.8139
13.818
13.8219
13.8257
13.8292
13.8323
13.835
13.8354
13.8262
11.8168
11.7591
11.7052
11.655
11.608
11.5639
11.5226
11.4839
11.4479
11.4145
11.3836
11.3551
11.3292
11.3056
11.2843
11.2655
11.2491
11.2351
11.2234
11.214
11.2079
11.2047
11.204
11.2057
11.2095
11.2148
11.2212
11.2285
11.2367
11.2458
11.2557
11.2664
11.2778
11.2898
11.3025
11.3157
11.3294
11.3435
11.3581
11.3731
11.3885
11.4042
11.4203
11.4367
11.4533
11.4701
11.4871
11.5043
11.5216
11.539
11.5565
11.5741
11.5917
11.6093
11.627
11.6446
11.6622
11.6798
11.6974
11.7148
11.7323
11.7496
11.7668
11.7839
11.8009
11.8178
11.8345
11.8511
11.8674
11.8836
11.8995
11.9151
11.9304
11.9446
11.9479
9.93918
9.88597
9.83603
9.7892
9.74538
9.70462
9.66672
9.63142
9.59858
9.56805
9.53973
9.51352
9.48931
9.46704
9.44661
9.42797
9.41105
9.39583
9.38224
9.37027
9.35996
9.3513
9.3441
9.33824
9.33378
9.33118
9.33066
9.33207
9.33531
9.34022
9.34667
9.35398
9.36201
9.37076
9.38022
9.39038
9.40123
9.41273
9.42485
9.43755
9.45082
9.46461
9.47889
9.49364
9.50883
9.52442
9.54039
9.55671
9.57337
9.59033
9.60757
9.62507
9.64282
9.66079
9.67895
9.6973
9.71581
9.73446
9.75323
9.77211
9.79109
9.81013
9.82922
9.84835
9.8675
9.88666
9.90579
9.92489
9.94394
9.96291
9.98182
10.0007
10.0194
10.0373
10.0452
8.49482
8.4426
8.39323
8.34658
8.30257
8.26139
8.22283
8.18673
8.15291
8.12125
8.09162
8.0639
8.038
8.01383
7.9913
7.97034
7.95089
7.93288
7.91626
7.90098
7.88701
7.87431
7.86296
7.85297
7.8443
7.83693
7.83083
7.82601
7.82241
7.82003
7.81882
7.81922
7.82128
7.82487
7.82985
7.83619
7.84362
7.85177
7.86047
7.86967
7.87935
7.88942
7.89974
7.91034
7.92125
7.93249
7.94407
7.956
7.96827
7.98088
7.99384
8.00712
8.02073
8.03465
8.04887
8.06338
8.07816
8.09321
8.1085
8.12403
8.13977
8.15572
8.17185
8.18816
8.20462
8.22122
8.23794
8.25476
8.27166
8.28864
8.30568
8.32277
8.33985
8.35644
8.36495
7.43056
7.38037
7.33263
7.28719
7.24394
7.2028
7.16369
7.12652
7.0912
7.05767
7.02584
6.99563
6.96697
6.93981
6.91407
6.88971
6.86665
6.84485
6.82427
6.80484
6.78655
6.76934
6.75333
6.73855
6.72496
6.71248
6.70107
6.69069
6.6813
6.67287
6.66534
6.65872
6.65299
6.64813
6.64412
6.64099
6.63866
6.63747
6.63743
6.6385
6.64061
6.64373
6.64786
6.65283
6.65834
6.66436
6.67087
6.67784
6.68525
6.69307
6.7013
6.70991
6.71888
6.7282
6.73784
6.7478
6.75805
6.76859
6.7794
6.79046
6.80177
6.8133
6.82502
6.83694
6.84907
6.86137
6.87384
6.88646
6.89915
6.9119
6.92471
6.9376
6.95052
6.96315
6.97007
6.65383
6.60654
6.56136
6.51813
6.47677
6.43717
6.39928
6.363
6.32827
6.29502
6.26319
6.23271
6.20354
6.17561
6.14888
6.1233
6.09883
6.07542
6.05303
6.03163
6.01118
5.99164
5.97299
5.95521
5.93827
5.92215
5.90684
5.89229
5.87851
5.86545
5.8531
5.84145
5.83047
5.82014
5.81046
5.80139
5.79299
5.78516
5.77795
5.77135
5.76536
5.76003
5.75546
5.75169
5.74889
5.74699
5.74593
5.74562
5.74602
5.7471
5.74877
5.75085
5.75333
5.75619
5.75941
5.763
5.76693
5.77118
5.77572
5.78057
5.7857
5.79111
5.7968
5.80274
5.80891
5.81531
5.82192
5.82876
5.83583
5.84312
5.8506
5.85826
5.86609
5.87385
5.87788
6.08399
6.04006
5.99794
5.9575
5.91866
5.88134
5.84548
5.811
5.77784
5.74595
5.71526
5.68573
5.65731
5.62995
5.60361
5.57825
5.55383
5.53031
5.50767
5.48586
5.46485
5.44462
5.42515
5.40639
5.38834
5.37096
5.35424
5.33815
5.32268
5.3078
5.2935
5.27976
5.26656
5.25389
5.24174
5.23008
5.21894
5.20824
5.198
5.18821
5.17886
5.16994
5.16146
5.1534
5.14578
5.1386
5.13184
5.12551
5.11961
5.11412
5.10911
5.10469
5.10082
5.09748
5.09465
5.09227
5.09035
5.08886
5.08772
5.08687
5.0863
5.08601
5.08598
5.08621
5.0867
5.08743
5.0884
5.08961
5.0911
5.09284
5.09483
5.09704
5.09947
5.10195
5.10207
5.65953
5.619
5.58006
5.54258
5.50649
5.47172
5.43822
5.40591
5.37475
5.34469
5.31568
5.28766
5.26061
5.23448
5.20923
5.18483
5.16124
5.13843
5.11638
5.09505
5.07441
5.05445
5.03514
5.01645
4.99836
4.98086
4.96392
4.94752
4.93165
4.91629
4.90143
4.88704
4.87311
4.85963
4.84659
4.83397
4.82177
4.80997
4.79855
4.78749
4.7768
4.76647
4.75648
4.74683
4.73751
4.72851
4.71982
4.71144
4.70336
4.69558
4.68809
4.6809
4.67398
4.66734
4.661
4.65493
4.64914
4.64364
4.6385
4.63372
4.62929
4.62519
4.62141
4.61793
4.61474
4.61183
4.60918
4.60672
4.60446
4.60238
4.60049
4.59877
4.5972
4.59558
4.5928
5.33731
5.30001
5.26411
5.22949
5.19609
5.16385
5.13271
5.10263
5.07356
5.04545
5.01826
4.99195
4.96648
4.94182
4.91793
4.89479
4.87237
4.85063
4.82956
4.80912
4.78929
4.77006
4.75139
4.73327
4.71569
4.69861
4.68203
4.66593
4.6503
4.6351
4.62035
4.60601
4.59208
4.57854
4.56539
4.55261
4.54019
4.52814
4.51639
4.50498
4.49388
4.48309
4.47261
4.46241
4.4525
4.44287
4.43351
4.4244
4.41554
4.40693
4.39856
4.39043
4.38252
4.37485
4.36739
4.36016
4.35315
4.34634
4.33973
4.33333
4.32713
4.32112
4.31531
4.3097
4.30426
4.29902
4.29396
4.28914
4.28455
4.28018
4.27602
4.27206
4.26827
4.26454
4.26026
5.08822
5.05385
5.02073
4.98873
4.95781
4.92791
4.899
4.87102
4.84393
4.8177
4.79228
4.76765
4.74376
4.72059
4.69811
4.67629
4.6551
4.63453
4.61455
4.59514
4.57627
4.55792
4.54009
4.52275
4.50588
4.48946
4.47349
4.45795
4.44282
4.42809
4.41375
4.39978
4.38618
4.37293
4.36003
4.34746
4.33521
4.32327
4.31163
4.30029
4.28923
4.27844
4.26793
4.25768
4.24768
4.23793
4.22841
4.21912
4.21006
4.20122
4.1926
4.1842
4.176
4.16801
4.16021
4.1526
4.14518
4.13793
4.13086
4.12397
4.11723
4.11067
4.10426
4.09801
4.09191
4.08596
4.08016
4.07451
4.06899
4.06362
4.05839
4.05329
4.04832
4.04341
4.03827
4.89271
4.86092
4.83025
4.80059
4.77188
4.74409
4.71717
4.69109
4.6658
4.64128
4.61749
4.5944
4.57197
4.5502
4.52904
4.50847
4.48848
4.46904
4.45013
4.43172
4.41381
4.39638
4.3794
4.36287
4.34677
4.33107
4.31578
4.30088
4.28635
4.27218
4.25837
4.24489
4.23175
4.21892
4.20641
4.19421
4.1823
4.17067
4.15932
4.14823
4.1374
4.12682
4.11648
4.10638
4.09651
4.08687
4.07744
4.06823
4.05924
4.05045
4.04186
4.03347
4.02526
4.01723
4.00938
4.00171
3.9942
3.98686
3.97968
3.97266
3.96579
3.95907
3.9525
3.94607
3.93977
3.93362
3.92759
3.9217
3.91593
3.91028
3.90476
3.89936
3.89406
3.88885
3.88349
4.73735
4.70782
4.67929
4.65166
4.62488
4.59893
4.57377
4.54935
4.52566
4.50265
4.4803
4.45859
4.43748
4.41695
4.39698
4.37755
4.35864
4.34023
4.32231
4.30484
4.28783
4.27124
4.25508
4.23932
4.22395
4.20896
4.19433
4.18006
4.16613
4.15253
4.13926
4.1263
4.11364
4.10128
4.0892
4.07741
4.06589
4.05463
4.04363
4.03286
4.02233
4.01203
4.00196
3.9921
3.98246
3.97303
3.96382
3.9548
3.94598
3.93734
3.92889
3.92062
3.91252
3.9046
3.89684
3.88924
3.8818
3.87451
3.86738
3.86039
3.85355
3.84684
3.84027
3.83383
3.82753
3.82135
3.8153
3.80936
3.80355
3.79785
3.79227
3.78679
3.78142
3.77612
3.77068
4.61272
4.58512
4.55843
4.53256
4.50746
4.4831
4.45946
4.43649
4.41418
4.39249
4.3714
4.35089
4.33093
4.3115
4.29259
4.27416
4.25621
4.23872
4.22167
4.20505
4.18884
4.17302
4.15759
4.14254
4.12784
4.11349
4.09948
4.08579
4.07243
4.05937
4.04661
4.03414
4.02195
4.01003
3.99838
3.987
3.97587
3.96498
3.95432
3.94389
3.93369
3.92369
3.9139
3.90433
3.89496
3.88579
3.8768
3.86801
3.85939
3.85096
3.84269
3.8346
3.82667
3.8189
3.81128
3.80382
3.79651
3.78934
3.78232
3.77543
3.76868
3.76206
3.75557
3.74921
3.74297
3.73685
3.73085
3.72496
3.71919
3.71353
3.70797
3.70252
3.69717
3.69189
3.68646
4.51197
4.48604
4.46093
4.43656
4.4129
4.38991
4.36758
4.34586
4.32475
4.3042
4.28421
4.26474
4.24578
4.22731
4.20931
4.19176
4.17466
4.15797
4.1417
4.12581
4.11031
4.09518
4.0804
4.06597
4.05188
4.03811
4.02465
4.0115
3.99864
3.98607
3.97378
3.96176
3.95001
3.93851
3.92726
3.91626
3.90549
3.89495
3.88463
3.87453
3.86464
3.85494
3.84545
3.83615
3.82704
3.81812
3.80937
3.80081
3.79241
3.78419
3.77612
3.76822
3.76047
3.75288
3.74543
3.73813
3.73097
3.72395
3.71706
3.7103
3.70368
3.69718
3.6908
3.68454
3.67841
3.67238
3.66647
3.66067
3.65498
3.64939
3.64391
3.63853
3.63324
3.62801
3.62265
4.43004
4.40553
4.38178
4.35871
4.33628
4.31447
4.29327
4.27263
4.25255
4.23299
4.21394
4.19538
4.17729
4.15966
4.14246
4.12568
4.10931
4.09333
4.07773
4.0625
4.04763
4.0331
4.0189
4.00503
3.99147
3.97822
3.96526
3.95258
3.94019
3.92806
3.9162
3.90459
3.89323
3.8821
3.87122
3.86057
3.85015
3.83994
3.82993
3.82013
3.81053
3.80113
3.79191
3.78287
3.77401
3.76533
3.75682
3.74848
3.74031
3.73229
3.72443
3.71672
3.70916
3.70174
3.69447
3.68733
3.68033
3.67347
3.66673
3.66012
3.65363
3.64726
3.64101
3.63488
3.62886
3.62295
3.61714
3.61145
3.60586
3.60036
3.59497
3.58968
3.58447
3.57933
3.57405
4.36307
4.33979
4.31721
4.29526
4.2739
4.25312
4.23289
4.21319
4.19401
4.17531
4.15709
4.13932
4.12199
4.10509
4.08859
4.07249
4.05676
4.04141
4.02641
4.01176
3.99745
3.98345
3.96977
3.9564
3.94332
3.93053
3.91802
3.90578
3.8938
3.88207
3.8706
3.85936
3.84836
3.83758
3.82705
3.81672
3.80661
3.79671
3.787
3.77749
3.76816
3.75902
3.75006
3.74128
3.73266
3.72422
3.71594
3.70781
3.69985
3.69204
3.68438
3.67686
3.66949
3.66225
3.65515
3.64819
3.64135
3.63464
3.62806
3.62159
3.61525
3.60902
3.6029
3.5969
3.59101
3.58522
3.57954
3.57395
3.56847
3.56309
3.5578
3.55261
3.5475
3.54245
3.53726
4.30817
4.28595
4.2644
4.24343
4.22301
4.20312
4.18376
4.16488
4.14649
4.12855
4.11106
4.09399
4.07733
4.06107
4.0452
4.0297
4.01455
3.99976
3.9853
3.97117
3.95735
3.94385
3.93064
3.91772
3.90508
3.89271
3.88061
3.86876
3.85717
3.84582
3.8347
3.82381
3.81314
3.8027
3.79248
3.78246
3.77265
3.76304
3.75361
3.74437
3.73531
3.72643
3.71772
3.70918
3.7008
3.69258
3.68452
3.67662
3.66886
3.66126
3.65379
3.64647
3.63928
3.63223
3.62531
3.61851
3.61185
3.6053
3.59887
3.59256
3.58637
3.58029
3.57432
3.56845
3.56269
3.55703
3.55148
3.54602
3.54066
3.5354
3.53022
3.52514
3.52014
3.5152
3.51012
52.2701
54.7081
56.2418
57.3154
58.1264
58.7809
59.3341
59.8146
60.236
60.6049
60.9261
61.2051
61.4476
61.6596
61.8467
62.0133
62.1631
62.2996
62.4258
62.5444
62.6575
62.7667
62.873
62.9753
63.0987
63.1821
63.2561
63.3255
63.3908
63.4548
63.5189
63.5835
63.6484
63.7137
63.7794
63.8453
63.9114
63.9777
64.0439
64.1101
64.1763
64.2425
64.3086
64.3745
64.4402
64.5056
64.5706
64.6352
64.6994
64.763
64.8261
64.8886
64.9504
65.0116
65.0722
65.1322
65.1915
65.2502
65.3083
65.3657
65.4226
65.4789
65.5346
65.5898
65.6445
65.6987
65.7525
65.8058
65.8587
65.9112
65.9635
66.0154
66.067
66.1182
66.1663
66.2393
66.311
66.3819
66.4509
66.5166
66.5787
66.6374
66.6928
66.7451
66.7946
66.8414
66.8857
66.9276
66.9674
67.0051
67.0409
67.0749
67.1073
67.1382
67.1678
67.1963
67.224
67.2513
67.2791
67.3113
24.0113
23.4794
23.1049
22.8429
22.6574
22.5206
22.4148
22.329
22.2556
22.1896
22.1275
22.0669
22.0067
21.9461
21.8852
21.8241
21.7631
21.7027
21.6433
21.5854
21.5296
21.4763
21.4261
21.3794
21.3335
21.308
21.2845
21.2626
21.2431
21.2258
21.2103
21.1965
21.1845
21.1741
21.1653
21.1579
21.1519
21.1471
21.1436
21.1412
21.1398
21.1394
21.14
21.1413
21.1435
21.1465
21.1502
21.1545
21.1594
21.1648
21.1708
21.1772
21.1841
21.1914
21.1991
21.2072
21.2156
21.2244
21.2335
21.2429
21.2525
21.2625
21.2727
21.2832
21.294
21.305
21.3162
21.3277
21.3394
21.3514
21.3635
21.3759
21.3885
21.4016
21.4153
21.4383
21.4603
21.482
21.5029
21.523
21.5426
21.5614
21.5796
21.5971
21.6139
21.63
21.6455
21.6603
21.6745
21.6881
21.7011
21.7135
21.7253
21.7365
21.7471
21.7569
21.7659
21.7737
21.78
21.7846
18.6619
18.3575
18.076
17.8183
17.5826
17.3647
17.1609
16.9682
16.7843
16.6072
16.4356
16.2684
16.1049
15.9446
15.7872
15.6325
15.4806
15.3313
15.1848
15.0412
14.9006
14.7631
14.6288
14.4981
14.3692
14.2929
14.2202
14.1503
14.0835
14.0195
13.9582
13.8995
13.843
13.7889
13.7369
13.6868
13.6387
13.5924
13.5478
13.5049
13.4634
13.4234
13.3848
13.3475
13.3113
13.2764
13.2426
13.2098
13.178
13.1471
13.1172
13.0881
13.0599
13.0324
13.0058
12.9798
12.9546
12.9301
12.9062
12.883
12.8604
12.8384
12.8171
12.7962
12.776
12.7563
12.7371
12.7184
12.7002
12.6824
12.6652
12.6484
12.632
12.6162
12.6008
12.5772
12.5557
12.5362
12.5182
12.5016
12.4862
12.472
12.4588
12.4466
12.4352
12.4246
12.4147
12.4055
12.3969
12.3888
12.3812
12.374
12.3673
12.3609
12.3548
12.349
12.3433
12.3376
12.3318
12.3262
17.1183
16.9588
16.7939
16.6222
16.4444
16.2611
16.073
15.8807
15.6854
15.4878
15.2889
15.0891
14.8892
14.6895
14.4904
14.2924
14.0955
13.9002
13.7066
13.5148
13.325
13.1373
12.9519
12.7691
12.5879
12.4792
12.3753
12.275
12.1782
12.0846
11.9941
11.9066
11.8218
11.7397
11.66
11.5828
11.5078
11.435
11.3643
11.2955
11.2286
11.1635
11.1001
11.0383
10.978
10.9192
10.8619
10.8059
10.7513
10.6979
10.6458
10.5949
10.5451
10.4965
10.4489
10.4024
10.3569
10.3124
10.2688
10.2262
10.1845
10.1436
10.1036
10.0645
10.0261
9.98854
9.95172
9.91564
9.88027
9.84559
9.81159
9.77824
9.74553
9.71344
9.68182
9.63245
9.58657
9.54396
9.50422
9.46714
9.43249
9.40007
9.3697
9.34123
9.31451
9.28941
9.2658
9.24359
9.22266
9.20294
9.18433
9.16675
9.15013
9.1344
9.11949
9.10531
9.09181
9.07891
9.06661
9.0554
16.8589
16.7203
16.5757
16.424
16.2659
16.1021
15.9333
15.7601
15.583
15.4025
15.2189
15.0324
14.8433
14.6518
14.458
14.2621
14.0642
13.8644
13.6628
13.4596
13.2549
13.0489
12.8417
12.6341
12.4253
12.2983
12.176
12.0569
11.9409
11.8279
11.7178
11.6103
11.5054
11.4031
11.3032
11.2056
11.1103
11.0172
10.9262
10.8372
10.7503
10.6652
10.582
10.5007
10.4211
10.3431
10.2669
10.1923
10.1193
10.0478
9.97778
9.90924
9.84211
9.77636
9.71195
9.64884
9.587
9.52639
9.46697
9.40872
9.3516
9.29558
9.24063
9.18673
9.13384
9.08193
9.03099
8.98098
8.93187
8.88365
8.83629
8.78975
8.74402
8.69905
8.65457
8.58505
8.52002
8.45931
8.40256
8.34949
8.29982
8.25329
8.20966
8.16871
8.13024
8.09407
8.06005
8.02801
7.99781
7.96934
7.94247
7.9171
7.89311
7.87043
7.84896
7.82861
7.80931
7.791
7.7737
7.75823
16.659
16.5281
16.3967
16.2642
16.1307
15.9959
15.8595
15.7211
15.5804
15.437
15.2907
15.1409
14.9874
14.8298
14.6677
14.501
14.3294
14.1528
13.9711
13.7842
13.5922
13.3952
13.1934
12.9874
12.7765
12.6465
12.5196
12.3949
12.2724
12.1519
12.0334
11.9168
11.8021
11.6893
11.5784
11.4693
11.3621
11.2567
11.153
11.0512
10.9511
10.8527
10.7562
10.6613
10.5682
10.4768
10.387
10.2988
10.2122
10.1272
10.0437
9.96169
9.88115
9.80204
9.72433
9.64799
9.57298
9.49928
9.42686
9.35569
9.28575
9.217
9.14942
9.08298
9.01766
8.95344
8.89028
8.82816
8.76707
8.70696
8.64783
8.58963
8.53235
8.47593
8.42003
8.33263
8.25073
8.17418
8.10261
8.03567
7.97304
7.91436
7.85935
7.80772
7.75923
7.71364
7.67075
7.63037
7.59232
7.55644
7.52258
7.49061
7.4604
7.43184
7.40482
7.37925
7.35503
7.33211
7.3105
7.29133
16.0447
15.9051
15.7664
15.6283
15.4903
15.3521
15.2134
15.0738
14.9332
14.7913
14.6482
14.5036
14.3574
14.2095
14.0597
13.908
13.7541
13.5978
13.4391
13.2776
13.1133
12.946
12.7756
12.6023
12.4249
12.3154
12.208
12.1023
11.998
11.8951
11.7934
11.693
11.5937
11.4955
11.3985
11.3026
11.2077
11.1139
11.0212
10.9296
10.8389
10.7493
10.6608
10.5732
10.4867
10.4012
10.3167
10.2333
10.1508
10.0694
9.98905
9.90968
9.83133
9.75398
9.67765
9.60232
9.52798
9.45463
9.38227
9.31088
9.24045
9.17099
9.10247
9.03489
8.96823
8.90249
8.83766
8.77371
8.71063
8.64841
8.58703
8.52647
8.46671
8.4077
8.34913
8.25734
8.17118
8.09046
8.01481
7.94392
7.87745
7.81507
7.75648
7.70141
7.64959
7.60081
7.55486
7.51154
7.47067
7.43209
7.39566
7.36124
7.3287
7.29794
7.26884
7.24131
7.21526
7.19062
7.16739
7.14681
15.1615
15.0102
14.8574
14.7035
14.5489
14.394
14.2389
14.0838
13.929
13.7746
13.6208
13.4677
13.3154
13.1641
13.0136
12.8642
12.7156
12.568
12.4212
12.2751
12.1295
11.9843
11.8394
11.6947
11.5492
11.4605
11.3742
11.2897
11.2069
11.1255
11.0455
10.9666
10.8888
10.8121
10.7363
10.6614
10.5873
10.5139
10.4412
10.3693
10.2979
10.2271
10.1569
10.0872
10.018
9.9493
9.88109
9.81336
9.74611
9.67934
9.61305
9.54725
9.48194
9.41713
9.35283
9.28903
9.22574
9.16298
9.10075
9.03904
8.97788
8.91725
8.85717
8.79763
8.73864
8.6802
8.62231
8.56496
8.50815
8.45188
8.39613
8.34089
8.28616
8.23188
8.17781
8.09243
8.01185
7.93587
7.86426
7.79682
7.7333
7.67344
7.617
7.56378
7.51356
7.46616
7.4214
7.37911
7.33913
7.30134
7.26559
7.23177
7.19977
7.16949
7.14083
7.1137
7.08802
7.06373
7.04083
7.02049
13.6886
13.5436
13.3974
13.2503
13.1029
12.9552
12.8075
12.6599
12.5127
12.3661
12.2203
12.0754
11.9317
11.7894
11.6486
11.5095
11.3723
11.2371
11.1039
10.9728
10.8438
10.717
10.5924
10.47
10.3491
10.2764
10.2066
10.139
10.0733
10.0095
9.94727
9.88658
9.82722
9.76899
9.71181
9.65559
9.60028
9.54579
9.49208
9.43907
9.38671
9.33495
9.28375
9.23306
9.18285
9.13306
9.08367
9.03465
8.98597
8.93761
8.88956
8.84178
8.79429
8.74705
8.70005
8.6533
8.60678
8.56049
8.51442
8.46856
8.42291
8.37747
8.33224
8.28721
8.24239
8.19778
8.15335
8.1091
8.06501
8.02108
7.97731
7.93369
7.89021
7.84685
7.80341
7.73411
7.66823
7.60564
7.54621
7.48985
7.43641
7.38573
7.33769
7.29214
7.24895
7.208
7.16916
7.13233
7.09739
7.06424
7.03279
7.00294
6.97461
6.94771
6.92218
6.89795
6.87496
6.85318
6.83261
6.81422
11.8334
11.7118
11.5889
11.4653
11.3414
11.2173
11.0931
10.969
10.8453
10.722
10.5993
10.4775
10.3567
10.2372
10.1189
10.0023
9.88729
9.77414
9.66296
9.55384
9.4469
9.34222
9.23987
9.13993
9.04197
8.9835
8.92771
8.87386
8.82185
8.77153
8.72277
8.67546
8.62952
8.58488
8.54146
8.49916
8.45791
8.41762
8.37823
8.33967
8.30187
8.26479
8.22837
8.19256
8.15732
8.12261
8.08839
8.05462
8.02126
7.98828
7.95566
7.92337
7.89137
7.85966
7.82819
7.79696
7.76594
7.73511
7.70446
7.67397
7.64362
7.61339
7.58329
7.55328
7.52336
7.4935
7.46348
7.43328
7.40296
7.37254
7.34205
7.3115
7.2809
7.25025
7.21942
7.16978
7.12237
7.07714
7.03399
6.99288
6.9537
6.91638
6.88083
6.84695
6.81468
6.78394
6.75465
6.72675
6.70017
6.67483
6.65068
6.62766
6.60573
6.58482
6.56491
6.54595
6.5279
6.51074
6.49448
6.47984
9.95709
9.86297
9.76807
9.6727
9.57707
9.48135
9.38567
9.29019
9.19507
9.10046
9.00653
8.91345
8.82134
8.73032
8.64051
8.55202
8.46494
8.37938
8.2954
8.21309
8.13251
8.05372
7.97675
7.90164
7.82835
7.7847
7.74308
7.7029
7.66406
7.62647
7.59004
7.55468
7.52039
7.48717
7.45495
7.42364
7.39318
7.36351
7.33456
7.30627
7.27859
7.25148
7.22489
7.19877
7.17309
7.14781
7.1229
7.09832
7.07405
7.05006
7.02632
7.00282
6.97952
6.95642
6.93349
6.91075
6.88824
6.86592
6.84378
6.8218
6.79997
6.77828
6.75671
6.73526
6.71392
6.69268
6.67165
6.65081
6.63013
6.60958
6.58914
6.5688
6.54854
6.52833
6.50808
6.47541
6.44426
6.41463
6.38638
6.35947
6.33381
6.30933
6.28598
6.26368
6.24239
6.22206
6.20263
6.18406
6.16619
6.149
6.13251
6.1167
6.10157
6.08709
6.07326
6.06006
6.04746
6.03545
6.02404
6.01373
8.3
8.23048
8.16051
8.09027
8.01992
7.94958
7.87937
7.80941
7.73982
7.67072
7.60223
7.53445
7.46749
7.40145
7.33642
7.2725
7.20974
7.14824
7.08806
7.02924
6.97186
6.91594
6.86154
6.80866
6.75738
6.72701
6.69817
6.67041
6.64366
6.61785
6.59291
6.56877
6.5454
6.52273
6.50073
6.47935
6.45855
6.43827
6.41848
6.39914
6.38021
6.36165
6.34343
6.32551
6.30787
6.29047
6.27329
6.2563
6.23948
6.2228
6.20624
6.18977
6.17339
6.15707
6.1408
6.12456
6.10836
6.09218
6.07602
6.05988
6.04376
6.02764
6.01153
5.99543
5.97933
5.96324
5.94737
5.93171
5.91622
5.90088
5.88566
5.87053
5.85548
5.84049
5.82543
5.80104
5.77774
5.75559
5.73449
5.7144
5.69525
5.67701
5.65966
5.6432
5.62755
5.61269
5.59856
5.58513
5.57242
5.56039
5.54899
5.53818
5.52792
5.51818
5.50894
5.50016
5.49182
5.4839
5.4764
5.46963
6.92342
6.87335
6.82298
6.77244
6.72185
6.67126
6.62074
6.57038
6.52024
6.47041
6.42097
6.372
6.32358
6.27579
6.22872
6.18245
6.13705
6.09261
6.0492
6.00691
5.9658
5.92596
5.88744
5.85029
5.81449
5.79344
5.77366
5.75479
5.73676
5.71953
5.70303
5.68723
5.67208
5.65752
5.64349
5.62995
5.61686
5.60418
5.59189
5.57996
5.56835
5.55706
5.54604
5.53528
5.52476
5.51445
5.50433
5.49437
5.48456
5.47488
5.4653
5.45581
5.44638
5.43699
5.42762
5.41823
5.40876
5.39922
5.38959
5.37988
5.37009
5.36021
5.35024
5.34019
5.33004
5.31981
5.3095
5.29915
5.28876
5.27832
5.26786
5.25735
5.24681
5.23621
5.22546
5.20777
5.19066
5.17424
5.15845
5.14328
5.12871
5.11473
5.10132
5.08849
5.07621
5.06449
5.0533
5.04263
5.03259
5.02313
5.01419
5.00575
4.99777
4.99021
4.98305
4.97627
4.96985
4.96376
4.958
4.95287
5.84506
5.80964
5.7738
5.73764
5.70122
5.6646
5.62783
5.59098
5.55412
5.51731
5.48063
5.44415
5.40794
5.37209
5.33667
5.30178
5.26749
5.2339
5.20109
5.16915
5.13818
5.10826
5.07948
5.05191
5.02551
5.01012
4.99577
4.98218
4.96931
4.95714
4.94562
4.93471
4.92438
4.91448
4.90481
4.89543
4.88636
4.87762
4.86923
4.86119
4.85349
4.84612
4.83908
4.83234
4.82589
4.81972
4.81381
4.80813
4.80268
4.79742
4.79235
4.78744
4.78266
4.77798
4.77336
4.76879
4.76423
4.75967
4.75509
4.75048
4.74583
4.74113
4.73637
4.73155
4.72665
4.72168
4.71664
4.71152
4.70632
4.70105
4.69569
4.69026
4.68474
4.67914
4.67337
4.6636
4.65397
4.64455
4.63536
4.62639
4.61765
4.60915
4.60085
4.59275
4.58488
4.57724
4.56986
4.56273
4.55587
4.54929
4.543
4.53697
4.53122
4.52573
4.52049
4.5155
4.51074
4.50622
4.50193
4.49811
5.07764
5.05121
5.0243
4.99694
4.96918
4.94106
4.91262
4.8839
4.85494
4.8258
4.79652
4.76716
4.73777
4.70842
4.67917
4.65008
4.62122
4.59267
4.56449
4.53678
4.5096
4.48305
4.4572
4.43213
4.40785
4.39361
4.38023
4.36748
4.35535
4.34381
4.33284
4.3224
4.31249
4.30314
4.29445
4.28635
4.27881
4.27177
4.2652
4.25906
4.25334
4.248
4.24301
4.23837
4.23404
4.23001
4.22627
4.22279
4.21956
4.21656
4.21378
4.21119
4.20868
4.20606
4.20339
4.20073
4.19812
4.19557
4.19309
4.19069
4.18837
4.18613
4.18395
4.18183
4.17977
4.17775
4.17576
4.1738
4.17185
4.16991
4.16796
4.16598
4.16395
4.16187
4.1597
4.1558
4.15187
4.14797
4.14411
4.14027
4.13648
4.13273
4.12902
4.12536
4.12175
4.11818
4.11468
4.11123
4.10787
4.10458
4.10139
4.09829
4.09529
4.0924
4.08961
4.08692
4.08434
4.08187
4.07951
4.07738
4.57264
4.55096
4.52883
4.50626
4.48327
4.45987
4.43608
4.41191
4.38738
4.36251
4.33732
4.31185
4.28611
4.26015
4.23399
4.20768
4.18125
4.15474
4.12821
4.10171
4.07529
4.04902
4.02295
3.99715
3.97169
3.95653
3.94208
3.92815
3.9147
3.90174
3.88924
3.8772
3.8656
3.85451
3.84409
3.83427
3.82501
3.81628
3.80803
3.80024
3.79288
3.78593
3.77936
3.77315
3.76729
3.76176
3.75655
3.75164
3.74701
3.74266
3.73857
3.73474
3.73122
3.7281
3.72535
3.72291
3.72075
3.71883
3.71714
3.71564
3.71432
3.71316
3.71214
3.71126
3.7105
3.70984
3.70928
3.7088
3.7084
3.70806
3.70766
3.70707
3.70636
3.70558
3.70474
3.70317
3.70165
3.70026
3.69898
3.69778
3.69667
3.69562
3.69461
3.69365
3.69271
3.69178
3.69085
3.68991
3.68896
3.68801
3.68706
3.68612
3.6852
3.68429
3.6834
3.68254
3.68171
3.6809
3.68012
3.67941
4.24293
4.2243
4.20519
4.1856
4.16555
4.14503
4.12404
4.10261
4.08073
4.05841
4.03567
4.01252
3.98897
3.96503
3.94073
3.91608
3.89111
3.86584
3.8403
3.81451
3.78852
3.76234
3.73604
3.70964
3.68324
3.66736
3.65208
3.6372
3.62271
3.6086
3.59486
3.58149
3.56847
3.55581
3.54351
3.53159
3.52003
3.50884
3.49802
3.48755
3.47743
3.46765
3.45821
3.4491
3.44031
3.43183
3.42366
3.41578
3.40819
3.40089
3.39386
3.3871
3.3807
3.37481
3.36936
3.36433
3.35966
3.35534
3.35132
3.3476
3.34414
3.34092
3.33794
3.33516
3.33259
3.3302
3.32799
3.32594
3.32405
3.3223
3.32077
3.31952
3.31851
3.3177
3.31707
3.31622
3.31567
3.31537
3.31526
3.31528
3.31542
3.31563
3.3159
3.31621
3.31655
3.31672
3.31674
3.31668
3.31656
3.31642
3.31628
3.31614
3.31602
3.31591
3.31582
3.31575
3.3157
3.31567
3.31565
3.31562
4.02269
4.00598
3.98879
3.97111
3.95295
3.9343
3.91516
3.89553
3.87541
3.8548
3.8337
3.81211
3.79005
3.76751
3.7445
3.72104
3.69712
3.67277
3.64799
3.6228
3.59722
3.57126
3.54496
3.51833
3.49148
3.47522
3.45947
3.44405
3.42895
3.41415
3.39966
3.38546
3.37155
3.35792
3.34458
3.33151
3.31872
3.30621
3.29397
3.282
3.27029
3.25885
3.24767
3.23676
3.2261
3.21569
3.20553
3.19562
3.18596
3.17653
3.16735
3.1584
3.14968
3.14123
3.13303
3.1251
3.11743
3.11004
3.1029
3.09601
3.08938
3.083
3.07685
3.07094
3.06525
3.05978
3.05453
3.04948
3.04464
3.03999
3.03563
3.03166
3.02805
3.02476
3.02174
3.01735
3.01363
3.01049
3.00785
3.0056
3.00369
3.00206
3.00067
2.9995
2.9985
2.99777
2.99728
2.99697
2.9968
2.99674
2.99676
2.99686
2.99701
2.99721
2.99744
2.9977
2.99799
2.99829
2.99861
2.9989
3.8692
3.85388
3.83808
3.82181
3.80504
3.78777
3.77
3.75171
3.73292
3.7136
3.69376
3.67339
3.6525
3.63107
3.60911
3.58663
3.56361
3.54007
3.51601
3.49144
3.46636
3.44079
3.41473
3.38819
3.3613
3.34495
3.32905
3.31342
3.29806
3.28295
3.2681
3.25349
3.23912
3.22499
3.2111
3.19743
3.18399
3.17078
3.15778
3.14501
3.13245
3.1201
3.10797
3.09604
3.08432
3.07281
3.0615
3.05039
3.03948
3.02877
3.01825
3.00793
2.99781
2.98787
2.97813
2.96859
2.95924
2.95009
2.94113
2.93237
2.92381
2.91544
2.90726
2.89928
2.89149
2.88389
2.87648
2.86925
2.8622
2.85534
2.84866
2.84218
2.83591
2.82985
2.82397
2.8149
2.80666
2.79923
2.79252
2.78645
2.78095
2.77595
2.77141
2.76728
2.76352
2.76024
2.75742
2.75498
2.75286
2.75101
2.74939
2.74798
2.74673
2.74563
2.74467
2.74382
2.74308
2.74242
2.74185
2.74136
3.75747
3.7433
3.72866
3.71353
3.6979
3.68177
3.66512
3.64794
3.63024
3.61199
3.5932
3.57385
3.55394
3.53347
3.51243
3.49081
3.46862
3.44584
3.42249
3.39856
3.37405
3.34896
3.32331
3.29708
3.27042
3.25415
3.23831
3.22269
3.2073
3.19212
3.17717
3.16243
3.1479
3.13357
3.11944
3.10551
3.09178
3.07824
3.06489
3.05172
3.03874
3.02594
3.01331
3.00087
2.9886
2.9765
2.96458
2.95282
2.94123
2.92981
2.91855
2.90746
2.89653
2.88576
2.87515
2.86469
2.8544
2.84427
2.83429
2.82447
2.8148
2.8053
2.79594
2.78675
2.7777
2.76882
2.76008
2.7515
2.74307
2.7348
2.72667
2.7187
2.71088
2.70321
2.69564
2.68376
2.67272
2.66252
2.65311
2.6444
2.63634
2.62888
2.62197
2.61556
2.60961
2.6041
2.599
2.59429
2.58993
2.5859
2.58218
2.57873
2.57554
2.57258
2.56985
2.56731
2.56495
2.56276
2.56074
2.55896
3.6741
3.66083
3.6471
3.63288
3.61817
3.60294
3.5872
3.57093
3.55412
3.53676
3.51884
3.50035
3.48129
3.46163
3.44138
3.42054
3.39908
3.37701
3.35432
3.33101
3.30708
3.28252
3.25733
3.23153
3.20523
3.18915
3.17345
3.15796
3.14267
3.12758
3.11268
3.09796
3.08343
3.06908
3.05492
3.04092
3.0271
3.01345
2.99997
2.98665
2.9735
2.96051
2.94767
2.93499
2.92246
2.91009
2.89787
2.88579
2.87387
2.86209
2.85045
2.83895
2.8276
2.81638
2.80531
2.79437
2.78357
2.7729
2.76237
2.75197
2.7417
2.73156
2.72156
2.71169
2.70194
2.69233
2.68284
2.67348
2.66425
2.65515
2.64617
2.63732
2.6286
2.62
2.61145
2.59794
2.58525
2.57341
2.56236
2.55204
2.54239
2.53337
2.52494
2.51704
2.50964
2.50271
2.49622
2.49013
2.48442
2.47907
2.47405
2.46934
2.46492
2.46076
2.45686
2.4532
2.44976
2.44652
2.44349
2.4408
3.61095
3.59839
3.58537
3.57188
3.55789
3.54339
3.52838
3.51284
3.49676
3.48012
3.46292
3.44514
3.42678
3.40781
3.38824
3.36805
3.34724
3.32579
3.30369
3.28096
3.25756
3.23352
3.20881
3.18344
3.15755
3.14169
3.12619
3.11088
3.09575
3.0808
3.06602
3.05142
3.03698
3.0227
3.00859
2.99464
2.98084
2.96721
2.95372
2.94038
2.92719
2.91415
2.90125
2.8885
2.87588
2.86341
2.85106
2.83886
2.82679
2.81485
2.80304
2.79135
2.7798
2.76837
2.75707
2.74588
2.73483
2.72389
2.71307
2.70237
2.69179
2.68132
2.67097
2.66074
2.65062
2.64061
2.63072
2.62094
2.61126
2.6017
2.59225
2.58291
2.57367
2.56455
2.55545
2.54101
2.52738
2.5146
2.50261
2.49135
2.48078
2.47084
2.46149
2.4527
2.44443
2.43664
2.4293
2.42238
2.41586
2.40971
2.40391
2.39844
2.39327
2.38839
2.38378
2.37943
2.37532
2.37143
2.36777
2.36452
3.56288
3.55088
3.53843
3.52551
3.5121
3.49819
3.48377
3.46882
3.45332
3.43728
3.42067
3.40347
3.38569
3.3673
3.34829
3.32866
3.30839
3.28747
3.2659
3.24366
3.22075
3.19717
3.1729
3.14795
3.12246
3.10682
3.09153
3.07642
3.06146
3.04667
3.03205
3.01758
3.00326
2.9891
2.97509
2.96123
2.94751
2.93394
2.92051
2.90722
2.89407
2.88105
2.86817
2.85542
2.84281
2.83032
2.81795
2.80572
2.7936
2.78161
2.76974
2.75799
2.74636
2.73485
2.72345
2.71216
2.70099
2.68993
2.67898
2.66814
2.6574
2.64678
2.63626
2.62584
2.61553
2.60533
2.59522
2.58522
2.57532
2.56551
2.55581
2.5462
2.5367
2.52728
2.51788
2.50294
2.48879
2.47549
2.46298
2.45119
2.44009
2.42963
2.41977
2.41046
2.40168
2.39339
2.38556
2.37816
2.37116
2.36454
2.35829
2.35236
2.34676
2.34145
2.33643
2.33167
2.32716
2.32288
2.31885
2.31527
3.52652
3.51498
3.50299
3.49053
3.4776
3.46416
3.45022
3.43575
3.42074
3.40518
3.38905
3.37234
3.35503
3.33712
3.31859
3.29943
3.27962
3.25915
3.23802
3.21622
3.19373
3.17056
3.14668
3.12211
3.09698
3.08155
3.06646
3.05152
3.03674
3.02211
3.00764
2.99331
2.97913
2.96509
2.95119
2.93744
2.92382
2.91034
2.89699
2.88378
2.87069
2.85774
2.84491
2.83221
2.81963
2.80717
2.79483
2.78262
2.77052
2.75853
2.74666
2.73491
2.72326
2.71173
2.70031
2.68899
2.67778
2.66668
2.65568
2.64478
2.63399
2.62329
2.6127
2.6022
2.59181
2.58151
2.5713
2.5612
2.55118
2.54126
2.53143
2.52169
2.51204
2.50248
2.49292
2.47772
2.4633
2.44973
2.43693
2.42486
2.41348
2.40273
2.39258
2.38299
2.37392
2.36535
2.35724
2.34957
2.3423
2.33542
2.3289
2.32273
2.31687
2.31132
2.30606
2.30106
2.29632
2.29182
2.28758
2.28381
3.49973
3.48856
3.47695
3.46487
3.45232
3.43927
3.42572
3.41165
3.39704
3.38188
3.36615
3.34984
3.33294
3.31543
3.2973
3.27853
3.25911
3.23904
3.21829
3.19686
3.17473
3.15191
3.12838
3.10414
3.07933
3.06408
3.04917
3.0344
3.01978
3.0053
2.99096
2.97677
2.96271
2.9488
2.93501
2.92136
2.90784
2.89446
2.8812
2.86806
2.85506
2.84217
2.82941
2.81677
2.80425
2.79184
2.77955
2.76737
2.75531
2.74336
2.73152
2.71979
2.70816
2.69664
2.68523
2.67392
2.66271
2.65161
2.6406
2.6297
2.61889
2.60818
2.59756
2.58704
2.57661
2.56628
2.55604
2.54589
2.53583
2.52585
2.51597
2.50617
2.49646
2.48683
2.47719
2.46187
2.44732
2.4336
2.42066
2.40845
2.39692
2.38602
2.37572
2.36598
2.35676
2.34804
2.33978
2.33196
2.32455
2.31753
2.31086
2.30455
2.29855
2.29287
2.28747
2.28234
2.27748
2.27286
2.26849
2.26461
)
;

boundaryField
{
    wallL
    {
        type            omegaWallFunction;
        blending        binomial;
        n               2;
        value           nonuniform List<scalar> 
425
(
137.026
145.99
153.164
158.892
163.449
167.049
169.865
172.036
173.681
174.896
175.761
176.341
176.691
176.854
176.867
176.76
176.557
176.278
175.939
175.554
175.133
174.685
174.219
173.739
173.25
172.757
172.264
171.771
171.283
170.8
170.325
169.857
169.399
168.95
168.512
168.085
167.669
167.264
166.874
166.499
166.136
165.784
165.444
165.114
164.793
164.481
164.177
163.881
163.592
163.311
163.036
162.768
162.505
162.249
161.997
161.752
161.511
161.274
161.042
160.814
160.59
160.37
160.153
159.939
159.728
159.52
159.314
159.11
158.908
158.707
158.508
158.309
158.112
157.915
157.718
157.521
157.323
157.126
156.927
156.727
156.526
156.323
156.118
155.912
155.702
155.491
155.276
155.059
154.838
154.614
154.387
154.156
153.921
153.682
153.439
153.192
152.941
152.685
152.425
152.161
151.885
151.532
151.082
150.502
149.75
148.734
148.086
147.397
146.681
145.942
145.18
144.393
143.584
142.752
141.901
141.031
140.144
139.241
138.324
137.395
136.455
135.507
134.551
133.591
132.618
132.013
131.402
130.794
130.188
129.585
128.984
128.386
127.79
127.197
126.607
126.02
125.436
124.855
124.278
123.705
123.135
122.569
122.007
121.449
120.895
120.345
119.8
119.259
118.722
118.19
117.663
117.14
116.621
116.108
115.599
115.095
114.595
114.101
113.611
113.126
112.646
112.171
111.701
111.235
110.775
110.319
109.868
109.422
108.98
108.543
108.111
107.684
107.261
106.843
106.43
106.021
105.617
105.217
104.822
104.431
104.044
103.662
103.284
102.911
102.542
102.176
101.815
101.458
101.105
100.757
100.412
100.071
99.7333
99.3999
99.0703
98.7443
98.4221
98.1034
97.7883
97.4767
97.1686
96.8639
96.5626
96.2646
95.9698
95.6783
95.39
95.1048
94.8227
94.5437
94.2676
93.9945
93.7243
93.4569
93.1924
92.9306
92.6716
92.4152
92.1615
91.9104
91.6619
91.4158
91.1723
90.9312
90.6925
90.4561
90.2221
89.9903
89.7609
89.5336
89.3085
89.0856
88.8648
88.646
88.4294
88.2147
88.0021
87.7914
87.5827
87.3759
87.1711
86.9681
86.767
86.5678
86.3705
86.1752
85.9819
85.7907
85.6021
85.4168
85.0937
84.7843
84.4806
84.1805
83.8853
83.5958
83.3123
83.0351
82.7643
82.5001
82.2423
81.9912
81.7465
81.5082
81.2762
81.0504
80.8307
80.6169
80.4089
80.2066
80.0097
79.8182
79.6319
79.4507
79.2744
79.1029
78.9361
78.7738
78.616
78.4624
78.313
78.1677
78.0264
77.8889
77.7551
77.625
77.4984
77.3752
77.2554
77.1388
77.0254
76.9151
76.8078
76.7033
76.6017
76.5028
76.4066
76.313
76.2219
76.1333
76.047
75.963
75.8813
75.8018
75.7244
75.6491
75.5758
75.5044
75.4348
75.3665
75.2997
75.2341
75.1699
75.107
75.0454
74.9852
74.9262
74.8685
74.8121
74.757
74.7031
74.6505
74.5992
74.5493
74.5005
74.3959
74.2902
74.1821
74.0713
73.9578
73.8418
73.7236
73.6035
73.4819
73.3592
73.2389
73.1208
73.0045
72.8901
72.7775
72.6669
72.559
72.4545
72.3539
72.2578
72.1666
72.081
72.0011
71.9262
71.8513
71.8104
71.7767
71.7482
71.724
71.7037
71.6871
71.674
71.6639
71.6568
71.6524
71.6506
71.651
71.6537
71.6584
71.6649
71.6732
71.6832
71.6946
71.7073
71.7214
71.7366
71.7529
71.7701
71.7883
71.8073
71.827
71.8474
71.8685
71.8901
71.9123
71.9349
71.9579
71.9813
72.005
72.029
72.0533
72.0778
72.1025
72.1273
72.1524
72.1775
72.2028
72.2282
72.2537
72.2793
72.305
72.3308
72.3569
72.3831
72.4089
72.4483
72.4858
72.5225
72.5579
72.5915
72.6231
72.653
72.6812
72.7079
72.733
72.7567
72.7785
72.7987
72.8173
72.8344
72.8502
72.8647
72.8781
72.8905
72.902
72.9126
72.9226
72.9321
72.9414
72.952
)
;
    }
    wallR
    {
        type            omegaWallFunction;
        blending        binomial;
        n               2;
        value           nonuniform List<scalar> 
200
(
137.016
145.979
153.153
158.88
163.436
167.037
169.852
172.024
173.669
174.884
175.748
176.329
176.678
176.842
176.855
176.749
176.546
176.267
175.928
175.543
175.123
174.676
174.209
173.73
173.242
172.75
172.257
171.765
171.278
170.796
170.321
169.855
169.398
168.951
168.515
168.089
167.676
167.273
166.887
166.514
166.155
165.808
165.473
165.148
164.833
164.527
164.231
163.943
163.664
163.393
163.13
162.874
162.626
162.386
162.152
161.925
161.706
161.493
161.287
161.088
160.895
160.709
160.53
160.358
160.192
160.033
159.881
159.735
159.597
159.466
159.343
159.226
159.118
159.018
158.925
158.842
158.767
158.701
158.643
158.592
158.551
158.52
158.5
158.491
158.496
158.515
158.549
158.6
158.669
158.758
158.868
159.001
159.159
159.345
159.56
159.806
160.082
160.386
160.702
161
52.2701
54.7081
56.2418
57.3154
58.1264
58.7809
59.3341
59.8146
60.236
60.6049
60.9261
61.2051
61.4476
61.6596
61.8467
62.0133
62.1631
62.2996
62.4258
62.5444
62.6575
62.7667
62.873
62.9753
63.0987
63.1821
63.2561
63.3255
63.3908
63.4548
63.5189
63.5835
63.6484
63.7137
63.7794
63.8453
63.9114
63.9777
64.0439
64.1101
64.1763
64.2425
64.3086
64.3745
64.4402
64.5056
64.5706
64.6352
64.6994
64.763
64.8261
64.8886
64.9504
65.0116
65.0722
65.1322
65.1915
65.2502
65.3083
65.3657
65.4226
65.4789
65.5346
65.5898
65.6445
65.6987
65.7525
65.8058
65.8587
65.9112
65.9635
66.0154
66.067
66.1182
66.1663
66.2393
66.311
66.3819
66.4509
66.5166
66.5787
66.6374
66.6928
66.7451
66.7946
66.8414
66.8857
66.9276
66.9674
67.0051
67.0409
67.0749
67.1073
67.1382
67.1678
67.1963
67.224
67.2513
67.2791
67.3113
)
;
    }
    wallExpansion
    {
        type            omegaWallFunction;
        blending        binomial;
        n               2;
        value           nonuniform List<scalar> 
225
(
1.57427e+06
241381
73389.3
30064.7
14446.7
7751.53
5283.39
4193.93
3468.64
2952.22
2572.59
2288.17
2071.02
1901.59
1765.89
1644.91
1531.77
1431.8
1344.45
1267.75
1197.82
1124.73
1038.39
980.551
1156.68
764.205
734.386
712.434
690.714
669.745
649.911
631.116
613.252
596.254
580.073
564.657
549.954
535.917
522.502
509.668
497.378
485.597
474.294
463.439
453.006
442.97
433.309
424
415.026
406.368
398.01
389.936
382.132
374.585
367.281
360.211
353.362
346.724
340.289
334.046
327.989
322.108
316.396
310.846
305.452
300.207
295.105
290.141
285.309
280.604
276.022
271.558
267.207
262.965
258.829
254.794
250.856
247.013
243.261
239.597
236.017
232.52
229.102
225.761
222.495
219.3
216.174
213.117
210.124
207.195
204.328
201.52
198.77
196.077
193.437
190.851
188.316
185.832
183.396
181.007
178.664
176.366
174.111
171.899
169.728
167.597
165.505
163.451
161.434
159.453
157.508
155.596
153.718
151.873
150.06
148.277
146.525
144.802
143.109
141.443
139.805
138.193
136.608
135.049
133.514
132.004
130.518
129.055
127.616
126.205
124.818
123.455
122.114
120.793
119.494
118.214
116.953
115.711
114.487
113.282
112.093
110.922
109.768
108.631
107.51
106.406
105.318
104.247
103.194
102.166
100.625
98.8642
97.1359
95.4506
93.8187
92.2428
90.7223
89.2557
87.8414
86.4778
85.1627
83.8942
82.6701
81.4886
80.3477
79.2456
78.1806
77.151
76.1552
75.1919
74.2595
73.3568
72.4825
71.6355
70.8145
70.0185
69.2465
68.4976
67.7708
67.0652
66.3801
65.7145
65.0679
64.4394
63.8284
63.2341
62.6561
62.0937
61.5463
61.0134
60.4944
59.989
59.4964
59.0164
58.5485
58.0922
57.6471
57.2129
56.789
56.3753
55.9712
55.5764
55.1906
54.8134
54.4444
54.0834
53.7299
53.3837
53.0443
52.7114
52.3845
52.0634
51.7474
51.4361
51.1289
50.8251
50.524
50.2246
49.9257
49.6257
49.3224
49.0136
48.6968
48.3898
48.3334
)
;
    }
    inlet
    {
        type            fixedValue;
        value           uniform 8;
    }
    outlet
    {
        type            zeroGradient;
    }
    twoD
    {
        type            empty;
    }
    collapsedFaces
    {
        type            empty;
    }
}


// ************************************************************************* //
