/*--------------------------------*- C++ -*----------------------------------*\
| =========                 |                                                 |
| \\      /  F ield         | OpenFOAM: The Open Source CFD Toolbox           |
|  \\    /   O peration     | Version:  2412                                  |
|   \\  /    A nd           | Website:  www.openfoam.com                      |
|    \\/     M anipulation  |                                                 |
\*---------------------------------------------------------------------------*/
FoamFile
{
    version     2.0;
    format      ascii;
    arch        "LSB;label=32;scalar=64";
    class       labelList;
    location    "constant/fluid/polyMesh";
    object      faceProcAddressing;
}
// * * * * * * * * * * * * * * * * * * * * * * * * * * * * * * * * * * * * * //


105187
(
390698
390699
390700
393698
393699
393700
396698
396699
396700
399698
399699
399700
402698
402699
402700
405698
405699
405700
408698
408699
408700
411698
411699
411700
413699
413700
444058
444059
444060
444178
444179
444180
444298
444299
444300
444418
444419
444420
444538
444539
444540
444658
444659
444660
444778
444779
444780
444898
444900
445258
445259
445260
445378
445379
445380
445498
445499
445500
445618
445619
445620
445738
445739
445740
445858
445859
445860
445978
445979
445980
446098
446099
446100
446458
446459
446460
446578
446579
446580
446698
446699
446700
446818
446819
446820
446938
446939
446940
447058
447059
447060
447178
447179
447180
447298
447299
447300
447658
447659
447660
447778
447779
447780
447898
447899
447900
448018
448019
448020
448138
448139
448140
448258
448259
448260
448378
448379
448380
448498
448499
448500
448858
448859
448860
448978
448979
448980
449098
449099
449100
449218
449219
449220
449338
449339
449340
449458
449459
449460
449578
449579
449580
449698
449699
449700
450058
450059
450060
450178
450179
450180
450298
450299
450300
450418
450419
450420
450538
450539
450540
450658
450659
450660
450778
450779
450780
450898
450899
450900
451258
451259
451260
451378
451379
451380
451498
451499
451500
451618
451619
451620
451738
451739
451740
451858
451859
451860
451978
451979
451980
452098
452099
452100
452458
452459
452460
452578
452579
452580
452698
452699
452700
452818
452819
452820
452938
452939
452940
453058
453059
453060
453178
453179
453180
453298
453299
453300
453658
453659
453660
453778
453779
453780
453895
453896
453897
453898
453899
453900
454015
454016
454017
454018
454019
454020
454135
454136
454137
454138
454139
454140
454255
454256
454257
454258
454259
454260
454375
454377
454378
454379
454380
454498
454499
454500
454738
454739
454740
454858
454859
454860
454978
454979
454980
455092
455093
455094
455095
455096
455097
455098
455099
455100
455212
455213
455214
455215
455216
455217
455218
455219
455220
455332
455334
455335
455336
455337
455338
455339
455340
455455
455456
455457
455458
455459
455460
455575
455576
455577
455578
455579
455580
455695
455696
455698
455699
455700
455938
455939
455940
456058
456059
456060
456178
456179
456180
456292
456293
456294
456295
456296
456297
456298
456299
456300
456412
456413
456414
456415
456416
456417
456418
456419
456420
456532
456534
456535
456536
456537
456538
456539
456540
456655
456656
456657
456658
456659
456660
456775
456776
456777
456778
456779
456780
456895
456896
456897
456898
456899
456900
457138
457139
457140
457258
457259
457260
457375
457376
457377
457378
457379
457380
457492
457493
457494
457495
457496
457497
457498
457499
457500
457612
457613
457614
457615
457616
457617
457618
457619
457620
457732
457733
457734
457735
457736
457737
457738
457739
457740
457852
457853
457854
457855
457856
457857
457858
457859
457860
457972
457974
457975
457976
457977
457978
457979
457980
458095
458096
458097
458098
458099
458100
458338
458339
458340
458458
458459
458460
458575
458576
458577
458578
458579
458580
458692
458693
458694
458695
458696
458697
458698
458699
458700
458812
458813
458814
458815
458816
458817
458818
458819
458820
458932
458933
458934
458935
458936
458937
458938
458939
458940
459052
459053
459054
459055
459056
459057
459058
459059
459060
459172
459174
459175
459176
459177
459178
459179
459180
459295
459296
459297
459298
459299
459300
459538
459539
459540
459658
459659
459660
459775
459776
459777
459778
459779
459780
459892
459893
459894
459895
459896
459897
459898
459899
459900
460012
460013
460014
460015
460016
460017
460018
460019
460020
460132
460133
460134
460135
460136
460137
460138
460139
460140
460252
460253
460254
460255
460256
460257
460258
460259
460260
460372
460373
460374
460375
460376
460377
460378
460379
460380
460492
460493
460495
460496
460497
460498
460499
460500
460618
460619
460620
460738
460739
460740
460858
460859
460860
460975
460976
460977
460978
460979
460980
461092
461093
461094
461095
461096
461097
461098
461099
461100
461212
461213
461214
461215
461216
461217
461218
461219
461220
461332
461333
461334
461335
461336
461337
461338
461339
461340
461452
461453
461454
461455
461456
461457
461458
461459
461460
461572
461573
461574
461575
461576
461577
461578
461579
461580
461692
461695
461696
461697
461698
461699
461700
461818
461819
461820
461938
461939
461940
462058
462059
462060
462175
462176
462177
462178
462179
462180
462292
462293
462295
462296
462297
462298
462299
462300
462412
462413
462415
462416
462417
462418
462419
462420
462532
462533
462535
462536
462537
462538
462539
462540
462652
462653
462655
462656
462657
462658
462659
462660
462772
462775
462776
462777
462778
462779
462780
462895
462896
462897
462898
462899
462900
463018
463019
463020
463138
463139
463140
463258
463259
463260
463375
463376
463377
463378
463379
463380
463495
463496
463497
463498
463499
463500
463615
463616
463617
463618
463619
463620
463735
463736
463737
463738
463739
463740
463855
463856
463857
463858
463859
463860
463975
463976
463977
463978
463979
463980
464095
464096
464097
464098
464099
464100
464218
464219
464220
464338
464339
464340
464458
464459
464460
464575
464576
464577
464578
464579
464580
464695
464696
464697
464698
464699
464700
464815
464816
464817
464818
464819
464820
464935
464936
464937
464938
464939
464940
465055
465056
465057
465058
465059
465060
465175
465176
465177
465178
465179
465180
465295
465296
465297
465298
465299
465300
465418
465419
465420
465538
465539
465540
465658
465659
465660
465775
465776
465777
465778
465779
465780
465895
465896
465897
465898
465899
465900
466015
466016
466017
466018
466019
466020
466135
466136
466137
466138
466139
466140
466255
466256
466257
466258
466259
466260
466375
466376
466377
466378
466379
466380
466495
466496
466497
466498
466499
466500
466618
466619
466620
466738
466739
466740
466858
466859
466860
466975
466976
466977
466978
466979
466980
467095
467096
467097
467098
467099
467100
467215
467216
467217
467218
467219
467220
467335
467336
467337
467338
467339
467340
467455
467456
467457
467458
467459
467460
467575
467576
467577
467578
467579
467580
467695
467696
467697
467698
467699
467700
467818
467819
467820
467938
467939
467940
468058
468059
468060
468175
468176
468177
468178
468179
468180
468295
468296
468297
468298
468299
468300
468415
468416
468417
468418
468419
468420
468535
468536
468537
468538
468539
468540
468655
468656
468657
468658
468659
468660
468775
468776
468777
468778
468779
468780
468895
468896
468897
468898
468899
468900
469018
469019
469020
469138
469139
469140
469258
469259
469260
469375
469376
469377
469378
469379
469380
469495
469496
469497
469498
469499
469500
469615
469616
469617
469618
469619
469620
469735
469736
469737
469738
469739
469740
469855
469856
469857
469858
469859
469860
469975
469976
469977
469978
469979
469980
470095
470096
470097
470098
470099
470100
470218
470219
470220
470338
470339
470340
470458
470459
470460
470575
470576
470577
470578
470579
470580
470695
470696
470697
470698
470699
470700
470815
470816
470817
470818
470819
470820
470935
470936
470937
470938
470939
470940
471055
471056
471057
471058
471059
471060
471175
471176
471177
471178
471179
471180
471295
471296
471297
471298
471299
471300
471418
471419
471420
471538
471539
471540
471658
471659
471660
471775
471776
471777
471778
471779
471780
471895
471896
471897
471898
471899
471900
472015
472016
472017
472018
472019
472020
472135
472136
472137
472138
472139
472140
472255
472256
472257
472258
472259
472260
472375
472376
472377
472378
472379
472380
472495
472496
472497
472498
472499
472500
472579
472580
472659
472660
472739
472740
472817
472818
472819
472820
472897
472898
472899
472900
472977
472978
472979
472980
473057
473058
473059
473060
473137
473138
473139
473140
473217
473218
473219
473220
473297
473298
473299
473300
550378
550379
550380
550498
550499
550500
550618
550619
550620
550738
550739
550740
550858
550859
550860
550978
550979
550980
551098
551099
551100
551218
551219
551220
551338
551339
551340
551459
551460
553338
553339
553340
553458
553459
553460
553578
553579
553580
553698
553699
553700
553818
553819
553820
553938
553939
553940
554058
554059
554060
554178
554179
554180
554298
554299
554300
554418
554419
554420
554539
554540
556298
556299
556300
556418
556419
556420
556538
556539
556540
556658
556659
556660
556778
556779
556780
556898
556899
556900
557018
557019
557020
557138
557139
557140
557258
557259
557260
557378
557379
557380
557498
557499
557500
557618
557619
557620
557739
557740
559258
559259
559260
559378
559379
559380
559498
559499
559500
559618
559619
559620
559738
559739
559740
559858
559859
559860
559978
559979
559980
560098
560099
560100
560218
560219
560220
560338
560339
560340
560458
560459
560460
560578
560579
560580
560698
560699
560700
560818
560819
560820
560938
560939
560940
561058
561059
561060
561178
561179
561180
561298
561299
561300
561418
561419
561420
561538
561539
561540
561658
561659
561660
561778
561779
561780
561898
561899
561900
562018
562019
562020
562099
562100
562218
562219
562220
562338
562339
562340
562458
562459
562460
562578
562579
562580
562698
562699
562700
562818
562819
562820
562938
562939
562940
563058
563059
563060
563178
563179
563180
563298
563299
563300
563418
563419
563420
563538
563539
563540
563658
563659
563660
563778
563779
563780
563898
563899
563900
564018
564019
564020
564138
564139
564140
564258
564259
564260
564378
564379
564380
564498
564499
564500
564618
564619
564620
564738
564739
564740
564858
564859
564860
564978
564979
564980
565059
565060
565178
565179
565180
565298
565299
565300
565418
565419
565420
565538
565539
565540
565658
565659
565660
565778
565779
565780
565898
565899
565900
566018
566019
566020
566138
566139
566140
566258
566259
566260
566378
566379
566380
566498
566499
566500
566618
566619
566620
566738
566739
566740
566858
566859
566860
566978
566979
566980
567098
567099
567100
567218
567219
567220
567338
567339
567340
567458
567459
567460
567578
567579
567580
567698
567699
567700
567818
567819
567820
567938
567939
567940
568019
568020
568138
568139
568140
568258
568259
568260
568378
568379
568380
568498
568499
568500
568618
568619
568620
568738
568739
568740
568858
568859
568860
568978
568979
568980
569098
569099
569100
569218
569219
569220
569338
569339
569340
569458
569459
569460
569578
569579
569580
569698
569699
569700
569818
569819
569820
569938
569939
569940
570058
570059
570060
570178
570179
570180
570298
570299
570300
570418
570419
570420
570538
570539
570540
570658
570659
570660
570778
570779
570780
570898
570899
570900
570979
570980
571098
571099
571100
571218
571219
571220
571338
571339
571340
571458
571459
571460
571578
571579
571580
571698
571699
571700
571818
571819
571820
571938
571939
571940
572058
572059
572060
572178
572179
572180
572298
572299
572300
572418
572419
572420
572538
572539
572540
572658
572659
572660
572778
572779
572780
572898
572899
572900
573018
573019
573020
573138
573139
573140
573258
573259
573260
573378
573379
573380
573498
573499
573500
573618
573619
573620
573738
573739
573740
573858
573859
573860
573939
573940
574058
574059
574060
574178
574179
574180
574298
574299
574300
574418
574419
574420
574538
574539
574540
574658
574659
574660
574778
574779
574780
574898
574899
574900
575018
575019
575020
575138
575139
575140
575258
575259
575260
575378
575379
575380
575498
575499
575500
575618
575619
575620
575738
575739
575740
575858
575859
575860
575978
575979
575980
576098
576099
576100
576218
576219
576220
576338
576339
576340
576458
576459
576460
576578
576579
576580
576698
576699
576700
576818
576819
576820
576899
576900
577015
577017
577018
577019
577020
577138
577139
577140
577258
577259
577260
577378
577379
577380
577498
577499
577500
577618
577619
577620
577738
577739
577740
577858
577859
577860
577978
577979
577980
578098
578099
578100
578218
578219
578220
578338
578339
578340
578458
578459
578460
578578
578579
578580
578698
578699
578700
578818
578819
578820
578938
578939
578940
579058
579059
579060
579178
579179
579180
579298
579299
579300
579418
579419
579420
579538
579539
579540
579658
579659
579660
579778
579779
579780
579859
579860
579975
579976
579977
579978
579979
579980
580095
580097
580098
580099
580100
580218
580219
580220
580338
580339
580340
580458
580459
580460
580578
580579
580580
580698
580699
580700
580818
580819
580820
580938
580939
580940
581058
581059
581060
581178
581179
581180
581298
581299
581300
581418
581419
581420
581538
581539
581540
581658
581659
581660
581778
581779
581780
581898
581899
581900
582018
582019
582020
582138
582139
582140
582258
582259
582260
582378
582379
582380
582498
582499
582500
582618
582619
582620
582738
582739
582740
582819
582820
582935
582936
582937
582938
582939
582940
583055
583057
583058
583059
583060
583178
583179
583180
583298
583299
583300
583418
583419
583420
583538
583539
583540
583658
583659
583660
583778
583779
583780
583898
583899
583900
584018
584019
584020
584138
584139
584140
584258
584259
584260
584378
584379
584380
584498
584499
584500
584618
584619
584620
584738
584739
584740
584858
584859
584860
584978
584979
584980
585098
585099
585100
585218
585219
585220
585338
585339
585340
585458
585459
585460
585578
585579
585580
585698
585699
585700
585779
585780
585895
585896
585897
585898
585899
585900
586015
586017
586018
586019
586020
586138
586139
586140
586258
586259
586260
586378
586379
586380
586498
586499
586500
586618
586619
586620
586738
586739
586740
586858
586859
586860
586978
586979
586980
587098
587099
587100
587218
587219
587220
587338
587339
587340
587458
587459
587460
587578
587579
587580
587698
587699
587700
587818
587819
587820
587938
587939
587940
588058
588059
588060
588178
588179
588180
588298
588299
588300
588418
588419
588420
588538
588539
588540
588658
588659
588660
588739
588740
588855
588856
588857
588858
588859
588860
588975
588977
588978
588979
588980
589098
589099
589100
589218
589219
589220
589338
589339
589340
589458
589459
589460
589578
589579
589580
589698
589699
589700
589818
589819
589820
589938
589939
589940
590058
590059
590060
590178
590179
590180
590298
590299
590300
590418
590419
590420
590538
590539
590540
590658
590659
590660
590778
590779
590780
590898
590899
590900
591018
591019
591020
591138
591139
591140
591258
591259
591260
591378
591379
591380
591498
591499
591500
591618
591619
591620
591699
591700
591815
591816
591817
591818
591819
591820
591935
591937
591938
591939
591940
592058
592059
592060
592178
592179
592180
592298
592299
592300
592418
592419
592420
592538
592539
592540
592658
592659
592660
592778
592779
592780
592898
592899
592900
593018
593019
593020
593138
593139
593140
593258
593259
593260
593378
593379
593380
593498
593499
593500
593618
593619
593620
593738
593739
593740
593858
593859
593860
593978
593979
593980
594098
594099
594100
594218
594219
594220
594338
594339
594340
594458
594459
594460
594578
594579
594580
594659
594660
594775
594776
594777
594778
594779
594780
594895
594897
594898
594899
594900
595018
595019
595020
595138
595139
595140
595258
595259
595260
595378
595379
595380
595498
595499
595500
595618
595619
595620
595738
595739
595740
595858
595859
595860
595978
595979
595980
596098
596099
596100
596218
596219
596220
596338
596339
596340
596458
596459
596460
596578
596579
596580
596698
596699
596700
596818
596819
596820
596938
596939
596940
597058
597059
597060
597178
597179
597180
597298
597299
597300
597418
597419
597420
597538
597539
597540
597619
597620
597735
597736
597737
597738
597739
597740
597855
597857
597858
597859
597860
597978
597979
597980
598098
598099
598100
598218
598219
598220
598338
598339
598340
598458
598459
598460
598578
598579
598580
598698
598699
598700
598818
598819
598820
598938
598939
598940
599058
599059
599060
599178
599179
599180
599298
599299
599300
599418
599419
599420
599538
599539
599540
599658
599659
599660
599778
599779
599780
599898
599899
599900
600018
600019
600020
600138
600139
600140
600258
600259
600260
600378
600379
600380
600498
600499
600500
600579
600580
600695
600696
600697
600698
600699
600700
600815
600817
600818
600819
600820
600938
600939
600940
601058
601059
601060
601178
601179
601180
601298
601299
601300
601418
601419
601420
601538
601539
601540
601658
601659
601660
601778
601779
601780
601898
601899
601900
602018
602019
602020
602138
602139
602140
602258
602259
602260
602378
602379
602380
602498
602499
602500
602618
602619
602620
602738
602739
602740
602858
602859
602860
602978
602979
602980
603098
603099
603100
603218
603219
603220
603338
603339
603340
603458
603459
603460
603539
603540
603655
603656
603657
603658
603659
603660
603775
603777
603778
603779
603780
603898
603899
603900
604018
604019
604020
604138
604139
604140
604258
604259
604260
604378
604379
604380
604498
604499
604500
604618
604619
604620
604738
604739
604740
604858
604859
604860
604978
604979
604980
605098
605099
605100
605218
605219
605220
605338
605339
605340
605458
605459
605460
605578
605579
605580
605698
605699
605700
605818
605819
605820
605938
605939
605940
606058
606059
606060
606178
606179
606180
606298
606299
606300
606418
606419
606420
606499
606500
606615
606616
606617
606618
606619
606620
606735
606737
606738
606739
606740
606858
606859
606860
606978
606979
606980
607098
607099
607100
607218
607219
607220
607338
607339
607340
607458
607459
607460
607578
607579
607580
607698
607699
607700
607818
607819
607820
607938
607939
607940
608058
608059
608060
608178
608179
608180
608298
608299
608300
608418
608419
608420
608538
608539
608540
608658
608659
608660
608778
608779
608780
608898
608899
608900
609018
609019
609020
609138
609139
609140
609258
609259
609260
609378
609379
609380
609459
609460
609575
609576
609577
609578
609579
609580
609695
609697
609698
609699
609700
609818
609819
609820
609938
609939
609940
610058
610059
610060
610178
610179
610180
610298
610299
610300
610418
610419
610420
610538
610539
610540
610658
610659
610660
610778
610779
610780
610898
610899
610900
611018
611019
611020
611138
611139
611140
611258
611259
611260
611378
611379
611380
611498
611499
611500
611618
611619
611620
611738
611739
611740
611858
611859
611860
611978
611979
611980
612098
612099
612100
612218
612219
612220
612338
612339
612340
612419
612420
612535
612536
612537
612538
612539
612540
612655
612657
612658
612659
612660
612778
612779
612780
612898
612899
612900
613018
613019
613020
613138
613139
613140
613258
613259
613260
613378
613379
613380
613498
613499
613500
613618
613619
613620
613738
613739
613740
613858
613859
613860
613978
613979
613980
614098
614099
614100
614218
614219
614220
614338
614339
614340
614458
614459
614460
614578
614579
614580
614698
614699
614700
614818
614819
614820
614938
614939
614940
615058
615059
615060
615178
615179
615180
615298
615299
615300
615379
615380
615495
615496
615497
615498
615499
615500
615615
615617
615618
615619
615620
615738
615739
615740
615858
615859
615860
615978
615979
615980
616098
616099
616100
616218
616219
616220
616338
616339
616340
616458
616459
616460
616578
616579
616580
616698
616699
616700
616818
616819
616820
616938
616939
616940
617058
617059
617060
617178
617179
617180
617298
617299
617300
617418
617419
617420
617538
617539
617540
617658
617659
617660
617778
617779
617780
617898
617899
617900
618018
618019
618020
618138
618139
618140
618258
618259
618260
618339
618340
618417
618418
618419
618420
618497
618499
618500
618579
618580
618659
618660
618739
618740
618819
618820
618899
618900
618979
618980
619059
619060
619139
619140
619219
619220
619299
619300
619379
619380
619459
619460
619539
619540
619619
619620
619699
619700
619779
619780
619859
619860
619939
619940
620019
620020
620099
620100
620179
620180
620259
620260
620300
639059
639061
639062
639063
639065
639066
639067
639069
639070
639071
639072
639073
639074
639075
639076
639077
639078
639079
639080
639081
639082
639083
639084
639085
639086
639087
639088
639089
639090
639106
639108
639109
639111
639112
639114
639115
639116
639117
639118
639119
639120
639145
639146
639147
639148
639149
639150
639175
639177
639178
639179
639180
639208
639209
639210
639239
639240
639801
639802
639803
639804
639805
639806
639807
639808
639809
639810
639811
639812
639813
639814
639815
639816
639817
639818
639819
639820
639821
639822
639823
639824
639825
639826
639827
639828
639829
639830
639831
639832
639833
639834
639835
639836
639837
639838
639839
639840
639841
639842
639843
639844
639845
639846
639847
639848
639849
639850
639851
639852
639853
639854
639855
639856
639857
639858
639859
639860
639861
639862
639863
639864
639865
639866
639867
639868
639869
639870
639871
639872
639873
639874
639875
639876
639877
639878
639879
639880
639881
639882
639883
639884
639885
639886
639887
639888
639889
639890
639891
639892
639893
639894
639895
639896
639897
639898
639899
639900
639901
639902
639903
639904
639905
639906
639907
639908
639909
639910
639911
639912
639913
639914
639915
639916
639917
639918
639919
639920
639921
639922
639923
639924
639925
639926
639927
639928
639929
639930
639931
639932
639933
639934
639935
639936
639937
639938
639939
639940
639941
639942
639943
639944
639945
639946
639947
639948
639949
639950
639951
639952
639953
639954
639955
639956
639957
639958
639959
639960
639961
639962
639963
639964
639965
639966
639967
639968
639969
639970
639971
639972
639973
639974
639975
639976
639977
639978
639979
639980
639981
639982
639983
639984
639985
639986
639987
639988
639989
639990
639991
639992
639993
639994
639995
639996
639997
639998
639999
640000
640001
640002
640003
640004
640005
640006
640007
640008
640009
640010
640011
640012
640013
640014
640015
640016
640017
640018
640019
640020
640021
640022
640023
640024
640025
640026
640027
640028
640029
640030
640031
640032
640033
640034
640035
640036
640037
640038
640039
640040
640041
640042
640043
640044
640045
640046
640047
640048
640049
640050
640051
640052
640053
640054
640056
640057
640059
640060
640061
640062
640063
640064
640065
640066
640067
640068
640069
640070
640071
640072
640073
640074
640075
640076
640077
640078
640079
640080
640083
640090
640092
640093
640095
640096
640098
640099
640101
640102
640104
640105
640107
640108
640109
640110
640139
640140
640551
640552
640553
640554
640555
640556
640557
640558
640559
640560
640561
640562
640563
640564
640565
640566
640567
640568
640569
640570
640571
640572
640573
640574
640575
640576
640577
640578
640579
640580
640581
640582
640583
640584
640585
640586
640587
640588
640589
640590
640591
640592
640593
640594
640595
640596
640597
640598
640599
640600
640601
640602
640603
640604
640605
640606
640607
640608
640609
640610
640611
640612
640613
640614
640615
640616
640617
640618
640619
640620
640621
640622
640623
640624
640625
640626
640627
640628
640629
640630
640631
640632
640633
640634
640635
640636
640637
640638
640639
640640
640641
640642
640643
640644
640645
640646
640647
640648
640649
640650
640651
640652
640653
640654
640655
640656
640657
640658
640659
640660
640661
640662
640663
640664
640665
640666
640667
640668
640669
640670
640671
640672
640673
640674
640675
640676
640677
640678
640679
640680
640681
640682
640683
640684
640685
640686
640687
640688
640689
640690
640691
640692
640693
640694
640695
640696
640697
640698
640699
640700
640701
640702
640703
640704
640705
640706
640707
640708
640709
640710
640711
640712
640713
640714
640715
640716
640717
640718
640719
640720
640721
640722
640723
640724
640725
640726
640727
640728
640729
640730
640731
640732
640733
640734
640735
640736
640737
640738
640739
640740
640741
640742
640743
640744
640745
640746
640747
640748
640749
640750
640751
640752
640753
640754
640755
640756
640757
640758
640759
640760
640761
640762
640763
640764
640765
640766
640767
640768
640769
640770
640771
640772
640773
640774
640775
640776
640777
640778
640779
640780
640781
640782
640783
640784
640785
640786
640787
640788
640789
640790
640791
640792
640793
640794
640795
640796
640797
640798
640799
640800
640801
640802
640803
640804
640805
640806
640807
640808
640809
640810
640811
640812
640813
640814
640815
640816
640817
640818
640819
640820
640821
640822
640823
640824
640825
640826
640827
640828
640829
640830
640831
640832
640833
640834
640835
640836
640837
640838
640839
640840
640841
640842
640843
640844
640845
640846
640847
640848
640849
640850
640851
640852
640853
640854
640855
640856
640857
640858
640859
640860
640861
640863
640864
640866
640867
640869
640870
640872
640873
640875
640876
640878
640879
640881
640882
640883
640884
640885
640886
640887
640888
640889
640890
640912
640913
640914
640915
640916
640917
640918
640919
640920
640942
640944
640945
640946
640947
640948
640949
640950
640975
640977
640978
640979
640980
641008
641009
641010
641038
641039
641040
641068
641069
641070
641098
641099
641100
641128
641129
641130
641158
641159
641160
641188
641189
641190
641218
641219
641220
641248
641249
641250
641278
641279
641280
641299
641300
641301
641302
641303
641304
641305
641306
641307
641308
641309
641310
641311
641312
641313
641314
641315
641316
641317
641318
641319
641320
641321
641322
641323
641324
641325
641326
641327
641328
641329
641330
641331
641332
641333
641334
641335
641336
641337
641338
641339
641340
641341
641342
641343
641344
641345
641346
641347
641348
641349
641350
641351
641352
641353
641354
641355
641356
641357
641358
641359
641360
641361
641362
641363
641364
641365
641366
641367
641368
641369
641370
641371
641372
641373
641374
641375
641376
641377
641378
641379
641380
641381
641382
641383
641384
641385
641386
641387
641388
641389
641390
641391
641392
641393
641394
641395
641396
641397
641398
641399
641400
641401
641402
641403
641404
641405
641406
641407
641408
641409
641410
641411
641412
641413
641414
641415
641416
641417
641418
641419
641420
641421
641422
641423
641424
641425
641426
641427
641428
641429
641430
641431
641432
641433
641434
641435
641436
641437
641438
641439
641440
641441
641442
641443
641444
641445
641446
641447
641448
641449
641450
641451
641452
641453
641454
641455
641456
641457
641458
641459
641460
641461
641462
641463
641464
641465
641466
641467
641468
641469
641470
641471
641472
641473
641474
641475
641476
641477
641478
641479
641480
641481
641482
641483
641484
641485
641486
641487
641488
641489
641490
641491
641492
641493
641494
641495
641496
641497
641498
641499
641500
641501
641502
641503
641504
641505
641506
641507
641508
641509
641510
641511
641512
641513
641514
641515
641516
641517
641518
641519
641520
641521
641522
641523
641524
641525
641526
641527
641528
641529
641530
641531
641532
641533
641534
641535
641536
641537
641538
641539
641540
641541
641542
641543
641544
641545
641546
641547
641548
641549
641550
641551
641552
641553
641554
641555
641556
641557
641558
641559
641560
641561
641562
641563
641564
641565
641566
641567
641568
641569
641570
641571
641572
641573
641574
641575
641576
641577
641578
641579
641580
641581
641582
641583
641584
641585
641586
641587
641588
641589
641590
641591
641592
641593
641594
641595
641596
641597
641598
641599
641600
641601
641602
641603
641604
641605
641606
641607
641608
641609
641610
641611
641612
641613
641614
641615
641616
641617
641618
641619
641620
641621
641622
641623
641624
641625
641626
641627
641628
641629
641630
641631
641632
641633
641634
641635
641636
641637
641638
641639
641640
641641
641642
641643
641644
641645
641646
641647
641648
641649
641650
641651
641652
641653
641654
641655
641656
641657
641658
641659
641660
641661
641662
641663
641664
641665
641666
641667
641668
641669
641670
641671
641673
641674
641675
641676
641677
641678
641679
641680
641681
641682
641683
641684
641685
641686
641687
641688
641689
641690
641691
641692
641693
641694
641695
641696
641697
641698
641699
641700
641704
641705
641706
641707
641708
641709
641710
641711
641712
641713
641714
641715
641716
641717
641718
641719
641720
641721
641722
641723
641724
641725
641726
641727
641728
641729
641730
641734
641735
641736
641737
641738
641739
641740
641741
641742
641743
641744
641745
641746
641747
641748
641749
641750
641751
641752
641753
641754
641755
641756
641757
641758
641759
641760
641764
641765
641766
641767
641768
641769
641770
641771
641772
641773
641774
641775
641776
641777
641778
641779
641780
641781
641782
641783
641784
641785
641786
641787
641788
641789
641790
641794
641795
641796
641797
641798
641799
641800
641801
641802
641803
641804
641805
641806
641807
641808
641809
641810
641811
641812
641813
641814
641815
641816
641817
641818
641819
641820
641824
641825
641826
641827
641828
641829
641830
641831
641832
641833
641834
641835
641836
641837
641838
641839
641840
641841
641842
641843
641844
641845
641846
641847
641848
641849
641850
641854
641855
641856
641857
641858
641859
641860
641861
641862
641863
641864
641865
641866
641867
641868
641869
641870
641871
641872
641873
641874
641875
641876
641877
641878
641879
641880
641884
641885
641886
641887
641888
641889
641890
641891
641892
641893
641894
641895
641896
641897
641898
641899
641900
641901
641902
641903
641904
641905
641906
641907
641908
641909
641910
641914
641915
641916
641917
641918
641919
641920
641921
641922
641923
641924
641925
641926
641927
641928
641929
641930
641931
641932
641933
641934
641935
641936
641937
641938
641939
641940
641944
641945
641946
641947
641948
641949
641950
641951
641952
641953
641954
641955
641956
641957
641958
641959
641960
641961
641962
641963
641964
641965
641966
641967
641968
641969
641970
641974
641975
641976
641977
641978
641979
641980
641981
641982
641983
641984
641985
641986
641987
641988
641989
641990
641991
641992
641993
641994
641995
641996
641997
641998
641999
642000
642004
642005
642006
642007
642008
642009
642010
642011
642012
642013
642014
642015
642016
642017
642018
642019
642020
642021
642022
642023
642024
642025
642026
642027
642028
642029
642030
642033
642034
642035
642036
642037
642038
642039
642040
642041
642042
642043
642044
642045
642046
642047
642048
642049
642050
642051
642052
642053
642054
642055
642056
642057
642058
642059
642060
642061
642062
642063
642064
642065
642066
642067
642068
642069
642070
642071
642072
642073
642074
642075
642076
642077
642078
642079
642080
642081
642082
642083
642084
642085
642086
642087
642088
642089
642090
642091
642092
642093
642094
642095
642096
642097
642098
642099
642100
642101
642102
642103
642104
642105
642106
642107
642108
642109
642110
642111
642112
642113
642114
642115
642116
642117
642118
642119
642120
642121
642122
642123
642124
642125
642126
642127
642128
642129
642130
642131
642132
642133
642134
642135
642136
642137
642138
642139
642140
642141
642142
642143
642144
642145
642146
642147
642148
642149
642150
642151
642152
642153
642154
642155
642156
642157
642158
642159
642160
642161
642162
642163
642164
642165
642166
642167
642168
642169
642170
642171
642172
642173
642174
642175
642176
642177
642178
642179
642180
642181
642182
642183
642184
642185
642186
642187
642188
642189
642190
642191
642192
642193
642194
642195
642196
642197
642198
642199
642200
642201
642202
642203
642204
642205
642206
642207
642208
642209
642210
642211
642212
642213
642214
642215
642216
642217
642218
642219
642220
642221
642222
642223
642224
642225
642226
642227
642228
642229
642230
642231
642232
642233
642234
642235
642236
642237
642238
642239
642240
642241
642242
642243
642244
642245
642246
642247
642248
642249
642250
642251
642252
642253
642254
642255
642256
642257
642258
642259
642260
642261
642262
642263
642264
642265
642266
642267
642268
642269
642270
642271
642272
642273
642274
642275
642276
642277
642278
642279
642280
642281
642282
642283
642284
642285
642286
642287
642288
642289
642290
642291
642292
642293
642294
642295
642296
642297
642298
642299
642300
642301
642302
642303
642304
642305
642306
642307
642308
642309
642310
642311
642312
642313
642314
642315
642316
642317
642318
642319
642320
642321
642322
642323
642324
642325
642326
642327
642328
642329
642330
642331
642332
642333
642334
642335
642336
642337
642338
642339
642340
642341
642342
642343
642344
642345
642346
642347
642348
642349
642350
642351
642352
642353
642354
642355
642356
642357
642358
642359
642360
642361
642362
642363
642364
642365
642366
642367
642368
642369
642370
642371
642372
642373
642374
642375
642376
642377
642378
642379
642380
642381
642382
642383
642384
642385
642386
642387
642388
642389
642390
642391
642392
642393
642394
642395
642396
642397
642398
642399
642400
642401
642402
642403
642404
642405
642406
642407
642408
642409
642410
642411
642412
642413
642414
642415
642416
642417
642418
642419
642420
642421
642422
642423
642424
642425
642426
642427
642428
642429
642430
642431
642432
642433
642434
642435
642436
642437
642438
642439
642440
642441
642442
642443
642444
642445
642446
642447
642448
642449
642450
642451
642452
642453
642454
642455
642456
642457
642458
642459
642460
642461
642462
642463
642464
642465
642466
642467
642468
642469
642470
642471
642472
642473
642474
642475
642476
642477
642478
642479
642480
642481
642482
642483
642484
642485
642486
642487
642488
642489
642490
642491
642492
642493
642494
642495
642496
642497
642498
642499
642500
642501
642502
642503
642504
642505
642506
642507
642508
642509
642510
642511
642512
642513
642514
642515
642516
642517
642518
642519
642520
642521
642522
642523
642524
642525
642526
642527
642528
642529
642530
642531
642532
642533
642534
642535
642536
642537
642538
642539
642540
642541
642542
642543
642544
642545
642546
642547
642548
642549
642550
642551
642552
642553
642554
642555
642556
642557
642558
642559
642560
642561
642562
642563
642564
642565
642566
642567
642568
642569
642570
642571
642572
642573
642574
642575
642576
642577
642578
642579
642580
642581
642582
642583
642584
642585
642586
642587
642588
642589
642590
642591
642592
642593
642594
642595
642596
642597
642598
642599
642600
642601
642602
642603
642604
642605
642606
642607
642608
642609
642610
642611
642612
642613
642614
642615
642616
642617
642618
642619
642620
642621
642622
642623
642624
642625
642626
642627
642628
642629
642630
642631
642632
642633
642634
642635
642636
642637
642638
642639
642640
642641
642642
642643
642644
642645
642646
642647
642648
642649
642650
642651
642652
642653
642654
642655
642656
642657
642658
642659
642660
642661
642662
642663
642664
642665
642666
642667
642668
642669
642670
642671
642672
642673
642674
642675
642676
642677
642678
642679
642680
642681
642682
642683
642684
642685
642686
642687
642688
642689
642690
642691
642692
642693
642694
642695
642696
642697
642698
642699
642700
642701
642702
642703
642704
642705
642706
642707
642708
642709
642710
642711
642712
642713
642714
642715
642716
642717
642718
642719
642720
642721
642722
642723
642724
642725
642726
642727
642728
642729
642730
642731
642732
642733
642734
642735
642736
642737
642738
642739
642740
642741
642742
642743
642744
642745
642746
642747
642748
642749
642750
642751
642752
642753
642754
642755
642756
642757
642758
642759
642760
642761
642762
642763
642764
642765
642766
642767
642768
642769
642770
642771
642772
642773
642774
642775
642776
642777
642778
642779
642780
642781
642782
642783
642784
642785
642786
642787
642788
642789
642790
642791
642792
642793
642794
642795
642796
642797
642798
642799
642800
642801
642802
642803
642804
642805
642806
642807
642808
642809
642810
642811
642812
642813
642814
642815
642816
642817
642818
642819
642820
642821
642822
642823
642824
642825
642826
642827
642828
642829
642830
642831
642832
642833
642834
642835
642836
642837
642838
642839
642840
642841
642842
642843
642844
642845
642846
642847
642848
642849
642850
642851
642852
642853
642854
642855
642856
642857
642858
642859
642860
642861
642862
642863
642864
642865
642866
642867
642868
642869
642870
642871
642872
642873
642874
642875
642876
642877
642878
642879
642880
642881
642882
642883
642884
642885
642886
642887
642888
642889
642890
642891
642892
642893
642894
642895
642896
642897
642898
642899
642900
642901
642902
642903
642904
642905
642906
642907
642908
642909
642910
642911
642912
642913
642914
642915
642916
642917
642918
642919
642920
642921
642922
642923
642924
642925
642926
642927
642928
642929
642930
642931
642932
642933
642934
642935
642936
642937
642938
642939
642940
642941
642942
642943
642944
642945
642946
642947
642948
642949
642950
642951
642952
642953
642954
642955
642956
642957
642958
642959
642960
642961
642962
642963
642964
642965
642966
642967
642968
642969
642970
642971
642972
642973
642974
642975
642976
642977
642978
642979
642980
642981
642982
642983
642984
642985
642986
642987
642988
642989
642990
642991
642992
642993
642994
642995
642996
642997
642998
642999
643000
643001
643002
643003
643004
643005
643006
643007
643008
643009
643010
643011
643012
643013
643014
643015
643016
643017
643018
643019
643020
643021
643022
643023
643024
643025
643026
643027
643028
643029
643030
643031
643032
643033
643034
643035
643036
643037
643038
643039
643040
643041
643042
643043
643044
643045
643046
643047
643048
643049
643050
643051
643052
643053
643054
643055
643056
643057
643058
643059
643060
643061
643062
643063
643064
643065
643066
643067
643068
643069
643070
643071
643072
643073
643074
643075
643076
643077
643078
643079
643080
643081
643082
643083
643084
643085
643086
643087
643088
643089
643090
643091
643092
643093
643094
643095
643096
643097
643098
643099
643100
643101
643102
643103
643104
643105
643106
643107
643108
643109
643110
643111
643112
643113
643114
643115
643116
643117
643118
643119
643120
643121
643122
643123
643124
643125
643126
643127
643128
643129
643130
643131
643132
643133
643134
643135
643136
643137
643138
643139
643140
643141
643142
643143
643144
643145
643146
643147
643148
643149
643150
643151
643152
643153
643154
643155
643156
643157
643158
643159
643160
643161
643162
643163
643164
643165
643166
643167
643168
643169
643170
643171
643172
643173
643174
643175
643176
643177
643178
643179
643180
643181
643182
643183
643184
643185
643186
643187
643188
643189
643190
643191
643192
643193
643194
643195
643196
643197
643198
643199
643200
643201
643202
643203
643204
643205
643206
643207
643208
643209
643210
643211
643212
643213
643214
643215
643216
643217
643218
643219
643220
643221
643222
643223
643224
643225
643226
643227
643228
643229
643230
643231
643232
643233
643234
643235
643236
643237
643238
643239
643240
643241
643242
643243
643244
643245
643246
643247
643248
643249
643250
643251
643252
643253
643254
643255
643256
643257
643258
643259
643260
643261
643262
643263
643264
643265
643266
643267
643268
643269
643270
643271
643272
643273
643274
643275
643276
643277
643278
643279
643280
643281
643282
643283
643284
643285
643286
643287
643288
643289
643290
643291
643292
643293
643294
643295
643296
643297
643298
643299
643300
643301
643302
643303
643304
643305
643306
643307
643308
643309
643310
643311
643312
643313
643314
643315
643316
643317
643318
643319
643320
643321
643322
643323
643324
643325
643326
643327
643328
643329
643330
643331
643332
643333
643334
643335
643336
643337
643338
643339
643340
643341
643342
643343
643344
643345
643346
643347
643348
643349
643350
643351
643352
643353
643354
643355
643356
643357
643358
643359
643360
643361
643362
643363
643364
643365
643366
643367
643368
643369
643370
643371
643372
643373
643374
643375
643376
643377
643378
643379
643380
643381
643382
643383
643384
643385
643386
643387
643388
643389
643390
643391
643392
643393
643394
643395
643396
643397
643398
643399
643400
643401
643402
643403
643404
643405
643406
643407
643408
643409
643410
643411
643412
643413
643414
643415
643416
643417
643418
643419
643420
643421
643422
643423
643424
643425
643426
643427
643428
643429
643430
643431
643432
643433
643434
643435
643436
643437
643438
643439
643440
643441
643442
643443
643444
643445
643446
643447
643448
643449
643450
643451
643452
643453
643454
643455
643456
643457
643458
643459
643460
643461
643462
643463
643464
643465
643466
643467
643468
643469
643470
643471
643472
643473
643474
643475
643476
643477
643478
643479
643480
643481
643482
643483
643484
643485
643486
643487
643488
643489
643490
643491
643492
643493
643494
643495
643496
643497
643498
643499
643500
643501
643502
643503
643504
643505
643506
643507
643508
643509
643510
643511
643512
643513
643514
643515
643516
643517
643518
643519
643520
643521
643522
643523
643524
643525
643526
643527
643528
643529
643530
643531
643532
643533
643534
643535
643536
643537
643538
643539
643540
643541
643542
643543
643544
643545
643546
643547
643548
643549
643550
643551
643552
643553
643554
643555
643556
643557
643558
643559
643560
643561
643562
643563
643564
643565
643566
643567
643568
643569
643570
643571
643572
643573
643574
643575
643576
643577
643578
643579
643580
643581
643582
643583
643584
643585
643586
643587
643588
643589
643590
643591
643592
643593
643594
643595
643596
643597
643598
643599
643600
643601
643602
643603
643604
643605
643606
643607
643608
643609
643610
643611
643612
643613
643614
643615
643616
643617
643618
643619
643620
643621
643622
643623
643624
643625
643626
643627
643628
643629
643630
643631
643632
643633
643634
643635
643636
643637
643638
643639
643640
643641
643642
643643
643644
643645
643646
643647
643648
643649
643650
643651
643652
643653
643654
643655
643656
643657
643658
643659
643660
643661
643662
643663
643664
643665
643666
643667
643668
643669
643670
643671
643672
643673
643674
643675
643676
643677
643678
643679
643680
643681
643682
643683
643684
643685
643686
643687
643688
643689
643690
643691
643692
643693
643694
643695
643696
643697
643698
643699
643700
643701
643702
643703
643704
643705
643706
643707
643708
643709
643710
643711
643712
643713
643714
643715
643716
643717
643718
643719
643720
643721
643722
643723
643724
643725
643726
643727
643728
643729
643730
643731
643732
643733
643734
643735
643736
643737
643738
643739
643740
643741
643742
643743
643744
643745
643746
643747
643748
643749
643750
643751
643752
643753
643754
643755
643756
643757
643758
643759
643760
643761
643762
643763
643764
643765
643766
643767
643768
643769
643770
643771
643772
643773
643774
643775
643776
643777
643778
643779
643780
643781
643782
643783
643784
643785
643786
643787
643788
643789
643790
643791
643792
643793
643794
643795
643796
643797
643798
643799
643800
643801
643802
643803
643804
643805
643806
643807
643808
643809
643810
643811
643812
643813
643814
643815
643816
643817
643818
643819
643820
643821
643822
643823
643824
643825
643826
643827
643828
643829
643830
643831
643832
643833
643834
643835
643836
643837
643838
643839
643840
643841
643842
643843
643844
643845
643846
643847
643848
643849
643850
643851
643852
643853
643854
643855
643856
643857
643858
643859
643860
643861
643862
643863
643864
643865
643866
643867
643868
643869
643870
643871
643872
643873
643874
643875
643876
643877
643878
643879
643880
643881
643882
643883
643884
643885
643886
643887
643888
643889
643890
643891
643892
643893
643894
643895
643896
643897
643898
643899
643900
643901
643902
643903
643904
643905
643906
643907
643908
643909
643910
643911
643912
643913
643914
643915
643916
643917
643918
643919
643920
643921
643922
643923
643924
643925
643926
643927
643928
643929
643930
643931
643932
643933
643934
643935
643936
643937
643938
643939
643940
643941
643942
643943
643944
643945
643946
643947
643948
643949
643950
643951
643952
643953
643954
643955
643956
643957
643958
643959
643960
643961
643962
643963
643964
643965
643966
643967
643968
643969
643970
643971
643972
643973
643974
643975
643976
643977
643978
643979
643980
643981
643982
643983
643984
643985
643986
643987
643988
643989
643990
643991
643992
643993
643994
643995
643996
643997
643998
643999
644000
644001
644002
644003
644004
644005
644006
644007
644008
644009
644010
644011
644012
644013
644014
644015
644016
644017
644018
644019
644020
644021
644022
644023
644024
644025
644026
644027
644028
644029
644030
644031
644032
644033
644034
644035
644036
644037
644038
644039
644040
644041
644042
644043
644044
644045
644046
644047
644048
644049
644050
644051
644052
644053
644054
644055
644056
644057
644058
644059
644060
644061
644062
644063
644064
644065
644066
644067
644068
644069
644070
644071
644072
644073
644074
644075
644076
644077
644078
644079
644080
644081
644082
644083
644084
644085
644086
644087
644088
644089
644090
644091
644092
644093
644094
644095
644096
644097
644098
644099
644100
644101
644102
644103
644104
644105
644106
644107
644108
644109
644110
644111
644112
644113
644114
644115
644116
644117
644118
644119
644120
644121
644122
644123
644124
644125
644126
644127
644128
644129
644130
644131
644132
644133
644134
644135
644136
644137
644138
644139
644140
644141
644142
644143
644144
644145
644146
644147
644148
644149
644150
644151
644152
644153
644154
644155
644156
644157
644158
644159
644160
644161
644162
644163
644164
644165
644166
644167
644168
644169
644170
644171
644172
644173
644174
644175
644176
644177
644178
644179
644180
644181
644182
644183
644184
644185
644186
644187
644188
644189
644190
644191
644192
644193
644194
644195
644196
644197
644198
644199
644200
644201
644202
644203
644204
644205
644206
644207
644208
644209
644210
644211
644212
644213
644214
644215
644216
644217
644218
644219
644220
644221
644222
644223
644224
644225
644226
644227
644228
644229
644230
644231
644232
644233
644234
644235
644236
644237
644238
644239
644240
644241
644242
644243
644244
644245
644246
644247
644248
644249
644250
644251
644252
644253
644254
644255
644256
644257
644258
644259
644260
644261
644262
644263
644264
644265
644266
644267
644268
644269
644270
644271
644272
644273
644274
644275
644276
644277
644278
644279
644280
644281
644282
644283
644284
644285
644286
644287
644288
644289
644290
644291
644292
644293
644294
644295
644296
644297
644298
644299
644300
644301
644302
644303
644304
644305
644306
644307
644308
644309
644310
644311
644312
644313
644314
644315
644316
644317
644318
644319
644320
644321
644322
644323
644324
644325
644326
644327
644328
644329
644330
644331
644332
644333
644334
644335
644336
644337
644338
644339
644340
644341
644342
644343
644344
644345
644346
644347
644348
644349
644350
644351
644352
644353
644354
644355
644356
644357
644358
644359
644360
644361
644362
644363
644364
644365
644366
644367
644368
644369
644370
644371
644372
644373
644374
644375
644376
644377
644378
644379
644380
644381
644382
644383
644384
644385
644386
644387
644388
644389
644390
644391
644392
644393
644394
644395
644396
644397
644398
644399
644400
644401
644402
644403
644404
644405
644406
644407
644408
644409
644410
644411
644412
644413
644414
644415
644416
644417
644418
644419
644420
644421
644422
644423
644424
644425
644426
644427
644428
644429
644430
644431
644432
644433
644434
644435
644436
644437
644438
644439
644440
644441
644442
644443
644444
644445
644446
644447
644448
644449
644450
644451
644452
644453
644454
644455
644456
644457
644458
644459
644460
644461
644462
644463
644464
644465
644466
644467
644468
644469
644470
644471
644472
644473
644474
644475
644476
644477
644478
644479
644480
644481
644482
644483
644484
644485
644486
644487
644488
644489
644490
644491
644492
644493
644494
644495
644496
644497
644498
644499
644500
644501
644502
644503
644504
644505
644506
644507
644508
644509
644510
644511
644512
644513
644514
644515
644516
644517
644518
644519
644520
644521
644522
644523
644524
644525
644526
644527
644528
644529
644530
644531
644532
644533
644534
644535
644536
644537
644538
644539
644540
644541
644542
644543
644544
644545
644546
644547
644548
644549
644550
644551
644552
644553
644554
644555
644556
644557
644558
644559
644560
644561
644562
644563
644564
644565
644566
644567
644568
644569
644570
644571
644572
644573
644574
644575
644576
644577
644578
644579
644580
644581
644582
644583
644584
644585
644586
644587
644588
644589
644590
644591
644592
644593
644594
644595
644596
644597
644598
644599
644600
644601
644602
644603
644604
644605
644606
644607
644608
644609
644610
644611
644612
644613
644614
644615
644616
644617
644618
644619
644620
644621
644622
644623
644624
644625
644626
644627
644628
644629
644630
644631
644632
644633
644634
644635
644636
644637
644638
644639
644640
644641
644642
644643
644644
644645
644646
644647
644648
644649
644650
644651
644652
644653
644654
644655
644656
644657
644658
644659
644660
644661
644662
644663
644664
644665
644666
644667
644668
644669
644670
644671
644672
644673
644674
644675
644676
644677
644678
644679
644680
644681
644682
644683
644684
644685
644686
644687
644688
644689
644690
644691
644692
644693
644694
644695
644696
644697
644698
644699
644700
644701
644702
644703
644704
644705
644706
644707
644708
644709
644710
644711
644712
644713
644714
644715
644716
644717
644718
644719
644720
644721
644722
644723
644724
644725
644726
644727
644728
644729
644730
644731
644732
644733
644734
644735
644736
644737
644738
644739
644740
644741
644742
644743
644744
644745
644746
644747
644748
644749
644750
644751
644752
644753
644754
644755
644756
644757
644758
644759
644760
644761
644762
644763
644764
644765
644766
644767
644768
644769
644770
644771
644772
644773
644774
644775
644776
644777
644778
644779
644780
644781
644782
644783
644784
644785
644786
644787
644788
644789
644790
644791
644792
644793
644794
644795
644796
644797
644798
644799
644800
644801
644802
644803
644804
644805
644806
644807
644808
644809
644810
644811
644812
644813
644814
644815
644816
644817
644818
644819
644820
644821
644822
644823
644824
644825
644826
644827
644828
644829
644830
644831
644832
644833
644834
644835
644836
644837
644838
644839
644840
644841
644842
644843
644844
644845
644846
644847
644848
644849
644850
644851
644852
644853
644854
644855
644856
644857
644858
644859
644860
644861
644862
644863
644864
644865
644866
644867
644868
644869
644870
644871
644872
644873
644874
644875
644876
644877
644878
644879
644880
644881
644882
644883
644884
644885
644886
644887
644888
644889
644890
644891
644892
644893
644894
644895
644896
644897
644898
644899
644900
644901
644902
644903
644904
644905
644906
644907
644908
644909
644910
644911
644912
644913
644914
644915
644916
644917
644918
644919
644920
644921
644922
644923
644924
644925
644926
644927
644928
644929
644930
644931
644932
644933
644934
644935
644936
644937
644938
644939
644940
644941
644942
644943
644944
644945
644946
644947
644948
644949
644950
644951
644952
644953
644954
644955
644956
644957
644958
644959
644960
644961
644962
644963
644964
644965
644966
644967
644968
644969
644970
644971
644972
644973
644974
644975
644976
644977
644978
644979
644980
644981
644982
644983
644984
644985
644986
644987
644988
644989
644990
644991
644992
644993
644994
644995
644996
644997
644998
644999
645000
645001
645002
645003
645004
645005
645006
645007
645008
645009
645010
645011
645012
645013
645014
645015
645016
645017
645018
645019
645020
645021
645022
645023
645024
645025
645026
645027
645028
645029
645030
645031
645032
645033
645034
645035
645036
645037
645038
645039
645040
645041
645042
645043
645044
645045
645046
645047
645048
645049
645050
645051
645052
645053
645054
645055
645056
645057
645058
645059
645060
645061
645062
645063
645064
645065
645066
645067
645068
645069
645070
645071
645072
645073
645074
645075
645076
645077
645078
645079
645080
645081
645082
645083
645084
645085
645086
645087
645088
645089
645090
645091
645092
645093
645094
645095
645096
645097
645098
645099
645100
645101
645102
645103
645104
645105
645106
645107
645108
645109
645110
645111
645112
645113
645114
645115
645116
645117
645118
645119
645120
645121
645122
645123
645124
645125
645126
645127
645128
645129
645130
645131
645132
645133
645134
645135
645136
645137
645138
645139
645140
645141
645142
645143
645144
645145
645146
645147
645148
645149
645150
645151
645152
645153
645154
645155
645156
645157
645158
645159
645160
645161
645162
645163
645164
645165
645166
645167
645168
645169
645170
645171
645172
645173
645174
645175
645176
645177
645178
645179
645180
645181
645182
645183
645184
645185
645186
645187
645188
645189
645190
645191
645192
645193
645194
645195
645196
645197
645198
645199
645200
645201
645202
645203
645204
645205
645206
645207
645208
645209
645210
645211
645212
645213
645214
645215
645216
645217
645218
645219
645220
645221
645222
645223
645224
645225
645226
645227
645228
645229
645230
645231
645232
645233
645234
645235
645236
645237
645238
645239
645240
645241
645242
645243
645244
645245
645246
645247
645248
645249
645250
645251
645252
645253
645254
645255
645256
645257
645258
645259
645260
645261
645262
645263
645264
645265
645266
645267
645268
645269
645270
645271
645272
645273
645274
645275
645276
645277
645278
645279
645280
645281
645282
645283
645284
645285
645286
645287
645288
645289
645290
645291
645292
645293
645294
645295
645296
645297
645298
645299
645300
645301
645302
645303
645304
645305
645306
645307
645308
645309
645310
645311
645312
645313
645314
645315
645316
645317
645318
645319
645320
645321
645322
645323
645324
645325
645326
645327
645328
645329
645330
645331
645332
645333
645334
645335
645336
645337
645338
645339
645340
645341
645342
645343
645344
645345
645346
645347
645348
645349
645350
645351
645352
645353
645354
645355
645356
645357
645358
645359
645360
645361
645362
645363
645364
645365
645366
645367
645368
645369
645370
645371
645372
645373
645374
645375
645376
645377
645378
645379
645380
645381
645382
645383
645384
645385
645386
645387
645388
645389
645390
645391
645392
645393
645394
645395
645396
645397
645398
645399
645400
645401
645402
645403
645404
645405
645406
645407
645408
645409
645410
645411
645412
645413
645414
645415
645416
645417
645418
645419
645420
645421
645422
645423
645424
645425
645426
645427
645428
645429
645430
645431
645432
645433
645434
645435
645436
645437
645438
645439
645440
645441
645442
645443
645444
645445
645446
645447
645448
645449
645450
645451
645452
645453
645454
645455
645456
645457
645458
645459
645460
645461
645462
645463
645464
645465
645466
645467
645468
645469
645470
645471
645472
645473
645474
645475
645476
645477
645478
645479
645480
645481
645482
645483
645484
645485
645486
645487
645488
645489
645490
645491
645492
645493
645494
645495
645496
645497
645498
645499
645500
645501
645502
645503
645504
645505
645506
645507
645508
645509
645510
645511
645512
645513
645514
645515
645516
645517
645518
645519
645520
645521
645522
645523
645524
645525
645526
645527
645528
645529
645530
645531
645532
645533
645534
645535
645536
645537
645538
645539
645540
645541
645542
645543
645544
645545
645546
645547
645548
645549
645550
645551
645552
645553
645554
645555
645556
645557
645558
645559
645560
645561
645562
645563
645564
645565
645566
645567
645568
645569
645570
645571
645572
645573
645574
645575
645576
645577
645578
645579
645580
645581
645582
645583
645584
645585
645586
645587
645588
645589
645590
645591
645592
645593
645594
645595
645596
645597
645598
645599
645600
645601
645602
645603
645604
645605
645606
645607
645608
645609
645610
645611
645612
645613
645614
645615
645616
645617
645618
645619
645620
645621
645622
645623
645624
645625
645626
645627
645628
645629
645630
645631
645632
645633
645634
645635
645636
645637
645638
645639
645640
645641
645642
645643
645644
645645
645646
645647
645648
645649
645650
645651
645652
645653
645654
645655
645656
645657
645658
645659
645660
645661
645662
645663
645664
645665
645666
645667
645668
645669
645670
645671
645672
645673
645674
645675
645676
645677
645678
645679
645680
645681
645682
645683
645684
645685
645686
645687
645688
645689
645690
645691
645692
645693
645694
645695
645696
645697
645698
645699
645700
645701
645702
645703
645704
645705
645706
645707
645708
645709
645710
645711
645712
645713
645714
645715
645716
645717
645718
645719
645720
645721
645722
645723
645724
645725
645726
645727
645728
645729
645730
645731
645732
645733
645734
645735
645736
645737
645738
645739
645740
645741
645742
645743
645744
645745
645746
645747
645748
645749
645750
645751
645752
645753
645754
645755
645756
645757
645758
645759
645760
645761
645762
645763
645764
645765
645766
645767
645768
645769
645770
645771
645772
645773
645774
645775
645776
645777
645778
645779
645780
645781
645782
645783
645784
645785
645786
645787
645788
645789
645790
645791
645792
645793
645794
645795
645796
645797
645798
645799
645800
645801
645802
645803
645804
645805
645806
645807
645808
645809
645810
645811
645812
645813
645814
645815
645816
645817
645818
645819
645820
645821
645822
645823
645824
645825
645826
645827
645828
645829
645830
645831
645832
645833
645834
645835
645836
645837
645838
645839
645840
645841
645842
645843
645844
645845
645846
645847
645848
645849
645850
645851
645852
645853
645854
645855
645856
645857
645858
645859
645860
645861
645862
645863
645864
645865
645866
645867
645868
645869
645870
645871
645872
645873
645874
645875
645876
645877
645878
645879
645880
645881
645882
645883
645884
645885
645886
645887
645888
645889
645890
645891
645892
645893
645894
645895
645896
645897
645898
645899
645900
645901
645902
645903
645904
645905
645906
645907
645908
645909
645910
645911
645912
645913
645914
645915
645916
645917
645918
645919
645920
645921
645922
645923
645924
645925
645926
645927
645928
645929
645930
645931
645932
645933
645934
645935
645936
645937
645938
645939
645940
645941
645942
645943
645944
645945
645946
645947
645948
645949
645950
645951
645952
645953
645954
645955
645956
645957
645958
645959
645960
645961
645962
645963
645964
645965
645966
645967
645968
645969
645970
645971
645972
645973
645974
645975
645976
645977
645978
645979
645980
645981
645982
645983
645984
645985
645986
645987
645988
645989
645990
645991
645992
645993
645994
645995
645996
645997
645998
645999
646000
646001
646002
646003
646004
646005
646006
646007
646008
646009
646010
646011
646012
646013
646014
646015
646016
646017
646018
646019
646020
646021
646022
646023
646024
646025
646026
646027
646028
646029
646030
646031
646032
646033
646034
646035
646036
646037
646038
646039
646040
646041
646042
646043
646044
646045
646046
646047
646048
646049
646050
646051
646052
646053
646054
646055
646056
646057
646058
646059
646060
646061
646062
646063
646064
646065
646066
646067
646068
646069
646070
646071
646072
646073
646074
646075
646076
646077
646078
646079
646080
646081
646082
646083
646084
646085
646086
646087
646088
646089
646090
646091
646092
646093
646094
646095
646096
646097
646098
646099
646100
646101
646102
646103
646104
646105
646106
646107
646108
646109
646110
646111
646112
646113
646114
646115
646116
646117
646118
646119
646120
646121
646122
646123
646124
646125
646126
646127
646128
646129
646130
646131
646132
646133
646134
646135
646136
646137
646138
646139
646140
646141
646142
646143
646144
646145
646146
646147
646148
646149
646150
646151
646152
646153
646154
646155
646156
646157
646158
646159
646160
646161
646162
646163
646164
646165
646166
646167
646168
646169
646170
646171
646172
646173
646174
646175
646176
646177
646178
646179
646180
646181
646182
646183
646184
646185
646186
646187
646188
646189
646190
646191
646192
646193
646194
646195
646196
646197
646198
646199
646200
646201
646202
646203
646204
646205
646206
646207
646208
646209
646210
646211
646212
646213
646214
646215
646216
646217
646218
646219
646220
646221
646222
646223
646224
646225
646226
646227
646228
646229
646230
646231
646232
646233
646234
646235
646236
646237
646238
646239
646240
646241
646242
646243
646244
646245
646246
646247
646248
646249
646250
646251
646252
646253
646254
646255
646256
646257
646258
646259
646260
646261
646262
646263
646264
646265
646266
646267
646268
646269
646270
646271
646272
646273
646274
646275
646276
646277
646278
646279
646280
646281
646282
646283
646284
646285
646286
646287
646288
646289
646290
646291
646292
646293
646294
646295
646296
646297
646298
646299
646300
646301
646302
646303
646304
646305
646306
646307
646308
646309
646310
646311
646312
646313
646314
646315
646316
646317
646318
646319
646320
646321
646322
646323
646324
646325
646326
646327
646328
646329
646330
646331
646332
646333
646334
646335
646336
646337
646338
646339
646340
646341
646342
646343
646344
646345
646346
646347
646348
646349
646350
646351
646352
646353
646354
646355
646356
646357
646358
646359
646360
646361
646362
646363
646364
646365
646366
646367
646368
646369
646370
646371
646372
646373
646374
646375
646376
646377
646378
646379
646380
646381
646382
646383
646384
646385
646386
646387
646388
646389
646390
646391
646392
646393
646394
646395
646396
646397
646398
646399
646400
646401
646402
646403
646404
646405
646406
646407
646408
646409
646410
646411
646412
646413
646414
646415
646416
646417
646418
646419
646420
646421
646422
646423
646424
646425
646426
646427
646428
646429
646430
646431
646432
646433
646434
646435
646436
646437
646438
646439
646440
646441
646442
646443
646444
646445
646446
646447
646448
646449
646450
646451
646452
646453
646454
646455
646456
646457
646458
646459
646460
646461
646462
646463
646464
646465
646466
646467
646468
646469
646470
646471
646472
646473
646474
646475
646476
646477
646478
646479
646480
646481
646482
646483
646484
646485
646486
646487
646488
646489
646490
646491
646492
646493
646494
646495
646496
646497
646498
646499
646500
646501
646502
646503
646504
646505
646506
646507
646508
646509
646510
646511
646512
646513
646514
646515
646516
646517
646518
646519
646520
646521
646522
646523
646524
646525
646526
646527
646528
646529
646530
646531
646532
646533
646534
646535
646536
646537
646538
646539
646540
646541
646542
646543
646544
646545
646546
646547
646548
646549
646550
646551
646552
646553
646554
646555
646556
646557
646558
646559
646560
646561
646562
646563
646564
646565
646566
646567
646568
646569
646570
646571
646572
646573
646574
646575
646576
646577
646578
646579
646580
646581
646582
646583
646584
646585
646586
646587
646588
646589
646590
646591
646592
646593
646594
646595
646596
646597
646598
646599
646600
646601
646602
646603
646604
646605
646606
646607
646608
646609
646610
646611
646612
646613
646614
646615
646616
646617
646618
646619
646620
646621
646622
646623
646624
646625
646626
646627
646628
646629
646630
646631
646632
646633
646634
646635
646636
646637
646638
646639
646640
646641
646642
646643
646644
646645
646646
646647
646648
646649
646650
646651
646652
646653
646654
646655
646656
646657
646658
646659
646660
646661
646662
646663
646664
646665
646666
646667
646668
646669
646670
646671
646672
646673
646674
646675
646676
646677
646678
646679
646680
646681
646682
646683
646684
646685
646686
646687
646688
646689
646690
646691
646692
646693
646694
646695
646696
646697
646698
646699
646700
646701
646702
646703
646704
646705
646706
646707
646708
646709
646710
646711
646712
646713
646714
646715
646716
646717
646718
646719
646720
646721
646722
646723
646724
646725
646726
646727
646728
646729
646730
646731
646732
646733
646734
646735
646736
646737
646738
646739
646740
646741
646742
646743
646744
646745
646746
646747
646748
646749
646750
646751
646752
646753
646754
646755
646756
646757
646758
646759
646760
646761
646762
646763
646764
646765
646766
646767
646768
646769
646770
646771
646772
646773
646774
646775
646776
646777
646778
646779
646780
646781
646782
646783
646784
646785
646786
646787
646788
646789
646790
646791
646792
646793
646794
646795
646796
646797
646798
646799
646800
646801
646802
646803
646804
646805
646806
646807
646808
646809
646810
646811
646812
646813
646814
646815
646816
646817
646818
646819
646820
646821
646822
646823
646824
646825
646826
646827
646828
646829
646830
646831
646832
646833
646834
646835
646836
646837
646838
646839
646840
646841
646842
646843
646844
646845
646846
646847
646848
646849
646850
646851
646852
646853
646854
646855
646856
646857
646858
646859
646860
646861
646862
646863
646864
646865
646866
646867
646868
646869
646870
646871
646872
646873
646874
646875
646876
646877
646878
646879
646880
646881
646882
646883
646884
646885
646886
646887
646888
646889
646890
646891
646892
646893
646894
646895
646896
646897
646898
646899
646900
646901
646902
646903
646904
646905
646906
646907
646908
646909
646910
646911
646912
646913
646914
646915
646916
646917
646918
646919
646920
646921
646922
646923
646924
646925
646926
646927
646928
646929
646930
646931
646932
646933
646934
646935
646936
646937
646938
646939
646940
646941
646942
646943
646944
646945
646946
646947
646948
646949
646950
646951
646952
646953
646954
646955
646956
646957
646958
646959
646960
646961
646962
646963
646964
646965
646966
646967
646968
646969
646970
646971
646972
646973
646974
646975
646976
646977
646978
646979
646980
646981
646982
646983
646984
646985
646986
646987
646988
646989
646990
646991
646992
646993
646994
646995
646996
646997
646998
646999
647000
647001
647002
647003
647004
647005
647006
647007
647008
647009
647010
647011
647012
647013
647014
647015
647016
647017
647018
647019
647020
647021
647022
647023
647024
647025
647026
647027
647028
647029
647030
647031
647032
647033
647034
647035
647036
647037
647038
647039
647040
647041
647042
647043
647044
647045
647046
647047
647048
647049
647050
647051
647052
647053
647054
647055
647056
647057
647058
647059
647060
647061
647062
647063
647064
647065
647066
647067
647068
647069
647070
647071
647072
647073
647074
647075
647076
647077
647078
647079
647080
647081
647082
647083
647084
647085
647086
647087
647088
647089
647090
647091
647092
647093
647094
647095
647096
647097
647098
647099
647100
647101
647102
647103
647104
647105
647106
647107
647108
647109
647110
647111
647112
647113
647114
647115
647116
647117
647118
647119
647120
647121
647122
647123
647124
647125
647126
647127
647128
647129
647130
647131
647132
647133
647134
647135
647136
647137
647138
647139
647140
647141
647142
647143
647144
647145
647146
647147
647148
647149
647150
647151
647152
647153
647154
647155
647156
647157
647158
647159
647160
647161
647162
647163
647164
647165
647166
647167
647168
647169
647170
647171
647172
647173
647174
647175
647176
647177
647178
647179
647180
647181
647182
647183
647184
647185
647186
647187
647188
647189
647190
647191
647192
647193
647194
647195
647196
647197
647198
647199
647200
647201
647202
647203
647204
647205
647206
647207
647208
647209
647210
647211
647212
647213
647214
647215
647216
647217
647218
647219
647220
647221
647222
647223
647224
647225
647226
647227
647228
647229
647230
647231
647232
647233
647234
647235
647236
647237
647238
647239
647240
647241
647242
647243
647244
647245
647246
647247
647248
647249
647250
647251
647252
647253
647254
647255
647256
647257
647258
647259
647260
647261
647262
647263
647264
647265
647266
647267
647268
647269
647270
647271
647272
647273
647274
647275
647276
647277
647278
647279
647280
647281
647282
647283
647284
647285
647286
647287
647288
647289
647290
647291
647292
647293
647294
647295
647296
647297
647298
647299
647300
647301
647302
647303
647304
647305
647306
647307
647308
647309
647310
647311
647312
647313
647314
647315
647316
647317
647318
647319
647320
647321
647322
647323
647324
647325
647326
647327
647328
647329
647330
647331
647332
647333
647334
647335
647336
647337
647338
647339
647340
647341
647342
647343
647344
647345
647346
647347
647348
647349
647350
647351
647352
647353
647354
647355
647356
647357
647358
647359
647360
647361
647362
647363
647364
647365
647366
647367
647368
647369
647370
647371
647372
647373
647374
647375
647376
647377
647378
647379
647380
647381
647382
647383
647384
647385
647386
647387
647388
647389
647390
647391
647392
647393
647394
647395
647396
647397
647398
647399
647400
647401
647402
647403
647404
647405
647406
647407
647408
647409
647410
647411
647412
647413
647414
647415
647416
647417
647418
647419
647420
647421
647422
647423
647424
647425
647426
647427
647428
647429
647430
647431
647432
647433
647434
647435
647436
647437
647438
647439
647440
647441
647442
647443
647444
647445
647446
647447
647448
647449
647450
647451
647452
647453
647454
647455
647456
647457
647458
647459
647460
647461
647462
647463
647464
647465
647466
647467
647468
647469
647470
647471
647472
647473
647474
647475
647476
647477
647478
647479
647480
647481
647482
647483
647484
647485
647486
647487
647488
647489
647490
647491
647492
647493
647494
647495
647496
647497
647498
647499
647500
647501
647502
647503
647504
647505
647506
647507
647508
647509
647510
647511
647512
647513
647514
647515
647516
647517
647518
647519
647520
647521
647522
647523
647524
647525
647526
647527
647528
647529
647530
647531
647532
647533
647534
647535
647536
647537
647538
647539
647540
647541
647542
647543
647544
647545
647546
647547
647548
647549
647550
647551
647552
647553
647554
647555
647556
647557
647558
647559
647560
647561
647562
647563
647564
647565
647566
647567
647568
647569
647570
647571
647572
647573
647574
647575
647576
647577
647578
647579
647580
647581
647582
647583
647584
647585
647586
647587
647588
647589
647590
647591
647592
647593
647594
647595
647596
647597
647598
647599
647600
647601
647602
647603
647604
647605
647606
647607
647608
647609
647610
647611
647612
647613
647614
647615
647616
647617
647618
647619
647620
647621
647622
647623
647624
647625
647626
647627
647628
647629
647630
647631
647632
647633
647634
647635
647636
647637
647638
647639
647640
647641
647642
647643
647644
647645
647646
647647
647648
647649
647650
647651
647652
647653
647654
647655
647656
647657
647658
647659
647660
647661
647662
647663
647664
647665
647666
647667
647668
647669
647670
647671
647672
647673
647674
647675
647676
647677
647678
647679
647680
647681
647682
647683
647684
647685
647686
647687
647688
647689
647690
647691
647692
647693
647694
647695
647696
647697
647698
647699
647700
647701
647702
647703
647704
647705
647706
647707
647708
647709
647710
647711
647712
647713
647714
647715
647716
647717
647718
647719
647720
647721
647722
647723
647724
647725
647726
647727
647728
647729
647730
647731
647732
647733
647734
647735
647736
647737
647738
647739
647740
647741
647742
647743
647744
647745
647746
647747
647748
647749
647750
647751
647752
647753
647754
647755
647756
647757
647758
647759
647760
647761
647762
647763
647764
647765
647766
647767
647768
647769
647770
647771
647772
647773
647774
647775
647776
647777
647778
647779
647780
647781
647782
647783
647784
647785
647786
647787
647788
647789
647790
647791
647792
647793
647794
647795
647796
647797
647798
647799
647800
647801
647802
647803
647804
647805
647806
647807
647808
647809
647810
647811
647812
647813
647814
647815
647816
647817
647818
647819
647820
647821
647822
647823
647824
647825
647826
647827
647828
647829
647830
647831
647832
647833
647834
647835
647836
647837
647838
647839
647840
647841
647842
647843
647844
647845
647846
647847
647848
647849
647850
647851
647852
647853
647854
647855
647856
647857
647858
647859
647860
647861
647862
647863
647864
647865
647866
647867
647868
647869
647870
647871
647872
647873
647874
647875
647876
647877
647878
647879
647880
647881
647882
647883
647884
647885
647886
647887
647888
647889
647890
647891
647892
647893
647894
647895
647896
647897
647898
647899
647900
647901
647902
647903
647904
647905
647906
647907
647908
647909
647910
647911
647912
647913
647914
647915
647916
647917
647918
647919
647920
647921
647922
647923
647924
647925
647926
647927
647928
647929
647930
647931
647932
647933
647934
647935
647936
647937
647938
647939
647940
647941
647942
647943
647944
647945
647946
647947
647948
647949
647950
647951
647952
647953
647954
647955
647956
647957
647958
647959
647960
647961
647962
647963
647964
647965
647966
647967
647968
647969
647970
647971
647972
647973
647974
647975
647976
647977
647978
647979
647980
647981
647982
647983
647984
647985
647986
647987
647988
647989
647990
647991
647992
647993
647994
647995
647996
647997
647998
647999
648000
648001
648002
648003
648004
648005
648006
648007
648008
648009
648010
648011
648012
648013
648014
648015
648016
648017
648018
648019
648020
648021
648022
648023
648024
648025
648026
648027
648028
648029
648030
648031
648032
648033
648034
648035
648036
648037
648038
648039
648040
648041
648042
648043
648044
648045
648046
648047
648048
648049
648050
648051
648052
648053
648054
648055
648056
648057
648058
648059
648060
648061
648062
648063
648064
648065
648066
648067
648068
648069
648070
648071
648072
648073
648074
648075
648076
648077
648078
648079
648080
648081
648082
648083
648084
648085
648086
648087
648088
648089
648090
648091
648092
648093
648094
648095
648096
648097
648098
648099
648100
648101
648102
648103
648104
648105
648106
648107
648108
648109
648110
648111
648112
648113
648114
648115
648116
648117
648118
648119
648120
648121
648122
648123
648124
648125
648126
648127
648128
648129
648130
648131
648132
648133
648134
648135
648136
648137
648138
648139
648140
648141
648142
648143
648144
648145
648146
648147
648148
648149
648150
648151
648152
648153
648154
648155
648156
648157
648158
648159
648160
648161
648162
648163
648164
648165
648166
648167
648168
648169
648170
648171
648172
648173
648174
648175
648176
648177
648178
648179
648180
648181
648182
648183
648184
648185
648186
648187
648188
648189
648190
648191
648192
648193
648194
648195
648196
648197
648198
648199
648200
648201
648202
648203
648204
648205
648206
648207
648208
648209
648210
648211
648212
648213
648214
648215
648216
648217
648218
648219
648220
648221
648222
648223
648224
648225
648226
648227
648228
648229
648230
648231
648232
648233
648234
648235
648236
648237
648238
648239
648240
648241
648242
648243
648244
648245
648246
648247
648248
648249
648250
648251
648252
648253
648254
648255
648256
648257
648258
648259
648260
648261
648262
648263
648264
648265
648266
648267
648268
648269
648270
648271
648272
648273
648274
648275
648276
648277
648278
648279
648280
648281
648282
648283
648284
648285
648286
648287
648288
648289
648290
648291
648292
648293
648294
648295
648296
648297
648298
648299
648300
648301
648302
648303
648304
648305
648306
648307
648308
648309
648310
648311
648312
648313
648314
648315
648316
648317
648318
648319
648320
648321
648322
648323
648324
648325
648326
648327
648328
648329
648330
648331
648332
648333
648334
648335
648336
648337
648338
648339
648340
648341
648342
648343
648344
648345
648346
648347
648348
648349
648350
648351
648352
648353
648354
648355
648356
648357
648358
648359
648360
648361
648362
648363
648364
648365
648366
648367
648368
648369
648370
648371
648372
648373
648374
648375
648376
648377
648378
648379
648380
648381
648382
648383
648384
648385
648386
648387
648388
648389
648390
648391
648392
648393
648394
648395
648396
648397
648398
648399
648400
648401
648402
648403
648404
648405
648406
648407
648408
648409
648410
648411
648412
648413
648414
648415
648416
648417
648418
648419
648420
648421
648422
648423
648424
648425
648426
648427
648428
648429
648430
648431
648432
648433
648434
648435
648436
648437
648438
648439
648440
648441
648442
648443
648444
648445
648446
648447
648448
648449
648450
648451
648452
648453
648454
648455
648456
648457
648458
648459
648460
648461
648462
648463
648464
648465
648466
648467
648468
648469
648470
648471
648472
648473
648474
648475
648476
648477
648478
648479
648480
648481
648482
648483
648484
648485
648486
648487
648488
648489
648490
648491
648492
648493
648494
648495
648496
648497
648498
648499
648500
648501
648502
648503
648504
648505
648506
648507
648508
648509
648510
648511
648512
648513
648514
648515
648516
648517
648518
648519
648520
648521
648522
648523
648524
648525
648526
648527
648528
648529
648530
648531
648532
648533
648534
648535
648536
648537
648538
648539
648540
648541
648542
648543
648544
648545
648546
648547
648548
648549
648550
648551
648552
648553
648554
648555
648556
648557
648558
648559
648560
648561
648562
648563
648564
648565
648566
648567
648568
648569
648570
648571
648572
648573
648574
648575
648576
648577
648578
648579
648580
648581
648582
648583
648584
648585
648586
648587
648588
648589
648590
648591
648592
648593
648594
648595
648596
648597
648598
648599
648600
648601
648602
648603
648604
648605
648606
648607
648608
648609
648610
648611
648612
648613
648614
648615
648616
648617
648618
648619
648620
648621
648622
648623
648624
648625
648626
648627
648628
648629
648630
648631
648632
648633
648634
648635
648636
648637
648638
648639
648640
648641
648642
648643
648644
648645
648646
648647
648648
648649
648650
648651
648652
648653
648654
648655
648656
648657
648658
648659
648660
648661
648662
648663
648664
648665
648666
648667
648668
648669
648670
648671
648672
648673
648674
648675
648676
648677
648678
648679
648680
648681
648682
648683
648684
648685
648686
648687
648688
648689
648690
648691
648692
648693
648694
648695
648696
648697
648698
648699
648700
648701
648702
648703
648704
648705
648706
648707
648708
648709
648710
648711
648712
648713
648714
648715
648716
648717
648718
648719
648720
648721
648722
648723
648724
648725
648726
648727
648728
648729
648730
648731
648732
648733
648734
648735
648736
648737
648738
648739
648740
648741
648742
648743
648744
648745
648746
648747
648748
648749
648750
648751
648752
648753
648754
648755
648756
648757
648758
648759
648760
648761
648762
648763
648764
648765
648766
648767
648768
648769
648770
648771
648772
648773
648774
648775
648776
648777
648778
648779
648780
648781
648782
648783
648784
648785
648786
648787
648788
648789
648790
648791
648792
648793
648794
648795
648796
648797
648798
648799
648800
648801
648802
648803
648804
648805
648806
648807
648808
648809
648810
648811
648812
648813
648814
648815
648816
648817
648818
648819
648820
648821
648822
648823
648824
648825
648826
648827
648828
648829
648830
648831
648832
648833
648834
648835
648836
648837
648838
648839
648840
648841
648842
648843
648844
648845
648846
648847
648848
648849
648850
648851
648852
648853
648854
648855
648856
648857
648858
648859
648860
648861
648862
648863
648864
648865
648866
648867
648868
648869
648870
648871
648872
648873
648874
648875
648876
648877
648878
648879
648880
648881
648882
648883
648884
648885
648886
648887
648888
648889
648890
648891
648892
648893
648894
648895
648896
648897
648898
648899
648900
648901
648902
648903
648904
648905
648906
648907
648908
648909
648910
648911
648912
648913
648914
648915
648916
648917
648918
648919
648920
648921
648922
648923
648924
648925
648926
648927
648928
648929
648930
648931
648932
648933
648934
648935
648936
648937
648938
648939
648940
648941
648942
648943
648944
648945
648946
648947
648948
648949
648950
648951
648952
648953
648954
648955
648956
648957
648958
648959
648960
648961
648962
648963
648964
648965
648966
648967
648968
648969
648970
648971
648972
648973
648974
648975
648976
648977
648978
648979
648980
648981
648982
648983
648984
648985
648986
648987
648988
648989
648990
648991
648992
648993
648994
648995
648996
648997
648998
648999
649000
649001
649002
649003
649004
649005
649006
649007
649008
649009
649010
649011
649012
649013
649014
649015
649016
649017
649018
649019
649020
649021
649022
649023
649024
649025
649026
649027
649028
649029
649030
649031
649032
649033
649034
649035
649036
649037
649038
649039
649040
649041
649042
649043
649044
649045
649046
649047
649048
649049
649050
649051
649052
649053
649054
649055
649056
649057
649058
649059
649060
649061
649062
649063
649064
649065
649066
649067
649068
649069
649070
649071
649072
649073
649074
649075
649076
649077
649078
649079
649080
649081
649082
649083
649084
649085
649086
649087
649088
649089
649090
649091
649092
649093
649094
649095
649096
649097
649098
649099
649100
649101
649102
649103
649104
649105
649106
649107
649108
649109
649110
649111
649112
649113
649114
649115
649116
649117
649118
649119
649120
649121
649122
649123
649124
649125
649126
649127
649128
649129
649130
649131
649132
649133
649134
649135
649136
649137
649138
649139
649140
649141
649142
649143
649144
649145
649146
649147
649148
649149
649150
649151
649152
649153
649154
649155
649156
649157
649158
649159
649160
649161
649162
649163
649164
649165
649166
649167
649168
649169
649170
649171
649172
649173
649174
649175
649176
649177
649178
649179
649180
649181
649182
649183
649184
649185
649186
649187
649188
649189
649190
649191
649192
649193
649194
649195
649196
649197
649198
649199
649200
649201
649202
649203
649204
649205
649206
649207
649208
649209
649210
649211
649212
649213
649214
649215
649216
649217
649218
649219
649220
649221
649222
649223
649224
649225
649226
649227
649228
649229
649230
649231
649232
649233
649234
649235
649236
649237
649238
649239
649240
649241
649242
649243
649244
649245
649246
649247
649248
649249
649250
649251
649252
649253
649254
649255
649256
649257
649258
649259
649260
649261
649262
649263
649264
649265
649266
649267
649268
649269
649270
649271
649272
649273
649274
649275
649276
649277
649278
649279
649280
649281
649282
649283
649284
649285
649286
649287
649288
649289
649290
649291
649292
649293
649294
649295
649296
649297
649298
649299
649300
649301
649302
649303
649304
649305
649306
649307
649308
649309
649310
649311
649312
649313
649314
649315
649316
649317
649318
649319
649320
649321
649322
649323
649324
649325
649326
649327
649328
649329
649330
649331
649332
649333
649334
649335
649336
649337
649338
649339
649340
649341
649342
649343
649344
649345
649346
649347
649348
649349
649350
649351
649352
649353
649354
649355
649356
649357
649358
649359
649360
649361
649362
649363
649364
649365
649366
649367
649368
649369
649370
649371
649372
649373
649374
649375
649376
649377
649378
649379
649380
649381
649382
649383
649384
649385
649386
649387
649388
649389
649390
649391
649392
649393
649394
649395
649396
649397
649398
649399
649400
649401
649402
649403
649404
649405
649406
649407
649408
649409
649410
649411
649412
649413
649414
649415
649416
649417
649418
649419
649420
649421
649422
649423
649424
649425
649426
649427
649428
649429
649430
649431
649432
649433
649434
649435
649436
649437
649438
649439
649440
649441
649442
649443
649444
649445
649446
649447
649448
649449
649450
649451
649452
649453
649454
649455
649456
649457
649458
649459
649460
649461
649462
649463
649464
649465
649466
649467
649468
649469
649470
649471
649472
649473
649474
649475
649476
649477
649478
649479
649480
649481
649482
649483
649484
649485
649486
649487
649488
649489
649490
649491
649492
649493
649494
649495
649496
649497
649498
649499
649500
649501
649502
649503
649504
649505
649506
649507
649508
649509
649510
649511
649512
649513
649514
649515
649516
649517
649518
649519
649520
649521
649522
649523
649524
649525
649526
649527
649528
649529
649530
649531
649532
649533
649534
649535
649536
649537
649538
649539
649540
649541
649542
649543
649544
649545
649546
649547
649548
649549
649550
649551
649552
649553
649554
649555
649556
649557
649558
649559
649560
649561
649562
649563
649564
649565
649566
649567
649568
649569
649570
649571
649572
649573
649574
649575
649576
649577
649578
649579
649580
649581
649582
649583
649584
649585
649586
649587
649588
649589
649590
649591
649592
649593
649594
649595
649596
649597
649598
649599
649600
649601
649602
649603
649604
649605
649606
649607
649608
649609
649610
649611
649612
649613
649614
649615
649616
649617
649618
649619
649620
649621
649622
649623
649624
649625
649626
649627
649628
649629
649630
649631
649632
649633
649634
649635
649636
649637
649638
649639
649640
649641
649642
649643
649644
649645
649646
649647
649648
649649
649650
649651
649652
649653
649654
649655
649656
649657
649658
649659
649660
649661
649662
649663
649664
649665
649666
649667
649668
649669
649670
649671
649672
649673
649674
649675
649676
649677
649678
649679
649680
649681
649682
649683
649684
649685
649686
649687
649688
649689
649690
649691
649692
649693
649694
649695
649696
649697
649698
649699
649700
649701
649702
649703
649704
649705
649706
649707
649708
649709
649710
649711
649712
649713
649714
649715
649716
649717
649718
649719
649720
649721
649722
649723
649724
649725
649726
649727
649728
649729
649730
649731
649732
649733
649734
649735
649736
649737
649738
649739
649740
649741
649742
649743
649744
649745
649746
649747
649748
649749
649750
649751
649752
649753
649754
649755
649756
649757
649758
649759
649760
649761
649762
649763
649764
649765
649766
649767
649768
649769
649770
649771
649772
649773
649774
649775
649776
649777
649778
649779
649780
649781
649782
649783
649784
649785
649786
649787
649788
649789
649790
649791
649792
649793
649794
649795
649796
649797
649798
649799
649800
649801
649802
649803
649804
649805
649806
649807
649808
649809
649810
649811
649812
649813
649814
649815
649816
649817
649818
649819
649820
649821
649822
649823
649824
649825
649826
649827
649828
649829
649830
649831
649832
649833
649834
649835
649836
649837
649838
649839
649840
649841
649842
649843
649844
649845
649846
649847
649848
649849
649850
649851
649852
649853
649854
649855
649856
649857
649858
649859
649860
649861
649862
649863
649864
649865
649866
649867
649868
649869
649870
649871
649872
649873
649874
649875
649876
649877
649878
649879
649880
649881
649882
649883
649884
649885
649886
649887
649888
649889
649890
649891
649892
649893
649894
649895
649896
649897
649898
649899
649900
649901
649902
649903
649904
649905
649906
649907
649908
649909
649910
649911
649912
649913
649914
649915
649916
649917
649918
649919
649920
649921
649922
649923
649924
649925
649926
649927
649928
649929
649930
649931
649932
649933
649934
649935
649936
649937
649938
649939
649940
649941
649942
649943
649944
649945
649946
649947
649948
649949
649950
649951
649952
649953
649954
649955
649956
649957
649958
649959
649960
649961
649962
649963
649964
649965
649966
649967
649968
649969
649970
649971
649972
649973
649974
649975
649976
649977
649978
649979
649980
649981
649982
649983
649984
649985
649986
649987
649988
649989
649990
649991
649992
649993
649994
649995
649996
649997
649998
649999
650000
650001
650002
650003
650004
650005
650006
650007
650008
650009
650010
650011
650012
650013
650014
650015
650016
650017
650018
650019
650020
650021
650022
650023
650024
650025
650026
650027
650028
650029
650030
650031
650032
650033
650034
650035
650036
650037
650038
650039
650040
650041
650042
650043
650044
650045
650046
650047
650048
650049
650050
650051
650052
650053
650054
650055
650056
650057
650058
650059
650060
650061
650062
650063
650064
650065
650066
650067
650068
650069
650070
650071
650072
650073
650074
650075
650076
650077
650078
650079
650080
650081
650082
650083
650084
650085
650086
650087
650088
650089
650090
650091
650092
650093
650094
650095
650096
650097
650098
650099
650100
650101
650102
650103
650104
650105
650106
650107
650108
650109
650110
650111
650112
650113
650114
650115
650116
650117
650118
650119
650120
650121
650122
650123
650124
650125
650126
650127
650128
650129
650130
650131
650132
650133
650134
650135
650136
650137
650138
650139
650140
650141
650142
650143
650144
650145
650146
650147
650148
650149
650150
650151
650152
650153
650154
650155
650156
650157
650158
650159
650160
650161
650162
650163
650164
650165
650166
650167
650168
650169
650170
650171
650172
650173
650174
650175
650176
650177
650178
650179
650180
650181
650182
650183
650184
650185
650186
650187
650188
650189
650190
650191
650192
650193
650194
650195
650196
650197
650198
650199
650200
650201
650202
650203
650204
650205
650206
650207
650208
650209
650210
650211
650212
650213
650214
650215
650216
650217
650218
650219
650220
650221
650222
650223
650224
650225
650226
650227
650228
650229
650230
650231
650232
650233
650234
650235
650236
650237
650238
650239
650240
650241
650242
650243
650244
650245
650246
650247
650248
650249
650250
650251
650252
650253
650254
650255
650256
650257
650258
650259
650260
650261
650262
650263
650264
650265
650266
650267
650268
650269
650270
650271
650272
650273
650274
650275
650276
650277
650278
650279
650280
650281
650282
650283
650284
650285
650286
650287
650288
650289
650290
650291
650292
650293
650294
650295
650296
650297
650298
650299
650300
650301
650302
650303
650304
650305
650306
650307
650308
650309
650310
650311
650312
650313
650314
650315
650316
650317
650318
650319
650320
650321
650322
650323
650324
650325
650326
650327
650328
650329
650330
650331
650332
650333
650334
650335
650336
650337
650338
650339
650340
650341
650342
650343
650344
650345
650346
650347
650348
650349
650350
650351
650352
650353
650354
650355
650356
650357
650358
650359
650360
650361
650362
650363
650364
650365
650366
650367
650368
650369
650370
650371
650372
650373
650374
650375
650376
650377
650378
650379
650380
650381
650382
650383
650384
650385
650386
650387
650388
650389
650390
650391
650392
650393
650394
650395
650396
650397
650398
650399
650400
650401
650402
650403
650404
650405
650406
650407
650408
650409
650410
650411
650412
650413
650414
650415
650416
650417
650418
650419
650420
650421
650422
650423
650424
650425
650426
650427
650428
650429
650430
650431
650432
650433
650434
650435
650436
650437
650438
650439
650440
650441
650442
650443
650444
650445
650446
650447
650448
650449
650450
650451
650452
650453
650454
650455
650456
650457
650458
650459
650460
650461
650462
650463
650464
650465
650466
650467
650468
650469
650470
650471
650472
650473
650474
650475
650476
650477
650478
650479
650480
650481
650482
650483
650484
650485
650486
650487
650488
650489
650490
650491
650492
650493
650494
650495
650496
650497
650498
650499
650500
650501
650502
650503
650504
650505
650506
650507
650508
650509
650510
650511
650512
650513
650514
650515
650516
650517
650518
650519
650520
650521
650522
650523
650524
650525
650526
650527
650528
650529
650530
650531
650532
650533
650534
650535
650536
650537
650538
650539
650540
650541
650542
650543
650544
650545
650546
650547
650548
650549
650550
650551
650552
650553
650554
650555
650556
650557
650558
650559
650560
650561
650562
650563
650564
650565
650566
650567
650568
650569
650570
650571
650572
650573
650574
650575
650576
650577
650578
650579
650580
650581
650582
650583
650584
650585
650586
650587
650588
650589
650590
650591
650592
650593
650594
650595
650596
650597
650598
650599
650600
650601
650602
650603
650604
650605
650606
650607
650608
650609
650610
650611
650612
650613
650614
650615
650616
650617
650618
650619
650620
650621
650622
650623
650624
650625
650626
650627
650628
650629
650630
650631
650632
650633
650634
650635
650636
650637
650638
650639
650640
650641
650642
650643
650644
650645
650646
650647
650648
650649
650650
650651
650652
650653
650654
650655
650656
650657
650658
650659
650660
650661
650662
650663
650664
650665
650666
650667
650668
650669
650670
650671
650672
650673
650674
650675
650676
650677
650678
650679
650680
650681
650682
650683
650684
650685
650686
650687
650688
650689
650690
650691
650692
650693
650694
650695
650696
650697
650698
650699
650700
650701
650702
650703
650704
650705
650706
650707
650708
650709
650710
650711
650712
650713
650714
650715
650716
650717
650718
650719
650720
650721
650722
650723
650724
650725
650726
650727
650728
650729
650730
650731
650732
650733
650734
650735
650736
650737
650738
650739
650740
650741
650742
650743
650744
650745
650746
650747
650748
650749
650750
650751
650752
650753
650754
650755
650756
650757
650758
650759
650760
650761
650762
650763
650764
650765
650766
650767
650768
650769
650770
650771
650772
650773
650774
650775
650776
650777
650778
650779
650780
650781
650782
650783
650784
650785
650786
650787
650788
650789
650790
650791
650792
650793
650794
650795
650796
650797
650798
650799
650800
650801
650802
650803
650804
650805
650806
650807
650808
650809
650810
650811
650812
650813
650814
650815
650816
650817
650818
650819
650820
650821
650822
650823
650824
650825
650826
650827
650828
650829
650830
650831
650832
650833
650834
650835
650836
650837
650838
650839
650840
650841
650842
650843
650844
650845
650846
650847
650848
650849
650850
650851
650852
650853
650854
650855
650856
650857
650858
650859
650860
650861
650862
650863
650864
650865
650866
650867
650868
650869
650870
650871
650872
650873
650874
650875
650876
650877
650878
650879
650880
650881
650882
650883
650884
650885
650886
650887
650888
650889
650890
650891
650892
650893
650894
650895
650896
650897
650898
650899
650900
650901
650902
650903
650904
650905
650906
650907
650908
650909
650910
650911
650912
650913
650914
650915
650916
650917
650918
650919
650920
650921
650922
650923
650924
650925
650926
650927
650928
650929
650930
650931
650932
650933
650934
650935
650936
650937
650938
650939
650940
650941
650942
650943
650944
650945
650946
650947
650948
650949
650950
650951
650952
650953
650954
650955
650956
650957
650958
650959
650960
650961
650962
650963
650964
650965
650966
650967
650968
650969
650970
650971
650972
650973
650974
650975
650976
650977
650978
650979
650980
650981
650982
650983
650984
650985
650986
650987
650988
650989
650990
650991
650992
650993
650994
650995
650996
650997
650998
650999
651000
651001
651002
651003
651004
651005
651006
651007
651008
651009
651010
651011
651012
651013
651014
651015
651016
651017
651018
651019
651020
651021
651022
651023
651024
651025
651026
651027
651028
651029
651030
651031
651032
651033
651034
651035
651036
651037
651038
651039
651040
651041
651042
651043
651044
651045
651046
651047
651048
651049
651050
651051
651052
651053
651054
651055
651056
651057
651058
651059
651060
651061
651062
651063
651064
651065
651066
651067
651068
651069
651070
651071
651072
651073
651074
651075
651076
651077
651078
651079
651080
651081
651082
651083
651084
651085
651086
651087
651088
651089
651090
651091
651092
651093
651094
651095
651096
651097
651098
651099
651100
651101
651102
651103
651104
651105
651106
651107
651108
651109
651110
651111
651112
651113
651114
651115
651116
651117
651118
651119
651120
651121
651122
651123
651124
651125
651126
651127
651128
651129
651130
651131
651132
651133
651134
651135
651136
651137
651138
651139
651140
651141
651142
651143
651144
651145
651146
651147
651148
651149
651150
651151
651152
651153
651154
651155
651156
651157
651158
651159
651160
651161
651162
651163
651164
651165
651166
651167
651168
651169
651170
651171
651172
651173
651174
651175
651176
651177
651178
651179
651180
651181
651182
651183
651184
651185
651186
651187
651188
651189
651190
651191
651192
651193
651194
651195
651196
651197
651198
651199
651200
651201
651202
651203
651204
651205
651206
651207
651208
651209
651210
651211
651212
651213
651214
651215
651216
651217
651218
651219
651220
651221
651222
651223
651224
651225
651226
651227
651228
651229
651230
651231
651232
651233
651234
651235
651236
651237
651238
651239
651240
651241
651242
651243
651244
651245
651246
651247
651248
651249
651250
651251
651252
651253
651254
651255
651256
651257
651258
651259
651260
651261
651262
651263
651264
651265
651266
651267
651268
651269
651270
651271
651272
651273
651274
651275
651276
651277
651278
651279
651280
651281
651282
651283
651284
651285
651286
651287
651288
651289
651290
651291
651292
651293
651294
651295
651296
651297
651298
651299
651300
651301
651302
651303
651304
651305
651306
651307
651308
651309
651310
651311
651312
651313
651314
651315
651316
651317
651318
651319
651320
651321
651322
651323
651324
651325
651326
651327
651328
651329
651330
651331
651332
651333
651334
651335
651336
651337
651338
651339
651340
651341
651342
651343
651344
651345
651346
651347
651348
651349
651350
651351
651352
651353
651354
651355
651356
651357
651358
651359
651360
651361
651362
651363
651364
651365
651366
651367
651368
651369
651370
651371
651372
651373
651374
651375
651376
651377
651378
651379
651380
651381
651382
651383
651384
651385
651386
651387
651388
651389
651390
651391
651392
651393
651394
651395
651396
651397
651398
651399
651400
651401
651402
651403
651404
651405
651406
651407
651408
651409
651410
651411
651412
651413
651414
651415
651416
651417
651418
651419
651420
651421
651422
651423
651424
651425
651426
651427
651428
651429
651430
651431
651432
651433
651434
651435
651436
651437
651438
651439
651440
651441
651442
651443
651444
651445
651446
651447
651448
651449
651450
651451
651452
651453
651454
651455
651456
651457
651458
651459
651460
651461
651462
651463
651464
651465
651466
651467
651468
651469
651470
651471
651472
651473
651474
651475
651476
651477
651478
651479
651480
651481
651482
651483
651484
651485
651486
651487
651488
651489
651490
651491
651492
651493
651494
651495
651496
651497
651498
651499
651500
651501
651502
651503
651504
651505
651506
651507
651508
651509
651510
651511
651512
651513
651514
651515
651516
651517
651518
651519
651520
651521
651522
651523
651524
651525
651526
651527
651528
651529
651530
651531
651532
651533
651534
651535
651536
651537
651538
651539
651540
651541
651542
651543
651544
651545
651546
651547
651548
651549
651550
651551
651552
651553
651554
651555
651556
651557
651558
651559
651560
651561
651562
651563
651564
651565
651566
651567
651568
651569
651570
651571
651572
651573
651574
651575
651576
651577
651578
651579
651580
651581
651582
651583
651584
651585
651586
651587
651588
651589
651590
651591
651592
651593
651594
651595
651596
651597
651598
651599
651600
651601
651602
651603
651604
651605
651606
651607
651608
651609
651610
651611
651612
651613
651614
651615
651616
651617
651618
651619
651620
651621
651622
651623
651624
651625
651626
651627
651628
651629
651630
651631
651632
651633
651634
651635
651636
651637
651638
651639
651640
651641
651642
651643
651644
651645
651646
651647
651648
651649
651650
651651
651652
651653
651654
651655
651656
651657
651658
651659
651660
651661
651662
651663
651664
651665
651666
651667
651668
651669
651670
651671
651672
651673
651674
651675
651676
651677
651678
651679
651680
651681
651682
651683
651684
651685
651686
651687
651688
651689
651690
651691
651692
651693
651694
651695
651696
651697
651698
651699
651700
651701
651702
651703
651704
651705
651706
651707
651708
651709
651710
651711
651712
651713
651714
651715
651716
651717
651718
651719
651720
651721
651722
651723
651724
651725
651726
651727
651728
651729
651730
651731
651732
651733
651734
651735
651736
651737
651738
651739
651740
651741
651742
651743
651744
651745
651746
651747
651748
651749
651750
651751
651752
651753
651754
651755
651756
651757
651758
651759
651760
651761
651762
651763
651764
651765
651766
651767
651768
651769
651770
651771
651772
651773
651774
651775
651776
651777
651778
651779
651780
651781
651782
651783
651784
651785
651786
651787
651788
651789
651790
651791
651792
651793
651794
651795
651796
651797
651798
651799
651800
651801
651802
651803
651804
651805
651806
651807
651808
651809
651810
651811
651812
651813
651814
651815
651816
651817
651818
651819
651820
651821
651822
651823
651824
651825
651826
651827
651828
651829
651830
651831
651832
651833
651834
651835
651836
651837
651838
651839
651840
651841
651842
651843
651844
651845
651846
651847
651848
651849
651850
651851
651852
651853
651854
651855
651856
651857
651858
651859
651860
651861
651862
651863
651864
651865
651866
651867
651868
651869
651870
651871
651872
651873
651874
651875
651876
651877
651878
651879
651880
651881
651882
651883
651884
651885
651886
651887
651888
651889
651890
651891
651892
651893
651894
651895
651896
651897
651898
651899
651900
651901
651902
651903
651904
651905
651906
651907
651908
651909
651910
651911
651912
651913
651914
651915
651916
651917
651918
651919
651920
651921
651922
651923
651924
651925
651926
651927
651928
651929
651930
651931
651932
651933
651934
651935
651936
651937
651938
651939
651940
651941
651942
651943
651944
651945
651946
651947
651948
651949
651950
651951
651952
651953
651954
651955
651956
651957
651958
651959
651960
651961
651962
651963
651964
651965
651966
651967
651968
651969
651970
651971
651972
651973
651974
651975
651976
651977
651978
651979
651980
651981
651982
651983
651984
651985
651986
651987
651988
651989
651990
651991
651992
651993
651994
651995
651996
651997
651998
651999
652000
652001
652002
652003
652004
652005
652006
652007
652008
652009
652010
652011
652012
652013
652014
652015
652016
652017
652018
652019
652020
652021
652022
652023
652024
652025
652026
652027
652028
652029
652030
652031
652032
652033
652034
652035
652036
652037
652038
652039
652040
652041
652042
652043
652044
652045
652046
652047
652048
652049
652050
652051
652052
652053
652054
652055
652056
652057
652058
652059
652060
652061
652062
652063
652064
652065
652066
652067
652068
652069
652070
652071
652072
652073
652074
652075
652076
652077
652078
652079
652080
652081
652082
652083
652084
652085
652086
652087
652088
652089
652090
652091
652092
652093
652094
652095
652096
652097
652098
652099
652100
652101
652102
652103
652104
652105
652106
652107
652108
652109
652110
652111
652112
652113
652114
652115
652116
652117
652118
652119
652120
652121
652122
652123
652124
652125
652126
652127
652128
652129
652130
652131
652132
652133
652134
652135
652136
652137
652138
652139
652140
652141
652142
652143
652144
652145
652146
652147
652148
652149
652150
652151
652152
652153
652154
652155
652156
652157
652158
652159
652160
652161
652162
652163
652164
652165
652166
652167
652168
652169
652170
652171
652172
652173
652174
652175
652176
652177
652178
652179
652180
652181
652182
652183
652184
652185
652186
652187
652188
652189
652190
652191
652192
652193
652194
652195
652196
652197
652198
652199
652200
652201
652202
652203
652204
652205
652206
652207
652208
652209
652210
652211
652212
652213
652214
652215
652216
652217
652218
652219
652220
652221
652222
652223
652224
652225
652226
652227
652228
652229
652230
652231
652232
652233
652234
652235
652236
652237
652238
652239
652240
652241
652242
652243
652244
652245
652246
652247
652248
652249
652250
652251
652252
652253
652254
652255
652256
652257
652258
652259
652260
652261
652262
652263
652264
652265
652266
652267
652268
652269
652270
652271
652272
652273
652274
652275
652276
652277
652278
652279
652280
652281
652282
652283
652284
652285
652286
652287
652288
652289
652290
652291
652292
652293
652294
652295
652296
652297
652298
652299
652300
652301
652302
652303
652304
652305
652306
652307
652308
652309
652310
652311
652312
652313
652314
652315
652316
652317
652318
652319
652320
652321
652322
652323
652324
652325
652326
652327
652328
652329
652330
652331
652332
652333
652334
652335
652336
652337
652338
652339
652340
652341
652342
652343
652344
652345
652346
652347
652348
652349
652350
652351
652352
652353
652354
652355
652356
652357
652358
652359
652360
652361
652362
652363
652364
652365
652366
652367
652368
652369
652370
652371
652372
652373
652374
652375
652376
652377
652378
652379
652380
652381
652382
652383
652384
652385
652386
652387
652388
652389
652390
652391
652392
652393
652394
652395
652396
652397
652398
652399
652400
652401
652402
652403
652404
652405
652406
652407
652408
652409
652410
652411
652412
652413
652414
652415
652416
652417
652418
652419
652420
652421
652422
652423
652424
652425
652426
652427
652428
652429
652430
652431
652432
652433
652434
652435
652436
652437
652438
652439
652440
652441
652442
652443
652444
652445
652446
652447
652448
652449
652450
652451
652452
652453
652454
652455
652456
652457
652458
652459
652460
652461
652462
652463
652464
652465
652466
652467
652468
652469
652470
652471
652472
652473
652474
652475
652476
652477
652478
652479
652480
652481
652482
652483
652484
652485
652486
652487
652488
652489
652490
652491
652492
652493
652494
652495
652496
652497
652498
652499
652500
652501
652502
652503
652504
652505
652506
652507
652508
652509
652510
652511
652512
652513
652514
652515
652516
652517
652518
652519
652520
652521
652522
652523
652524
652525
652526
652527
652528
652529
652530
652531
652532
652533
652534
652535
652536
652537
652538
652539
652540
652541
652542
652543
652544
652545
652546
652547
652548
652549
652550
652551
652552
652553
652554
652555
652556
652557
652558
652559
652560
652561
652562
652563
652564
652565
652566
652567
652568
652569
652570
652571
652572
652573
652574
652575
652576
652577
652578
652579
652580
652581
652582
652583
652584
652585
652586
652587
652588
652589
652590
652591
652592
652593
652594
652595
652596
652597
652598
652599
652600
652601
652602
652603
652604
652605
652606
652607
652608
652609
652610
652611
652612
652613
652614
652615
652616
652617
652618
652619
652620
652621
652622
652623
652624
652625
652626
652627
652628
652629
652630
652631
652632
652633
652634
652635
652636
652637
652638
652639
652640
652641
652642
652643
652644
652645
652646
652647
652648
652649
652650
652651
652652
652653
652654
652655
652656
652657
652658
652659
652660
652661
652662
652663
652664
652665
652666
652667
652668
652669
652670
652671
652672
652673
652674
652675
652676
652677
652678
652679
652680
652681
652682
652683
652684
652685
652686
652687
652688
652689
652690
652691
652692
652693
652694
652695
652696
652697
652698
652699
652700
652701
652702
652703
652704
652705
652706
652707
652708
652709
652710
652711
652712
652713
652714
652715
652716
652717
652718
652719
652720
652721
652722
652723
652724
652725
652726
652727
652728
652729
652730
652731
652732
652733
652734
652735
652736
652737
652738
652739
652740
652741
652742
652743
652744
652745
652746
652747
652748
652749
652750
652751
652752
652753
652754
652755
652756
652757
652758
652759
652760
652761
652762
652763
652764
652765
652766
652767
652768
652769
652770
652771
652772
652773
652774
652775
652776
652777
652778
652779
652780
652781
652782
652783
652784
652785
652786
652787
652788
652789
652790
652791
652792
652793
652794
652795
652796
652797
652798
652799
652800
652801
652802
652803
652804
652805
652806
652807
652808
652809
652810
652811
652812
652813
652814
652815
652816
652817
652818
652819
652820
652821
652822
652823
652824
652825
652826
652827
652828
652829
652830
652831
652832
652833
652834
652835
652836
652837
652838
652839
652840
652841
652842
652843
652844
652845
652846
652847
652848
652849
652850
652851
652852
652853
652854
652855
652856
652857
652858
652859
652860
652861
652862
652863
652864
652865
652866
652867
652868
652869
652870
652871
652872
652873
652874
652875
652876
652877
652878
652879
652880
652881
652882
652883
652884
652885
652886
652887
652888
652889
652890
652891
652892
652893
652894
652895
652896
652897
652898
652899
652900
652901
652902
652903
652904
652905
652906
652907
652908
652909
652910
652911
652912
652913
652914
652915
652916
652917
652918
652919
652920
652921
652922
652923
652924
652925
652926
652927
652928
652929
652930
652931
652932
652933
652934
652935
652936
652937
652938
652939
652940
652941
652942
652943
652944
652945
652946
652947
652948
652949
652950
652951
652952
652953
652954
652955
652956
652957
652958
652959
652960
652961
652962
652963
652964
652965
652966
652967
652968
652969
652970
652971
652972
652973
652974
652975
652976
652977
652978
652979
652980
652981
652982
652983
652984
652985
652986
652987
652988
652989
652990
652991
652992
652993
652994
652995
652996
652997
652998
652999
653000
653001
653002
653003
653004
653005
653006
653007
653008
653009
653010
653011
653012
653013
653014
653015
653016
653017
653018
653019
653020
653021
653022
653023
653024
653025
653026
653027
653028
653029
653030
653031
653032
653033
653034
653035
653036
653037
653038
653039
653040
653041
653042
653043
653044
653045
653046
653047
653048
653049
653050
653051
653052
653053
653054
653055
653056
653057
653058
653059
653060
653061
653062
653063
653064
653065
653066
653067
653068
653069
653070
653071
653072
653073
653074
653075
653076
653077
653078
653079
653080
653081
653082
653083
653084
653085
653086
653087
653088
653089
653090
653091
653092
653093
653094
653095
653096
653097
653098
653099
653100
653101
653102
653103
653104
653105
653106
653107
653108
653109
653110
653111
653112
653113
653114
653115
653116
653117
653118
653119
653120
653121
653122
653123
653124
653125
653126
653127
653128
653129
653130
653131
653132
653133
653134
653135
653136
653137
653138
653139
653140
653141
653142
653143
653144
653145
653146
653147
653148
653149
653150
653151
653152
653153
653154
653155
653156
653157
653158
653159
653160
653161
653162
653163
653164
653165
653166
653167
653168
653169
653170
653171
653172
653173
653174
653175
653176
653177
653178
653179
653180
653181
653182
653183
653184
653185
653186
653187
653188
653189
653190
653191
653192
653193
653194
653195
653196
653197
653198
653199
653200
653201
653202
653203
653204
653205
653206
653207
653208
653209
653210
653211
653212
653213
653214
653215
653216
653217
653218
653219
653220
653221
653222
653223
653224
653225
653226
653227
653228
653229
653230
653231
653232
653233
653234
653235
653236
653237
653238
653239
653240
653241
653242
653243
653244
653245
653246
653247
653248
653249
653250
653251
653252
653253
653254
653255
653256
653257
653258
653259
653260
653261
653262
653263
653264
653265
653266
653267
653268
653269
653270
653271
653272
653273
653274
653275
653276
653277
653278
653279
653280
653281
653282
653283
653284
653285
653286
653287
653288
653289
653290
653291
653292
653293
653294
653295
653296
653297
653298
653299
653300
653301
653302
653303
653304
653305
653306
653307
653308
653309
653310
653311
653312
653313
653314
653315
653316
653317
653318
653319
653320
653321
653322
653323
653324
653325
653326
653327
653328
653329
653330
653331
653332
653333
653334
653335
653336
653337
653338
653339
653340
653341
653342
653343
653344
653345
653346
653347
653348
653349
653350
653351
653352
653353
653354
653355
653356
653357
653358
653359
653360
653361
653362
653363
653364
653365
653366
653367
653368
653369
653370
653371
653372
653373
653374
653375
653376
653377
653378
653379
653380
653381
653382
653383
653384
653385
653386
653387
653388
653389
653390
653391
653392
653393
653394
653395
653396
653397
653398
653399
653400
653401
653402
653403
653404
653405
653406
653407
653408
653409
653410
653411
653412
653413
653414
653415
653416
653417
653418
653419
653420
653421
653422
653423
653424
653425
653426
653427
653428
653429
653430
653431
653432
653433
653434
653435
653436
653437
653438
653439
653440
653441
653442
653443
653444
653445
653446
653447
653448
653449
653450
653451
653452
653453
653454
653455
653456
653457
653458
653459
653460
653461
653462
653463
653464
653465
653466
653467
653468
653469
653470
653471
653472
653473
653474
653475
653476
653477
653478
653479
653480
653481
653482
653483
653484
653485
653486
653487
653488
653489
653490
653491
653492
653493
653494
653495
653496
653497
653498
653499
653500
653501
653502
653503
653504
653505
653506
653507
653508
653509
653510
653511
653512
653513
653514
653515
653516
653517
653518
653519
653520
653521
653522
653523
653524
653525
653526
653527
653528
653529
653530
653531
653532
653533
653534
653535
653536
653537
653538
653539
653540
653541
653542
653543
653544
653545
653546
653547
653548
653549
653550
653551
653552
653553
653554
653555
653556
653557
653558
653559
653560
653561
653562
653563
653564
653565
653566
653567
653568
653569
653570
653571
653572
653573
653574
653575
653576
653577
653578
653579
653580
653581
653582
653583
653584
653585
653586
653587
653588
653589
653590
653591
653592
653593
653594
653595
653596
653597
653598
653599
653600
653601
653602
653603
653604
653605
653606
653607
653608
653609
653610
653611
653612
653613
653614
653615
653616
653617
653618
653619
653620
653621
653622
653623
653624
653625
653626
653627
653628
653629
653630
653631
653632
653633
653634
653635
653636
653637
653638
653639
653640
653641
653642
653643
653644
653645
653646
653647
653648
653649
653650
653651
653652
653653
653654
653655
653656
653657
653658
653659
653660
653661
653662
653663
653664
653665
653666
653667
653668
653669
653670
653671
653672
653673
653674
653675
653676
653677
653678
653679
653680
653681
653682
653683
653684
653685
653686
653687
653688
653689
653690
653691
653692
653693
653694
653695
653696
653697
653698
653699
653700
653701
653702
653703
653704
653705
653706
653707
653708
653709
653710
653711
653712
653713
653714
653715
653716
653717
653718
653719
653720
653721
653722
653723
653724
653725
653726
653727
653728
653729
653730
653731
653732
653733
653734
653735
653736
653737
653738
653739
653740
653741
653742
653743
653744
653745
653746
653747
653748
653749
653750
653751
653752
653753
653754
653755
653756
653757
653758
653759
653760
653761
653762
653763
653764
653765
653766
653767
653768
653769
653770
653771
653772
653773
653774
653775
653776
653777
653778
653779
653780
653781
653782
653783
653784
653785
653786
653787
653788
653789
653790
653791
653792
653793
653794
653795
653796
653797
653798
653799
653800
653801
653802
653803
653804
653805
653806
653807
653808
653809
653810
653811
653812
653813
653814
653815
653816
653817
653818
653819
653820
653821
653822
653823
653824
653825
653826
653827
653828
653829
653830
653831
653832
653833
653834
653835
653836
653837
653838
653839
653840
653841
653842
653843
653844
653845
653846
653847
653848
653849
653850
653851
653852
653853
653854
653855
653856
653857
653858
653859
653860
653861
653862
653863
653864
653865
653866
653867
653868
653869
653870
653871
653872
653873
653874
653875
653876
653877
653878
653879
653880
653881
653882
653883
653884
653885
653886
653887
653888
653889
653890
653891
653892
653893
653894
653895
653896
653897
653898
653899
653900
653901
653902
653903
653904
653905
653906
653907
653908
653909
653910
653911
653912
653913
653914
653915
653916
653917
653918
653919
653920
653921
653922
653923
653924
653925
653926
653927
653928
653929
653930
653931
653932
653933
653934
653935
653936
653937
653938
653939
653940
653941
653942
653943
653944
653945
653946
653947
653948
653949
653950
653951
653952
653953
653954
653955
653956
653957
653958
653959
653960
653961
653962
653963
653964
653965
653966
653967
653968
653969
653970
653971
653972
653973
653974
653975
653976
653977
653978
653979
653980
653981
653982
653983
653984
653985
653986
653987
653988
653989
653990
653991
653992
653993
653994
653995
653996
653997
653998
653999
654000
654001
654002
654003
654004
654005
654006
654007
654008
654009
654010
654011
654012
654013
654014
654015
654016
654017
654018
654019
654020
654021
654022
654023
654024
654025
654026
654027
654028
654029
654030
654031
654032
654033
654034
654035
654036
654037
654038
654039
654040
654041
654042
654043
654044
654045
654046
654047
654048
654049
654050
654051
654052
654053
654054
654055
654056
654057
654058
654059
654060
654061
654062
654063
654064
654065
654066
654067
654068
654069
654070
654071
654072
654073
654074
654075
654076
654077
654078
654079
654080
654081
654082
654083
654084
654085
654086
654087
654088
654089
654090
654091
654092
654093
654094
654095
654096
654097
654098
654099
654100
654101
654102
654103
654104
654105
654106
654107
654108
654109
654110
654111
654112
654113
654114
654115
654116
654117
654118
654119
654120
654121
654122
654123
654124
654125
654126
654127
654128
654129
654130
654131
654132
654133
654134
654135
654136
654137
654138
654139
654140
654141
654142
654143
654144
654145
654146
654147
654148
654149
654150
654151
654152
654153
654154
654155
654156
654157
654158
654159
654160
654161
654162
654163
654164
654165
654166
654167
654168
654169
654170
654171
654172
654173
654174
654175
654176
654177
654178
654179
654180
654181
654182
654183
654184
654185
654186
654187
654188
654189
654190
654191
654192
654193
654194
654195
654196
654197
654198
654199
654200
654201
654202
654203
654204
654205
654206
654207
654208
654209
654210
654211
654212
654213
654214
654215
654216
654217
654218
654219
654220
654221
654222
654223
654224
654225
654226
654227
654228
654229
654230
654231
654232
654233
654234
654235
654236
654237
654238
654239
654240
654241
654242
654243
654244
654245
654246
654247
654248
654249
654250
654251
654252
654253
654254
654255
654256
654257
654258
654259
654260
654261
654262
654263
654264
654265
654266
654267
654268
654269
654270
654271
654272
654273
654274
654275
654276
654277
654278
654279
654280
654281
654282
654283
654284
654285
654286
654287
654288
654289
654290
654291
654292
654293
654294
654295
654296
654297
654298
654299
654300
654301
654302
654303
654304
654305
654306
654307
654308
654309
654310
654311
654312
654313
654314
654315
654316
654317
654318
654319
654320
654321
654322
654323
654324
654325
654326
654327
654328
654329
654330
654331
654332
654333
654334
654335
654336
654337
654338
654339
654340
654341
654342
654343
654344
654345
654346
654347
654348
654349
654350
654351
654352
654353
654354
654355
654356
654357
654358
654359
654360
654361
654362
654363
654364
654365
654366
654367
654368
654369
654370
654371
654372
654373
654374
654375
654376
654377
654378
654379
654380
654381
654382
654383
654384
654385
654386
654387
654388
654389
654390
654391
654392
654393
654394
654395
654396
654397
654398
654399
654400
654401
654402
654403
654404
654405
654406
654407
654408
654409
654410
654411
654412
654413
654414
654415
654416
654417
654418
654419
654420
654421
654422
654423
654424
654425
654426
654427
654428
654429
654430
654431
654432
654433
654434
654435
654436
654437
654438
654439
654440
654441
654442
654443
654444
654445
654446
654447
654448
654449
654450
654451
654452
654453
654454
654455
654456
654457
654458
654459
654460
654461
654462
654463
654464
654465
654466
654467
654468
654469
654470
654471
654472
654473
654474
654475
654476
654477
654478
654479
654480
654481
654482
654483
654484
654485
654486
654487
654488
654489
654490
654491
654492
654493
654494
654495
654496
654497
654498
654499
654500
654501
654502
654503
654504
654505
654506
654507
654508
654509
654510
654511
654512
654513
654514
654515
654516
654517
654518
654519
654520
654521
654522
654523
654524
654525
654526
654527
654528
654529
654530
654531
654532
654533
654534
654535
654536
654537
654538
654539
654540
654541
654542
654543
654544
654545
654546
654547
654548
654549
654550
654551
654552
654553
654554
654555
654556
654557
654558
654559
654560
654561
654562
654563
654564
654565
654566
654567
654568
654569
654570
654571
654572
654573
654574
654575
654576
654577
654578
654579
654580
654581
654582
654583
654584
654585
654586
654587
654588
654589
654590
654591
654592
654593
654594
654595
654596
654597
654598
654599
654600
654601
654602
654603
654604
654605
654606
654607
654608
654609
654610
654611
654612
654613
654614
654615
654616
654617
654618
654619
654620
654621
654622
654623
654624
654625
654626
654627
654628
654629
654630
654631
654632
654633
654634
654635
654636
654637
654638
654639
654640
654641
654642
654643
654644
654645
654646
654647
654648
654649
654650
654651
654652
654653
654654
654655
654656
654657
654658
654659
654660
654661
654662
654663
654664
654665
654666
654667
654668
654669
654670
654671
654672
654673
654674
654675
654676
654677
654678
654679
654680
654681
654682
654683
654684
654685
654686
654687
654688
654689
654690
654691
654692
654693
654694
654695
654696
654697
654698
654699
654700
654701
654702
654703
654704
654705
654706
654707
654708
654709
654710
654711
654712
654713
654714
654715
654716
654717
654718
654719
654720
654721
654722
654723
654724
654725
654726
654727
654728
654729
654730
654731
654732
654733
654734
654735
654736
654737
654738
654739
654740
654741
654742
654743
654744
654745
654746
654747
654748
654749
654750
654751
654752
654753
654754
654755
654756
654757
654758
654759
654760
654761
654762
654763
654764
654765
654766
654767
654768
654769
654770
654771
654772
654773
654774
654775
654776
654777
654778
654779
654780
654781
654782
654783
654784
654785
654786
654787
654788
654789
654790
654791
654792
654793
654794
654795
654796
654797
654798
654799
654800
654801
654802
654803
654804
654805
654806
654807
654808
654809
654810
654811
654812
654813
654814
654815
654816
654817
654818
654819
654820
654821
654822
654823
654824
654825
654826
654827
654828
654829
654830
654831
654832
654833
654834
654835
654836
654837
654838
654839
654840
654841
654842
654843
654844
654845
654846
654847
654848
654849
654850
654851
654852
654853
654854
654855
654856
654857
654858
654859
654860
654861
654862
654863
654864
654865
654866
654867
654868
654869
654870
654871
654872
654873
654874
654875
654876
654877
654878
654879
654880
654881
654882
654883
654884
654885
654886
654887
654888
654889
654890
654891
654892
654893
654894
654895
654896
654897
654898
654899
654900
654901
654902
654903
654904
654905
654906
654907
654908
654909
654910
654911
654912
654913
654914
654915
654916
654917
654918
654919
654920
654921
654922
654923
654924
654925
654926
654927
654928
654929
654930
654931
654932
654933
654934
654935
654936
654937
654938
654939
654940
654941
654942
654943
654944
654945
654946
654947
654948
654949
654950
654951
654952
654953
654954
654955
654956
654957
654958
654959
654960
654961
654962
654963
654964
654965
654966
654967
654968
654969
654970
654971
654972
654973
654974
654975
654976
654977
654978
654979
654980
654981
654982
654983
654984
654985
654986
654987
654988
654989
654990
654991
654992
654993
654994
654995
654996
654997
654998
654999
655000
655001
655002
655003
655004
655005
655006
655007
655008
655009
655010
655011
655012
655013
655014
655015
655016
655017
655018
655019
655020
655021
655022
655023
655024
655025
655026
655027
655028
655029
655030
655031
655032
655033
655034
655035
655036
655037
655038
655039
655040
655041
655042
655043
655044
655045
655046
655047
655048
655049
655050
655051
655052
655053
655054
655055
655056
655057
655058
655059
655060
655061
655062
655063
655064
655065
655066
655067
655068
655069
655070
655071
655072
655073
655074
655075
655076
655077
655078
655079
655080
655081
655082
655083
655084
655085
655086
655087
655088
655089
655090
655091
655092
655093
655094
655095
655096
655097
655098
655099
655100
655101
655102
655103
655104
655105
655106
655107
655108
655109
655110
655111
655112
655113
655114
655115
655116
655117
655118
655119
655120
655121
655122
655123
655124
655125
655126
655127
655128
655129
655130
655131
655132
655133
655134
655135
655136
655137
655138
655139
655140
655141
655142
655143
655144
655145
655146
655147
655148
655149
655150
655151
655152
655153
655154
655155
655156
655157
655158
655159
655160
655161
655162
655163
655164
655165
655166
655167
655168
655169
655170
655171
655172
655173
655174
655175
655176
655177
655178
655179
655180
655181
655182
655183
655184
655185
655186
655187
655188
655189
655190
655191
655192
655193
655194
655195
655196
655197
655198
655199
655200
655201
655202
655203
655204
655205
655206
655207
655208
655209
655210
655211
655212
655213
655214
655215
655216
655217
655218
655219
655220
655221
655222
655223
655224
655225
655226
655227
655228
655229
655230
655231
655232
655233
655234
655235
655236
655237
655238
655239
655240
655241
655242
655243
655244
655245
655246
655247
655248
655249
655250
655251
655252
655253
655254
655255
655256
655257
655258
655259
655260
655261
655262
655263
655264
655265
655266
655267
655268
655269
655270
655271
655272
655273
655274
655275
655276
655277
655278
655279
655280
655281
655282
655283
655284
655285
655286
655287
655288
655289
655290
655291
655292
655293
655294
655295
655296
655297
655298
655299
655300
655301
655302
655303
655304
655305
655306
655307
655308
655309
655310
655311
655312
655313
655314
655315
655316
655317
655318
655319
655320
655321
655322
655323
655324
655325
655326
655327
655328
655329
655330
655331
655332
655333
655334
655335
655336
655337
655338
655339
655340
655341
655342
655343
655344
655345
655346
655347
655348
655349
655350
655351
655352
655353
655354
655355
655356
655357
655358
655359
655360
655361
655362
655363
655364
655365
655366
655367
655368
655369
655370
655371
655372
655373
655374
655375
655376
655377
655378
655379
655380
655381
655382
655383
655384
655385
655386
655387
655388
655389
655390
655391
655392
655393
655394
655395
655396
655397
655398
655399
655400
655401
655402
655403
655404
655405
655406
655407
655408
655409
655410
655411
655412
655413
655414
655415
655416
655417
655418
655419
655420
655421
655422
655423
655424
655425
655426
655427
655428
655429
655430
655431
655432
655433
655434
655435
655436
655437
655438
655439
655440
655441
655442
655443
655444
655445
655446
655447
655448
655449
655450
655451
655452
655453
655454
655455
655456
655457
655458
655459
655460
655461
655462
655463
655464
655465
655466
655467
655468
655469
655470
655471
655472
655473
655474
655475
655476
655477
655478
655479
655480
655481
655482
655483
655484
655485
655486
655487
655488
655489
655490
655491
655492
655493
655494
655495
655496
655497
655498
655499
655500
655501
655502
655503
655504
655505
655506
655507
655508
655509
655510
655511
655512
655513
655514
655515
655516
655517
655518
655519
655520
655521
655522
655523
655524
655525
655526
655527
655528
655529
655530
655531
655532
655533
655534
655535
655536
655537
655538
655539
655540
655541
655542
655543
655544
655545
655546
655547
655548
655549
655550
655551
655552
655553
655554
655555
655556
655557
655558
655559
655560
655561
655562
655563
655564
655565
655566
655567
655568
655569
655570
655571
655572
655573
655574
655575
655576
655577
655578
655579
655580
655581
655582
655583
655584
655585
655586
655587
655588
655589
655590
655591
655592
655593
655594
655595
655596
655597
655598
655599
655600
655601
655602
655603
655604
655605
655606
655607
655608
655609
655610
655611
655612
655613
655614
655615
655616
655617
655618
655619
655620
655621
655622
655623
655624
655625
655626
655627
655628
655629
655630
655631
655632
655633
655634
655635
655636
655637
655638
655639
655640
655641
655642
655643
655644
655645
655646
655647
655648
655649
655650
655651
655652
655653
655654
655655
655656
655657
655658
655659
655660
655661
655662
655663
655664
655665
655666
655667
655668
655669
655670
655671
655672
655673
655674
655675
655676
655677
655678
655679
655680
655681
655682
655683
655684
655685
655686
655687
655688
655689
655690
655691
655692
655693
655694
655695
655696
655697
655698
655699
655700
655701
655702
655703
655704
655705
655706
655707
655708
655709
655710
655711
655712
655713
655714
655715
655716
655717
655718
655719
655720
655721
655722
655723
655724
655725
655726
655727
655728
655729
655730
655731
655732
655733
655734
655735
655736
655737
655738
655739
655740
655741
655742
655743
655744
655745
655746
655747
655748
655749
655750
655751
655752
655753
655754
655755
655756
655757
655758
655759
655760
655761
655762
655763
655764
655765
655766
655767
655768
655769
655770
655771
655772
655773
655774
655775
655776
655777
655778
655779
655780
655781
655782
655783
655784
655785
655786
655787
655788
655789
655790
655791
655792
655793
655794
655795
655796
655797
655798
655799
655800
655801
655802
655803
655804
655805
655806
655807
655808
655809
655810
655811
655812
655813
655814
655815
655816
655817
655818
655819
655820
655821
655822
655823
655824
655825
655826
655827
655828
655829
655830
655831
655832
655833
655834
655835
655836
655837
655838
655839
655840
655841
655842
655843
655844
655845
655846
655847
655848
655849
655850
655851
655852
655853
655854
655855
655856
655857
655858
655859
655860
655861
655862
655863
655864
655865
655866
655867
655868
655869
655870
655871
655872
655873
655874
655875
655876
655877
655878
655879
655880
655881
655882
655883
655884
655885
655886
655887
655888
655889
655890
655891
655892
655893
655894
655895
655896
655897
655898
655899
655900
655901
655902
655903
655904
655905
655906
655907
655908
655909
655910
655911
655912
655913
655914
655915
655916
655917
655918
655919
655920
655921
655922
655923
655924
655925
655926
655927
655928
655929
655930
655931
655932
655933
655934
655935
655936
655937
655938
655939
655940
655941
655942
655943
655944
655945
655946
655947
655948
655949
655950
655951
655952
655953
655954
655955
655956
655957
655958
655959
655960
655961
655962
655963
655964
655965
655966
655967
655968
655969
655970
655971
655972
655973
655974
655975
655976
655977
655978
655979
655980
655981
655982
655983
655984
655985
655986
655987
655988
655989
655990
655991
655992
655993
655994
655995
655996
655997
655998
655999
656000
656001
656002
656003
656004
656005
656006
656007
656008
656009
656010
656011
656012
656013
656014
656015
656016
656017
656018
656019
656020
656021
656022
656023
656024
656025
656026
656027
656028
656029
656030
656031
656032
656033
656034
656035
656036
656037
656038
656039
656040
656041
656042
656043
656044
656045
656046
656047
656048
656049
656050
656051
656052
656053
656054
656055
656056
656057
656058
656059
656060
656061
656062
656063
656064
656065
656066
656067
656068
656069
656070
656071
656072
656073
656074
656075
656076
656077
656078
656079
656080
656081
656082
656083
656084
656085
656086
656087
656088
656089
656090
656091
656092
656093
656094
656095
656096
656097
656098
656099
656100
656101
656102
656103
656104
656105
656106
656107
656108
656109
656110
656111
656112
656113
656114
656115
656116
656117
656118
656119
656120
656121
656122
656123
656124
656125
656126
656127
656128
656129
656130
656131
656132
656133
656134
656135
656136
656137
656138
656139
656140
656141
656142
656143
656144
656145
656146
656147
656148
656149
656150
656151
656152
656153
656154
656155
656156
656157
656158
656159
656160
656161
656162
656163
656164
656165
656166
656167
656168
656169
656170
656171
656172
656173
656174
656175
656176
656177
656178
656179
656180
656181
656182
656183
656184
656185
656186
656187
656188
656189
656190
656191
656192
656193
656194
656195
656196
656197
656198
656199
656200
656201
656202
656203
656204
656205
656206
656207
656208
656209
656210
656211
656212
656213
656214
656215
656216
656217
656218
656219
656220
656221
656222
656223
656224
656225
656226
656227
656228
656229
656230
656231
656232
656233
656234
656235
656236
656237
656238
656239
656240
656241
656242
656243
656244
656245
656246
656247
656248
656249
656250
656251
656252
656253
656254
656255
656256
656257
656258
656259
656260
656261
656262
656263
656264
656265
656266
656267
656268
656269
656270
656271
656272
656273
656274
656275
656276
656277
656278
656279
656280
656281
656282
656283
656284
656285
656286
656287
656288
656289
656290
656291
656292
656293
656294
656295
656296
656297
656298
656299
656300
656301
656302
656303
656304
656305
656306
656307
656308
656309
656310
656311
656312
656313
656314
656315
656316
656317
656318
656319
656320
656321
656322
656323
656324
656325
656326
656327
656328
656329
656330
656331
656332
656333
656334
656335
656336
656337
656338
656339
656340
656341
656342
656343
656344
656345
656346
656347
656348
656349
656350
656351
656352
656353
656354
656355
656356
656357
656358
656359
656360
656361
656362
656363
656364
656365
656366
656367
656368
656369
656370
656371
656372
656373
656374
656375
656376
656377
656378
656379
656380
656381
656382
656383
656384
656385
656386
656387
656388
656389
656390
656391
656392
656393
656394
656395
656396
656397
656398
656399
656400
656401
656402
656403
656404
656405
656406
656407
656408
656409
656410
656411
656412
656413
656414
656415
656416
656417
656418
656419
656420
656421
656422
656423
656424
656425
656426
656427
656428
656429
656430
656431
656432
656433
656434
656435
656436
656437
656438
656439
656440
656441
656442
656443
656444
656445
656446
656447
656448
656449
656450
656451
656452
656453
656454
656455
656456
656457
656458
656459
656460
656461
656462
656463
656464
656465
656466
656467
656468
656469
656470
656471
656472
656473
656474
656475
656476
656477
656478
656479
656480
656481
656482
656483
656484
656485
656486
656487
656488
656489
656490
656491
656492
656493
656494
656495
656496
656497
656498
656499
656500
656501
656502
656503
656504
656505
656506
656507
656508
656509
656510
656511
656512
656513
656514
656515
656516
656517
656518
656519
656520
656521
656522
656523
656524
656525
656526
656527
656528
656529
656530
656531
656532
656533
656534
656535
656536
656537
656538
656539
656540
656541
656542
656543
656544
656545
656546
656547
656548
656549
656550
656551
656552
656553
656554
656555
656556
656557
656558
656559
656560
656561
656562
656563
656564
656565
656566
656567
656568
656569
656570
656571
656572
656573
656574
656575
656576
656577
656578
656579
656580
656581
656582
656583
656584
656585
656586
656587
656588
656589
656590
656591
656592
656593
656594
656595
656596
656597
656598
656599
656600
656601
656602
656603
656604
656605
656606
656607
656608
656609
656610
656611
656612
656613
656614
656615
656616
656617
656618
656619
656620
656621
656622
656623
656624
656625
656626
656627
656628
656629
656630
656631
656632
656633
656634
656635
656636
656637
656638
656639
656640
656641
656642
656643
656644
656645
656646
656647
656648
656649
656650
656651
656652
656653
656654
656655
656656
656657
656658
656659
656660
656661
656662
656663
656664
656665
656666
656667
656668
656669
656670
656671
656672
656673
656674
656675
656676
656677
656678
656679
656680
656681
656682
656683
656684
656685
656686
656687
656688
656689
656690
656691
656692
656693
656694
656695
656696
656697
656698
656699
656700
656701
656702
656703
656704
656705
656706
656707
656708
656709
656710
656711
656712
656713
656714
656715
656716
656717
656718
656719
656720
656721
656722
656723
656724
656725
656726
656727
656728
656729
656730
656731
656732
656733
656734
656735
656736
656737
656738
656739
656740
656741
656742
656743
656744
656745
656746
656747
656748
656749
656750
656751
656752
656753
656754
656755
656756
656757
656758
656759
656760
656761
656762
656763
656764
656765
656766
656767
656768
656769
656770
656771
656772
656773
656774
656775
656776
656777
656778
656779
656780
656781
656782
656783
656784
656785
656786
656787
656788
656789
656790
656791
656792
656793
656794
656795
656796
656797
656798
656799
656800
656801
656802
656803
656804
656805
656806
656807
656808
656809
656810
656811
656812
656813
656814
656815
656816
656817
656818
656819
656820
656821
656822
656823
656824
656825
656826
656827
656828
656829
656830
656831
656832
656833
656834
656835
656836
656837
656838
656839
656840
656841
656842
656843
656844
656845
656846
656847
656848
656849
656850
656851
656852
656853
656854
656855
656856
656857
656858
656859
656860
656861
656862
656863
656864
656865
656866
656867
656868
656869
656870
656871
656872
656873
656874
656875
656876
656877
656878
656879
656880
656881
656882
656883
656884
656885
656886
656887
656888
656889
656890
656891
656892
656893
656894
656895
656896
656897
656898
656899
656900
656901
656902
656903
656904
656905
656906
656907
656908
656909
656910
656911
656912
656913
656914
656915
656916
656917
656918
656919
656920
656921
656922
656923
656924
656925
656926
656927
656928
656929
656930
656931
656932
656933
656934
656935
656936
656937
656938
656939
656940
656941
656942
656943
656944
656945
656946
656947
656948
656949
656950
656951
656952
656953
656954
656955
656956
656957
656958
656959
656960
656961
656962
656963
656964
656965
656966
656967
656968
656969
656970
656971
656972
656973
656974
656975
656976
656977
656978
656979
656980
656981
656982
656983
656984
656985
656986
656987
656988
656989
656990
656991
656992
656993
656994
656995
656996
656997
656998
656999
657000
657001
657002
657003
657004
657005
657006
657007
657008
657009
657010
657011
657012
657013
657014
657015
657016
657017
657018
657019
657020
657021
657022
657023
657024
657025
657026
657027
657028
657029
657030
657031
657032
657033
657034
657035
657036
657037
657038
657039
657040
657041
657042
657043
657044
657045
657046
657047
657048
657049
657050
657051
657052
657053
657054
657055
657056
657057
657058
657059
657060
657061
657062
657063
657064
657065
657066
657067
657068
657069
657070
657071
657072
657073
657074
657075
657076
657077
657078
657079
657080
657081
657082
657083
657084
657085
657086
657087
657088
657089
657090
657091
657092
657093
657094
657095
657096
657097
657098
657099
657100
657101
657102
657103
657104
657105
657106
657107
657108
657109
657110
657111
657112
657113
657114
657115
657116
657117
657118
657119
657120
657121
657122
657123
657124
657125
657126
657127
657128
657129
657130
657131
657132
657133
657134
657135
657136
657137
657138
657139
657140
657141
657142
657143
657144
657145
657146
657147
657148
657149
657150
657151
657152
657153
657154
657155
657156
657157
657158
657159
657160
657161
657162
657163
657164
657165
657166
657167
657168
657169
657170
657171
657172
657173
657174
657175
657176
657177
657178
657179
657180
657181
657182
657183
657184
657185
657186
657187
657188
657189
657190
657191
657192
657193
657194
657195
657196
657197
657198
657199
657200
657201
657202
657203
657204
657205
657206
657207
657208
657209
657210
657211
657212
657213
657214
657215
657216
657217
657218
657219
657220
657221
657222
657223
657224
657225
657226
657227
657228
657229
657230
657231
657232
657233
657234
657235
657236
657237
657238
657239
657240
657241
657242
657243
657244
657245
657246
657247
657248
657249
657250
657251
657252
657253
657254
657255
657256
657257
657258
657259
657260
657261
657262
657263
657264
657265
657266
657267
657268
657269
657270
657271
657272
657273
657274
657275
657276
657277
657278
657279
657280
657281
657282
657283
657284
657285
657286
657287
657288
657289
657290
657291
657292
657293
657294
657295
657296
657297
657298
657299
657300
657301
657302
657303
657304
657305
657306
657307
657308
657309
657310
657311
657312
657313
657314
657315
657316
657317
657318
657319
657320
657321
657322
657323
657324
657325
657326
657327
657328
657329
657330
657331
657332
657333
657334
657335
657336
657337
657338
657339
657340
657341
657342
657343
657344
657345
657346
657347
657348
657349
657350
657351
657352
657353
657354
657355
657356
657357
657358
657359
657360
657361
657362
657363
657364
657365
657366
657367
657368
657369
657370
657371
657372
657373
657374
657375
657376
657377
657378
657379
657380
657381
657382
657383
657384
657385
657386
657387
657388
657389
657390
657391
657392
657393
657394
657395
657396
657397
657398
657399
657400
657401
657402
657403
657404
657405
657406
657407
657408
657409
657410
657411
657412
657413
657414
657415
657416
657417
657418
657419
657420
657421
657422
657423
657424
657425
657426
657427
657428
657429
657430
657431
657432
657433
657434
657435
657436
657437
657438
657439
657440
657441
657442
657443
657444
657445
657446
657447
657448
657449
657450
657451
657452
657453
657454
657455
657456
657457
657458
657459
657460
657461
657462
657463
657464
657465
657466
657467
657468
657469
657470
657471
657472
657473
657474
657475
657476
657477
657478
657479
657480
657481
657482
657483
657484
657485
657486
657487
657488
657489
657490
657491
657492
657493
657494
657495
657496
657497
657498
657499
657500
657501
657502
657503
657504
657505
657506
657507
657508
657509
657510
657511
657512
657513
657514
657515
657516
657517
657518
657519
657520
657521
657522
657523
657524
657525
657526
657527
657528
657529
657530
657531
657532
657533
657534
657535
657536
657537
657538
657539
657540
657541
657542
657543
657544
657545
657546
657547
657548
657549
657550
822069
822071
822072
822073
822074
822075
822076
822077
822078
822079
822080
822081
822082
822083
822084
822085
822086
822087
822088
822089
822090
822091
822092
822093
822094
822095
822096
822097
822099
822100
822103
822104
822454
822456
822457
822459
822460
822462
822463
822465
822466
822468
822471
829536
829537
829538
829539
829540
829541
829542
829543
829544
829545
829546
829547
829548
829549
829550
829551
829552
829553
829554
829555
829556
829557
829558
829559
829560
829561
829562
829563
829564
829565
829566
829567
829568
829569
829570
829571
829572
829573
829574
829575
829576
829577
829578
829579
829580
829581
829582
829583
829584
829585
829586
829587
829588
829589
829590
829591
829594
829595
829920
829921
829922
829923
829924
829925
829926
829927
829928
829929
829930
829931
829932
829933
829934
829935
829936
829937
829938
829939
829940
829941
829942
829943
829944
829945
829946
829947
829948
829949
829950
829951
829952
829953
829954
829955
829956
829957
829958
829960
829961
830219
830220
830221
830222
830223
830224
830225
830226
830227
830228
830229
830230
830231
830232
830233
830234
830235
830236
830237
830238
830239
830240
830241
830242
830243
830244
830245
830246
830247
830248
830249
830250
830251
830252
830253
830254
830255
830256
830257
830259
830260
830518
830520
830521
830523
830524
830526
830527
830528
830529
830530
830531
830532
830533
830534
830535
830536
830537
830538
830539
830540
830541
830542
830543
830544
830545
830546
830547
830548
830549
830550
830551
830552
830553
830554
830555
830556
830558
830559
830826
830828
830829
830830
830831
830832
830833
830834
830835
830836
830837
830838
830839
830840
830841
830842
830843
830844
830845
830846
830847
830848
830849
830850
830851
830852
830853
830854
830855
830857
830858
831128
831130
831131
831133
831134
831135
831136
831137
831138
831139
831140
831141
831142
831143
831144
831145
831146
831147
831148
831149
831150
831151
831152
831153
831154
831156
831157
831433
831434
831435
831436
831437
831438
831439
831440
831441
831442
831443
831444
831445
831446
831447
831448
831449
831450
831451
831452
831453
831455
831456
831732
831733
831734
831735
831736
831737
831738
831739
831740
831741
831742
831743
831744
831745
831746
831747
831748
831749
831750
831751
831752
831754
831755
832031
832032
832033
832034
832035
832036
832037
832038
832039
832040
832041
832042
832043
832044
832045
832046
832047
832048
832049
832050
832051
832053
832054
832330
832331
832332
832333
832334
832335
832336
832337
832338
832339
832340
832341
832342
832343
832344
832345
832346
832347
832348
832349
832350
832352
832353
832629
832631
832632
832634
832635
832637
832638
832640
832641
832643
832644
832646
832647
832649
832652
836955
836956
836957
836958
836959
836960
836961
836962
836963
836964
836965
836966
836967
836968
836969
836970
836971
836972
836973
836974
836975
836976
836977
836978
836979
836980
836981
836982
836983
836984
836985
836986
836987
836988
836989
836990
836991
836992
836993
836994
836995
836996
836997
836998
836999
837000
837001
837002
837003
837004
837005
837006
837007
837008
837009
837010
837011
837012
837013
837014
837015
837016
837017
837018
837019
837020
837021
837022
837023
837024
837025
837026
837027
837028
837029
837030
837031
837032
837033
837034
837035
837036
837037
837038
837039
837040
837041
837042
837043
837044
837045
837046
837047
837048
837049
837050
837051
837052
837053
837054
837055
837056
837057
837058
837059
837060
837061
837062
837063
837064
837065
837066
837069
837070
837353
837354
837355
837356
837357
837358
837359
837360
837361
837362
837363
837364
837365
837366
837367
837368
837369
837370
837371
837372
837373
837374
837375
837376
837377
837378
837379
837380
837381
837382
837383
837384
837385
837386
837387
837388
837389
837390
837391
837392
837393
837394
837395
837396
837397
837398
837399
837400
837401
837402
837403
837404
837405
837406
837407
837408
837409
837410
837411
837412
837413
837414
837415
837416
837417
837418
837419
837420
837421
837422
837423
837424
837425
837426
837427
837428
837429
837430
837431
837432
837433
837435
837436
837652
837654
837655
837656
837657
837658
837659
837660
837661
837662
837663
837664
837665
837666
837667
837668
837669
837670
837671
837672
837673
837674
837675
837676
837677
837678
837679
837680
837681
837682
837683
837684
837685
837686
837687
837688
837689
837690
837691
837692
837693
837694
837695
837696
837697
837698
837699
837700
837701
837702
837703
837704
837705
837706
837707
837708
837709
837710
837711
837712
837713
837714
837715
837716
837717
837718
837719
837720
837721
837722
837723
837724
837725
837726
837727
837728
837729
837730
837731
837732
837734
837735
837954
837955
837956
837957
837958
837959
837960
837961
837962
837963
837964
837965
837966
837967
837968
837969
837970
837971
837972
837973
837974
837975
837976
837977
837978
837979
837980
837981
837982
837983
837984
837985
837986
837987
837988
837989
837990
837991
837992
837993
837994
837995
837996
837997
837998
837999
838000
838001
838002
838003
838004
838005
838006
838007
838008
838009
838010
838011
838012
838013
838014
838015
838016
838017
838018
838019
838020
838021
838022
838023
838024
838025
838026
838027
838028
838029
838030
838031
838033
838034
838253
838255
838256
838257
838258
838259
838260
838261
838262
838263
838264
838265
838266
838267
838268
838269
838270
838271
838272
838273
838274
838275
838276
838277
838278
838279
838280
838281
838282
838283
838284
838285
838286
838287
838288
838289
838290
838291
838292
838293
838294
838295
838296
838297
838298
838299
838300
838301
838302
838303
838304
838305
838306
838307
838308
838309
838310
838311
838312
838313
838314
838315
838316
838317
838318
838319
838320
838321
838322
838323
838324
838325
838326
838327
838328
838329
838330
838332
838333
838555
838557
838558
838560
838561
838563
838564
838566
838567
838569
838570
838572
838573
838575
838576
838578
838579
838581
838582
838584
838585
838587
838588
838590
838591
838593
838594
838595
838596
838597
838598
838599
838600
838601
838602
838603
838604
838605
838606
838607
838608
838609
838610
838611
838612
838613
838614
838615
838616
838617
838618
838619
838620
838621
838622
838623
838624
838625
838626
838627
838628
838629
838631
838632
838893
838895
838896
838898
838899
838900
838901
838902
838903
838904
838905
838906
838907
838908
838909
838910
838911
838912
838913
838914
838915
838916
838917
838918
838919
838920
838921
838922
838923
838924
838925
838926
838927
838928
838930
838931
839198
839200
839201
839203
839204
839205
839206
839207
839208
839209
839210
839211
839212
839213
839214
839215
839216
839217
839218
839219
839220
839221
839222
839223
839224
839225
839226
839227
839229
839230
839503
839504
839505
839506
839507
839508
839509
839510
839511
839512
839513
839514
839515
839516
839517
839518
839519
839520
839521
839522
839523
839524
839525
839526
839528
839529
839802
839803
839804
839805
839806
839807
839808
839809
839810
839811
839812
839813
839814
839815
839816
839817
839818
839819
839820
839821
839822
839823
839824
839825
839827
839828
840101
840103
840104
840106
840107
840109
840110
840112
840113
840115
840116
840118
840119
840121
840122
840124
840127
844426
844427
844428
844429
844430
844431
844432
844433
844434
844435
844436
844437
844438
844439
844440
844441
844442
844443
844444
844445
844446
844447
844448
844449
844450
844451
844452
844453
844454
844455
844456
844457
844458
844459
844460
844461
844462
844463
844464
844465
844466
844467
844468
844469
844470
844471
844472
844473
844474
844475
844476
844477
844478
844479
844480
844481
844482
844483
844484
844485
844486
844487
844488
844489
844490
844491
844492
844493
844494
844495
844496
844497
844498
844499
844500
844501
844502
844503
844504
844505
844506
844507
844508
844509
844510
844511
844512
844513
844514
844515
844516
844517
844518
844519
844520
844521
844522
844523
844524
844525
844526
844527
844528
844529
844530
844531
844532
844533
844534
844535
844536
844537
844538
844539
844540
844541
844545
844825
844826
844827
844828
844829
844830
844831
844832
844833
844834
844835
844836
844837
844838
844839
844840
844841
844842
844843
844844
844845
844846
844847
844848
844849
844850
844851
844852
844853
844854
844855
844856
844857
844858
844859
844860
844861
844862
844863
844864
844865
844866
844867
844868
844869
844870
844871
844872
844873
844874
844875
844876
844877
844878
844879
844880
844881
844882
844883
844884
844885
844886
844887
844888
844889
844890
844891
844892
844893
844894
844895
844896
844897
844898
844899
844900
844901
844902
844903
844904
844905
844906
844907
844908
844910
844911
845124
845125
845126
845127
845128
845129
845130
845131
845132
845133
845134
845135
845136
845137
845138
845139
845140
845141
845142
845143
845144
845145
845146
845147
845148
845149
845150
845151
845152
845153
845154
845155
845156
845157
845158
845159
845160
845161
845162
845163
845164
845165
845166
845167
845168
845169
845170
845171
845172
845173
845174
845175
845176
845177
845178
845179
845180
845181
845182
845183
845184
845185
845186
845187
845188
845189
845190
845191
845192
845193
845194
845195
845196
845197
845198
845199
845200
845201
845202
845203
845204
845205
845206
845207
845209
845210
845423
845424
845425
845426
845427
845428
845429
845430
845431
845432
845433
845434
845435
845436
845437
845438
845439
845440
845441
845442
845443
845444
845445
845446
845447
845448
845449
845450
845451
845452
845453
845454
845455
845456
845457
845458
845459
845460
845461
845462
845463
845464
845465
845466
845467
845468
845469
845470
845471
845472
845473
845474
845475
845476
845477
845478
845479
845480
845481
845482
845483
845484
845485
845486
845487
845488
845489
845490
845491
845492
845493
845494
845495
845496
845497
845498
845499
845500
845501
845502
845503
845504
845505
845506
845508
845509
845722
845723
845724
845725
845726
845727
845728
845729
845730
845731
845732
845733
845734
845735
845736
845737
845738
845739
845740
845741
845742
845743
845744
845745
845746
845747
845748
845749
845750
845751
845752
845753
845754
845755
845756
845757
845758
845759
845760
845761
845762
845763
845764
845765
845766
845767
845768
845769
845770
845771
845772
845773
845774
845775
845776
845777
845778
845779
845780
845781
845782
845783
845784
845785
845786
845787
845788
845789
845790
845791
845792
845793
845794
845795
845796
845797
845798
845799
845800
845801
845802
845803
845804
845805
845807
845808
846021
846022
846023
846024
846025
846026
846027
846028
846029
846030
846031
846032
846033
846034
846035
846036
846037
846038
846039
846040
846041
846042
846043
846044
846045
846046
846047
846048
846049
846050
846051
846052
846053
846054
846055
846056
846057
846058
846059
846060
846061
846062
846063
846064
846065
846066
846067
846068
846069
846070
846071
846072
846073
846074
846075
846076
846077
846078
846079
846080
846081
846082
846083
846084
846085
846086
846087
846088
846089
846090
846091
846092
846093
846094
846095
846096
846097
846098
846099
846100
846101
846102
846103
846104
846106
846107
846320
846322
846323
846324
846325
846326
846327
846328
846329
846330
846331
846332
846333
846334
846335
846336
846337
846338
846339
846340
846341
846342
846343
846344
846345
846346
846347
846348
846349
846350
846351
846352
846353
846354
846355
846356
846357
846358
846359
846360
846361
846362
846363
846364
846365
846366
846367
846368
846369
846370
846371
846372
846373
846374
846375
846376
846377
846378
846379
846380
846381
846382
846383
846384
846385
846386
846387
846388
846389
846390
846391
846392
846393
846394
846395
846396
846397
846398
846399
846400
846401
846402
846403
846405
846406
846622
846623
846624
846625
846626
846627
846628
846629
846630
846631
846632
846633
846634
846635
846636
846637
846638
846639
846640
846641
846642
846643
846644
846645
846646
846647
846648
846649
846650
846651
846652
846653
846654
846655
846656
846657
846658
846659
846660
846661
846662
846663
846664
846665
846666
846667
846668
846669
846670
846671
846672
846673
846674
846675
846676
846677
846678
846679
846680
846681
846682
846683
846684
846685
846686
846687
846688
846689
846690
846691
846692
846693
846694
846695
846696
846697
846698
846699
846700
846701
846702
846704
846705
846921
846923
846924
846926
846927
846928
846929
846930
846931
846932
846933
846934
846935
846936
846937
846938
846939
846940
846941
846942
846943
846944
846945
846946
846947
846948
846949
846950
846951
846952
846953
846954
846955
846956
846957
846958
846959
846960
846961
846962
846963
846964
846965
846966
846967
846968
846969
846970
846971
846972
846973
846974
846975
846976
846977
846978
846979
846980
846981
846982
846983
846984
846985
846986
846987
846988
846989
846990
846991
846992
846993
846994
846995
846996
846997
846998
846999
847000
847001
847003
847004
847226
847228
847229
847231
847232
847234
847235
847237
847238
847240
847241
847243
847244
847246
847247
847249
847250
847252
847253
847255
847256
847258
847259
847261
847262
847264
847265
847267
847268
847270
847271
847272
847273
847274
847275
847276
847277
847278
847279
847280
847281
847282
847283
847284
847285
847286
847287
847288
847289
847290
847291
847292
847293
847294
847295
847296
847297
847298
847299
847300
847302
847303
847570
847572
847573
847575
847576
847578
847579
847581
847582
847584
847585
847587
847588
847590
847591
847593
847594
847596
847597
847599
847602
851901
851902
851903
851904
851905
851906
851907
851908
851909
851910
851911
851912
851913
851914
851915
851916
851917
851918
851919
851920
851921
851922
851923
851924
851925
851926
851927
851928
851929
851930
851931
851932
851933
851934
851935
851936
851937
851938
851939
851940
851941
851942
851943
851944
851945
851946
851947
851948
851949
851950
851951
851952
851953
851954
851955
851956
851957
851958
851959
851960
851961
851962
851963
851964
851965
851966
851967
851968
851969
851970
851971
851972
851973
851974
851975
851976
851977
851978
851979
851980
851981
851982
851983
851984
851985
851986
851987
851988
851989
851990
851991
851992
851993
851994
851995
851996
851997
851998
851999
852000
852001
852002
852003
852004
852005
852006
852007
852008
852009
852010
852011
852012
852014
852015
852016
852300
852301
852302
852303
852304
852305
852306
852307
852308
852309
852310
852311
852312
852313
852314
852315
852316
852317
852318
852319
852320
852321
852322
852323
852324
852325
852326
852327
852328
852329
852330
852331
852332
852333
852334
852335
852336
852337
852338
852339
852340
852341
852342
852343
852344
852345
852346
852347
852348
852349
852350
852351
852352
852353
852354
852355
852356
852357
852358
852359
852360
852361
852362
852363
852364
852365
852366
852367
852368
852369
852370
852371
852372
852373
852374
852375
852376
852377
852378
852379
852380
852381
852382
852383
852385
852386
852599
852600
852601
852602
852603
852604
852605
852606
852607
852608
852609
852610
852611
852612
852613
852614
852615
852616
852617
852618
852619
852620
852621
852622
852623
852624
852625
852626
852627
852628
852629
852630
852631
852632
852633
852634
852635
852636
852637
852638
852639
852640
852641
852642
852643
852644
852645
852646
852647
852648
852649
852650
852651
852652
852653
852654
852655
852656
852657
852658
852659
852660
852661
852662
852663
852664
852665
852666
852667
852668
852669
852670
852671
852672
852673
852674
852675
852676
852677
852678
852679
852680
852681
852682
852684
852685
852898
852899
852900
852901
852902
852903
852904
852905
852906
852907
852908
852909
852910
852911
852912
852913
852914
852915
852916
852917
852918
852919
852920
852921
852922
852923
852924
852925
852926
852927
852928
852929
852930
852931
852932
852933
852934
852935
852936
852937
852938
852939
852940
852941
852942
852943
852944
852945
852946
852947
852948
852949
852950
852951
852952
852953
852954
852955
852956
852957
852958
852959
852960
852961
852962
852963
852964
852965
852966
852967
852968
852969
852970
852971
852972
852973
852974
852975
852976
852977
852978
852979
852980
852981
852983
852984
853197
853198
853199
853200
853201
853202
853203
853204
853205
853206
853207
853208
853209
853210
853211
853212
853213
853214
853215
853216
853217
853218
853219
853220
853221
853222
853223
853224
853225
853226
853227
853228
853229
853230
853231
853232
853233
853234
853235
853236
853237
853238
853239
853240
853241
853242
853243
853244
853245
853246
853247
853248
853249
853250
853251
853252
853253
853254
853255
853256
853257
853258
853259
853260
853261
853262
853263
853264
853265
853266
853267
853268
853269
853270
853271
853272
853273
853274
853275
853276
853277
853278
853279
853280
853282
853283
853496
853497
853498
853499
853500
853501
853502
853503
853504
853505
853506
853507
853508
853509
853510
853511
853512
853513
853514
853515
853516
853517
853518
853519
853520
853521
853522
853523
853524
853525
853526
853527
853528
853529
853530
853531
853532
853533
853534
853535
853536
853537
853538
853539
853540
853541
853542
853543
853544
853545
853546
853547
853548
853549
853550
853551
853552
853553
853554
853555
853556
853557
853558
853559
853560
853561
853562
853563
853564
853565
853566
853567
853568
853569
853570
853571
853572
853573
853574
853575
853576
853577
853578
853579
853581
853582
853795
853796
853797
853798
853799
853800
853801
853802
853803
853804
853805
853806
853807
853808
853809
853810
853811
853812
853813
853814
853815
853816
853817
853818
853819
853820
853821
853822
853823
853824
853825
853826
853827
853828
853829
853830
853831
853832
853833
853834
853835
853836
853837
853838
853839
853840
853841
853842
853843
853844
853845
853846
853847
853848
853849
853850
853851
853852
853853
853854
853855
853856
853857
853858
853859
853860
853861
853862
853863
853864
853865
853866
853867
853868
853869
853870
853871
853872
853873
853874
853875
853876
853877
853878
853880
853881
854094
854095
854096
854097
854098
854099
854100
854101
854102
854103
854104
854105
854106
854107
854108
854109
854110
854111
854112
854113
854114
854115
854116
854117
854118
854119
854120
854121
854122
854123
854124
854125
854126
854127
854128
854129
854130
854131
854132
854133
854134
854135
854136
854137
854138
854139
854140
854141
854142
854143
854144
854145
854146
854147
854148
854149
854150
854151
854152
854153
854154
854155
854156
854157
854158
854159
854160
854161
854162
854163
854164
854165
854166
854167
854168
854169
854170
854171
854172
854173
854174
854175
854176
854177
854179
854180
854393
854394
854395
854396
854397
854398
854399
854400
854401
854402
854403
854404
854405
854406
854407
854408
854409
854410
854411
854412
854413
854414
854415
854416
854417
854418
854419
854420
854421
854422
854423
854424
854425
854426
854427
854428
854429
854430
854431
854432
854433
854434
854435
854436
854437
854438
854439
854440
854441
854442
854443
854444
854445
854446
854447
854448
854449
854450
854451
854452
854453
854454
854455
854456
854457
854458
854459
854460
854461
854462
854463
854464
854465
854466
854467
854468
854469
854470
854471
854472
854473
854474
854475
854476
854478
854479
854692
854693
854694
854695
854696
854697
854698
854699
854700
854701
854702
854703
854704
854705
854706
854707
854708
854709
854710
854711
854712
854713
854714
854715
854716
854717
854718
854719
854720
854721
854722
854723
854724
854725
854726
854727
854728
854729
854730
854731
854732
854733
854734
854735
854736
854737
854738
854739
854740
854741
854742
854743
854744
854745
854746
854747
854748
854749
854750
854751
854752
854753
854754
854755
854756
854757
854758
854759
854760
854761
854762
854763
854764
854765
854766
854767
854768
854769
854770
854771
854772
854773
854774
854775
854777
854778
854991
854993
854994
854995
854996
854997
854998
854999
855000
855001
855002
855003
855004
855005
855006
855007
855008
855009
855010
855011
855012
855013
855014
855015
855016
855017
855018
855019
855020
855021
855022
855023
855024
855025
855026
855027
855028
855029
855030
855031
855032
855033
855034
855035
855036
855037
855038
855039
855040
855041
855042
855043
855044
855045
855046
855047
855048
855049
855050
855051
855052
855053
855054
855055
855056
855057
855058
855059
855060
855061
855062
855063
855065
855066
855068
855069
855071
855072
855074
855077
855293
855295
855296
855298
855299
855301
855302
855304
855305
855307
855308
855310
855311
855313
855314
855316
855317
855319
855320
855322
855323
855325
855326
855328
855329
855331
855332
855334
855335
855337
855338
855340
855341
855342
855343
855344
855345
855346
855347
855348
855349
855350
855351
855352
855353
855354
855355
855356
855357
855358
855360
855361
855640
855642
855643
855645
855646
855648
855649
855651
855652
855654
855655
855657
855660
859376
859377
859378
859379
859380
859381
859382
859383
859384
859385
859386
859387
859388
859389
859390
859391
859392
859393
859394
859395
859396
859397
859398
859399
859400
859401
859402
859403
859404
859405
859406
859407
859408
859409
859410
859411
859412
859413
859414
859415
859416
859417
859418
859419
859420
859421
859422
859423
859424
859425
859426
859427
859428
859429
859430
859431
859432
859433
859434
859435
859436
859437
859438
859439
859440
859441
859442
859443
859444
859445
859446
859447
859448
859449
859450
859451
859452
859453
859454
859455
859456
859457
859458
859459
859460
859461
859462
859463
859464
859465
859466
859467
859468
859469
859470
859471
859472
859473
859474
859475
859476
859477
859478
859479
859480
859481
859482
859483
859484
859485
859486
859487
859489
859490
859491
859775
859776
859777
859778
859779
859780
859781
859782
859783
859784
859785
859786
859787
859788
859789
859790
859791
859792
859793
859794
859795
859796
859797
859798
859799
859800
859801
859802
859803
859804
859805
859806
859807
859808
859809
859810
859811
859812
859813
859814
859815
859816
859817
859818
859819
859820
859821
859822
859823
859824
859825
859826
859827
859828
859829
859830
859831
859832
859833
859834
859835
859836
859837
859838
859839
859840
859841
859842
859843
859844
859845
859846
859847
859848
859849
859850
859851
859852
859853
859854
859855
859856
859857
859858
859860
859861
860074
860075
860076
860077
860078
860079
860080
860081
860082
860083
860084
860085
860086
860087
860088
860089
860090
860091
860092
860093
860094
860095
860096
860097
860098
860099
860100
860101
860102
860103
860104
860105
860106
860107
860108
860109
860110
860111
860112
860113
860114
860115
860116
860117
860118
860119
860120
860121
860122
860123
860124
860125
860126
860127
860128
860129
860130
860131
860132
860133
860134
860135
860136
860137
860138
860139
860140
860141
860142
860143
860144
860145
860146
860147
860148
860149
860150
860151
860152
860153
860154
860155
860156
860157
860159
860160
860373
860374
860375
860376
860377
860378
860379
860380
860381
860382
860383
860384
860385
860386
860387
860388
860389
860390
860391
860392
860393
860394
860395
860396
860397
860398
860399
860400
860401
860402
860403
860404
860405
860406
860407
860408
860409
860410
860411
860412
860413
860414
860415
860416
860417
860418
860419
860420
860421
860422
860423
860424
860425
860426
860427
860428
860429
860430
860431
860432
860433
860434
860435
860436
860437
860438
860439
860440
860441
860442
860443
860444
860445
860446
860447
860448
860449
860450
860451
860452
860453
860454
860455
860456
860458
860459
860672
860673
860674
860675
860676
860677
860678
860679
860680
860681
860682
860683
860684
860685
860686
860687
860688
860689
860690
860691
860692
860693
860694
860695
860696
860697
860698
860699
860700
860701
860702
860703
860704
860705
860706
860707
860708
860709
860710
860711
860712
860713
860714
860715
860716
860717
860718
860719
860720
860721
860722
860723
860724
860725
860726
860727
860728
860729
860730
860731
860732
860733
860734
860735
860736
860737
860738
860739
860740
860741
860742
860743
860744
860745
860746
860747
860748
860749
860750
860751
860752
860753
860754
860755
860757
860758
860971
860972
860973
860974
860975
860976
860977
860978
860979
860980
860981
860982
860983
860984
860985
860986
860987
860988
860989
860990
860991
860992
860993
860994
860995
860996
860997
860998
860999
861000
861001
861002
861003
861004
861005
861006
861007
861008
861009
861010
861011
861012
861013
861014
861015
861016
861017
861018
861019
861020
861021
861022
861023
861024
861025
861026
861027
861028
861029
861030
861031
861032
861033
861034
861035
861036
861037
861038
861039
861040
861041
861042
861043
861044
861045
861046
861047
861048
861049
861050
861051
861052
861053
861054
861056
861057
861270
861271
861272
861273
861274
861275
861276
861277
861278
861279
861280
861281
861282
861283
861284
861285
861286
861287
861288
861289
861290
861291
861292
861293
861294
861295
861296
861297
861298
861299
861300
861301
861302
861303
861304
861305
861306
861307
861308
861309
861310
861311
861312
861313
861314
861315
861316
861317
861318
861319
861320
861321
861322
861323
861324
861325
861326
861327
861328
861329
861330
861331
861332
861333
861334
861335
861336
861337
861338
861339
861340
861341
861342
861343
861344
861345
861346
861347
861348
861349
861350
861351
861352
861353
861355
861356
861569
861570
861571
861572
861573
861574
861575
861576
861577
861578
861579
861580
861581
861582
861583
861584
861585
861586
861587
861588
861589
861590
861591
861592
861593
861594
861595
861596
861597
861598
861599
861600
861601
861602
861603
861604
861605
861606
861607
861608
861609
861610
861611
861612
861613
861614
861615
861616
861617
861618
861619
861620
861621
861622
861623
861624
861625
861626
861627
861628
861629
861630
861631
861632
861633
861634
861635
861636
861637
861638
861639
861640
861641
861642
861643
861644
861645
861646
861647
861648
861649
861650
861651
861652
861654
861655
861868
861869
861870
861871
861872
861873
861874
861875
861876
861877
861878
861879
861880
861881
861882
861883
861884
861885
861886
861887
861888
861889
861890
861891
861892
861893
861894
861895
861896
861897
861898
861899
861900
861901
861902
861903
861904
861905
861906
861907
861908
861909
861910
861911
861912
861913
861914
861915
861916
861917
861918
861919
861920
861921
861922
861923
861924
861925
861926
861927
861928
861929
861930
861931
861932
861933
861934
861935
861936
861937
861938
861939
861940
861941
861942
861943
861944
861945
861946
861947
861948
861949
861950
861951
861953
861954
862167
862168
862169
862170
862171
862172
862173
862174
862175
862176
862177
862178
862179
862180
862181
862182
862183
862184
862185
862186
862187
862188
862189
862190
862191
862192
862193
862194
862195
862196
862197
862198
862199
862200
862201
862202
862203
862204
862205
862206
862207
862208
862209
862210
862211
862212
862213
862214
862215
862216
862217
862218
862219
862220
862221
862222
862223
862224
862225
862226
862227
862228
862229
862230
862231
862232
862233
862234
862235
862236
862237
862238
862239
862240
862241
862242
862243
862244
862245
862246
862247
862248
862249
862250
862252
862253
862466
862467
862468
862469
862470
862471
862472
862473
862474
862475
862476
862477
862478
862479
862480
862481
862482
862483
862484
862485
862486
862487
862488
862489
862490
862491
862492
862493
862494
862495
862496
862497
862498
862499
862500
862501
862502
862503
862504
862505
862506
862507
862508
862509
862510
862511
862512
862513
862514
862515
862516
862517
862518
862519
862520
862521
862522
862523
862524
862525
862526
862527
862528
862529
862530
862531
862532
862533
862534
862535
862536
862537
862538
862539
862540
862541
862542
862543
862544
862545
862546
862547
862548
862549
862551
862552
862765
862766
862767
862768
862769
862770
862771
862772
862773
862774
862775
862776
862777
862778
862779
862780
862781
862782
862783
862784
862785
862786
862787
862788
862789
862790
862791
862792
862793
862794
862795
862796
862797
862798
862799
862800
862801
862802
862803
862804
862805
862806
862807
862808
862809
862810
862811
862812
862813
862814
862815
862816
862817
862818
862819
862820
862821
862822
862823
862824
862825
862826
862827
862828
862829
862830
862831
862832
862833
862834
862835
862836
862837
862838
862839
862840
862841
862842
862843
862844
862845
862846
862847
862848
862850
862851
863064
863065
863066
863067
863068
863069
863070
863071
863072
863073
863074
863075
863076
863077
863078
863079
863080
863081
863082
863083
863084
863085
863086
863087
863088
863089
863090
863091
863092
863093
863094
863095
863096
863097
863098
863099
863100
863101
863102
863103
863104
863105
863106
863107
863108
863109
863110
863111
863112
863113
863114
863115
863116
863117
863118
863119
863120
863121
863122
863123
863124
863125
863126
863127
863128
863129
863130
863131
863132
863133
863134
863135
863136
863137
863138
863139
863140
863141
863142
863143
863144
863145
863146
863147
863149
863150
863363
863364
863365
863366
863367
863368
863369
863370
863371
863372
863373
863374
863375
863376
863377
863378
863379
863380
863381
863382
863383
863384
863385
863386
863387
863388
863389
863390
863391
863392
863393
863394
863395
863396
863397
863398
863399
863400
863401
863402
863403
863404
863405
863406
863407
863408
863409
863410
863411
863412
863413
863414
863415
863416
863417
863418
863419
863420
863421
863422
863423
863424
863425
863426
863427
863428
863429
863430
863431
863432
863433
863434
863435
863436
863437
863438
863439
863440
863441
863442
863443
863444
863445
863446
863448
863449
863662
863663
863664
863665
863666
863667
863668
863669
863670
863671
863672
863673
863674
863675
863676
863677
863678
863679
863680
863681
863682
863683
863684
863685
863686
863687
863688
863689
863690
863691
863692
863693
863694
863695
863696
863697
863698
863699
863700
863701
863702
863703
863704
863705
863706
863707
863708
863709
863710
863711
863712
863713
863714
863715
863716
863717
863718
863719
863720
863721
863722
863723
863724
863725
863726
863727
863728
863729
863730
863731
863732
863733
863734
863735
863736
863737
863738
863739
863740
863741
863742
863743
863744
863745
863747
863748
863961
863962
863963
863964
863965
863966
863967
863968
863969
863970
863971
863972
863973
863974
863975
863976
863977
863978
863979
863980
863981
863982
863983
863984
863985
863986
863987
863988
863989
863990
863991
863992
863993
863994
863995
863996
863997
863998
863999
864000
864001
864002
864003
864004
864005
864006
864007
864008
864009
864010
864011
864012
864013
864014
864015
864016
864017
864018
864019
864020
864021
864022
864023
864024
864025
864026
864027
864028
864029
864030
864031
864032
864033
864034
864035
864036
864037
864038
864039
864040
864041
864042
864043
864044
864046
864047
864260
864261
864262
864263
864264
864265
864266
864267
864268
864269
864270
864271
864272
864273
864274
864275
864276
864277
864278
864279
864280
864281
864282
864283
864284
864285
864286
864287
864288
864289
864290
864291
864292
864293
864294
864295
864296
864297
864298
864299
864300
864301
864302
864303
864304
864305
864306
864307
864308
864309
864310
864311
864312
864313
864314
864315
864316
864317
864318
864319
864320
864321
864322
864323
864324
864325
864326
864327
864328
864329
864330
864331
864332
864333
864334
864335
864336
864337
864338
864339
864340
864341
864342
864343
864345
864346
864559
864560
864561
864562
864563
864564
864565
864566
864567
864568
864569
864570
864571
864572
864573
864574
864575
864576
864577
864578
864579
864580
864581
864582
864583
864584
864585
864586
864587
864588
864589
864590
864591
864592
864593
864594
864595
864596
864597
864598
864599
864600
864601
864602
864603
864604
864605
864606
864607
864608
864609
864610
864611
864612
864613
864614
864615
864616
864617
864618
864619
864620
864621
864622
864623
864624
864625
864626
864627
864628
864629
864630
864631
864632
864633
864634
864635
864636
864637
864638
864639
864640
864641
864642
864644
864645
864858
864859
864860
864861
864862
864863
864864
864865
864866
864867
864868
864869
864870
864871
864872
864873
864874
864875
864876
864877
864878
864879
864880
864881
864882
864883
864884
864885
864886
864887
864888
864889
864890
864891
864892
864893
864894
864895
864896
864897
864898
864899
864900
864901
864902
864903
864904
864905
864906
864907
864908
864909
864910
864911
864912
864913
864914
864915
864916
864917
864918
864919
864920
864921
864922
864923
864924
864925
864926
864927
864928
864929
864930
864931
864932
864933
864934
864935
864936
864937
864938
864939
864940
864941
864943
864944
865157
865158
865159
865160
865161
865162
865163
865164
865165
865166
865167
865168
865169
865170
865171
865172
865173
865174
865175
865176
865177
865178
865179
865180
865181
865182
865183
865184
865185
865186
865187
865188
865189
865190
865191
865192
865193
865194
865195
865196
865197
865198
865199
865200
865201
865202
865203
865204
865205
865206
865207
865208
865209
865210
865211
865212
865213
865214
865215
865216
865217
865218
865219
865220
865221
865222
865223
865224
865225
865226
865227
865228
865229
865230
865231
865232
865233
865234
865235
865236
865237
865238
865239
865240
865242
865243
865456
865457
865458
865459
865460
865461
865462
865463
865464
865465
865466
865467
865468
865469
865470
865471
865472
865473
865474
865475
865476
865477
865478
865479
865480
865481
865482
865483
865484
865485
865486
865487
865488
865489
865490
865491
865492
865493
865494
865495
865496
865497
865498
865499
865500
865501
865502
865503
865504
865505
865506
865507
865508
865509
865510
865511
865512
865513
865514
865515
865516
865517
865518
865519
865520
865521
865522
865523
865524
865525
865526
865527
865528
865529
865530
865531
865532
865533
865534
865535
865536
865537
865538
865539
865541
865542
865755
865756
865757
865758
865759
865760
865761
865762
865763
865764
865765
865766
865767
865768
865769
865770
865771
865772
865773
865774
865775
865776
865777
865778
865779
865780
865781
865782
865783
865784
865785
865786
865787
865788
865789
865790
865791
865792
865793
865794
865795
865796
865797
865798
865799
865800
865801
865802
865803
865804
865805
865806
865807
865808
865809
865810
865811
865812
865813
865814
865815
865816
865817
865818
865819
865820
865821
865822
865823
865824
865825
865826
865827
865828
865829
865830
865831
865832
865833
865834
865835
865836
865837
865838
865840
865841
866054
866055
866056
866057
866058
866059
866060
866061
866062
866063
866064
866065
866066
866067
866068
866069
866070
866071
866072
866073
866074
866075
866076
866077
866078
866079
866080
866081
866082
866083
866084
866085
866086
866087
866088
866089
866090
866091
866092
866093
866094
866095
866096
866097
866098
866099
866100
866101
866102
866103
866104
866105
866106
866107
866108
866109
866110
866111
866112
866113
866114
866115
866116
866117
866118
866119
866120
866121
866122
866123
866124
866125
866126
866127
866128
866129
866130
866131
866132
866133
866134
866135
866136
866137
866139
866140
866353
866354
866355
866356
866357
866358
866359
866360
866361
866362
866363
866364
866365
866366
866367
866368
866369
866370
866371
866372
866373
866374
866375
866376
866377
866378
866379
866380
866381
866382
866383
866384
866385
866386
866387
866388
866389
866390
866391
866392
866393
866394
866395
866396
866397
866398
866399
866400
866401
866402
866403
866404
866405
866406
866407
866408
866409
866410
866411
866412
866413
866414
866415
866416
866417
866418
866419
866420
866421
866422
866423
866424
866425
866426
866427
866428
866429
866430
866431
866432
866433
866434
866435
866436
866438
866439
866652
866653
866654
866655
866656
866657
866658
866659
866660
866661
866662
866663
866664
866665
866666
866667
866668
866669
866670
866671
866672
866673
866674
866675
866676
866677
866678
866679
866680
866681
866682
866683
866684
866685
866686
866687
866688
866689
866690
866691
866692
866693
866694
866695
866696
866697
866698
866699
866700
866701
866702
866703
866704
866705
866706
866707
866709
866851
866852
866853
866854
866855
866856
866857
866858
866859
866860
866861
866862
866863
866864
866865
866866
866867
866868
866869
866870
866871
866872
866873
866874
866875
866876
866877
866878
866879
866880
866881
866882
866883
866884
866885
866886
866887
866888
866889
866890
866891
866892
866893
866894
866895
866896
866897
866898
866899
866900
866901
866902
866903
866904
866905
866906
866907
866908
866909
866910
866911
866912
866913
866914
866915
866916
866917
866918
866919
866920
866921
866922
866923
866924
866925
866926
866927
866928
866929
866930
866931
866932
866933
866934
866935
866936
866937
866938
866939
866940
866941
866942
866943
866944
866945
866946
866947
866948
866949
866950
866951
866952
866953
866954
866955
866956
866957
866958
866959
866960
866961
866962
866964
866965
866966
867250
867251
867252
867253
867254
867255
867256
867257
867258
867259
867260
867261
867262
867263
867264
867265
867266
867267
867268
867269
867270
867271
867272
867273
867274
867275
867276
867277
867278
867279
867280
867281
867282
867283
867284
867285
867286
867287
867288
867289
867290
867291
867292
867293
867294
867295
867296
867297
867298
867299
867300
867301
867302
867303
867304
867305
867306
867307
867308
867309
867310
867311
867312
867313
867314
867315
867316
867317
867318
867319
867320
867321
867322
867323
867324
867325
867326
867327
867328
867329
867330
867331
867332
867333
867335
867336
867549
867550
867551
867552
867553
867554
867555
867556
867557
867558
867559
867560
867561
867562
867563
867564
867565
867566
867567
867568
867569
867570
867571
867572
867573
867574
867575
867576
867577
867578
867579
867580
867581
867582
867583
867584
867585
867586
867587
867588
867589
867590
867591
867592
867593
867594
867595
867596
867597
867598
867599
867600
867601
867602
867603
867604
867605
867606
867607
867608
867609
867610
867611
867612
867613
867614
867615
867616
867617
867618
867619
867620
867621
867622
867623
867624
867625
867626
867627
867628
867629
867630
867631
867632
867634
867635
867848
867849
867850
867851
867852
867853
867854
867855
867856
867857
867858
867859
867860
867861
867862
867863
867864
867865
867866
867867
867868
867869
867870
867871
867872
867873
867874
867875
867876
867877
867878
867879
867880
867881
867882
867883
867884
867885
867886
867887
867888
867889
867890
867891
867892
867893
867894
867895
867896
867897
867898
867899
867900
867901
867902
867903
867904
867905
867906
867907
867908
867909
867910
867911
867912
867913
867914
867915
867916
867917
867918
867919
867920
867921
867922
867923
867924
867925
867926
867927
867928
867929
867930
867931
867933
867934
868147
868148
868149
868150
868151
868152
868153
868154
868155
868156
868157
868158
868159
868160
868161
868162
868163
868164
868165
868166
868167
868168
868169
868170
868171
868172
868173
868174
868175
868176
868177
868178
868179
868180
868181
868182
868183
868184
868185
868186
868187
868188
868189
868190
868191
868192
868193
868194
868195
868196
868197
868198
868199
868200
868201
868202
868203
868204
868205
868206
868207
868208
868209
868210
868211
868212
868213
868214
868215
868216
868217
868218
868219
868220
868221
868222
868223
868224
868225
868226
868227
868228
868229
868230
868232
868233
868446
868447
868448
868449
868450
868451
868452
868453
868454
868455
868456
868457
868458
868459
868460
868461
868462
868463
868464
868465
868466
868467
868468
868469
868470
868471
868472
868473
868474
868475
868476
868477
868478
868479
868480
868481
868482
868483
868484
868485
868486
868487
868488
868489
868490
868491
868492
868493
868494
868495
868496
868497
868498
868499
868500
868501
868502
868503
868504
868505
868506
868507
868508
868509
868510
868511
868512
868513
868514
868515
868516
868517
868518
868519
868520
868521
868522
868523
868524
868525
868526
868527
868528
868529
868531
868532
868745
868746
868747
868748
868749
868750
868751
868752
868753
868754
868755
868756
868757
868758
868759
868760
868761
868762
868763
868764
868765
868766
868767
868768
868769
868770
868771
868772
868773
868774
868775
868776
868777
868778
868779
868780
868781
868782
868783
868784
868785
868786
868787
868788
868789
868790
868791
868792
868793
868794
868795
868796
868797
868798
868799
868800
868801
868802
868803
868804
868805
868806
868807
868808
868809
868810
868811
868812
868813
868814
868815
868816
868817
868818
868819
868820
868821
868822
868823
868824
868825
868826
868827
868828
868830
868831
869044
869045
869046
869047
869048
869049
869050
869051
869052
869053
869054
869055
869056
869057
869058
869059
869060
869061
869062
869063
869064
869065
869066
869067
869068
869069
869070
869071
869072
869073
869074
869075
869076
869077
869078
869079
869080
869081
869082
869083
869084
869085
869086
869087
869088
869089
869090
869091
869092
869093
869094
869095
869096
869097
869098
869099
869100
869101
869102
869103
869104
869105
869106
869107
869108
869109
869110
869111
869112
869113
869114
869115
869116
869117
869118
869119
869120
869121
869122
869123
869124
869125
869126
869127
869129
869130
869343
869344
869345
869346
869347
869348
869349
869350
869351
869352
869353
869354
869355
869356
869357
869358
869359
869360
869361
869362
869363
869364
869365
869366
869367
869368
869369
869370
869371
869372
869373
869374
869375
869376
869377
869378
869379
869380
869381
869382
869383
869384
869385
869386
869387
869388
869389
869390
869391
869392
869393
869394
869395
869396
869397
869398
869399
869400
869401
869402
869403
869404
869405
869406
869407
869408
869409
869410
869411
869412
869413
869414
869415
869416
869417
869418
869419
869420
869421
869422
869423
869424
869425
869426
869428
869429
869642
869643
869644
869645
869646
869647
869648
869649
869650
869651
869652
869653
869654
869655
869656
869657
869658
869659
869660
869661
869662
869663
869664
869665
869666
869667
869668
869669
869670
869671
869672
869673
869674
869675
869676
869677
869678
869679
869680
869681
869682
869683
869684
869685
869686
869687
869688
869689
869690
869691
869692
869693
869694
869695
869696
869697
869698
869699
869700
869701
869702
869703
869704
869705
869706
869707
869708
869709
869710
869711
869712
869713
869714
869715
869716
869717
869718
869719
869720
869721
869722
869723
869724
869725
869727
869728
869941
869942
869943
869944
869945
869946
869947
869948
869949
869950
869951
869952
869953
869954
869955
869956
869957
869958
869959
869960
869961
869962
869963
869964
869965
869966
869967
869968
869969
869970
869971
869972
869973
869974
869975
869976
869977
869978
869979
869980
869981
869982
869983
869984
869985
869986
869987
869988
869989
869990
869991
869992
869993
869994
869995
869996
869997
869998
869999
870000
870001
870002
870003
870004
870005
870006
870007
870008
870009
870010
870011
870012
870013
870014
870015
870016
870017
870018
870019
870020
870021
870022
870023
870024
870026
870027
870240
870241
870242
870243
870244
870245
870246
870247
870248
870249
870250
870251
870252
870253
870254
870255
870256
870257
870258
870259
870260
870261
870262
870263
870264
870265
870266
870267
870268
870269
870270
870271
870272
870273
870274
870275
870276
870277
870278
870279
870280
870281
870282
870283
870284
870285
870286
870287
870288
870289
870290
870291
870292
870293
870294
870295
870296
870297
870298
870299
870300
870301
870302
870303
870304
870305
870306
870307
870308
870309
870310
870311
870312
870313
870314
870315
870316
870317
870318
870319
870320
870321
870322
870323
870325
870326
870539
870540
870541
870542
870543
870544
870545
870546
870547
870548
870549
870550
870551
870552
870553
870554
870555
870556
870557
870558
870559
870560
870561
870562
870563
870564
870565
870566
870567
870568
870569
870570
870571
870572
870573
870574
870575
870576
870577
870578
870579
870580
870581
870582
870583
870584
870585
870586
870587
870588
870589
870590
870591
870592
870593
870594
870595
870596
870597
870598
870599
870600
870601
870602
870603
870604
870605
870606
870607
870608
870609
870610
870611
870612
870613
870614
870615
870616
870617
870618
870619
870620
870621
870622
870624
870625
870838
870839
870840
870841
870842
870843
870844
870845
870846
870847
870848
870849
870850
870851
870852
870853
870854
870855
870856
870857
870858
870859
870860
870861
870862
870863
870864
870865
870866
870867
870868
870869
870870
870871
870872
870873
870874
870875
870876
870877
870878
870879
870880
870881
870882
870883
870884
870885
870886
870887
870888
870889
870890
870891
870892
870893
870894
870895
870896
870897
870898
870899
870900
870901
870902
870903
870904
870905
870906
870907
870908
870909
870910
870911
870912
870913
870914
870915
870916
870917
870918
870919
870920
870921
870923
870924
871137
871138
871139
871140
871141
871142
871143
871144
871145
871146
871147
871148
871149
871150
871151
871152
871153
871154
871155
871156
871157
871158
871159
871160
871161
871162
871163
871164
871165
871166
871167
871168
871169
871170
871171
871172
871173
871174
871175
871176
871177
871178
871179
871180
871181
871182
871183
871184
871185
871186
871187
871188
871189
871190
871191
871192
871193
871194
871195
871196
871197
871198
871199
871200
871201
871202
871203
871204
871205
871206
871207
871208
871209
871210
871211
871212
871213
871214
871215
871216
871217
871218
871219
871220
871222
871223
871436
871437
871438
871439
871440
871441
871442
871443
871444
871445
871446
871447
871448
871449
871450
871451
871452
871453
871454
871455
871456
871457
871458
871459
871460
871461
871462
871463
871464
871465
871466
871467
871468
871469
871470
871471
871472
871473
871474
871475
871476
871477
871478
871479
871480
871481
871482
871483
871484
871485
871486
871487
871488
871489
871490
871491
871492
871493
871494
871495
871496
871497
871498
871499
871500
871501
871502
871503
871504
871505
871506
871507
871508
871509
871510
871511
871512
871513
871514
871515
871516
871517
871518
871519
871521
871522
871735
871736
871737
871738
871739
871740
871741
871742
871743
871744
871745
871746
871747
871748
871749
871750
871751
871752
871753
871754
871755
871756
871757
871758
871759
871760
871761
871762
871763
871764
871765
871766
871767
871768
871769
871770
871771
871772
871773
871774
871775
871776
871777
871778
871779
871780
871781
871782
871783
871784
871785
871786
871787
871788
871789
871790
871791
871792
871793
871794
871795
871796
871797
871798
871799
871800
871801
871802
871803
871804
871805
871806
871807
871808
871809
871810
871811
871812
871813
871814
871815
871816
871817
871818
871820
871821
872034
872035
872036
872037
872038
872039
872040
872041
872042
872043
872044
872045
872046
872047
872048
872049
872050
872051
872052
872053
872054
872055
872056
872057
872058
872059
872060
872061
872062
872063
872064
872065
872066
872067
872068
872069
872070
872071
872072
872073
872074
872075
872076
872077
872078
872079
872080
872081
872082
872083
872084
872085
872086
872087
872088
872089
872090
872091
872092
872093
872094
872095
872096
872097
872098
872099
872100
872101
872102
872103
872104
872105
872106
872107
872108
872109
872110
872111
872112
872113
872114
872115
872116
872117
872119
872120
872333
872334
872335
872336
872337
872338
872339
872340
872341
872342
872343
872344
872345
872346
872347
872348
872349
872350
872351
872352
872353
872354
872355
872356
872357
872358
872359
872360
872361
872362
872363
872364
872365
872366
872367
872368
872369
872370
872371
872372
872373
872374
872375
872376
872377
872378
872379
872380
872381
872382
872383
872384
872385
872386
872387
872388
872389
872390
872391
872392
872393
872394
872395
872396
872397
872398
872399
872400
872401
872402
872403
872404
872405
872406
872407
872408
872409
872410
872411
872412
872413
872414
872415
872416
872418
872419
872632
872633
872634
872635
872636
872637
872638
872639
872640
872641
872642
872643
872644
872645
872646
872647
872648
872649
872650
872651
872652
872653
872654
872655
872656
872657
872658
872659
872660
872661
872662
872663
872664
872665
872666
872667
872668
872669
872670
872671
872672
872673
872674
872675
872676
872677
872678
872679
872680
872681
872682
872683
872684
872685
872686
872687
872688
872689
872690
872691
872692
872693
872694
872695
872696
872697
872698
872699
872700
872701
872702
872703
872704
872705
872706
872707
872708
872709
872710
872711
872712
872713
872714
872715
872717
872718
872931
872932
872933
872934
872935
872936
872937
872938
872939
872940
872941
872942
872943
872944
872945
872946
872947
872948
872949
872950
872951
872952
872953
872954
872955
872956
872957
872958
872959
872960
872961
872962
872963
872964
872965
872966
872967
872968
872969
872970
872971
872972
872973
872974
872975
872976
872977
872978
872979
872980
872981
872982
872983
872984
872985
872986
872987
872988
872989
872990
872991
872992
872993
872994
872995
872996
872997
872998
872999
873000
873001
873002
873003
873004
873005
873006
873007
873008
873009
873010
873011
873012
873013
873014
873016
873017
873230
873231
873232
873233
873234
873235
873236
873237
873238
873239
873240
873241
873242
873243
873244
873245
873246
873247
873248
873249
873250
873251
873252
873253
873254
873255
873256
873257
873258
873259
873260
873261
873262
873263
873264
873265
873266
873267
873268
873269
873270
873271
873272
873273
873274
873275
873276
873277
873278
873279
873280
873281
873282
873283
873284
873285
873286
873287
873288
873289
873290
873291
873292
873293
873294
873295
873296
873297
873298
873299
873300
873301
873302
873303
873304
873305
873306
873307
873308
873309
873310
873311
873312
873313
873315
873316
873529
873530
873531
873532
873533
873534
873535
873536
873537
873538
873539
873540
873541
873542
873543
873544
873545
873546
873547
873548
873549
873550
873551
873552
873553
873554
873555
873556
873557
873558
873559
873560
873561
873562
873563
873564
873565
873566
873567
873568
873569
873570
873571
873572
873573
873574
873575
873576
873577
873578
873579
873580
873581
873582
873583
873584
873585
873586
873587
873588
873589
873590
873591
873592
873593
873594
873595
873596
873597
873598
873599
873600
873601
873602
873603
873604
873605
873606
873607
873608
873609
873610
873611
873612
873614
873615
873828
873829
873830
873831
873832
873833
873834
873835
873836
873837
873838
873839
873840
873841
873842
873843
873844
873845
873846
873847
873848
873849
873850
873851
873852
873853
873854
873855
873856
873857
873858
873859
873860
873861
873862
873863
873864
873865
873866
873867
873868
873869
873870
873871
873872
873873
873874
873875
873876
873877
873878
873879
873880
873881
873882
873883
873884
873885
873886
873887
873888
873889
873890
873891
873892
873893
873894
873895
873896
873897
873898
873899
873900
873901
873902
873903
873904
873905
873906
873907
873908
873909
873910
873911
873913
873914
874127
874128
874129
874130
874131
874132
874133
874134
874135
874136
874137
874138
874139
874140
874141
874142
874143
874144
874145
874146
874147
874148
874149
874150
874151
874152
874153
874154
874155
874156
874157
874158
874159
874160
874161
874162
874163
874164
874165
874166
874167
874168
874169
874170
874171
874172
874173
874174
874175
874176
874177
874178
874179
874180
874181
874182
874184
874326
874327
874328
874329
874330
874331
874332
874333
874334
874335
874336
874337
874338
874339
874340
874341
874342
874343
874344
874345
874346
874347
874348
874349
874350
874351
874352
874353
874354
874355
874356
874357
874358
874359
874360
874361
874362
874363
874364
874365
874366
874367
874368
874369
874370
874371
874372
874373
874374
874375
874376
874377
874378
874379
874380
874381
874382
874383
874384
874385
874386
874387
874388
874389
874390
874391
874392
874393
874394
874395
874396
874397
874398
874399
874400
874401
874402
874403
874404
874405
874406
874407
874408
874409
874410
874411
874412
874413
874414
874415
874416
874417
874418
874419
874420
874421
874422
874423
874424
874425
874426
874427
874428
874429
874430
874431
874432
874433
874434
874435
874436
874437
874439
874440
874441
874725
874726
874727
874728
874729
874730
874731
874732
874733
874734
874735
874736
874737
874738
874739
874740
874741
874742
874743
874744
874745
874746
874747
874748
874749
874750
874751
874752
874753
874754
874755
874756
874757
874758
874759
874760
874761
874762
874763
874764
874765
874766
874767
874768
874769
874770
874771
874772
874773
874774
874775
874776
874777
874778
874779
874780
874781
874782
874783
874784
874785
874786
874787
874788
874789
874790
874791
874792
874793
874794
874795
874796
874797
874798
874799
874800
874801
874802
874803
874804
874805
874806
874807
874808
874810
874811
875024
875025
875026
875027
875028
875029
875030
875031
875032
875033
875034
875035
875036
875037
875038
875039
875040
875041
875042
875043
875044
875045
875046
875047
875048
875049
875050
875051
875052
875053
875054
875055
875056
875057
875058
875059
875060
875061
875062
875063
875064
875065
875066
875067
875068
875069
875070
875071
875072
875073
875074
875075
875076
875077
875078
875079
875080
875081
875082
875083
875084
875085
875086
875087
875088
875089
875090
875091
875092
875093
875094
875095
875096
875097
875098
875099
875100
875101
875102
875103
875104
875105
875106
875107
875109
875110
875323
875324
875325
875326
875327
875328
875329
875330
875331
875332
875333
875334
875335
875336
875337
875338
875339
875340
875341
875342
875343
875344
875345
875346
875347
875348
875349
875350
875351
875352
875353
875354
875355
875356
875357
875358
875359
875360
875361
875362
875363
875364
875365
875366
875367
875368
875369
875370
875371
875372
875373
875374
875375
875376
875377
875378
875379
875380
875381
875382
875383
875384
875385
875386
875387
875388
875389
875390
875391
875392
875393
875394
875395
875396
875397
875398
875399
875400
875401
875402
875403
875404
875405
875406
875408
875409
875622
875623
875624
875625
875626
875627
875628
875629
875630
875631
875632
875633
875634
875635
875636
875637
875638
875639
875640
875641
875642
875643
875644
875645
875646
875647
875648
875649
875650
875651
875652
875653
875654
875655
875656
875657
875658
875659
875660
875661
875662
875663
875664
875665
875666
875667
875668
875669
875670
875671
875672
875673
875674
875675
875676
875677
875678
875679
875680
875681
875682
875683
875684
875685
875686
875687
875688
875689
875690
875691
875692
875693
875694
875695
875696
875697
875698
875699
875700
875701
875702
875703
875704
875705
875707
875708
875921
875922
875923
875924
875925
875926
875927
875928
875929
875930
875931
875932
875933
875934
875935
875936
875937
875938
875939
875940
875941
875942
875943
875944
875945
875946
875947
875948
875949
875950
875951
875952
875953
875954
875955
875956
875957
875958
875959
875960
875961
875962
875963
875964
875965
875966
875967
875968
875969
875970
875971
875972
875973
875974
875975
875976
875977
875978
875979
875980
875981
875982
875983
875984
875985
875986
875987
875988
875989
875990
875991
875992
875993
875994
875995
875996
875997
875998
875999
876000
876001
876002
876003
876004
876006
876007
876220
876221
876222
876223
876224
876225
876226
876227
876228
876229
876230
876231
876232
876233
876234
876235
876236
876237
876238
876239
876240
876241
876242
876243
876244
876245
876246
876247
876248
876249
876250
876251
876252
876253
876254
876255
876256
876257
876258
876259
876260
876261
876262
876263
876264
876265
876266
876267
876268
876269
876270
876271
876272
876273
876274
876275
876276
876277
876278
876279
876280
876281
876282
876283
876284
876285
876286
876287
876288
876289
876290
876291
876292
876293
876294
876295
876296
876297
876298
876299
876300
876301
876302
876303
876305
876306
876519
876520
876521
876522
876523
876524
876525
876526
876527
876528
876529
876530
876531
876532
876533
876534
876535
876536
876537
876538
876539
876540
876541
876542
876543
876544
876545
876546
876547
876548
876549
876550
876551
876552
876553
876554
876555
876556
876557
876558
876559
876560
876561
876562
876563
876564
876565
876566
876567
876568
876569
876570
876571
876572
876573
876574
876575
876576
876577
876578
876579
876580
876581
876582
876583
876584
876585
876586
876587
876588
876589
876590
876591
876592
876593
876594
876595
876596
876597
876598
876599
876600
876601
876602
876604
876605
876818
876819
876820
876821
876822
876823
876824
876825
876826
876827
876828
876829
876830
876831
876832
876833
876834
876835
876836
876837
876838
876839
876840
876841
876842
876843
876844
876845
876846
876847
876848
876849
876850
876851
876852
876853
876854
876855
876856
876857
876858
876859
876860
876861
876862
876863
876864
876865
876866
876867
876868
876869
876870
876871
876872
876873
876874
876875
876876
876877
876878
876879
876880
876881
876882
876883
876884
876885
876886
876887
876888
876889
876890
876891
876892
876893
876894
876895
876896
876897
876898
876899
876900
876901
876903
876904
877117
877118
877119
877120
877121
877122
877123
877124
877125
877126
877127
877128
877129
877130
877131
877132
877133
877134
877135
877136
877137
877138
877139
877140
877141
877142
877143
877144
877145
877146
877147
877148
877149
877150
877151
877152
877153
877154
877155
877156
877157
877158
877159
877160
877161
877162
877163
877164
877165
877166
877167
877168
877169
877170
877171
877172
877173
877174
877175
877176
877177
877178
877179
877180
877181
877182
877183
877184
877185
877186
877187
877188
877189
877190
877191
877192
877193
877194
877195
877196
877197
877198
877199
877200
877202
877203
877416
877417
877418
877419
877420
877421
877422
877423
877424
877425
877426
877427
877428
877429
877430
877431
877432
877433
877434
877435
877436
877437
877438
877439
877440
877441
877442
877443
877444
877445
877446
877447
877448
877449
877450
877451
877452
877453
877454
877455
877456
877457
877458
877459
877460
877461
877462
877463
877464
877465
877466
877467
877468
877469
877470
877471
877472
877473
877474
877475
877476
877477
877478
877479
877480
877481
877482
877483
877484
877485
877486
877487
877488
877489
877490
877491
877492
877493
877494
877495
877496
877497
877498
877499
877501
877502
877715
877716
877717
877718
877719
877720
877721
877722
877723
877724
877725
877726
877727
877728
877729
877730
877731
877732
877733
877734
877735
877736
877737
877738
877739
877740
877741
877742
877743
877744
877745
877746
877747
877748
877749
877750
877751
877752
877753
877754
877755
877756
877757
877758
877759
877760
877761
877762
877763
877764
877765
877766
877767
877768
877769
877770
877771
877772
877773
877774
877775
877776
877777
877778
877779
877780
877781
877782
877783
877784
877785
877786
877787
877788
877789
877790
877791
877792
877793
877794
877795
877796
877797
877798
877800
877801
878014
878015
878016
878017
878018
878019
878020
878021
878022
878023
878024
878025
878026
878027
878028
878029
878030
878031
878032
878033
878034
878035
878036
878037
878038
878039
878040
878041
878042
878043
878044
878045
878046
878047
878048
878049
878050
878051
878052
878053
878054
878055
878056
878057
878058
878059
878060
878061
878062
878063
878064
878065
878066
878067
878068
878069
878070
878071
878072
878073
878074
878075
878076
878077
878078
878079
878080
878081
878082
878083
878084
878085
878086
878087
878088
878089
878090
878091
878092
878093
878094
878095
878096
878097
878099
878100
878313
878314
878315
878316
878317
878318
878319
878320
878321
878322
878323
878324
878325
878326
878327
878328
878329
878330
878331
878332
878333
878334
878335
878336
878337
878338
878339
878340
878341
878342
878343
878344
878345
878346
878347
878348
878349
878350
878351
878352
878353
878354
878355
878356
878357
878358
878359
878360
878361
878362
878363
878364
878365
878366
878367
878368
878369
878370
878371
878372
878373
878374
878375
878376
878377
878378
878379
878380
878381
878382
878383
878384
878385
878386
878387
878388
878389
878390
878391
878392
878393
878394
878395
878396
878398
878399
878612
878613
878614
878615
878616
878617
878618
878619
878620
878621
878622
878623
878624
878625
878626
878627
878628
878629
878630
878631
878632
878633
878634
878635
878636
878637
878638
878639
878640
878641
878642
878643
878644
878645
878646
878647
878648
878649
878650
878651
878652
878653
878654
878655
878656
878657
878658
878659
878660
878661
878662
878663
878664
878665
878666
878667
878668
878669
878670
878671
878672
878673
878674
878675
878676
878677
878678
878679
878680
878681
878682
878683
878684
878685
878686
878687
878688
878689
878690
878691
878692
878693
878694
878695
878697
878698
878911
878912
878913
878914
878915
878916
878917
878918
878919
878920
878921
878922
878923
878924
878925
878926
878927
878928
878929
878930
878931
878932
878933
878934
878935
878936
878937
878938
878939
878940
878941
878942
878943
878944
878945
878946
878947
878948
878949
878950
878951
878952
878953
878954
878955
878956
878957
878958
878959
878960
878961
878962
878963
878964
878965
878966
878967
878968
878969
878970
878971
878972
878973
878974
878975
878976
878977
878978
878979
878980
878981
878982
878983
878984
878985
878986
878987
878988
878989
878990
878991
878992
878993
878994
878996
878997
879210
879211
879212
879213
879214
879215
879216
879217
879218
879219
879220
879221
879222
879223
879224
879225
879226
879227
879228
879229
879230
879231
879232
879233
879234
879235
879236
879237
879238
879239
879240
879241
879242
879243
879244
879245
879246
879247
879248
879249
879250
879251
879252
879253
879254
879255
879256
879257
879258
879259
879260
879261
879262
879263
879264
879265
879266
879267
879268
879269
879270
879271
879272
879273
879274
879275
879276
879277
879278
879279
879280
879281
879282
879283
879284
879285
879286
879287
879288
879289
879290
879291
879292
879293
879295
879296
879509
879510
879511
879512
879513
879514
879515
879516
879517
879518
879519
879520
879521
879522
879523
879524
879525
879526
879527
879528
879529
879530
879531
879532
879533
879534
879535
879536
879537
879538
879539
879540
879541
879542
879543
879544
879545
879546
879547
879548
879549
879550
879551
879552
879553
879554
879555
879556
879557
879558
879559
879560
879561
879562
879563
879564
879565
879566
879567
879568
879569
879570
879571
879572
879573
879574
879575
879576
879577
879578
879579
879580
879581
879582
879583
879584
879585
879586
879587
879588
879589
879590
879591
879592
879594
879595
879808
879809
879810
879811
879812
879813
879814
879815
879816
879817
879818
879819
879820
879821
879822
879823
879824
879825
879826
879827
879828
879829
879830
879831
879832
879833
879834
879835
879836
879837
879838
879839
879840
879841
879842
879843
879844
879845
879846
879847
879848
879849
879850
879851
879852
879853
879854
879855
879856
879857
879858
879859
879860
879861
879862
879863
879864
879865
879866
879867
879868
879869
879870
879871
879872
879873
879874
879875
879876
879877
879878
879879
879880
879881
879882
879883
879884
879885
879886
879887
879888
879889
879890
879891
879893
879894
880107
880108
880109
880110
880111
880112
880113
880114
880115
880116
880117
880118
880119
880120
880121
880122
880123
880124
880125
880126
880127
880128
880129
880130
880131
880132
880133
880134
880135
880136
880137
880138
880139
880140
880141
880142
880143
880144
880145
880146
880147
880148
880149
880150
880151
880152
880153
880154
880155
880156
880157
880158
880159
880160
880161
880162
880163
880164
880165
880166
880167
880168
880169
880170
880171
880172
880173
880174
880175
880176
880177
880178
880179
880180
880181
880182
880183
880184
880185
880186
880187
880188
880189
880190
880192
880193
880406
880407
880408
880409
880410
880411
880412
880413
880414
880415
880416
880417
880418
880419
880420
880421
880422
880423
880424
880425
880426
880427
880428
880429
880430
880431
880432
880433
880434
880435
880436
880437
880438
880439
880440
880441
880442
880443
880444
880445
880446
880447
880448
880449
880450
880451
880452
880453
880454
880455
880456
880457
880458
880459
880460
880461
880462
880463
880464
880465
880466
880467
880468
880469
880470
880471
880472
880473
880474
880475
880476
880477
880478
880479
880480
880481
880482
880483
880484
880485
880486
880487
880488
880489
880491
880492
880705
880706
880707
880708
880709
880710
880711
880712
880713
880714
880715
880716
880717
880718
880719
880720
880721
880722
880723
880724
880725
880726
880727
880728
880729
880730
880731
880732
880733
880734
880735
880736
880737
880738
880739
880740
880741
880742
880743
880744
880745
880746
880747
880748
880749
880750
880751
880752
880753
880754
880755
880756
880757
880758
880759
880760
880761
880762
880763
880764
880765
880766
880767
880768
880769
880770
880771
880772
880773
880774
880775
880776
880777
880778
880779
880780
880781
880782
880783
880784
880785
880786
880787
880788
880790
880791
881004
881005
881006
881007
881008
881009
881010
881011
881012
881013
881014
881015
881016
881017
881018
881019
881020
881021
881022
881023
881024
881025
881026
881027
881028
881029
881030
881031
881032
881033
881034
881035
881036
881037
881038
881039
881040
881041
881042
881043
881044
881045
881046
881047
881048
881049
881050
881051
881052
881053
881054
881055
881056
881057
881058
881059
881060
881061
881062
881063
881064
881065
881066
881067
881068
881069
881070
881071
881072
881073
881074
881075
881076
881077
881078
881079
881080
881081
881082
881083
881084
881085
881086
881087
881089
881090
881303
881304
881305
881306
881307
881308
881309
881310
881311
881312
881313
881314
881315
881316
881317
881318
881319
881320
881321
881322
881323
881324
881325
881326
881327
881328
881329
881330
881331
881332
881333
881334
881335
881336
881337
881338
881339
881340
881341
881342
881343
881344
881345
881346
881347
881348
881349
881350
881351
881352
881353
881354
881355
881356
881357
881358
881359
881360
881361
881362
881363
881364
881365
881366
881367
881368
881369
881370
881371
881372
881373
881374
881375
881376
881377
881378
881379
881380
881381
881382
881383
881384
881385
881386
881388
881389
881602
881603
881604
881605
881606
881607
881608
881609
881610
881611
881612
881613
881614
881615
881616
881617
881618
881619
881620
881621
881622
881623
881624
881625
881626
881627
881628
881629
881630
881631
881632
881633
881634
881635
881636
881637
881638
881639
881640
881641
881642
881643
881644
881645
881646
881647
881648
881649
881650
881651
881652
881653
881654
881655
881656
881657
881659
881801
881802
881803
881804
881805
881806
881807
881808
881809
881810
881811
881812
881813
881814
881815
881816
881817
881818
881819
881820
881821
881822
881823
881824
881825
881826
881827
881828
881829
881830
881831
881832
881833
881834
881835
881836
881837
881838
881839
881840
881841
881842
881843
881844
881845
881846
881847
881848
881849
881850
881851
881852
881853
881854
881855
881856
881857
881858
881859
881860
881861
881862
881863
881864
881865
881866
881867
881868
881869
881870
881871
881872
881873
881874
881875
881876
881877
881878
881879
881880
881881
881882
881883
881884
881885
881886
881887
881888
881889
881890
881891
881892
881893
881894
881895
881896
881897
881898
881899
881900
881901
881902
881903
881904
881905
881906
881907
881908
881909
881910
881911
881912
881914
881915
881916
882200
882201
882202
882203
882204
882205
882206
882207
882208
882209
882210
882211
882212
882213
882214
882215
882216
882217
882218
882219
882220
882221
882222
882223
882224
882225
882226
882227
882228
882229
882230
882231
882232
882233
882234
882235
882236
882237
882238
882239
882240
882241
882242
882243
882244
882245
882246
882247
882248
882249
882250
882251
882252
882253
882254
882255
882256
882257
882258
882259
882260
882261
882262
882263
882264
882265
882266
882267
882268
882269
882270
882271
882272
882273
882274
882275
882276
882277
882278
882279
882280
882281
882282
882283
882285
882286
882499
882500
882501
882502
882503
882504
882505
882506
882507
882508
882509
882510
882511
882512
882513
882514
882515
882516
882517
882518
882519
882520
882521
882522
882523
882524
882525
882526
882527
882528
882529
882530
882531
882532
882533
882534
882535
882536
882537
882538
882539
882540
882541
882542
882543
882544
882545
882546
882547
882548
882549
882550
882551
882552
882553
882554
882555
882556
882557
882558
882559
882560
882561
882562
882563
882564
882565
882566
882567
882568
882569
882570
882571
882572
882573
882574
882575
882576
882577
882578
882579
882580
882581
882582
882584
882585
882798
882799
882800
882801
882802
882803
882804
882805
882806
882807
882808
882809
882810
882811
882812
882813
882814
882815
882816
882817
882818
882819
882820
882821
882822
882823
882824
882825
882826
882827
882828
882829
882830
882831
882832
882833
882834
882835
882836
882837
882838
882839
882840
882841
882842
882843
882844
882845
882846
882847
882848
882849
882850
882851
882852
882853
882854
882855
882856
882857
882858
882859
882860
882861
882862
882863
882864
882865
882866
882867
882868
882869
882870
882871
882872
882873
882874
882875
882876
882877
882878
882879
882880
882881
882883
882884
883097
883098
883099
883100
883101
883102
883103
883104
883105
883106
883107
883108
883109
883110
883111
883112
883113
883114
883115
883116
883117
883118
883119
883120
883121
883122
883123
883124
883125
883126
883127
883128
883129
883130
883131
883132
883133
883134
883135
883136
883137
883138
883139
883140
883141
883142
883143
883144
883145
883146
883147
883148
883149
883150
883151
883152
883153
883154
883155
883156
883157
883158
883159
883160
883161
883162
883163
883164
883165
883166
883167
883168
883169
883170
883171
883172
883173
883174
883175
883176
883177
883178
883179
883180
883182
883183
883396
883397
883398
883399
883400
883401
883402
883403
883404
883405
883406
883407
883408
883409
883410
883411
883412
883413
883414
883415
883416
883417
883418
883419
883420
883421
883422
883423
883424
883425
883426
883427
883428
883429
883430
883431
883432
883433
883434
883435
883436
883437
883438
883439
883440
883441
883442
883443
883444
883445
883446
883447
883448
883449
883450
883451
883452
883453
883454
883455
883456
883457
883458
883459
883460
883461
883462
883463
883464
883465
883466
883467
883468
883469
883470
883471
883472
883473
883474
883475
883476
883477
883478
883479
883481
883482
883695
883696
883697
883698
883699
883700
883701
883702
883703
883704
883705
883706
883707
883708
883709
883710
883711
883712
883713
883714
883715
883716
883717
883718
883719
883720
883721
883722
883723
883724
883725
883726
883727
883728
883729
883730
883731
883732
883733
883734
883735
883736
883737
883738
883739
883740
883741
883742
883743
883744
883745
883746
883747
883748
883749
883750
883751
883752
883753
883754
883755
883756
883757
883758
883759
883760
883761
883762
883763
883764
883765
883766
883767
883768
883769
883770
883771
883772
883773
883774
883775
883776
883777
883778
883780
883781
883994
883995
883996
883997
883998
883999
884000
884001
884002
884003
884004
884005
884006
884007
884008
884009
884010
884011
884012
884013
884014
884015
884016
884017
884018
884019
884020
884021
884022
884023
884024
884025
884026
884027
884028
884029
884030
884031
884032
884033
884034
884035
884036
884037
884038
884039
884040
884041
884042
884043
884044
884045
884046
884047
884048
884049
884050
884051
884052
884053
884054
884055
884056
884057
884058
884059
884060
884061
884062
884063
884064
884065
884066
884067
884068
884069
884070
884071
884072
884073
884074
884075
884076
884077
884079
884080
884293
884294
884295
884296
884297
884298
884299
884300
884301
884302
884303
884304
884305
884306
884307
884308
884309
884310
884311
884312
884313
884314
884315
884316
884317
884318
884319
884320
884321
884322
884323
884324
884325
884326
884327
884328
884329
884330
884331
884332
884333
884334
884335
884336
884337
884338
884339
884340
884341
884342
884343
884344
884345
884346
884347
884348
884349
884350
884351
884352
884353
884354
884355
884356
884357
884358
884359
884360
884361
884362
884363
884364
884365
884366
884367
884368
884369
884370
884371
884372
884373
884374
884375
884376
884378
884379
884592
884593
884594
884595
884596
884597
884598
884599
884600
884601
884602
884603
884604
884605
884606
884607
884608
884609
884610
884611
884612
884613
884614
884615
884616
884617
884618
884619
884620
884621
884622
884623
884624
884625
884626
884627
884628
884629
884630
884631
884632
884633
884634
884635
884636
884637
884638
884639
884640
884641
884642
884643
884644
884645
884646
884647
884648
884649
884650
884651
884652
884653
884654
884655
884656
884657
884658
884659
884660
884661
884662
884663
884664
884665
884666
884667
884668
884669
884670
884671
884672
884673
884674
884675
884677
884678
884891
884892
884893
884894
884895
884896
884897
884898
884899
884900
884901
884902
884903
884904
884905
884906
884907
884908
884909
884910
884911
884912
884913
884914
884915
884916
884917
884918
884919
884920
884921
884922
884923
884924
884925
884926
884927
884928
884929
884930
884931
884932
884933
884934
884935
884936
884937
884938
884939
884940
884941
884942
884943
884944
884945
884946
884947
884948
884949
884950
884951
884952
884953
884954
884955
884956
884957
884958
884959
884960
884961
884962
884963
884964
884965
884966
884967
884968
884969
884970
884971
884972
884973
884974
884976
884977
885190
885191
885192
885193
885194
885195
885196
885197
885198
885199
885200
885201
885202
885203
885204
885205
885206
885207
885208
885209
885210
885211
885212
885213
885214
885215
885216
885217
885218
885219
885220
885221
885222
885223
885224
885225
885226
885227
885228
885229
885230
885231
885232
885233
885234
885235
885236
885237
885238
885239
885240
885241
885242
885243
885244
885245
885246
885247
885248
885249
885250
885251
885252
885253
885254
885255
885256
885257
885258
885259
885260
885261
885262
885263
885264
885265
885266
885267
885268
885269
885270
885271
885272
885273
885275
885276
885489
885490
885491
885492
885493
885494
885495
885496
885497
885498
885499
885500
885501
885502
885503
885504
885505
885506
885507
885508
885509
885510
885511
885512
885513
885514
885515
885516
885517
885518
885519
885520
885521
885522
885523
885524
885525
885526
885527
885528
885529
885530
885531
885532
885533
885534
885535
885536
885537
885538
885539
885540
885541
885542
885543
885544
885545
885546
885547
885548
885549
885550
885551
885552
885553
885554
885555
885556
885557
885558
885559
885560
885561
885562
885563
885564
885565
885566
885567
885568
885569
885570
885571
885572
885574
885575
885788
885789
885790
885791
885792
885793
885794
885795
885796
885797
885798
885799
885800
885801
885802
885803
885804
885805
885806
885807
885808
885809
885810
885811
885812
885813
885814
885815
885816
885817
885818
885819
885820
885821
885822
885823
885824
885825
885826
885827
885828
885829
885830
885831
885832
885833
885834
885835
885836
885837
885838
885839
885840
885841
885842
885843
885844
885845
885846
885847
885848
885849
885850
885851
885852
885853
885854
885855
885856
885857
885858
885859
885860
885861
885862
885863
885864
885865
885866
885867
885868
885869
885870
885871
885873
885874
886087
886088
886089
886090
886091
886092
886093
886094
886095
886096
886097
886098
886099
886100
886101
886102
886103
886104
886105
886106
886107
886108
886109
886110
886111
886112
886113
886114
886115
886116
886117
886118
886119
886120
886121
886122
886123
886124
886125
886126
886127
886128
886129
886130
886131
886132
886133
886134
886135
886136
886137
886138
886139
886140
886141
886142
886143
886144
886145
886146
886147
886148
886149
886150
886151
886152
886153
886154
886155
886156
886157
886158
886159
886160
886161
886162
886163
886164
886165
886166
886167
886168
886169
886170
886172
886173
886386
886387
886388
886389
886390
886391
886392
886393
886394
886395
886396
886397
886398
886399
886400
886401
886402
886403
886404
886405
886406
886407
886408
886409
886410
886411
886412
886413
886414
886415
886416
886417
886418
886419
886420
886421
886422
886423
886424
886425
886426
886427
886428
886429
886430
886431
886432
886433
886434
886435
886436
886437
886438
886439
886440
886441
886442
886443
886444
886445
886446
886447
886448
886449
886450
886451
886452
886453
886454
886455
886456
886457
886458
886459
886460
886461
886462
886463
886464
886465
886466
886467
886468
886469
886471
886472
886685
886686
886687
886688
886689
886690
886691
886692
886693
886694
886695
886696
886697
886698
886699
886700
886701
886702
886703
886704
886705
886706
886707
886708
886709
886710
886711
886712
886713
886714
886715
886716
886717
886718
886719
886720
886721
886722
886723
886724
886725
886726
886727
886728
886729
886730
886731
886732
886733
886734
886735
886736
886737
886738
886739
886740
886741
886742
886743
886744
886745
886746
886747
886748
886749
886750
886751
886752
886753
886754
886755
886756
886757
886758
886759
886760
886761
886762
886763
886764
886765
886766
886767
886768
886770
886771
886984
886985
886986
886987
886988
886989
886990
886991
886992
886993
886994
886995
886996
886997
886998
886999
887000
887001
887002
887003
887004
887005
887006
887007
887008
887009
887010
887011
887012
887013
887014
887015
887016
887017
887018
887019
887020
887021
887022
887023
887024
887025
887026
887027
887028
887029
887030
887031
887032
887033
887034
887035
887036
887037
887038
887039
887040
887041
887042
887043
887044
887045
887046
887047
887048
887049
887050
887051
887052
887053
887054
887055
887056
887057
887058
887059
887060
887061
887062
887063
887064
887065
887066
887067
887069
887070
887283
887284
887285
887286
887287
887288
887289
887290
887291
887292
887293
887294
887295
887296
887297
887298
887299
887300
887301
887302
887303
887304
887305
887306
887307
887308
887309
887310
887311
887312
887313
887314
887315
887316
887317
887318
887319
887320
887321
887322
887323
887324
887325
887326
887327
887328
887329
887330
887331
887332
887333
887334
887335
887336
887337
887338
887339
887340
887341
887342
887343
887344
887345
887346
887347
887348
887349
887350
887351
887352
887353
887354
887355
887356
887357
887358
887359
887360
887361
887362
887363
887364
887365
887366
887368
887369
887582
887583
887584
887585
887586
887587
887588
887589
887590
887591
887592
887593
887594
887595
887596
887597
887598
887599
887600
887601
887602
887603
887604
887605
887606
887607
887608
887609
887610
887611
887612
887613
887614
887615
887616
887617
887618
887619
887620
887621
887622
887623
887624
887625
887626
887627
887628
887629
887630
887631
887632
887633
887634
887635
887636
887637
887638
887639
887640
887641
887642
887643
887644
887645
887646
887647
887648
887649
887650
887651
887652
887653
887654
887655
887656
887657
887658
887659
887660
887661
887662
887663
887664
887665
887667
887668
887881
887882
887883
887884
887885
887886
887887
887888
887889
887890
887891
887892
887893
887894
887895
887896
887897
887898
887899
887900
887901
887902
887903
887904
887905
887906
887907
887908
887909
887910
887911
887912
887913
887914
887915
887916
887917
887918
887919
887920
887921
887922
887923
887924
887925
887926
887927
887928
887929
887930
887931
887932
887933
887934
887935
887936
887937
887938
887939
887940
887941
887942
887943
887944
887945
887946
887947
887948
887949
887950
887951
887952
887953
887954
887955
887956
887957
887958
887959
887960
887961
887962
887963
887964
887966
887967
888180
888181
888182
888183
888184
888185
888186
888187
888188
888189
888190
888191
888192
888193
888194
888195
888196
888197
888198
888199
888200
888201
888202
888203
888204
888205
888206
888207
888208
888209
888210
888211
888212
888213
888214
888215
888216
888217
888218
888219
888220
888221
888222
888223
888224
888225
888226
888227
888228
888229
888230
888231
888232
888233
888234
888235
888236
888237
888238
888239
888240
888241
888242
888243
888244
888245
888246
888247
888248
888249
888250
888251
888252
888253
888254
888255
888256
888257
888258
888259
888260
888261
888262
888263
888265
888266
888479
888480
888481
888482
888483
888484
888485
888486
888487
888488
888489
888490
888491
888492
888493
888494
888495
888496
888497
888498
888499
888500
888501
888502
888503
888504
888505
888506
888507
888508
888509
888510
888511
888512
888513
888514
888515
888516
888517
888518
888519
888520
888521
888522
888523
888524
888525
888526
888527
888528
888529
888530
888531
888532
888533
888534
888535
888536
888537
888538
888539
888540
888541
888542
888543
888544
888545
888546
888547
888548
888549
888550
888551
888552
888553
888554
888555
888556
888557
888558
888559
888560
888561
888562
888564
888565
888778
888779
888780
888781
888782
888783
888784
888785
888786
888787
888788
888789
888790
888791
888792
888793
888794
888795
888796
888797
888798
888799
888800
888801
888802
888803
888804
888805
888806
888807
888808
888809
888810
888811
888812
888813
888814
888815
888816
888817
888818
888819
888820
888821
888822
888823
888824
888825
888826
888827
888828
888829
888830
888831
888832
888833
888834
888835
888836
888837
888838
888839
888840
888841
888842
888843
888844
888845
888846
888847
888848
888849
888850
888851
888852
888853
888854
888855
888856
888857
888858
888859
888860
888861
888863
888864
889077
889078
889079
889080
889081
889082
889083
889084
889085
889086
889087
889088
889089
889090
889091
889092
889093
889094
889095
889096
889097
889098
889099
889100
889101
889102
889103
889104
889105
889106
889107
889108
889109
889110
889111
889112
889113
889114
889115
889116
889117
889118
889119
889120
889121
889122
889123
889124
889125
889126
889127
889128
889129
889130
889131
889132
889134
889276
889277
889278
889279
889280
889281
889282
889283
889284
889285
889286
889287
889288
889289
889290
889291
889292
889293
889294
889295
889296
889297
889298
889299
889300
889301
889302
889303
889304
889305
889306
889307
889308
889309
889310
889311
889312
889313
889314
889315
889316
889317
889318
889319
889320
889321
889322
889323
889324
889325
889326
889327
889328
889329
889330
889331
889332
889333
889334
889335
889336
889337
889338
889339
889340
889341
889342
889343
889344
889345
889346
889347
889348
889349
889350
889351
889352
889353
889354
889355
889356
889357
889358
889359
889360
889361
889362
889363
889364
889365
889366
889367
889368
889369
889370
889371
889372
889373
889374
889375
889376
889377
889378
889379
889380
889381
889382
889383
889384
889385
889386
889387
889389
889390
889391
889675
889676
889677
889678
889679
889680
889681
889682
889683
889684
889685
889686
889687
889688
889689
889690
889691
889692
889693
889694
889695
889696
889697
889698
889699
889700
889701
889702
889703
889704
889705
889706
889707
889708
889709
889710
889711
889712
889713
889714
889715
889716
889717
889718
889719
889720
889721
889722
889723
889724
889725
889726
889727
889728
889729
889730
889731
889732
889733
889734
889735
889736
889737
889738
889739
889740
889741
889742
889743
889744
889745
889746
889747
889748
889749
889750
889751
889752
889753
889754
889755
889756
889757
889758
889760
889761
889974
889975
889976
889977
889978
889979
889980
889981
889982
889983
889984
889985
889986
889987
889988
889989
889990
889991
889992
889993
889994
889995
889996
889997
889998
889999
890000
890001
890002
890003
890004
890005
890006
890007
890008
890009
890010
890011
890012
890013
890014
890015
890016
890017
890018
890019
890020
890021
890022
890023
890024
890025
890026
890027
890028
890029
890030
890031
890032
890033
890034
890035
890036
890037
890038
890039
890040
890041
890042
890043
890044
890045
890046
890047
890048
890049
890050
890051
890052
890053
890054
890055
890056
890057
890059
890060
890273
890274
890275
890276
890277
890278
890279
890280
890281
890282
890283
890284
890285
890286
890287
890288
890289
890290
890291
890292
890293
890294
890295
890296
890297
890298
890299
890300
890301
890302
890303
890304
890305
890306
890307
890308
890309
890310
890311
890312
890313
890314
890315
890316
890317
890318
890319
890320
890321
890322
890323
890324
890325
890326
890327
890328
890329
890330
890331
890332
890333
890334
890335
890336
890337
890338
890339
890340
890341
890342
890343
890344
890345
890346
890347
890348
890349
890350
890351
890352
890353
890354
890355
890356
890358
890359
890572
890573
890574
890575
890576
890577
890578
890579
890580
890581
890582
890583
890584
890585
890586
890587
890588
890589
890590
890591
890592
890593
890594
890595
890596
890597
890598
890599
890600
890601
890602
890603
890604
890605
890606
890607
890608
890609
890610
890611
890612
890613
890614
890615
890616
890617
890618
890619
890620
890621
890622
890623
890624
890625
890626
890627
890628
890629
890630
890631
890632
890633
890634
890635
890636
890637
890638
890639
890640
890641
890642
890643
890644
890645
890646
890647
890648
890649
890650
890651
890652
890653
890654
890655
890657
890658
890871
890872
890873
890874
890875
890876
890877
890878
890879
890880
890881
890882
890883
890884
890885
890886
890887
890888
890889
890890
890891
890892
890893
890894
890895
890896
890897
890898
890899
890900
890901
890902
890903
890904
890905
890906
890907
890908
890909
890910
890911
890912
890913
890914
890915
890916
890917
890918
890919
890920
890921
890922
890923
890924
890925
890926
890927
890928
890929
890930
890931
890932
890933
890934
890935
890936
890937
890938
890939
890940
890941
890942
890943
890944
890945
890946
890947
890948
890949
890950
890951
890952
890953
890954
890956
890957
891170
891171
891172
891173
891174
891175
891176
891177
891178
891179
891180
891181
891182
891183
891184
891185
891186
891187
891188
891189
891190
891191
891192
891193
891194
891195
891196
891197
891198
891199
891200
891201
891202
891203
891204
891205
891206
891207
891208
891209
891210
891211
891212
891213
891214
891215
891216
891217
891218
891219
891220
891221
891222
891223
891224
891225
891226
891227
891228
891229
891230
891231
891232
891233
891234
891235
891236
891237
891238
891239
891240
891241
891242
891243
891244
891245
891246
891247
891248
891249
891250
891251
891252
891253
891255
891256
891469
891470
891471
891472
891473
891474
891475
891476
891477
891478
891479
891480
891481
891482
891483
891484
891485
891486
891487
891488
891489
891490
891491
891492
891493
891494
891495
891496
891497
891498
891499
891500
891501
891502
891503
891504
891505
891506
891507
891508
891509
891510
891511
891512
891513
891514
891515
891516
891517
891518
891519
891520
891521
891522
891523
891524
891525
891526
891527
891528
891529
891530
891531
891532
891533
891534
891535
891536
891537
891538
891539
891540
891541
891542
891543
891544
891545
891546
891547
891548
891549
891550
891551
891552
891554
891555
891768
891769
891770
891771
891772
891773
891774
891775
891776
891777
891778
891779
891780
891781
891782
891783
891784
891785
891786
891787
891788
891789
891790
891791
891792
891793
891794
891795
891796
891797
891798
891799
891800
891801
891802
891803
891804
891805
891806
891807
891808
891809
891810
891811
891812
891813
891814
891815
891816
891817
891818
891819
891820
891821
891822
891823
891824
891825
891826
891827
891828
891829
891830
891831
891832
891833
891834
891835
891836
891837
891838
891839
891840
891841
891842
891843
891844
891845
891846
891847
891848
891849
891850
891851
891853
891854
892067
892068
892069
892070
892071
892072
892073
892074
892075
892076
892077
892078
892079
892080
892081
892082
892083
892084
892085
892086
892087
892088
892089
892090
892091
892092
892093
892094
892095
892096
892097
892098
892099
892100
892101
892102
892103
892104
892105
892106
892107
892108
892109
892110
892111
892112
892113
892114
892115
892116
892117
892118
892119
892120
892121
892122
892123
892124
892125
892126
892127
892128
892129
892130
892131
892132
892133
892134
892135
892136
892137
892138
892139
892140
892141
892142
892143
892144
892145
892146
892147
892148
892149
892150
892152
892153
892366
892367
892368
892369
892370
892371
892372
892373
892374
892375
892376
892377
892378
892379
892380
892381
892382
892383
892384
892385
892386
892387
892388
892389
892390
892391
892392
892393
892394
892395
892396
892397
892398
892399
892400
892401
892402
892403
892404
892405
892406
892407
892408
892409
892410
892411
892412
892413
892414
892415
892416
892417
892418
892419
892420
892421
892422
892423
892424
892425
892426
892427
892428
892429
892430
892431
892432
892433
892434
892435
892436
892437
892438
892439
892440
892441
892442
892443
892444
892445
892446
892447
892448
892449
892451
892452
892665
892666
892667
892668
892669
892670
892671
892672
892673
892674
892675
892676
892677
892678
892679
892680
892681
892682
892683
892684
892685
892686
892687
892688
892689
892690
892691
892692
892693
892694
892695
892696
892697
892698
892699
892700
892701
892702
892703
892704
892705
892706
892707
892708
892709
892710
892711
892712
892713
892714
892715
892716
892717
892718
892719
892720
892721
892722
892723
892724
892725
892726
892727
892728
892729
892730
892731
892732
892733
892734
892735
892736
892737
892738
892739
892740
892741
892742
892743
892744
892745
892746
892747
892748
892750
892751
892964
892965
892966
892967
892968
892969
892970
892971
892972
892973
892974
892975
892976
892977
892978
892979
892980
892981
892982
892983
892984
892985
892986
892987
892988
892989
892990
892991
892992
892993
892994
892995
892996
892997
892998
892999
893000
893001
893002
893003
893004
893005
893006
893007
893008
893009
893010
893011
893012
893013
893014
893015
893016
893017
893018
893019
893020
893021
893022
893023
893024
893025
893026
893027
893028
893029
893030
893031
893032
893033
893034
893035
893036
893037
893038
893039
893040
893041
893042
893043
893044
893045
893046
893047
893049
893050
893263
893264
893265
893266
893267
893268
893269
893270
893271
893272
893273
893274
893275
893276
893277
893278
893279
893280
893281
893282
893283
893284
893285
893286
893287
893288
893289
893290
893291
893292
893293
893294
893295
893296
893297
893298
893299
893300
893301
893302
893303
893304
893305
893306
893307
893308
893309
893310
893311
893312
893313
893314
893315
893316
893317
893318
893319
893320
893321
893322
893323
893324
893325
893326
893327
893328
893329
893330
893331
893332
893333
893334
893335
893336
893337
893338
893339
893340
893341
893342
893343
893344
893345
893346
893348
893349
893562
893563
893564
893565
893566
893567
893568
893569
893570
893571
893572
893573
893574
893575
893576
893577
893578
893579
893580
893581
893582
893583
893584
893585
893586
893587
893588
893589
893590
893591
893592
893593
893594
893595
893596
893597
893598
893599
893600
893601
893602
893603
893604
893605
893606
893607
893608
893609
893610
893611
893612
893613
893614
893615
893616
893617
893618
893619
893620
893621
893622
893623
893624
893625
893626
893627
893628
893629
893630
893631
893632
893633
893634
893635
893636
893637
893638
893639
893640
893641
893642
893643
893644
893645
893647
893648
893861
893862
893863
893864
893865
893866
893867
893868
893869
893870
893871
893872
893873
893874
893875
893876
893877
893878
893879
893880
893881
893882
893883
893884
893885
893886
893887
893888
893889
893890
893891
893892
893893
893894
893895
893896
893897
893898
893899
893900
893901
893902
893903
893904
893905
893906
893907
893908
893909
893910
893911
893912
893913
893914
893915
893916
893917
893918
893919
893920
893921
893922
893923
893924
893925
893926
893927
893928
893929
893930
893931
893932
893933
893934
893935
893936
893937
893938
893939
893940
893941
893942
893943
893944
893946
893947
894160
894161
894162
894163
894164
894165
894166
894167
894168
894169
894170
894171
894172
894173
894174
894175
894176
894177
894178
894179
894180
894181
894182
894183
894184
894185
894186
894187
894188
894189
894190
894191
894192
894193
894194
894195
894196
894197
894198
894199
894200
894201
894202
894203
894204
894205
894206
894207
894208
894209
894210
894211
894212
894213
894214
894215
894216
894217
894218
894219
894220
894221
894222
894223
894224
894225
894226
894227
894228
894229
894230
894231
894232
894233
894234
894235
894236
894237
894238
894239
894240
894241
894242
894243
894245
894246
894459
894460
894461
894462
894463
894464
894465
894466
894467
894468
894469
894470
894471
894472
894473
894474
894475
894476
894477
894478
894479
894480
894481
894482
894483
894484
894485
894486
894487
894488
894489
894490
894491
894492
894493
894494
894495
894496
894497
894498
894499
894500
894501
894502
894503
894504
894505
894506
894507
894508
894509
894510
894511
894512
894513
894514
894515
894516
894517
894518
894519
894520
894521
894522
894523
894524
894525
894526
894527
894528
894529
894530
894531
894532
894533
894534
894535
894536
894537
894538
894539
894540
894541
894542
894544
894545
894758
894759
894760
894761
894762
894763
894764
894765
894766
894767
894768
894769
894770
894771
894772
894773
894774
894775
894776
894777
894778
894779
894780
894781
894782
894783
894784
894785
894786
894787
894788
894789
894790
894791
894792
894793
894794
894795
894796
894797
894798
894799
894800
894801
894802
894803
894804
894805
894806
894807
894808
894809
894810
894811
894812
894813
894814
894815
894816
894817
894818
894819
894820
894821
894822
894823
894824
894825
894826
894827
894828
894829
894830
894831
894832
894833
894834
894835
894836
894837
894838
894839
894840
894841
894843
894844
895057
895058
895059
895060
895061
895062
895063
895064
895065
895066
895067
895068
895069
895070
895071
895072
895073
895074
895075
895076
895077
895078
895079
895080
895081
895082
895083
895084
895085
895086
895087
895088
895089
895090
895091
895092
895093
895094
895095
895096
895097
895098
895099
895100
895101
895102
895103
895104
895105
895106
895107
895108
895109
895110
895111
895112
895113
895114
895115
895116
895117
895118
895119
895120
895121
895122
895123
895124
895125
895126
895127
895128
895129
895130
895131
895132
895133
895134
895135
895136
895137
895138
895139
895140
895142
895143
895356
895357
895358
895359
895360
895361
895362
895363
895364
895365
895366
895367
895368
895369
895370
895371
895372
895373
895374
895375
895376
895377
895378
895379
895380
895381
895382
895383
895384
895385
895386
895387
895388
895389
895390
895391
895392
895393
895394
895395
895396
895397
895398
895399
895400
895401
895402
895403
895404
895405
895406
895407
895408
895409
895410
895411
895412
895413
895414
895415
895416
895417
895418
895419
895420
895421
895422
895423
895424
895425
895426
895427
895428
895429
895430
895431
895432
895433
895434
895435
895436
895437
895438
895439
895441
895442
895655
895656
895657
895658
895659
895660
895661
895662
895663
895664
895665
895666
895667
895668
895669
895670
895671
895672
895673
895674
895675
895676
895677
895678
895679
895680
895681
895682
895683
895684
895685
895686
895687
895688
895689
895690
895691
895692
895693
895694
895695
895696
895697
895698
895699
895700
895701
895702
895703
895704
895705
895706
895707
895708
895709
895710
895711
895712
895713
895714
895715
895716
895717
895718
895719
895720
895721
895722
895723
895724
895725
895726
895727
895728
895729
895730
895731
895732
895733
895734
895735
895736
895737
895738
895740
895741
895954
895955
895956
895957
895958
895959
895960
895961
895962
895963
895964
895965
895966
895967
895968
895969
895970
895971
895972
895973
895974
895975
895976
895977
895978
895979
895980
895981
895982
895983
895984
895985
895986
895987
895988
895989
895990
895991
895992
895993
895994
895995
895996
895997
895998
895999
896000
896001
896002
896003
896004
896005
896006
896007
896008
896009
896010
896011
896012
896013
896014
896015
896016
896017
896018
896019
896020
896021
896022
896023
896024
896025
896026
896027
896028
896029
896030
896031
896032
896033
896034
896035
896036
896037
896039
896040
896253
896254
896255
896256
896257
896258
896259
896260
896261
896262
896263
896264
896265
896266
896267
896268
896269
896270
896271
896272
896273
896274
896275
896276
896277
896278
896279
896280
896281
896282
896283
896284
896285
896286
896287
896288
896289
896290
896291
896292
896293
896294
896295
896296
896297
896298
896299
896300
896301
896302
896303
896304
896305
896306
896307
896308
896309
896310
896311
896312
896313
896314
896315
896316
896317
896318
896319
896320
896321
896322
896323
896324
896325
896326
896327
896328
896329
896330
896331
896332
896333
896334
896335
896336
896338
896339
896552
896553
896554
896555
896556
896557
896558
896559
896560
896561
896562
896563
896564
896565
896566
896567
896568
896569
896570
896571
896572
896573
896574
896575
896576
896577
896578
896579
896580
896581
896582
896583
896584
896585
896586
896587
896588
896589
896590
896591
896592
896593
896594
896595
896596
896597
896598
896599
896600
896601
896602
896603
896604
896605
896606
896607
896609
896751
896752
896753
896754
896755
896756
896757
896758
896759
896760
896761
896762
896763
896764
896765
896766
896767
896768
896769
896770
896771
896772
896773
896774
896775
896776
896777
896778
896779
896780
896781
896782
896783
896784
896785
896786
896787
896788
896789
896790
896791
896792
896793
896794
896795
896796
896797
896798
896799
896800
896801
896802
896803
896804
896805
896806
896807
896808
896809
896810
896811
896812
896813
896814
896815
896816
896817
896818
896819
896820
896821
896822
896823
896824
896825
896826
896827
896828
896829
896830
896831
896832
896833
896834
896835
896836
896837
896838
896839
896840
896841
896842
896843
896844
896845
896846
896847
896848
896849
896850
896851
896852
896853
896854
896855
896856
896857
896858
896859
896860
896861
896862
896864
896865
896866
897150
897151
897152
897153
897154
897155
897156
897157
897158
897159
897160
897161
897162
897163
897164
897165
897166
897167
897168
897169
897170
897171
897172
897173
897174
897175
897176
897177
897178
897179
897180
897181
897182
897183
897184
897185
897186
897187
897188
897189
897190
897191
897192
897193
897194
897195
897196
897197
897198
897199
897200
897201
897202
897203
897204
897205
897206
897207
897208
897209
897210
897211
897212
897213
897214
897215
897216
897217
897218
897219
897220
897221
897222
897223
897224
897225
897226
897227
897228
897229
897230
897231
897232
897233
897235
897236
897449
897450
897451
897452
897453
897454
897455
897456
897457
897458
897459
897460
897461
897462
897463
897464
897465
897466
897467
897468
897469
897470
897471
897472
897473
897474
897475
897476
897477
897478
897479
897480
897481
897482
897483
897484
897485
897486
897487
897488
897489
897490
897491
897492
897493
897494
897495
897496
897497
897498
897499
897500
897501
897502
897503
897504
897505
897506
897507
897508
897509
897510
897511
897512
897513
897514
897515
897516
897517
897518
897519
897520
897521
897522
897523
897524
897525
897526
897527
897528
897529
897530
897531
897532
897534
897535
897748
897749
897750
897751
897752
897753
897754
897755
897756
897757
897758
897759
897760
897761
897762
897763
897764
897765
897766
897767
897768
897769
897770
897771
897772
897773
897774
897775
897776
897777
897778
897779
897780
897781
897782
897783
897784
897785
897786
897787
897788
897789
897790
897791
897792
897793
897794
897795
897796
897797
897798
897799
897800
897801
897802
897803
897804
897805
897806
897807
897808
897809
897810
897811
897812
897813
897814
897815
897816
897817
897818
897819
897820
897821
897822
897823
897824
897825
897826
897827
897828
897829
897830
897831
897833
897834
898047
898048
898049
898050
898051
898052
898053
898054
898055
898056
898057
898058
898059
898060
898061
898062
898063
898064
898065
898066
898067
898068
898069
898070
898071
898072
898073
898074
898075
898076
898077
898078
898079
898080
898081
898082
898083
898084
898085
898086
898087
898088
898089
898090
898091
898092
898093
898094
898095
898096
898097
898098
898099
898100
898101
898102
898103
898104
898105
898106
898107
898108
898109
898110
898111
898112
898113
898114
898115
898116
898117
898118
898119
898120
898121
898122
898123
898124
898125
898126
898127
898128
898129
898130
898132
898133
898346
898347
898348
898349
898350
898351
898352
898353
898354
898355
898356
898357
898358
898359
898360
898361
898362
898363
898364
898365
898366
898367
898368
898369
898370
898371
898372
898373
898374
898375
898376
898377
898378
898379
898380
898381
898382
898383
898384
898385
898386
898387
898388
898389
898390
898391
898392
898393
898394
898395
898396
898397
898398
898399
898400
898401
898402
898403
898404
898405
898406
898407
898408
898409
898410
898411
898412
898413
898414
898415
898416
898417
898418
898419
898420
898421
898422
898423
898424
898425
898426
898427
898428
898429
898431
898432
898645
898646
898647
898648
898649
898650
898651
898652
898653
898654
898655
898656
898657
898658
898659
898660
898661
898662
898663
898664
898665
898666
898667
898668
898669
898670
898671
898672
898673
898674
898675
898676
898677
898678
898679
898680
898681
898682
898683
898684
898685
898686
898687
898688
898689
898690
898691
898692
898693
898694
898695
898696
898697
898698
898699
898700
898701
898702
898703
898704
898705
898706
898707
898708
898709
898710
898711
898712
898713
898714
898715
898716
898717
898718
898719
898720
898721
898722
898723
898724
898725
898726
898727
898728
898730
898731
898944
898945
898946
898947
898948
898949
898950
898951
898952
898953
898954
898955
898956
898957
898958
898959
898960
898961
898962
898963
898964
898965
898966
898967
898968
898969
898970
898971
898972
898973
898974
898975
898976
898977
898978
898979
898980
898981
898982
898983
898984
898985
898986
898987
898988
898989
898990
898991
898992
898993
898994
898995
898996
898997
898998
898999
899000
899001
899002
899003
899004
899005
899006
899007
899008
899009
899010
899011
899012
899013
899014
899015
899016
899017
899018
899019
899020
899021
899022
899023
899024
899025
899026
899027
899029
899030
899243
899244
899245
899246
899247
899248
899249
899250
899251
899252
899253
899254
899255
899256
899257
899258
899259
899260
899261
899262
899263
899264
899265
899266
899267
899268
899269
899270
899271
899272
899273
899274
899275
899276
899277
899278
899279
899280
899281
899282
899283
899284
899285
899286
899287
899288
899289
899290
899291
899292
899293
899294
899295
899296
899297
899298
899299
899300
899301
899302
899303
899304
899305
899306
899307
899308
899309
899310
899311
899312
899313
899314
899315
899316
899317
899318
899319
899320
899321
899322
899323
899324
899325
899326
899328
899329
899542
899543
899544
899545
899546
899547
899548
899549
899550
899551
899552
899553
899554
899555
899556
899557
899558
899559
899560
899561
899562
899563
899564
899565
899566
899567
899568
899569
899570
899571
899572
899573
899574
899575
899576
899577
899578
899579
899580
899581
899582
899583
899584
899585
899586
899587
899588
899589
899590
899591
899592
899593
899594
899595
899596
899597
899598
899599
899600
899601
899602
899603
899604
899605
899606
899607
899608
899609
899610
899611
899612
899613
899614
899615
899616
899617
899618
899619
899620
899621
899622
899623
899624
899625
899627
899628
899841
899842
899843
899844
899845
899846
899847
899848
899849
899850
899851
899852
899853
899854
899855
899856
899857
899858
899859
899860
899861
899862
899863
899864
899865
899866
899867
899868
899869
899870
899871
899872
899873
899874
899875
899876
899877
899878
899879
899880
899881
899882
899883
899884
899885
899886
899887
899888
899889
899890
899891
899892
899893
899894
899895
899896
899897
899898
899899
899900
899901
899902
899903
899904
899905
899906
899907
899908
899909
899910
899911
899912
899913
899914
899915
899916
899917
899918
899919
899920
899921
899922
899923
899924
899926
899927
900140
900141
900142
900143
900144
900145
900146
900147
900148
900149
900150
900151
900152
900153
900154
900155
900156
900157
900158
900159
900160
900161
900162
900163
900164
900165
900166
900167
900168
900169
900170
900171
900172
900173
900174
900175
900176
900177
900178
900179
900180
900181
900182
900183
900184
900185
900186
900187
900188
900189
900190
900191
900192
900193
900194
900195
900196
900197
900198
900199
900200
900201
900202
900203
900204
900205
900206
900207
900208
900209
900210
900211
900212
900213
900214
900215
900216
900217
900218
900219
900220
900221
900222
900223
900225
900226
900439
900440
900441
900442
900443
900444
900445
900446
900447
900448
900449
900450
900451
900452
900453
900454
900455
900456
900457
900458
900459
900460
900461
900462
900463
900464
900465
900466
900467
900468
900469
900470
900471
900472
900473
900474
900475
900476
900477
900478
900479
900480
900481
900482
900483
900484
900485
900486
900487
900488
900489
900490
900491
900492
900493
900494
900495
900496
900497
900498
900499
900500
900501
900502
900503
900504
900505
900506
900507
900508
900509
900510
900511
900512
900513
900514
900515
900516
900517
900518
900519
900520
900521
900522
900524
900525
900738
900739
900740
900741
900742
900743
900744
900745
900746
900747
900748
900749
900750
900751
900752
900753
900754
900755
900756
900757
900758
900759
900760
900761
900762
900763
900764
900765
900766
900767
900768
900769
900770
900771
900772
900773
900774
900775
900776
900777
900778
900779
900780
900781
900782
900783
900784
900785
900786
900787
900788
900789
900790
900791
900792
900793
900794
900795
900796
900797
900798
900799
900800
900801
900802
900803
900804
900805
900806
900807
900808
900809
900810
900811
900812
900813
900814
900815
900816
900817
900818
900819
900820
900821
900823
900824
901037
901038
901039
901040
901041
901042
901043
901044
901045
901046
901047
901048
901049
901050
901051
901052
901053
901054
901055
901056
901057
901058
901059
901060
901061
901062
901063
901064
901065
901066
901067
901068
901069
901070
901071
901072
901073
901074
901075
901076
901077
901078
901079
901080
901081
901082
901083
901084
901085
901086
901087
901088
901089
901090
901091
901092
901093
901094
901095
901096
901097
901098
901099
901100
901101
901102
901103
901104
901105
901106
901107
901108
901109
901110
901111
901112
901113
901114
901115
901116
901117
901118
901119
901120
901122
901123
901336
901337
901338
901339
901340
901341
901342
901343
901344
901345
901346
901347
901348
901349
901350
901351
901352
901353
901354
901355
901356
901357
901358
901359
901360
901361
901362
901363
901364
901365
901366
901367
901368
901369
901370
901371
901372
901373
901374
901375
901376
901377
901378
901379
901380
901381
901382
901383
901384
901385
901386
901387
901388
901389
901390
901391
901392
901393
901394
901395
901396
901397
901398
901399
901400
901401
901402
901403
901404
901405
901406
901407
901408
901409
901410
901411
901412
901413
901414
901415
901416
901417
901418
901419
901421
901422
901635
901636
901637
901638
901639
901640
901641
901642
901643
901644
901645
901646
901647
901648
901649
901650
901651
901652
901653
901654
901655
901656
901657
901658
901659
901660
901661
901662
901663
901664
901665
901666
901667
901668
901669
901670
901671
901672
901673
901674
901675
901676
901677
901678
901679
901680
901681
901682
901683
901684
901685
901686
901687
901688
901689
901690
901691
901692
901693
901694
901695
901696
901697
901698
901699
901700
901701
901702
901703
901704
901705
901706
901707
901708
901709
901710
901711
901712
901713
901714
901715
901716
901717
901718
901720
901721
901934
901935
901936
901937
901938
901939
901940
901941
901942
901943
901944
901945
901946
901947
901948
901949
901950
901951
901952
901953
901954
901955
901956
901957
901958
901959
901960
901961
901962
901963
901964
901965
901966
901967
901968
901969
901970
901971
901972
901973
901974
901975
901976
901977
901978
901979
901980
901981
901982
901983
901984
901985
901986
901987
901988
901989
901990
901991
901992
901993
901994
901995
901996
901997
901998
901999
902000
902001
902002
902003
902004
902005
902006
902007
902008
902009
902010
902011
902012
902013
902014
902015
902016
902017
902019
902020
902233
902234
902235
902236
902237
902238
902239
902240
902241
902242
902243
902244
902245
902246
902247
902248
902249
902250
902251
902252
902253
902254
902255
902256
902257
902258
902259
902260
902261
902262
902263
902264
902265
902266
902267
902268
902269
902270
902271
902272
902273
902274
902275
902276
902277
902278
902279
902280
902281
902282
902283
902284
902285
902286
902287
902288
902289
902290
902291
902292
902293
902294
902295
902296
902297
902298
902299
902300
902301
902302
902303
902304
902305
902306
902307
902308
902309
902310
902311
902312
902313
902314
902315
902316
902318
902319
902532
902533
902534
902535
902536
902537
902538
902539
902540
902541
902542
902543
902544
902545
902546
902547
902548
902549
902550
902551
902552
902553
902554
902555
902556
902557
902558
902559
902560
902561
902562
902563
902564
902565
902566
902567
902568
902569
902570
902571
902572
902573
902574
902575
902576
902577
902578
902579
902580
902581
902582
902583
902584
902585
902586
902587
902588
902589
902590
902591
902592
902593
902594
902595
902596
902597
902598
902599
902600
902601
902602
902603
902604
902605
902606
902607
902608
902609
902610
902611
902612
902613
902614
902615
902617
902618
902831
902832
902833
902834
902835
902836
902837
902838
902839
902840
902841
902842
902843
902844
902845
902846
902847
902848
902849
902850
902851
902852
902853
902854
902855
902856
902857
902858
902859
902860
902861
902862
902863
902864
902865
902866
902867
902868
902869
902870
902871
902872
902873
902874
902875
902876
902877
902878
902879
902880
902881
902882
902883
902884
902885
902886
902887
902888
902889
902890
902891
902892
902893
902894
902895
902896
902897
902898
902899
902900
902901
902902
902903
902904
902905
902906
902907
902908
902909
902910
902911
902912
902913
902914
902916
902917
903130
903131
903132
903133
903134
903135
903136
903137
903138
903139
903140
903141
903142
903143
903144
903145
903146
903147
903148
903149
903150
903151
903152
903153
903154
903155
903156
903157
903158
903159
903160
903161
903162
903163
903164
903165
903166
903167
903168
903169
903170
903171
903172
903173
903174
903175
903176
903177
903178
903179
903180
903181
903182
903183
903184
903185
903186
903187
903188
903189
903190
903191
903192
903193
903194
903195
903196
903197
903198
903199
903200
903201
903202
903203
903204
903205
903206
903207
903208
903209
903210
903211
903212
903213
903215
903216
903429
903430
903431
903432
903433
903434
903435
903436
903437
903438
903439
903440
903441
903442
903443
903444
903445
903446
903447
903448
903449
903450
903451
903452
903453
903454
903455
903456
903457
903458
903459
903460
903461
903462
903463
903464
903465
903466
903467
903468
903469
903470
903471
903472
903473
903474
903475
903476
903477
903478
903479
903480
903481
903482
903483
903484
903485
903486
903487
903488
903489
903490
903491
903492
903493
903494
903495
903496
903497
903498
903499
903500
903501
903502
903503
903504
903505
903506
903507
903508
903509
903510
903511
903512
903514
903515
903728
903729
903730
903731
903732
903733
903734
903735
903736
903737
903738
903739
903740
903741
903742
903743
903744
903745
903746
903747
903748
903749
903750
903751
903752
903753
903754
903755
903756
903757
903758
903759
903760
903761
903762
903763
903764
903765
903766
903767
903768
903769
903770
903771
903772
903773
903774
903775
903776
903777
903778
903779
903780
903781
903782
903783
903784
903785
903786
903787
903788
903789
903790
903791
903792
903793
903794
903795
903796
903797
903798
903799
903800
903801
903802
903803
903804
903805
903806
903807
903808
903809
903810
903811
903813
903814
904027
904028
904029
904030
904031
904032
904033
904034
904035
904036
904037
904038
904039
904040
904041
904042
904043
904044
904045
904046
904047
904048
904049
904050
904051
904052
904053
904054
904055
904056
904057
904058
904059
904060
904061
904062
904063
904064
904065
904066
904067
904068
904069
904070
904071
904072
904073
904074
904075
904076
904077
904078
904079
904080
904081
904082
904084
904226
904227
904228
904229
904230
904231
904232
904233
904234
904235
904236
904237
904238
904239
904240
904241
904242
904243
904244
904245
904246
904247
904248
904249
904250
904251
904252
904253
904254
904255
904256
904257
904258
904259
904260
904261
904262
904263
904264
904265
904266
904267
904268
904269
904270
904271
904272
904273
904274
904275
904276
904277
904278
904279
904280
904281
904282
904283
904284
904285
904286
904287
904288
904289
904290
904291
904292
904293
904294
904295
904296
904297
904298
904299
904300
904301
904302
904303
904304
904305
904306
904307
904308
904309
904310
904311
904312
904313
904314
904315
904316
904317
904318
904319
904320
904321
904322
904323
904324
904325
904326
904327
904328
904329
904330
904331
904332
904333
904334
904335
904336
904337
904339
904340
904341
904625
904626
904627
904628
904629
904630
904631
904632
904633
904634
904635
904636
904637
904638
904639
904640
904641
904642
904643
904644
904645
904646
904647
904648
904649
904650
904651
904652
904653
904654
904655
904656
904657
904658
904659
904660
904661
904662
904663
904664
904665
904666
904667
904668
904669
904670
904671
904672
904673
904674
904675
904676
904677
904678
904679
904680
904681
904682
904683
904684
904685
904686
904687
904688
904689
904690
904691
904692
904693
904694
904695
904696
904697
904698
904699
904700
904701
904702
904703
904704
904705
904706
904707
904708
904710
904711
904924
904925
904926
904927
904928
904929
904930
904931
904932
904933
904934
904935
904936
904937
904938
904939
904940
904941
904942
904943
904944
904945
904946
904947
904948
904949
904950
904951
904952
904953
904954
904955
904956
904957
904958
904959
904960
904961
904962
904963
904964
904965
904966
904967
904968
904969
904970
904971
904972
904973
904974
904975
904976
904977
904978
904979
904980
904981
904982
904983
904984
904985
904986
904987
904988
904989
904990
904991
904992
904993
904994
904995
904996
904997
904998
904999
905000
905001
905002
905003
905004
905005
905006
905007
905009
905010
905223
905224
905225
905226
905227
905228
905229
905230
905231
905232
905233
905234
905235
905236
905237
905238
905239
905240
905241
905242
905243
905244
905245
905246
905247
905248
905249
905250
905251
905252
905253
905254
905255
905256
905257
905258
905259
905260
905261
905262
905263
905264
905265
905266
905267
905268
905269
905270
905271
905272
905273
905274
905275
905276
905277
905278
905279
905280
905281
905282
905283
905284
905285
905286
905287
905288
905289
905290
905291
905292
905293
905294
905295
905296
905297
905298
905299
905300
905301
905302
905303
905304
905305
905306
905308
905309
905522
905523
905524
905525
905526
905527
905528
905529
905530
905531
905532
905533
905534
905535
905536
905537
905538
905539
905540
905541
905542
905543
905544
905545
905546
905547
905548
905549
905550
905551
905552
905553
905554
905555
905556
905557
905558
905559
905560
905561
905562
905563
905564
905565
905566
905567
905568
905569
905570
905571
905572
905573
905574
905575
905576
905577
905578
905579
905580
905581
905582
905583
905584
905585
905586
905587
905588
905589
905590
905591
905592
905593
905594
905595
905596
905597
905598
905599
905600
905601
905602
905603
905604
905605
905607
905608
905821
905822
905823
905824
905825
905826
905827
905828
905829
905830
905831
905832
905833
905834
905835
905836
905837
905838
905839
905840
905841
905842
905843
905844
905845
905846
905847
905848
905849
905850
905851
905852
905853
905854
905855
905856
905857
905858
905859
905860
905861
905862
905863
905864
905865
905866
905867
905868
905869
905870
905871
905872
905873
905874
905875
905876
905877
905878
905879
905880
905881
905882
905883
905884
905885
905886
905887
905888
905889
905890
905891
905892
905893
905894
905895
905896
905897
905898
905899
905900
905901
905902
905903
905904
905906
905907
906120
906121
906122
906123
906124
906125
906126
906127
906128
906129
906130
906131
906132
906133
906134
906135
906136
906137
906138
906139
906140
906141
906142
906143
906144
906145
906146
906147
906148
906149
906150
906151
906152
906153
906154
906155
906156
906157
906158
906159
906160
906161
906162
906163
906164
906165
906166
906167
906168
906169
906170
906171
906172
906173
906174
906175
906176
906177
906178
906179
906180
906181
906182
906183
906184
906185
906186
906187
906188
906189
906190
906191
906192
906193
906194
906195
906196
906197
906198
906199
906200
906201
906202
906203
906205
906206
906419
906420
906421
906422
906423
906424
906425
906426
906427
906428
906429
906430
906431
906432
906433
906434
906435
906436
906437
906438
906439
906440
906441
906442
906443
906444
906445
906446
906447
906448
906449
906450
906451
906452
906453
906454
906455
906456
906457
906458
906459
906460
906461
906462
906463
906464
906465
906466
906467
906468
906469
906470
906471
906472
906473
906474
906475
906476
906477
906478
906479
906480
906481
906482
906483
906484
906485
906486
906487
906488
906489
906490
906491
906492
906493
906494
906495
906496
906497
906498
906499
906500
906501
906502
906504
906505
906718
906719
906720
906721
906722
906723
906724
906725
906726
906727
906728
906729
906730
906731
906732
906733
906734
906735
906736
906737
906738
906739
906740
906741
906742
906743
906744
906745
906746
906747
906748
906749
906750
906751
906752
906753
906754
906755
906756
906757
906758
906759
906760
906761
906762
906763
906764
906765
906766
906767
906768
906769
906770
906771
906772
906773
906774
906775
906776
906777
906778
906779
906780
906781
906782
906783
906784
906785
906786
906787
906788
906789
906790
906791
906792
906793
906794
906795
906796
906797
906798
906799
906800
906801
906803
906804
907017
907018
907019
907020
907021
907022
907023
907024
907025
907026
907027
907028
907029
907030
907031
907032
907033
907034
907035
907036
907037
907038
907039
907040
907041
907042
907043
907044
907045
907046
907047
907048
907049
907050
907051
907052
907053
907054
907055
907056
907057
907058
907059
907060
907061
907062
907063
907064
907065
907066
907067
907068
907069
907070
907071
907072
907073
907074
907075
907076
907077
907078
907079
907080
907081
907082
907083
907084
907085
907086
907087
907088
907089
907090
907091
907092
907093
907094
907095
907096
907097
907098
907099
907100
907102
907103
907316
907317
907318
907319
907320
907321
907322
907323
907324
907325
907326
907327
907328
907329
907330
907331
907332
907333
907334
907335
907336
907337
907338
907339
907340
907341
907342
907343
907344
907345
907346
907347
907348
907349
907350
907351
907352
907353
907354
907355
907356
907357
907358
907359
907360
907361
907362
907363
907364
907365
907366
907367
907368
907369
907370
907371
907372
907373
907374
907375
907376
907377
907378
907379
907380
907381
907382
907383
907384
907385
907386
907387
907388
907389
907390
907391
907392
907393
907394
907395
907396
907397
907398
907399
907401
907402
907615
907616
907617
907618
907619
907620
907621
907622
907623
907624
907625
907626
907627
907628
907629
907630
907631
907632
907633
907634
907635
907636
907637
907638
907639
907640
907641
907642
907643
907644
907645
907646
907647
907648
907649
907650
907651
907652
907653
907654
907655
907656
907657
907658
907659
907660
907661
907662
907663
907664
907665
907666
907667
907668
907669
907670
907671
907672
907673
907674
907675
907676
907677
907678
907679
907680
907681
907682
907683
907684
907685
907686
907687
907688
907689
907690
907691
907692
907693
907694
907695
907696
907697
907698
907700
907701
907914
907915
907916
907917
907918
907919
907920
907921
907922
907923
907924
907925
907926
907927
907928
907929
907930
907931
907932
907933
907934
907935
907936
907937
907938
907939
907940
907941
907942
907943
907944
907945
907946
907947
907948
907949
907950
907951
907952
907953
907954
907955
907956
907957
907958
907959
907960
907961
907962
907963
907964
907965
907966
907967
907968
907969
907970
907971
907972
907973
907974
907975
907976
907977
907978
907979
907980
907981
907982
907983
907984
907985
907986
907987
907988
907989
907990
907991
907992
907993
907994
907995
907996
907997
907999
908000
908213
908214
908215
908216
908217
908218
908219
908220
908221
908222
908223
908224
908225
908226
908227
908228
908229
908230
908231
908232
908233
908234
908235
908236
908237
908238
908239
908240
908241
908242
908243
908244
908245
908246
908247
908248
908249
908250
908251
908252
908253
908254
908255
908256
908257
908258
908259
908260
908261
908262
908263
908264
908265
908266
908267
908268
908269
908270
908271
908272
908273
908274
908275
908276
908277
908278
908279
908280
908281
908282
908283
908284
908285
908286
908287
908288
908289
908290
908291
908292
908293
908294
908295
908296
908298
908299
908512
908513
908514
908515
908516
908517
908518
908519
908520
908521
908522
908523
908524
908525
908526
908527
908528
908529
908530
908531
908532
908533
908534
908535
908536
908537
908538
908539
908540
908541
908542
908543
908544
908545
908546
908547
908548
908549
908550
908551
908552
908553
908554
908555
908556
908557
908558
908559
908560
908561
908562
908563
908564
908565
908566
908567
908568
908569
908570
908571
908572
908573
908574
908575
908576
908577
908578
908579
908580
908581
908582
908583
908584
908585
908586
908587
908588
908589
908590
908591
908592
908593
908594
908595
908597
908598
908811
908812
908813
908814
908815
908816
908817
908818
908819
908820
908821
908822
908823
908824
908825
908826
908827
908828
908829
908830
908831
908832
908833
908834
908835
908836
908837
908838
908839
908840
908841
908842
908843
908844
908845
908846
908847
908848
908849
908850
908851
908852
908853
908854
908855
908856
908857
908858
908859
908860
908861
908862
908863
908864
908865
908866
908867
908868
908869
908870
908871
908872
908873
908874
908875
908876
908877
908878
908879
908880
908881
908882
908883
908884
908885
908886
908887
908888
908889
908890
908891
908892
908893
908894
908896
908897
909110
909111
909112
909113
909114
909115
909116
909117
909118
909119
909120
909121
909122
909123
909124
909125
909126
909127
909128
909129
909130
909131
909132
909133
909134
909135
909136
909137
909138
909139
909140
909141
909142
909143
909144
909145
909146
909147
909148
909149
909150
909151
909152
909153
909154
909155
909156
909157
909158
909159
909160
909161
909162
909163
909164
909165
909166
909167
909168
909169
909170
909171
909172
909173
909174
909175
909176
909177
909178
909179
909180
909181
909182
909183
909184
909185
909186
909187
909188
909189
909190
909191
909192
909193
909195
909196
909409
909410
909411
909412
909413
909414
909415
909416
909417
909418
909419
909420
909421
909422
909423
909424
909425
909426
909427
909428
909429
909430
909431
909432
909433
909434
909435
909436
909437
909438
909439
909440
909441
909442
909443
909444
909445
909446
909447
909448
909449
909450
909451
909452
909453
909454
909455
909456
909457
909458
909459
909460
909461
909462
909463
909464
909465
909466
909467
909468
909469
909470
909471
909472
909473
909474
909475
909476
909477
909478
909479
909480
909481
909482
909483
909484
909485
909486
909487
909488
909489
909490
909491
909492
909494
909495
909708
909709
909710
909711
909712
909713
909714
909715
909716
909717
909718
909719
909720
909721
909722
909723
909724
909725
909726
909727
909728
909729
909730
909731
909732
909733
909734
909735
909736
909737
909738
909739
909740
909741
909742
909743
909744
909745
909746
909747
909748
909749
909750
909751
909752
909753
909754
909755
909756
909757
909758
909759
909760
909761
909762
909763
909764
909765
909766
909767
909768
909769
909770
909771
909772
909773
909774
909775
909776
909777
909778
909779
909780
909781
909782
909783
909784
909785
909786
909787
909788
909789
909790
909791
909793
909794
910007
910008
910009
910010
910011
910012
910013
910014
910015
910016
910017
910018
910019
910020
910021
910022
910023
910024
910025
910026
910027
910028
910029
910030
910031
910032
910033
910034
910035
910036
910037
910038
910039
910040
910041
910042
910043
910044
910045
910046
910047
910048
910049
910050
910051
910052
910053
910054
910055
910056
910057
910058
910059
910060
910061
910062
910063
910064
910065
910066
910067
910068
910069
910070
910071
910072
910073
910074
910075
910076
910077
910078
910079
910080
910081
910082
910083
910084
910085
910086
910087
910088
910089
910090
910092
910093
910306
910307
910308
910309
910310
910311
910312
910313
910314
910315
910316
910317
910318
910319
910320
910321
910322
910323
910324
910325
910326
910327
910328
910329
910330
910331
910332
910333
910334
910335
910336
910337
910338
910339
910340
910341
910342
910343
910344
910345
910346
910347
910348
910349
910350
910351
910352
910353
910354
910355
910356
910357
910358
910359
910360
910361
910362
910363
910364
910365
910366
910367
910368
910369
910370
910371
910372
910373
910374
910375
910376
910377
910378
910379
910380
910381
910382
910383
910384
910385
910386
910387
910388
910389
910391
910392
910605
910606
910607
910608
910609
910610
910611
910612
910613
910614
910615
910616
910617
910618
910619
910620
910621
910622
910623
910624
910625
910626
910627
910628
910629
910630
910631
910632
910633
910634
910635
910636
910637
910638
910639
910640
910641
910642
910643
910644
910645
910646
910647
910648
910649
910650
910651
910652
910653
910654
910655
910656
910657
910658
910659
910660
910661
910662
910663
910664
910665
910666
910667
910668
910669
910670
910671
910672
910673
910674
910675
910676
910677
910678
910679
910680
910681
910682
910683
910684
910685
910686
910687
910688
910690
910691
910904
910905
910906
910907
910908
910909
910910
910911
910912
910913
910914
910915
910916
910917
910918
910919
910920
910921
910922
910923
910924
910925
910926
910927
910928
910929
910930
910931
910932
910933
910934
910935
910936
910937
910938
910939
910940
910941
910942
910943
910944
910945
910946
910947
910948
910949
910950
910951
910952
910953
910954
910955
910956
910957
910958
910959
910960
910961
910962
910963
910964
910965
910966
910967
910968
910969
910970
910971
910972
910973
910974
910975
910976
910977
910978
910979
910980
910981
910982
910983
910984
910985
910986
910987
910989
910990
911203
911204
911205
911206
911207
911208
911209
911210
911211
911212
911213
911214
911215
911216
911217
911218
911219
911220
911221
911222
911223
911224
911225
911226
911227
911228
911229
911230
911231
911232
911233
911234
911235
911236
911237
911238
911239
911240
911241
911242
911243
911244
911245
911246
911247
911248
911249
911250
911251
911252
911253
911254
911255
911256
911257
911258
911259
911260
911261
911262
911263
911264
911265
911266
911267
911268
911269
911270
911271
911272
911273
911274
911275
911276
911277
911278
911279
911280
911281
911282
911283
911284
911285
911286
911288
911289
911502
911503
911504
911505
911506
911507
911508
911509
911510
911511
911512
911513
911514
911515
911516
911517
911518
911519
911520
911521
911522
911523
911524
911525
911526
911527
911528
911529
911530
911531
911532
911533
911534
911535
911536
911537
911538
911539
911540
911541
911542
911543
911544
911545
911546
911547
911548
911549
911550
911551
911552
911553
911554
911555
911556
911557
911559
911701
911702
911703
911704
911705
911706
911707
911708
911709
911710
911711
911712
911713
911714
911715
911716
911717
911718
911719
911720
911721
911722
911723
911724
911725
911726
911727
911728
911729
911730
911731
911732
911733
911734
911735
911736
911737
911738
911739
911740
911741
911742
911743
911744
911745
911746
911747
911748
911749
911750
911751
911752
911753
911754
911755
911756
911757
911758
911759
911760
911761
911762
911763
911764
911765
911766
911767
911768
911769
911770
911771
911772
911773
911774
911775
911776
911777
911778
911779
911780
911781
911782
911783
911784
911785
911786
911787
911788
911789
911790
911791
911792
911793
911794
911795
911796
911797
911798
911799
911800
911801
911802
911803
911804
911805
911806
911807
911808
911809
911810
911811
911812
911814
911815
911816
912100
912101
912102
912103
912104
912105
912106
912107
912108
912109
912110
912111
912112
912113
912114
912115
912116
912117
912118
912119
912120
912121
912122
912123
912124
912125
912126
912127
912128
912129
912130
912131
912132
912133
912134
912135
912136
912137
912138
912139
912140
912141
912142
912143
912144
912145
912146
912147
912148
912149
912150
912151
912152
912153
912154
912155
912156
912157
912158
912159
912160
912161
912162
912163
912164
912165
912166
912167
912168
912169
912170
912171
912172
912173
912174
912175
912176
912177
912178
912179
912180
912181
912182
912183
912185
912186
912399
912400
912401
912402
912403
912404
912405
912406
912407
912408
912409
912410
912411
912412
912413
912414
912415
912416
912417
912418
912419
912420
912421
912422
912423
912424
912425
912426
912427
912428
912429
912430
912431
912432
912433
912434
912435
912436
912437
912438
912439
912440
912441
912442
912443
912444
912445
912446
912447
912448
912449
912450
912451
912452
912453
912454
912455
912456
912457
912458
912459
912460
912461
912462
912463
912464
912465
912466
912467
912468
912469
912470
912471
912472
912473
912474
912475
912476
912477
912478
912479
912480
912481
912482
912484
912485
912698
912699
912700
912701
912702
912703
912704
912705
912706
912707
912708
912709
912710
912711
912712
912713
912714
912715
912716
912717
912718
912719
912720
912721
912722
912723
912724
912725
912726
912727
912728
912729
912730
912731
912732
912733
912734
912735
912736
912737
912738
912739
912740
912741
912742
912743
912744
912745
912746
912747
912748
912749
912750
912751
912752
912753
912754
912755
912756
912757
912758
912759
912760
912761
912762
912763
912764
912765
912766
912767
912768
912769
912770
912771
912772
912773
912774
912775
912776
912777
912778
912779
912780
912781
912783
912784
912997
912998
912999
913000
913001
913002
913003
913004
913005
913006
913007
913008
913009
913010
913011
913012
913013
913014
913015
913016
913017
913018
913019
913020
913021
913022
913023
913024
913025
913026
913027
913028
913029
913030
913031
913032
913033
913034
913035
913036
913037
913038
913039
913040
913041
913042
913043
913044
913045
913046
913047
913048
913049
913050
913051
913052
913053
913054
913055
913056
913057
913058
913059
913060
913061
913062
913063
913064
913065
913066
913067
913068
913069
913070
913071
913072
913073
913074
913075
913076
913077
913078
913079
913080
913082
913083
913296
913297
913298
913299
913300
913301
913302
913303
913304
913305
913306
913307
913308
913309
913310
913311
913312
913313
913314
913315
913316
913317
913318
913319
913320
913321
913322
913323
913324
913325
913326
913327
913328
913329
913330
913331
913332
913333
913334
913335
913336
913337
913338
913339
913340
913341
913342
913343
913344
913345
913346
913347
913348
913349
913350
913351
913352
913353
913354
913355
913356
913357
913358
913359
913360
913361
913362
913363
913364
913365
913366
913367
913368
913369
913370
913371
913372
913373
913374
913375
913376
913377
913378
913379
913381
913382
913595
913596
913597
913598
913599
913600
913601
913602
913603
913604
913605
913606
913607
913608
913609
913610
913611
913612
913613
913614
913615
913616
913617
913618
913619
913620
913621
913622
913623
913624
913625
913626
913627
913628
913629
913630
913631
913632
913633
913634
913635
913636
913637
913638
913639
913640
913641
913642
913643
913644
913645
913646
913647
913648
913649
913650
913651
913652
913653
913654
913655
913656
913657
913658
913659
913660
913661
913662
913663
913664
913665
913666
913667
913668
913669
913670
913671
913672
913673
913674
913675
913676
913677
913678
913680
913681
913894
913895
913896
913897
913898
913899
913900
913901
913902
913903
913904
913905
913906
913907
913908
913909
913910
913911
913912
913913
913914
913915
913916
913917
913918
913919
913920
913921
913922
913923
913924
913925
913926
913927
913928
913929
913930
913931
913932
913933
913934
913935
913936
913937
913938
913939
913940
913941
913942
913943
913944
913945
913946
913947
913948
913949
913950
913951
913952
913953
913954
913955
913956
913957
913958
913959
913960
913961
913962
913963
913964
913965
913966
913967
913968
913969
913970
913971
913972
913973
913974
913975
913976
913977
913979
913980
914193
914194
914195
914196
914197
914198
914199
914200
914201
914202
914203
914204
914205
914206
914207
914208
914209
914210
914211
914212
914213
914214
914215
914216
914217
914218
914219
914220
914221
914222
914223
914224
914225
914226
914227
914228
914229
914230
914231
914232
914233
914234
914235
914236
914237
914238
914239
914240
914241
914242
914243
914244
914245
914246
914247
914248
914249
914250
914251
914252
914253
914254
914255
914256
914257
914258
914259
914260
914261
914262
914263
914264
914265
914266
914267
914268
914269
914270
914271
914272
914273
914274
914275
914276
914278
914279
914492
914493
914494
914495
914496
914497
914498
914499
914500
914501
914502
914503
914504
914505
914506
914507
914508
914509
914510
914511
914512
914513
914514
914515
914516
914517
914518
914519
914520
914521
914522
914523
914524
914525
914526
914527
914528
914529
914530
914531
914532
914533
914534
914535
914536
914537
914538
914539
914540
914541
914542
914543
914544
914545
914546
914547
914548
914549
914550
914551
914552
914553
914554
914555
914556
914557
914558
914559
914560
914561
914562
914563
914564
914565
914566
914567
914568
914569
914570
914571
914572
914573
914574
914575
914577
914578
914791
914792
914793
914794
914795
914796
914797
914798
914799
914800
914801
914802
914803
914804
914805
914806
914807
914808
914809
914810
914811
914812
914813
914814
914815
914816
914817
914818
914819
914820
914821
914822
914823
914824
914825
914826
914827
914828
914829
914830
914831
914832
914833
914834
914835
914836
914837
914838
914839
914840
914841
914842
914843
914844
914845
914846
914847
914848
914849
914850
914851
914852
914853
914854
914855
914856
914857
914858
914859
914860
914861
914862
914863
914864
914865
914866
914867
914868
914869
914870
914871
914872
914873
914874
914876
914877
915090
915091
915092
915093
915094
915095
915096
915097
915098
915099
915100
915101
915102
915103
915104
915105
915106
915107
915108
915109
915110
915111
915112
915113
915114
915115
915116
915117
915118
915119
915120
915121
915122
915123
915124
915125
915126
915127
915128
915129
915130
915131
915132
915133
915134
915135
915136
915137
915138
915139
915140
915141
915142
915143
915144
915145
915146
915147
915148
915149
915150
915151
915152
915153
915154
915155
915156
915157
915158
915159
915160
915161
915162
915163
915164
915165
915166
915167
915168
915169
915170
915171
915172
915173
915175
915176
915389
915390
915391
915392
915393
915394
915395
915396
915397
915398
915399
915400
915401
915402
915403
915404
915405
915406
915407
915408
915409
915410
915411
915412
915413
915414
915415
915416
915417
915418
915419
915420
915421
915422
915423
915424
915425
915426
915427
915428
915429
915430
915431
915432
915433
915434
915435
915436
915437
915438
915439
915440
915441
915442
915443
915444
915445
915446
915447
915448
915449
915450
915451
915452
915453
915454
915455
915456
915457
915458
915459
915460
915461
915462
915463
915464
915465
915466
915467
915468
915469
915470
915471
915472
915474
915475
915688
915689
915690
915691
915692
915693
915694
915695
915696
915697
915698
915699
915700
915701
915702
915703
915704
915705
915706
915707
915708
915709
915710
915711
915712
915713
915714
915715
915716
915717
915718
915719
915720
915721
915722
915723
915724
915725
915726
915727
915728
915729
915730
915731
915732
915733
915734
915735
915736
915737
915738
915739
915740
915741
915742
915743
915744
915745
915746
915747
915748
915749
915750
915751
915752
915753
915754
915755
915756
915757
915758
915759
915760
915761
915762
915763
915764
915765
915766
915767
915768
915769
915770
915771
915773
915774
915987
915988
915989
915990
915991
915992
915993
915994
915995
915996
915997
915998
915999
916000
916001
916002
916003
916004
916005
916006
916007
916008
916009
916010
916011
916012
916013
916014
916015
916016
916017
916018
916019
916020
916021
916022
916023
916024
916025
916026
916027
916028
916029
916030
916031
916032
916033
916034
916035
916036
916037
916038
916039
916040
916041
916042
916043
916044
916045
916046
916047
916048
916049
916050
916051
916052
916053
916054
916055
916056
916057
916058
916059
916060
916061
916062
916063
916064
916065
916066
916067
916068
916069
916070
916072
916073
916286
916287
916288
916289
916290
916291
916292
916293
916294
916295
916296
916297
916298
916299
916300
916301
916302
916303
916304
916305
916306
916307
916308
916309
916310
916311
916312
916313
916314
916315
916316
916317
916318
916319
916320
916321
916322
916323
916324
916325
916326
916327
916328
916329
916330
916331
916332
916333
916334
916335
916336
916337
916338
916339
916340
916341
916342
916343
916344
916345
916346
916347
916348
916349
916350
916351
916352
916353
916354
916355
916356
916357
916358
916359
916360
916361
916362
916363
916364
916365
916366
916367
916368
916369
916371
916372
916585
916586
916587
916588
916589
916590
916591
916592
916593
916594
916595
916596
916597
916598
916599
916600
916601
916602
916603
916604
916605
916606
916607
916608
916609
916610
916611
916612
916613
916614
916615
916616
916617
916618
916619
916620
916621
916622
916623
916624
916625
916626
916627
916628
916629
916630
916631
916632
916633
916634
916635
916636
916637
916638
916639
916640
916641
916642
916643
916644
916645
916646
916647
916648
916649
916650
916651
916652
916653
916654
916655
916656
916657
916658
916659
916660
916661
916662
916663
916664
916665
916666
916667
916668
916670
916671
916884
916885
916886
916887
916888
916889
916890
916891
916892
916893
916894
916895
916896
916897
916898
916899
916900
916901
916902
916903
916904
916905
916906
916907
916908
916909
916910
916911
916912
916913
916914
916915
916916
916917
916918
916919
916920
916921
916922
916923
916924
916925
916926
916927
916928
916929
916930
916931
916932
916933
916934
916935
916936
916937
916938
916939
916940
916941
916942
916943
916944
916945
916946
916947
916948
916949
916950
916951
916952
916953
916954
916955
916956
916957
916958
916959
916960
916961
916962
916963
916964
916965
916966
916967
916969
916970
917183
917184
917185
917186
917187
917188
917189
917190
917191
917192
917193
917194
917195
917196
917197
917198
917199
917200
917201
917202
917203
917204
917205
917206
917207
917208
917209
917210
917211
917212
917213
917214
917215
917216
917217
917218
917219
917220
917221
917222
917223
917224
917225
917226
917227
917228
917229
917230
917231
917232
917233
917234
917235
917236
917237
917238
917239
917240
917241
917242
917243
917244
917245
917246
917247
917248
917249
917250
917251
917252
917253
917254
917255
917256
917257
917258
917259
917260
917261
917262
917263
917264
917265
917266
917268
917269
917482
917483
917484
917485
917486
917487
917488
917489
917490
917491
917492
917493
917494
917495
917496
917497
917498
917499
917500
917501
917502
917503
917504
917505
917506
917507
917508
917509
917510
917511
917512
917513
917514
917515
917516
917517
917518
917519
917520
917521
917522
917523
917524
917525
917526
917527
917528
917529
917530
917531
917532
917533
917534
917535
917536
917537
917538
917539
917540
917541
917542
917543
917544
917545
917546
917547
917548
917549
917550
917551
917552
917553
917554
917555
917556
917557
917558
917559
917560
917561
917562
917563
917564
917565
917567
917568
917781
917782
917783
917784
917785
917786
917787
917788
917789
917790
917791
917792
917793
917794
917795
917796
917797
917798
917799
917800
917801
917802
917803
917804
917805
917806
917807
917808
917809
917810
917811
917812
917813
917814
917815
917816
917817
917818
917819
917820
917821
917822
917823
917824
917825
917826
917827
917828
917829
917830
917831
917832
917833
917834
917835
917836
917837
917838
917839
917840
917841
917842
917843
917844
917845
917846
917847
917848
917849
917850
917851
917852
917853
917854
917855
917856
917857
917858
917859
917860
917861
917862
917863
917864
917866
917867
918080
918081
918082
918083
918084
918085
918086
918087
918088
918089
918090
918091
918092
918093
918094
918095
918096
918097
918098
918099
918100
918101
918102
918103
918104
918105
918106
918107
918108
918109
918110
918111
918112
918113
918114
918115
918116
918117
918118
918119
918120
918121
918122
918123
918124
918125
918126
918127
918128
918129
918130
918131
918132
918133
918134
918135
918136
918137
918138
918139
918140
918141
918142
918143
918144
918145
918146
918147
918148
918149
918150
918151
918152
918153
918154
918155
918156
918157
918158
918159
918160
918161
918162
918163
918165
918166
918379
918380
918381
918382
918383
918384
918385
918386
918387
918388
918389
918390
918391
918392
918393
918394
918395
918396
918397
918398
918399
918400
918401
918402
918403
918404
918405
918406
918407
918408
918409
918410
918411
918412
918413
918414
918415
918416
918417
918418
918419
918420
918421
918422
918423
918424
918425
918426
918427
918428
918429
918430
918431
918432
918433
918434
918435
918436
918437
918438
918439
918440
918441
918442
918443
918444
918445
918446
918447
918448
918449
918450
918451
918452
918453
918454
918455
918456
918457
918458
918459
918460
918461
918462
918464
918465
918678
918679
918680
918681
918682
918683
918684
918685
918686
918687
918688
918689
918690
918691
918692
918693
918694
918695
918696
918697
918698
918699
918700
918701
918702
918703
918704
918705
918706
918707
918708
918709
918710
918711
918712
918713
918714
918715
918716
918717
918718
918719
918720
918721
918722
918723
918724
918725
918726
918727
918728
918729
918730
918731
918732
918733
918734
918735
918736
918737
918738
918739
918740
918741
918742
918743
918744
918745
918746
918747
918748
918749
918750
918751
918752
918753
918754
918755
918756
918757
918758
918759
918760
918761
918763
918764
918977
918978
918979
918980
918981
918982
918983
918984
918985
918986
918987
918988
918989
918990
918991
918992
918993
918994
918995
918996
918997
918998
918999
919000
919001
919002
919003
919004
919005
919006
919007
919008
919009
919010
919011
919012
919013
919014
919015
919016
919017
919018
919019
919020
919021
919022
919023
919024
919025
919026
919027
919028
919029
919030
919031
919032
919034
919176
919177
919178
919179
919180
919181
919182
919183
919184
919185
919186
919187
919188
919189
919190
919191
919192
919193
919194
919195
919196
919197
919198
919199
919200
919201
919202
919203
919204
919205
919206
919207
919208
919209
919210
919211
919212
919213
919214
919215
919216
919217
919218
919219
919220
919221
919222
919223
919224
919225
919226
919227
919228
919229
919230
919231
919232
919233
919234
919235
919236
919237
919238
919239
919240
919241
919242
919243
919244
919245
919246
919247
919248
919249
919250
919251
919252
919253
919254
919255
919256
919257
919258
919259
919260
919261
919262
919263
919264
919265
919266
919267
919268
919269
919270
919271
919272
919273
919274
919275
919276
919277
919278
919279
919280
919281
919282
919283
919284
919285
919286
919287
919289
919290
919291
919575
919576
919577
919578
919579
919580
919581
919582
919583
919584
919585
919586
919587
919588
919589
919590
919591
919592
919593
919594
919595
919596
919597
919598
919599
919600
919601
919602
919603
919604
919605
919606
919607
919608
919609
919610
919611
919612
919613
919614
919615
919616
919617
919618
919619
919620
919621
919622
919623
919624
919625
919626
919627
919628
919629
919630
919631
919632
919633
919634
919635
919636
919637
919638
919639
919640
919641
919642
919643
919644
919645
919646
919647
919648
919649
919650
919651
919652
919653
919654
919655
919656
919657
919658
919660
919661
919874
919875
919876
919877
919878
919879
919880
919881
919882
919883
919884
919885
919886
919887
919888
919889
919890
919891
919892
919893
919894
919895
919896
919897
919898
919899
919900
919901
919902
919903
919904
919905
919906
919907
919908
919909
919910
919911
919912
919913
919914
919915
919916
919917
919918
919919
919920
919921
919922
919923
919924
919925
919926
919927
919928
919929
919930
919931
919932
919933
919934
919935
919936
919937
919938
919939
919940
919941
919942
919943
919944
919945
919946
919947
919948
919949
919950
919951
919952
919953
919954
919955
919956
919957
919959
919960
920173
920174
920175
920176
920177
920178
920179
920180
920181
920182
920183
920184
920185
920186
920187
920188
920189
920190
920191
920192
920193
920194
920195
920196
920197
920198
920199
920200
920201
920202
920203
920204
920205
920206
920207
920208
920209
920210
920211
920212
920213
920214
920215
920216
920217
920218
920219
920220
920221
920222
920223
920224
920225
920226
920227
920228
920229
920230
920231
920232
920233
920234
920235
920236
920237
920238
920239
920240
920241
920242
920243
920244
920245
920246
920247
920248
920249
920250
920251
920252
920253
920254
920255
920256
920258
920259
920472
920473
920474
920475
920476
920477
920478
920479
920480
920481
920482
920483
920484
920485
920486
920487
920488
920489
920490
920491
920492
920493
920494
920495
920496
920497
920498
920499
920500
920501
920502
920503
920504
920505
920506
920507
920508
920509
920510
920511
920512
920513
920514
920515
920516
920517
920518
920519
920520
920521
920522
920523
920524
920525
920526
920527
920528
920529
920530
920531
920532
920533
920534
920535
920536
920537
920538
920539
920540
920541
920542
920543
920544
920545
920546
920547
920548
920549
920550
920551
920552
920553
920554
920555
920557
920558
920771
920772
920773
920774
920775
920776
920777
920778
920779
920780
920781
920782
920783
920784
920785
920786
920787
920788
920789
920790
920791
920792
920793
920794
920795
920796
920797
920798
920799
920800
920801
920802
920803
920804
920805
920806
920807
920808
920809
920810
920811
920812
920813
920814
920815
920816
920817
920818
920819
920820
920821
920822
920823
920824
920825
920826
920827
920828
920829
920830
920831
920832
920833
920834
920835
920836
920837
920838
920839
920840
920841
920842
920843
920844
920845
920846
920847
920848
920849
920850
920851
920852
920853
920854
920856
920857
921070
921071
921072
921073
921074
921075
921076
921077
921078
921079
921080
921081
921082
921083
921084
921085
921086
921087
921088
921089
921090
921091
921092
921093
921094
921095
921096
921097
921098
921099
921100
921101
921102
921103
921104
921105
921106
921107
921108
921109
921110
921111
921112
921113
921114
921115
921116
921117
921118
921119
921120
921121
921122
921123
921124
921125
921126
921127
921128
921129
921130
921131
921132
921133
921134
921135
921136
921137
921138
921139
921140
921141
921142
921143
921144
921145
921146
921147
921148
921149
921150
921151
921152
921153
921155
921156
921369
921370
921371
921372
921373
921374
921375
921376
921377
921378
921379
921380
921381
921382
921383
921384
921385
921386
921387
921388
921389
921390
921391
921392
921393
921394
921395
921396
921397
921398
921399
921400
921401
921402
921403
921404
921405
921406
921407
921408
921409
921410
921411
921412
921413
921414
921415
921416
921417
921418
921419
921420
921421
921422
921423
921424
921425
921426
921427
921428
921429
921430
921431
921432
921433
921434
921435
921436
921437
921438
921439
921440
921441
921442
921443
921444
921445
921446
921447
921448
921449
921450
921451
921452
921454
921455
921668
921669
921670
921671
921672
921673
921674
921675
921676
921677
921678
921679
921680
921681
921682
921683
921684
921685
921686
921687
921688
921689
921690
921691
921692
921693
921694
921695
921696
921697
921698
921699
921700
921701
921702
921703
921704
921705
921706
921707
921708
921709
921710
921711
921712
921713
921714
921715
921716
921717
921718
921719
921720
921721
921722
921723
921724
921725
921726
921727
921728
921729
921730
921731
921732
921733
921734
921735
921736
921737
921738
921739
921740
921741
921742
921743
921744
921745
921746
921747
921748
921749
921750
921751
921753
921754
921967
921968
921969
921970
921971
921972
921973
921974
921975
921976
921977
921978
921979
921980
921981
921982
921983
921984
921985
921986
921987
921988
921989
921990
921991
921992
921993
921994
921995
921996
921997
921998
921999
922000
922001
922002
922003
922004
922005
922006
922007
922008
922009
922010
922011
922012
922013
922014
922015
922016
922017
922018
922019
922020
922021
922022
922023
922024
922025
922026
922027
922028
922029
922030
922031
922032
922033
922034
922035
922036
922037
922038
922039
922040
922041
922042
922043
922044
922045
922046
922047
922048
922049
922050
922052
922053
922266
922267
922268
922269
922270
922271
922272
922273
922274
922275
922276
922277
922278
922279
922280
922281
922282
922283
922284
922285
922286
922287
922288
922289
922290
922291
922292
922293
922294
922295
922296
922297
922298
922299
922300
922301
922302
922303
922304
922305
922306
922307
922308
922309
922310
922311
922312
922313
922314
922315
922316
922317
922318
922319
922320
922321
922322
922323
922324
922325
922326
922327
922328
922329
922330
922331
922332
922333
922334
922335
922336
922337
922338
922339
922340
922341
922342
922343
922344
922345
922346
922347
922348
922349
922351
922352
922565
922566
922567
922568
922569
922570
922571
922572
922573
922574
922575
922576
922577
922578
922579
922580
922581
922582
922583
922584
922585
922586
922587
922588
922589
922590
922591
922592
922593
922594
922595
922596
922597
922598
922599
922600
922601
922602
922603
922604
922605
922606
922607
922608
922609
922610
922611
922612
922613
922614
922615
922616
922617
922618
922619
922620
922621
922622
922623
922624
922625
922626
922627
922628
922629
922630
922631
922632
922633
922634
922635
922636
922637
922638
922639
922640
922641
922642
922643
922644
922645
922646
922647
922648
922650
922651
922864
922865
922866
922867
922868
922869
922870
922871
922872
922873
922874
922875
922876
922877
922878
922879
922880
922881
922882
922883
922884
922885
922886
922887
922888
922889
922890
922891
922892
922893
922894
922895
922896
922897
922898
922899
922900
922901
922902
922903
922904
922905
922906
922907
922908
922909
922910
922911
922912
922913
922914
922915
922916
922917
922918
922919
922920
922921
922922
922923
922924
922925
922926
922927
922928
922929
922930
922931
922932
922933
922934
922935
922936
922937
922938
922939
922940
922941
922942
922943
922944
922945
922946
922947
922949
922950
923163
923164
923165
923166
923167
923168
923169
923170
923171
923172
923173
923174
923175
923176
923177
923178
923179
923180
923181
923182
923183
923184
923185
923186
923187
923188
923189
923190
923191
923192
923193
923194
923195
923196
923197
923198
923199
923200
923201
923202
923203
923204
923205
923206
923207
923208
923209
923210
923211
923212
923213
923214
923215
923216
923217
923218
923219
923220
923221
923222
923223
923224
923225
923226
923227
923228
923229
923230
923231
923232
923233
923234
923235
923236
923237
923238
923239
923240
923241
923242
923243
923244
923245
923246
923248
923249
923462
923463
923464
923465
923466
923467
923468
923469
923470
923471
923472
923473
923474
923475
923476
923477
923478
923479
923480
923481
923482
923483
923484
923485
923486
923487
923488
923489
923490
923491
923492
923493
923494
923495
923496
923497
923498
923499
923500
923501
923502
923503
923504
923505
923506
923507
923508
923509
923510
923511
923512
923513
923514
923515
923516
923517
923518
923519
923520
923521
923522
923523
923524
923525
923526
923527
923528
923529
923530
923531
923532
923533
923534
923535
923536
923537
923538
923539
923540
923541
923542
923543
923544
923545
923547
923548
923761
923762
923763
923764
923765
923766
923767
923768
923769
923770
923771
923772
923773
923774
923775
923776
923777
923778
923779
923780
923781
923782
923783
923784
923785
923786
923787
923788
923789
923790
923791
923792
923793
923794
923795
923796
923797
923798
923799
923800
923801
923802
923803
923804
923805
923806
923807
923808
923809
923810
923811
923812
923813
923814
923815
923816
923817
923818
923819
923820
923821
923822
923823
923824
923825
923826
923827
923828
923829
923830
923831
923832
923833
923834
923835
923836
923837
923838
923839
923840
923841
923842
923843
923844
923846
923847
924060
924061
924062
924063
924064
924065
924066
924067
924068
924069
924070
924071
924072
924073
924074
924075
924076
924077
924078
924079
924080
924081
924082
924083
924084
924085
924086
924087
924088
924089
924090
924091
924092
924093
924094
924095
924096
924097
924098
924099
924100
924101
924102
924103
924104
924105
924106
924107
924108
924109
924110
924111
924112
924113
924114
924115
924116
924117
924118
924119
924120
924121
924122
924123
924124
924125
924126
924127
924128
924129
924130
924131
924132
924133
924134
924135
924136
924137
924138
924139
924140
924141
924142
924143
924145
924146
924359
924360
924361
924362
924363
924364
924365
924366
924367
924368
924369
924370
924371
924372
924373
924374
924375
924376
924377
924378
924379
924380
924381
924382
924383
924384
924385
924386
924387
924388
924389
924390
924391
924392
924393
924394
924395
924396
924397
924398
924399
924400
924401
924402
924403
924404
924405
924406
924407
924408
924409
924410
924411
924412
924413
924414
924415
924416
924417
924418
924419
924420
924421
924422
924423
924424
924425
924426
924427
924428
924429
924430
924431
924432
924433
924434
924435
924436
924437
924438
924439
924440
924441
924442
924444
924445
924658
924659
924660
924661
924662
924663
924664
924665
924666
924667
924668
924669
924670
924671
924672
924673
924674
924675
924676
924677
924678
924679
924680
924681
924682
924683
924684
924685
924686
924687
924688
924689
924690
924691
924692
924693
924694
924695
924696
924697
924698
924699
924700
924701
924702
924703
924704
924705
924706
924707
924708
924709
924710
924711
924712
924713
924714
924715
924716
924717
924718
924719
924720
924721
924722
924723
924724
924725
924726
924727
924728
924729
924730
924731
924732
924733
924734
924735
924736
924737
924738
924739
924740
924741
924743
924744
924957
924958
924959
924960
924961
924962
924963
924964
924965
924966
924967
924968
924969
924970
924971
924972
924973
924974
924975
924976
924977
924978
924979
924980
924981
924982
924983
924984
924985
924986
924987
924988
924989
924990
924991
924992
924993
924994
924995
924996
924997
924998
924999
925000
925001
925002
925003
925004
925005
925006
925007
925008
925009
925010
925011
925012
925013
925014
925015
925016
925017
925018
925019
925020
925021
925022
925023
925024
925025
925026
925027
925028
925029
925030
925031
925032
925033
925034
925035
925036
925037
925038
925039
925040
925042
925043
925256
925257
925258
925259
925260
925261
925262
925263
925264
925265
925266
925267
925268
925269
925270
925271
925272
925273
925274
925275
925276
925277
925278
925279
925280
925281
925282
925283
925284
925285
925286
925287
925288
925289
925290
925291
925292
925293
925294
925295
925296
925297
925298
925299
925300
925301
925302
925303
925304
925305
925306
925307
925308
925309
925310
925311
925312
925313
925314
925315
925316
925317
925318
925319
925320
925321
925322
925323
925324
925325
925326
925327
925328
925329
925330
925331
925332
925333
925334
925335
925336
925337
925338
925339
925341
925342
925555
925556
925557
925558
925559
925560
925561
925562
925563
925564
925565
925566
925567
925568
925569
925570
925571
925572
925573
925574
925575
925576
925577
925578
925579
925580
925581
925582
925583
925584
925585
925586
925587
925588
925589
925590
925591
925592
925593
925594
925595
925596
925597
925598
925599
925600
925601
925602
925603
925604
925605
925606
925607
925608
925609
925610
925611
925612
925613
925614
925615
925616
925617
925618
925619
925620
925621
925622
925623
925624
925625
925626
925627
925628
925629
925630
925631
925632
925633
925634
925635
925636
925637
925638
925640
925641
925854
925855
925856
925857
925858
925859
925860
925861
925862
925863
925864
925865
925866
925867
925868
925869
925870
925871
925872
925873
925874
925875
925876
925877
925878
925879
925880
925881
925882
925883
925884
925885
925886
925887
925888
925889
925890
925891
925892
925893
925894
925895
925896
925897
925898
925899
925900
925901
925902
925903
925904
925905
925906
925907
925908
925909
925910
925911
925912
925913
925914
925915
925916
925917
925918
925919
925920
925921
925922
925923
925924
925925
925926
925927
925928
925929
925930
925931
925932
925933
925934
925935
925936
925937
925939
925940
926153
926154
926155
926156
926157
926158
926159
926160
926161
926162
926163
926164
926165
926166
926167
926168
926169
926170
926171
926172
926173
926174
926175
926176
926177
926178
926179
926180
926181
926182
926183
926184
926185
926186
926187
926188
926189
926190
926191
926192
926193
926194
926195
926196
926197
926198
926199
926200
926201
926202
926203
926204
926205
926206
926207
926208
926209
926210
926211
926212
926213
926214
926215
926216
926217
926218
926219
926220
926221
926222
926223
926224
926225
926226
926227
926228
926229
926230
926231
926232
926233
926234
926235
926236
926238
926239
926452
926453
926454
926455
926456
926457
926458
926459
926460
926461
926462
926463
926464
926465
926466
926467
926468
926469
926470
926471
926472
926473
926474
926475
926476
926477
926478
926479
926480
926481
926482
926483
926484
926485
926486
926487
926488
926489
926490
926491
926492
926493
926494
926495
926496
926497
926498
926499
926500
926501
926502
926503
926504
926505
926506
926507
926509
926651
926652
926653
926654
926655
926656
926657
926658
926659
926660
926661
926662
926663
926664
926665
926666
926667
926668
926669
926670
926671
926672
926673
926674
926675
926676
926677
926678
926679
926680
926681
926682
926683
926684
926685
926686
926687
926688
926689
926690
926691
926692
926693
926694
926695
926696
926697
926698
926699
926700
926701
926702
926703
926704
926705
926706
926707
926708
926709
926710
926711
926712
926713
926714
926715
926716
926717
926718
926719
926720
926721
926722
926723
926724
926725
926726
926727
926728
926729
926730
926731
926732
926733
926734
926735
926736
926737
926738
926739
926740
926741
926742
926743
926744
926745
926746
926747
926748
926749
926750
926751
926752
926753
926754
926755
926756
926757
926758
926759
926760
926761
926762
926764
926765
926766
927050
927051
927052
927053
927054
927055
927056
927057
927058
927059
927060
927061
927062
927063
927064
927065
927066
927067
927068
927069
927070
927071
927072
927073
927074
927075
927076
927077
927078
927079
927080
927081
927082
927083
927084
927085
927086
927087
927088
927089
927090
927091
927092
927093
927094
927095
927096
927097
927098
927099
927100
927101
927102
927103
927104
927105
927106
927107
927108
927109
927110
927111
927112
927113
927114
927115
927116
927117
927118
927119
927120
927121
927122
927123
927124
927125
927126
927127
927128
927129
927130
927131
927132
927133
927135
927136
927349
927350
927351
927352
927353
927354
927355
927356
927357
927358
927359
927360
927361
927362
927363
927364
927365
927366
927367
927368
927369
927370
927371
927372
927373
927374
927375
927376
927377
927378
927379
927380
927381
927382
927383
927384
927385
927386
927387
927388
927389
927390
927391
927392
927393
927394
927395
927396
927397
927398
927399
927400
927401
927402
927403
927404
927405
927406
927407
927408
927409
927410
927411
927412
927413
927414
927415
927416
927417
927418
927419
927420
927421
927422
927423
927424
927425
927426
927427
927428
927429
927430
927431
927432
927434
927435
927648
927649
927650
927651
927652
927653
927654
927655
927656
927657
927658
927659
927660
927661
927662
927663
927664
927665
927666
927667
927668
927669
927670
927671
927672
927673
927674
927675
927676
927677
927678
927679
927680
927681
927682
927683
927684
927685
927686
927687
927688
927689
927690
927691
927692
927693
927694
927695
927696
927697
927698
927699
927700
927701
927702
927703
927704
927705
927706
927707
927708
927709
927710
927711
927712
927713
927714
927715
927716
927717
927718
927719
927720
927721
927722
927723
927724
927725
927726
927727
927728
927729
927730
927731
927733
927734
927947
927948
927949
927950
927951
927952
927953
927954
927955
927956
927957
927958
927959
927960
927961
927962
927963
927964
927965
927966
927967
927968
927969
927970
927971
927972
927973
927974
927975
927976
927977
927978
927979
927980
927981
927982
927983
927984
927985
927986
927987
927988
927989
927990
927991
927992
927993
927994
927995
927996
927997
927998
927999
928000
928001
928002
928003
928004
928005
928006
928007
928008
928009
928010
928011
928012
928013
928014
928015
928016
928017
928018
928019
928020
928021
928022
928023
928024
928025
928026
928027
928028
928029
928030
928032
928033
928246
928247
928248
928249
928250
928251
928252
928253
928254
928255
928256
928257
928258
928259
928260
928261
928262
928263
928264
928265
928266
928267
928268
928269
928270
928271
928272
928273
928274
928275
928276
928277
928278
928279
928280
928281
928282
928283
928284
928285
928286
928287
928288
928289
928290
928291
928292
928293
928294
928295
928296
928297
928298
928299
928300
928301
928302
928303
928304
928305
928306
928307
928308
928309
928310
928311
928312
928313
928314
928315
928316
928317
928318
928319
928320
928321
928322
928323
928324
928325
928326
928327
928328
928329
928331
928332
928545
928546
928547
928548
928549
928550
928551
928552
928553
928554
928555
928556
928557
928558
928559
928560
928561
928562
928563
928564
928565
928566
928567
928568
928569
928570
928571
928572
928573
928574
928575
928576
928577
928578
928579
928580
928581
928582
928583
928584
928585
928586
928587
928588
928589
928590
928591
928592
928593
928594
928595
928596
928597
928598
928599
928600
928601
928602
928603
928604
928605
928606
928607
928608
928609
928610
928611
928612
928613
928614
928615
928616
928617
928618
928619
928620
928621
928622
928623
928624
928625
928626
928627
928628
928630
928631
928844
928845
928846
928847
928848
928849
928850
928851
928852
928853
928854
928855
928856
928857
928858
928859
928860
928861
928862
928863
928864
928865
928866
928867
928868
928869
928870
928871
928872
928873
928874
928875
928876
928877
928878
928879
928880
928881
928882
928883
928884
928885
928886
928887
928888
928889
928890
928891
928892
928893
928894
928895
928896
928897
928898
928899
928900
928901
928902
928903
928904
928905
928906
928907
928908
928909
928910
928911
928912
928913
928914
928915
928916
928917
928918
928919
928920
928921
928922
928923
928924
928925
928926
928927
928929
928930
929143
929144
929145
929146
929147
929148
929149
929150
929151
929152
929153
929154
929155
929156
929157
929158
929159
929160
929161
929162
929163
929164
929165
929166
929167
929168
929169
929170
929171
929172
929173
929174
929175
929176
929177
929178
929179
929180
929181
929182
929183
929184
929185
929186
929187
929188
929189
929190
929191
929192
929193
929194
929195
929196
929197
929198
929199
929200
929201
929202
929203
929204
929205
929206
929207
929208
929209
929210
929211
929212
929213
929214
929215
929216
929217
929218
929219
929220
929221
929222
929223
929224
929225
929226
929228
929229
929442
929443
929444
929445
929446
929447
929448
929449
929450
929451
929452
929453
929454
929455
929456
929457
929458
929459
929460
929461
929462
929463
929464
929465
929466
929467
929468
929469
929470
929471
929472
929473
929474
929475
929476
929477
929478
929479
929480
929481
929482
929483
929484
929485
929486
929487
929488
929489
929490
929491
929492
929493
929494
929495
929496
929497
929498
929499
929500
929501
929502
929503
929504
929505
929506
929507
929508
929509
929510
929511
929512
929513
929514
929515
929516
929517
929518
929519
929520
929521
929522
929523
929524
929525
929527
929528
929741
929742
929743
929744
929745
929746
929747
929748
929749
929750
929751
929752
929753
929754
929755
929756
929757
929758
929759
929760
929761
929762
929763
929764
929765
929766
929767
929768
929769
929770
929771
929772
929773
929774
929775
929776
929777
929778
929779
929780
929781
929782
929783
929784
929785
929786
929787
929788
929789
929790
929791
929792
929793
929794
929795
929796
929797
929798
929799
929800
929801
929802
929803
929804
929805
929806
929807
929808
929809
929810
929811
929812
929813
929814
929815
929816
929817
929818
929819
929820
929821
929822
929823
929824
929826
929827
930040
930041
930042
930043
930044
930045
930046
930047
930048
930049
930050
930051
930052
930053
930054
930055
930056
930057
930058
930059
930060
930061
930062
930063
930064
930065
930066
930067
930068
930069
930070
930071
930072
930073
930074
930075
930076
930077
930078
930079
930080
930081
930082
930083
930084
930085
930086
930087
930088
930089
930090
930091
930092
930093
930094
930095
930096
930097
930098
930099
930100
930101
930102
930103
930104
930105
930106
930107
930108
930109
930110
930111
930112
930113
930114
930115
930116
930117
930118
930119
930120
930121
930122
930123
930125
930126
930339
930340
930341
930342
930343
930344
930345
930346
930347
930348
930349
930350
930351
930352
930353
930354
930355
930356
930357
930358
930359
930360
930361
930362
930363
930364
930365
930366
930367
930368
930369
930370
930371
930372
930373
930374
930375
930376
930377
930378
930379
930380
930381
930382
930383
930384
930385
930386
930387
930388
930389
930390
930391
930392
930393
930394
930395
930396
930397
930398
930399
930400
930401
930402
930403
930404
930405
930406
930407
930408
930409
930410
930411
930412
930413
930414
930415
930416
930417
930418
930419
930420
930421
930422
930424
930425
930638
930639
930640
930641
930642
930643
930644
930645
930646
930647
930648
930649
930650
930651
930652
930653
930654
930655
930656
930657
930658
930659
930660
930661
930662
930663
930664
930665
930666
930667
930668
930669
930670
930671
930672
930673
930674
930675
930676
930677
930678
930679
930680
930681
930682
930683
930684
930685
930686
930687
930688
930689
930690
930691
930692
930693
930694
930695
930696
930697
930698
930699
930700
930701
930702
930703
930704
930705
930706
930707
930708
930709
930710
930711
930712
930713
930714
930715
930716
930717
930718
930719
930720
930721
930723
930724
930937
930938
930939
930940
930941
930942
930943
930944
930945
930946
930947
930948
930949
930950
930951
930952
930953
930954
930955
930956
930957
930958
930959
930960
930961
930962
930963
930964
930965
930966
930967
930968
930969
930970
930971
930972
930973
930974
930975
930976
930977
930978
930979
930980
930981
930982
930983
930984
930985
930986
930987
930988
930989
930990
930991
930992
930993
930994
930995
930996
930997
930998
930999
931000
931001
931002
931003
931004
931005
931006
931007
931008
931009
931010
931011
931012
931013
931014
931015
931016
931017
931018
931019
931020
931022
931023
931236
931237
931238
931239
931240
931241
931242
931243
931244
931245
931246
931247
931248
931249
931250
931251
931252
931253
931254
931255
931256
931257
931258
931259
931260
931261
931262
931263
931264
931265
931266
931267
931268
931269
931270
931271
931272
931273
931274
931275
931276
931277
931278
931279
931280
931281
931282
931283
931284
931285
931286
931287
931288
931289
931290
931291
931292
931293
931294
931295
931296
931297
931298
931299
931300
931301
931302
931303
931304
931305
931306
931307
931308
931309
931310
931311
931312
931313
931314
931315
931316
931317
931318
931319
931321
931322
931535
931536
931537
931538
931539
931540
931541
931542
931543
931544
931545
931546
931547
931548
931549
931550
931551
931552
931553
931554
931555
931556
931557
931558
931559
931560
931561
931562
931563
931564
931565
931566
931567
931568
931569
931570
931571
931572
931573
931574
931575
931576
931577
931578
931579
931580
931581
931582
931583
931584
931585
931586
931587
931588
931589
931590
931591
931592
931593
931594
931595
931596
931597
931598
931599
931600
931601
931602
931603
931604
931605
931606
931607
931608
931609
931610
931611
931612
931613
931614
931615
931616
931617
931618
931620
931621
931834
931835
931836
931837
931838
931839
931840
931841
931842
931843
931844
931845
931846
931847
931848
931849
931850
931851
931852
931853
931854
931855
931856
931857
931858
931859
931860
931861
931862
931863
931864
931865
931866
931867
931868
931869
931870
931871
931872
931873
931874
931875
931876
931877
931878
931879
931880
931881
931882
931883
931884
931885
931886
931887
931888
931889
931890
931891
931892
931893
931894
931895
931896
931897
931898
931899
931900
931901
931902
931903
931904
931905
931906
931907
931908
931909
931910
931911
931912
931913
931914
931915
931916
931917
931919
931920
932133
932134
932135
932136
932137
932138
932139
932140
932141
932142
932143
932144
932145
932146
932147
932148
932149
932150
932151
932152
932153
932154
932155
932156
932157
932158
932159
932160
932161
932162
932163
932164
932165
932166
932167
932168
932169
932170
932171
932172
932173
932174
932175
932176
932177
932178
932179
932180
932181
932182
932183
932184
932185
932186
932187
932188
932189
932190
932191
932192
932193
932194
932195
932196
932197
932198
932199
932200
932201
932202
932203
932204
932205
932206
932207
932208
932209
932210
932211
932212
932213
932214
932215
932216
932218
932219
932432
932433
932434
932435
932436
932437
932438
932439
932440
932441
932442
932443
932444
932445
932446
932447
932448
932449
932450
932451
932452
932453
932454
932455
932456
932457
932458
932459
932460
932461
932462
932463
932464
932465
932466
932467
932468
932469
932470
932471
932472
932473
932474
932475
932476
932477
932478
932479
932480
932481
932482
932483
932484
932485
932486
932487
932488
932489
932490
932491
932492
932493
932494
932495
932496
932497
932498
932499
932500
932501
932502
932503
932504
932505
932506
932507
932508
932509
932510
932511
932512
932513
932514
932515
932517
932518
932731
932732
932733
932734
932735
932736
932737
932738
932739
932740
932741
932742
932743
932744
932745
932746
932747
932748
932749
932750
932751
932752
932753
932754
932755
932756
932757
932758
932759
932760
932761
932762
932763
932764
932765
932766
932767
932768
932769
932770
932771
932772
932773
932774
932775
932776
932777
932778
932779
932780
932781
932782
932783
932784
932785
932786
932787
932788
932789
932790
932791
932792
932793
932794
932795
932796
932797
932798
932799
932800
932801
932802
932803
932804
932805
932806
932807
932808
932809
932810
932811
932812
932813
932814
932816
932817
933030
933031
933032
933033
933034
933035
933036
933037
933038
933039
933040
933041
933042
933043
933044
933045
933046
933047
933048
933049
933050
933051
933052
933053
933054
933055
933056
933057
933058
933059
933060
933061
933062
933063
933064
933065
933066
933067
933068
933069
933070
933071
933072
933073
933074
933075
933076
933077
933078
933079
933080
933081
933082
933083
933084
933085
933086
933087
933088
933089
933090
933091
933092
933093
933094
933095
933096
933097
933098
933099
933100
933101
933102
933103
933104
933105
933106
933107
933108
933109
933110
933111
933112
933113
933115
933116
933329
933330
933331
933332
933333
933334
933335
933336
933337
933338
933339
933340
933341
933342
933343
933344
933345
933346
933347
933348
933349
933350
933351
933352
933353
933354
933355
933356
933357
933358
933359
933360
933361
933362
933363
933364
933365
933366
933367
933368
933369
933370
933371
933372
933373
933374
933375
933376
933377
933378
933379
933380
933381
933382
933383
933384
933385
933386
933387
933388
933389
933390
933391
933392
933393
933394
933395
933396
933397
933398
933399
933400
933401
933402
933403
933404
933405
933406
933407
933408
933409
933410
933411
933412
933414
933415
933628
933629
933630
933631
933632
933633
933634
933635
933636
933637
933638
933639
933640
933641
933642
933643
933644
933645
933646
933647
933648
933649
933650
933651
933652
933653
933654
933655
933656
933657
933658
933659
933660
933661
933662
933663
933664
933665
933666
933667
933668
933669
933670
933671
933672
933673
933674
933675
933676
933677
933678
933679
933680
933681
933682
933683
933684
933685
933686
933687
933688
933689
933690
933691
933692
933693
933694
933695
933696
933697
933698
933699
933700
933701
933702
933703
933704
933705
933706
933707
933708
933709
933710
933711
933713
933714
933927
933928
933929
933930
933931
933932
933933
933934
933935
933936
933937
933938
933939
933940
933941
933942
933943
933944
933945
933946
933947
933948
933949
933950
933951
933952
933953
933954
933955
933956
933957
933958
933959
933960
933961
933962
933963
933964
933965
933966
933967
933968
933969
933970
933971
933972
933973
933974
933975
933976
933977
933978
933979
933980
933981
933982
933984
934126
934127
934128
934129
934130
934131
934132
934133
934134
934135
934136
934137
934138
934139
934140
934141
934142
934143
934144
934145
934146
934147
934148
934149
934150
934151
934152
934153
934154
934155
934156
934157
934158
934159
934160
934161
934162
934163
934164
934165
934166
934167
934168
934169
934170
934171
934172
934173
934174
934175
934176
934177
934178
934179
934180
934181
934182
934183
934184
934185
934186
934187
934188
934189
934190
934191
934192
934193
934194
934195
934196
934197
934198
934199
934200
934201
934202
934203
934204
934205
934206
934207
934208
934209
934210
934211
934212
934213
934214
934215
934216
934217
934218
934219
934220
934221
934222
934223
934224
934225
934226
934227
934228
934229
934230
934231
934232
934233
934234
934235
934236
934237
934239
934240
934241
934525
934526
934527
934528
934529
934530
934531
934532
934533
934534
934535
934536
934537
934538
934539
934540
934541
934542
934543
934544
934545
934546
934547
934548
934549
934550
934551
934552
934553
934554
934555
934556
934557
934558
934559
934560
934561
934562
934563
934564
934565
934566
934567
934568
934569
934570
934571
934572
934573
934574
934575
934576
934577
934578
934579
934580
934581
934582
934583
934584
934585
934586
934587
934588
934589
934590
934591
934592
934593
934594
934595
934596
934597
934598
934599
934600
934601
934602
934603
934604
934605
934606
934607
934608
934610
934611
934824
934825
934826
934827
934828
934829
934830
934831
934832
934833
934834
934835
934836
934837
934838
934839
934840
934841
934842
934843
934844
934845
934846
934847
934848
934849
934850
934851
934852
934853
934854
934855
934856
934857
934858
934859
934860
934861
934862
934863
934864
934865
934866
934867
934868
934869
934870
934871
934872
934873
934874
934875
934876
934877
934878
934879
934880
934881
934882
934883
934884
934885
934886
934887
934888
934889
934890
934891
934892
934893
934894
934895
934896
934897
934898
934899
934900
934901
934902
934903
934904
934905
934906
934907
934909
934910
935123
935124
935125
935126
935127
935128
935129
935130
935131
935132
935133
935134
935135
935136
935137
935138
935139
935140
935141
935142
935143
935144
935145
935146
935147
935148
935149
935150
935151
935152
935153
935154
935155
935156
935157
935158
935159
935160
935161
935162
935163
935164
935165
935166
935167
935168
935169
935170
935171
935172
935173
935174
935175
935176
935177
935178
935179
935180
935181
935182
935183
935184
935185
935186
935187
935188
935189
935190
935191
935192
935193
935194
935195
935196
935197
935198
935199
935200
935201
935202
935203
935204
935205
935206
935208
935209
935422
935423
935424
935425
935426
935427
935428
935429
935430
935431
935432
935433
935434
935435
935436
935437
935438
935439
935440
935441
935442
935443
935444
935445
935446
935447
935448
935449
935450
935451
935452
935453
935454
935455
935456
935457
935458
935459
935460
935461
935462
935463
935464
935465
935466
935467
935468
935469
935470
935471
935472
935473
935474
935475
935476
935477
935478
935479
935480
935481
935482
935483
935484
935485
935486
935487
935488
935489
935490
935491
935492
935493
935494
935495
935496
935497
935498
935499
935500
935501
935502
935503
935504
935505
935507
935508
935721
935722
935723
935724
935725
935726
935727
935728
935729
935730
935731
935732
935733
935734
935735
935736
935737
935738
935739
935740
935741
935742
935743
935744
935745
935746
935747
935748
935749
935750
935751
935752
935753
935754
935755
935756
935757
935758
935759
935760
935761
935762
935763
935764
935765
935766
935767
935768
935769
935770
935771
935772
935773
935774
935775
935776
935777
935778
935779
935780
935781
935782
935783
935784
935785
935786
935787
935788
935789
935790
935791
935792
935793
935794
935795
935796
935797
935798
935799
935800
935801
935802
935803
935804
935806
935807
936020
936021
936022
936023
936024
936025
936026
936027
936028
936029
936030
936031
936032
936033
936034
936035
936036
936037
936038
936039
936040
936041
936042
936043
936044
936045
936046
936047
936048
936049
936050
936051
936052
936053
936054
936055
936056
936057
936058
936059
936060
936061
936062
936063
936064
936065
936066
936067
936068
936069
936070
936071
936072
936073
936074
936075
936076
936077
936078
936079
936080
936081
936082
936083
936084
936085
936086
936087
936088
936089
936090
936091
936092
936093
936094
936095
936096
936097
936098
936099
936100
936101
936102
936103
936105
936106
936319
936320
936321
936322
936323
936324
936325
936326
936327
936328
936329
936330
936331
936332
936333
936334
936335
936336
936337
936338
936339
936340
936341
936342
936343
936344
936345
936346
936347
936348
936349
936350
936351
936352
936353
936354
936355
936356
936357
936358
936359
936360
936361
936362
936363
936364
936365
936366
936367
936368
936369
936370
936371
936372
936373
936374
936375
936376
936377
936378
936379
936380
936381
936382
936383
936384
936385
936386
936387
936388
936389
936390
936391
936392
936393
936394
936395
936396
936397
936398
936399
936400
936401
936402
936404
936405
936618
936619
936620
936621
936622
936623
936624
936625
936626
936627
936628
936629
936630
936631
936632
936633
936634
936635
936636
936637
936638
936639
936640
936641
936642
936643
936644
936645
936646
936647
936648
936649
936650
936651
936652
936653
936654
936655
936656
936657
936658
936659
936660
936661
936662
936663
936664
936665
936666
936667
936668
936669
936670
936671
936672
936673
936674
936675
936676
936677
936678
936679
936680
936681
936682
936683
936684
936685
936686
936687
936688
936689
936690
936691
936692
936693
936694
936695
936696
936697
936698
936699
936700
936701
936703
936704
936917
936918
936919
936920
936921
936922
936923
936924
936925
936926
936927
936928
936929
936930
936931
936932
936933
936934
936935
936936
936937
936938
936939
936940
936941
936942
936943
936944
936945
936946
936947
936948
936949
936950
936951
936952
936953
936954
936955
936956
936957
936958
936959
936960
936961
936962
936963
936964
936965
936966
936967
936968
936969
936970
936971
936972
936973
936974
936975
936976
936977
936978
936979
936980
936981
936982
936983
936984
936985
936986
936987
936988
936989
936990
936991
936992
936993
936994
936995
936996
936997
936998
936999
937000
937002
937003
937216
937217
937218
937219
937220
937221
937222
937223
937224
937225
937226
937227
937228
937229
937230
937231
937232
937233
937234
937235
937236
937237
937238
937239
937240
937241
937242
937243
937244
937245
937246
937247
937248
937249
937250
937251
937252
937253
937254
937255
937256
937257
937258
937259
937260
937261
937262
937263
937264
937265
937266
937267
937268
937269
937270
937271
937272
937273
937274
937275
937276
937277
937278
937279
937280
937281
937282
937283
937284
937285
937286
937287
937288
937289
937290
937291
937292
937293
937294
937295
937296
937297
937298
937299
937301
937302
937515
937516
937517
937518
937519
937520
937521
937522
937523
937524
937525
937526
937527
937528
937529
937530
937531
937532
937533
937534
937535
937536
937537
937538
937539
937540
937541
937542
937543
937544
937545
937546
937547
937548
937549
937550
937551
937552
937553
937554
937555
937556
937557
937558
937559
937560
937561
937562
937563
937564
937565
937566
937567
937568
937569
937570
937571
937572
937573
937574
937575
937576
937577
937578
937579
937580
937581
937582
937583
937584
937585
937586
937587
937588
937589
937590
937591
937592
937593
937594
937595
937596
937597
937598
937600
937601
937814
937815
937816
937817
937818
937819
937820
937821
937822
937823
937824
937825
937826
937827
937828
937829
937830
937831
937832
937833
937834
937835
937836
937837
937838
937839
937840
937841
937842
937843
937844
937845
937846
937847
937848
937849
937850
937851
937852
937853
937854
937855
937856
937857
937858
937859
937860
937861
937862
937863
937864
937865
937866
937867
937868
937869
937870
937871
937872
937873
937874
937875
937876
937877
937878
937879
937880
937881
937882
937883
937884
937885
937886
937887
937888
937889
937890
937891
937892
937893
937894
937895
937896
937897
937899
937900
938113
938114
938115
938116
938117
938118
938119
938120
938121
938122
938123
938124
938125
938126
938127
938128
938129
938130
938131
938132
938133
938134
938135
938136
938137
938138
938139
938140
938141
938142
938143
938144
938145
938146
938147
938148
938149
938150
938151
938152
938153
938154
938155
938156
938157
938158
938159
938160
938161
938162
938163
938164
938165
938166
938167
938168
938169
938170
938171
938172
938173
938174
938175
938176
938177
938178
938179
938180
938181
938182
938183
938184
938185
938186
938187
938188
938189
938190
938191
938192
938193
938194
938195
938196
938198
938199
938412
938413
938414
938415
938416
938417
938418
938419
938420
938421
938422
938423
938424
938425
938426
938427
938428
938429
938430
938431
938432
938433
938434
938435
938436
938437
938438
938439
938440
938441
938442
938443
938444
938445
938446
938447
938448
938449
938450
938451
938452
938453
938454
938455
938456
938457
938458
938459
938460
938461
938462
938463
938464
938465
938466
938467
938468
938469
938470
938471
938472
938473
938474
938475
938476
938477
938478
938479
938480
938481
938482
938483
938484
938485
938486
938487
938488
938489
938490
938491
938492
938493
938494
938495
938497
938498
938711
938712
938713
938714
938715
938716
938717
938718
938719
938720
938721
938722
938723
938724
938725
938726
938727
938728
938729
938730
938731
938732
938733
938734
938735
938736
938737
938738
938739
938740
938741
938742
938743
938744
938745
938746
938747
938748
938749
938750
938751
938752
938753
938754
938755
938756
938757
938758
938759
938760
938761
938762
938763
938764
938765
938766
938767
938768
938769
938770
938771
938772
938773
938774
938775
938776
938777
938778
938779
938780
938781
938782
938783
938784
938785
938786
938787
938788
938789
938790
938791
938792
938793
938794
938796
938797
939010
939011
939012
939013
939014
939015
939016
939017
939018
939019
939020
939021
939022
939023
939024
939025
939026
939027
939028
939029
939030
939031
939032
939033
939034
939035
939036
939037
939038
939039
939040
939041
939042
939043
939044
939045
939046
939047
939048
939049
939050
939051
939052
939053
939054
939055
939056
939057
939058
939059
939060
939061
939062
939063
939064
939065
939066
939067
939068
939069
939070
939071
939072
939073
939074
939075
939076
939077
939078
939079
939080
939081
939082
939083
939084
939085
939086
939087
939088
939089
939090
939091
939092
939093
939095
939096
939309
939310
939311
939312
939313
939314
939315
939316
939317
939318
939319
939320
939321
939322
939323
939324
939325
939326
939327
939328
939329
939330
939331
939332
939333
939334
939335
939336
939337
939338
939339
939340
939341
939342
939343
939344
939345
939346
939347
939348
939349
939350
939351
939352
939353
939354
939355
939356
939357
939358
939359
939360
939361
939362
939363
939364
939365
939366
939367
939368
939369
939370
939371
939372
939373
939374
939375
939376
939377
939378
939379
939380
939381
939382
939383
939384
939385
939386
939387
939388
939389
939390
939391
939392
939394
939395
939608
939609
939610
939611
939612
939613
939614
939615
939616
939617
939618
939619
939620
939621
939622
939623
939624
939625
939626
939627
939628
939629
939630
939631
939632
939633
939634
939635
939636
939637
939638
939639
939640
939641
939642
939643
939644
939645
939646
939647
939648
939649
939650
939651
939652
939653
939654
939655
939656
939657
939658
939659
939660
939661
939662
939663
939664
939665
939666
939667
939668
939669
939670
939671
939672
939673
939674
939675
939676
939677
939678
939679
939680
939681
939682
939683
939684
939685
939686
939687
939688
939689
939690
939691
939693
939694
939907
939908
939909
939910
939911
939912
939913
939914
939915
939916
939917
939918
939919
939920
939921
939922
939923
939924
939925
939926
939927
939928
939929
939930
939931
939932
939933
939934
939935
939936
939937
939938
939939
939940
939941
939942
939943
939944
939945
939946
939947
939948
939949
939950
939951
939952
939953
939954
939955
939956
939957
939958
939959
939960
939961
939962
939963
939964
939965
939966
939967
939968
939969
939970
939971
939972
939973
939974
939975
939976
939977
939978
939979
939980
939981
939982
939983
939984
939985
939986
939987
939988
939989
939990
939992
939993
940206
940207
940208
940209
940210
940211
940212
940213
940214
940215
940216
940217
940218
940219
940220
940221
940222
940223
940224
940225
940226
940227
940228
940229
940230
940231
940232
940233
940234
940235
940236
940237
940238
940239
940240
940241
940242
940243
940244
940245
940246
940247
940248
940249
940250
940251
940252
940253
940254
940255
940256
940257
940258
940259
940260
940261
940262
940263
940264
940265
940266
940267
940268
940269
940270
940271
940272
940273
940274
940275
940276
940277
940278
940279
940280
940281
940282
940283
940284
940285
940286
940287
940288
940289
940291
940292
940505
940506
940507
940508
940509
940510
940511
940512
940513
940514
940515
940516
940517
940518
940519
940520
940521
940522
940523
940524
940525
940526
940527
940528
940529
940530
940531
940532
940533
940534
940535
940536
940537
940538
940539
940540
940541
940542
940543
940544
940545
940546
940547
940548
940549
940550
940551
940552
940553
940554
940555
940556
940557
940558
940559
940560
940561
940562
940563
940564
940565
940566
940567
940568
940569
940570
940571
940572
940573
940574
940575
940576
940577
940578
940579
940580
940581
940582
940583
940584
940585
940586
940587
940588
940590
940591
940804
940805
940806
940807
940808
940809
940810
940811
940812
940813
940814
940815
940816
940817
940818
940819
940820
940821
940822
940823
940824
940825
940826
940827
940828
940829
940830
940831
940832
940833
940834
940835
940836
940837
940838
940839
940840
940841
940842
940843
940844
940845
940846
940847
940848
940849
940850
940851
940852
940853
940854
940855
940856
940857
940858
940859
940860
940861
940862
940863
940864
940865
940866
940867
940868
940869
940870
940871
940872
940873
940874
940875
940876
940877
940878
940879
940880
940881
940882
940883
940884
940885
940886
940887
940889
940890
941103
941104
941105
941106
941107
941108
941109
941110
941111
941112
941113
941114
941115
941116
941117
941118
941119
941120
941121
941122
941123
941124
941125
941126
941127
941128
941129
941130
941131
941132
941133
941134
941135
941136
941137
941138
941139
941140
941141
941142
941143
941144
941145
941146
941147
941148
941149
941150
941151
941152
941153
941154
941155
941156
941157
941158
941159
941160
941161
941162
941163
941164
941165
941166
941167
941168
941169
941170
941171
941172
941173
941174
941175
941176
941177
941178
941179
941180
941181
941182
941183
941184
941185
941186
941188
941189
941402
941403
941404
941405
941406
941407
941408
941409
941410
941411
941412
941413
941414
941415
941416
941417
941418
941419
941420
941421
941422
941423
941424
941425
941426
941427
941428
941429
941430
941431
941432
941433
941434
941435
941436
941437
941438
941439
941440
941441
941442
941443
941444
941445
941446
941447
941448
941449
941450
941451
941452
941453
941454
941455
941456
941457
941459
941601
941602
941603
941604
941605
941606
941607
941608
941609
941610
941611
941612
941613
941614
941615
941616
941617
941618
941619
941620
941621
941622
941623
941624
941625
941626
941627
941628
941629
941630
941631
941632
941633
941634
941635
941636
941637
941638
941639
941640
941641
941642
941643
941644
941645
941646
941647
941648
941649
941650
941651
941652
941653
941654
941655
941656
941657
941658
941659
941660
941661
941662
941663
941664
941665
941666
941667
941668
941669
941670
941671
941672
941673
941674
941675
941676
941677
941678
941679
941680
941681
941682
941683
941684
941685
941686
941687
941688
941689
941690
941691
941692
941693
941694
941695
941696
941697
941698
941699
941700
941701
941702
941703
941704
941705
941706
941707
941708
941709
941710
941711
941712
941714
941715
941716
942000
942001
942002
942003
942004
942005
942006
942007
942008
942009
942010
942011
942012
942013
942014
942015
942016
942017
942018
942019
942020
942021
942022
942023
942024
942025
942026
942027
942028
942029
942030
942031
942032
942033
942034
942035
942036
942037
942038
942039
942040
942041
942042
942043
942044
942045
942046
942047
942048
942049
942050
942051
942052
942053
942054
942055
942056
942057
942058
942059
942060
942061
942062
942063
942064
942065
942066
942067
942068
942069
942070
942071
942072
942073
942074
942075
942076
942077
942078
942079
942080
942081
942082
942083
942085
942086
942299
942300
942301
942302
942303
942304
942305
942306
942307
942308
942309
942310
942311
942312
942313
942314
942315
942316
942317
942318
942319
942320
942321
942322
942323
942324
942325
942326
942327
942328
942329
942330
942331
942332
942333
942334
942335
942336
942337
942338
942339
942340
942341
942342
942343
942344
942345
942346
942347
942348
942349
942350
942351
942352
942353
942354
942355
942356
942357
942358
942359
942360
942361
942362
942363
942364
942365
942366
942367
942368
942369
942370
942371
942372
942373
942374
942375
942376
942377
942378
942379
942380
942381
942382
942384
942385
942598
942599
942600
942601
942602
942603
942604
942605
942606
942607
942608
942609
942610
942611
942612
942613
942614
942615
942616
942617
942618
942619
942620
942621
942622
942623
942624
942625
942626
942627
942628
942629
942630
942631
942632
942633
942634
942635
942636
942637
942638
942639
942640
942641
942642
942643
942644
942645
942646
942647
942648
942649
942650
942651
942652
942653
942654
942655
942656
942657
942658
942659
942660
942661
942662
942663
942664
942665
942666
942667
942668
942669
942670
942671
942672
942673
942674
942675
942676
942677
942678
942679
942680
942681
942683
942684
942897
942898
942899
942900
942901
942902
942903
942904
942905
942906
942907
942908
942909
942910
942911
942912
942913
942914
942915
942916
942917
942918
942919
942920
942921
942922
942923
942924
942925
942926
942927
942928
942929
942930
942931
942932
942933
942934
942935
942936
942937
942938
942939
942940
942941
942942
942943
942944
942945
942946
942947
942948
942949
942950
942951
942952
942953
942954
942955
942956
942957
942958
942959
942960
942961
942962
942963
942964
942965
942966
942967
942968
942969
942970
942971
942972
942973
942974
942975
942976
942977
942978
942979
942980
942982
942983
943196
943197
943198
943199
943200
943201
943202
943203
943204
943205
943206
943207
943208
943209
943210
943211
943212
943213
943214
943215
943216
943217
943218
943219
943220
943221
943222
943223
943224
943225
943226
943227
943228
943229
943230
943231
943232
943233
943234
943235
943236
943237
943238
943239
943240
943241
943242
943243
943244
943245
943246
943247
943248
943249
943250
943251
943252
943253
943254
943255
943256
943257
943258
943259
943260
943261
943262
943263
943264
943265
943266
943267
943268
943269
943270
943271
943272
943273
943274
943275
943276
943277
943278
943279
943281
943282
943495
943496
943497
943498
943499
943500
943501
943502
943503
943504
943505
943506
943507
943508
943509
943510
943511
943512
943513
943514
943515
943516
943517
943518
943519
943520
943521
943522
943523
943524
943525
943526
943527
943528
943529
943530
943531
943532
943533
943534
943535
943536
943537
943538
943539
943540
943541
943542
943543
943544
943545
943546
943547
943548
943549
943550
943551
943552
943553
943554
943555
943556
943557
943558
943559
943560
943561
943562
943563
943564
943565
943566
943567
943568
943569
943570
943571
943572
943573
943574
943575
943576
943577
943578
943580
943581
943794
943795
943796
943797
943798
943799
943800
943801
943802
943803
943804
943805
943806
943807
943808
943809
943810
943811
943812
943813
943814
943815
943816
943817
943818
943819
943820
943821
943822
943823
943824
943825
943826
943827
943828
943829
943830
943831
943832
943833
943834
943835
943836
943837
943838
943839
943840
943841
943842
943843
943844
943845
943846
943847
943848
943849
943850
943851
943852
943853
943854
943855
943856
943857
943858
943859
943860
943861
943862
943863
943864
943865
943866
943867
943868
943869
943870
943871
943872
943873
943874
943875
943876
943877
943879
943880
944093
944094
944095
944096
944097
944098
944099
944100
944101
944102
944103
944104
944105
944106
944107
944108
944109
944110
944111
944112
944113
944114
944115
944116
944117
944118
944119
944120
944121
944122
944123
944124
944125
944126
944127
944128
944129
944130
944131
944132
944133
944134
944135
944136
944137
944138
944139
944140
944141
944142
944143
944144
944145
944146
944147
944148
944149
944150
944151
944152
944153
944154
944155
944156
944157
944158
944159
944160
944161
944162
944163
944164
944165
944166
944167
944168
944169
944170
944171
944172
944173
944174
944175
944176
944178
944179
944392
944393
944394
944395
944396
944397
944398
944399
944400
944401
944402
944403
944404
944405
944406
944407
944408
944409
944410
944411
944412
944413
944414
944415
944416
944417
944418
944419
944420
944421
944422
944423
944424
944425
944426
944427
944428
944429
944430
944431
944432
944433
944434
944435
944436
944437
944438
944439
944440
944441
944442
944443
944444
944445
944446
944447
944448
944449
944450
944451
944452
944453
944454
944455
944456
944457
944458
944459
944460
944461
944462
944463
944464
944465
944466
944467
944468
944469
944470
944471
944472
944473
944474
944475
944477
944478
944691
944692
944693
944694
944695
944696
944697
944698
944699
944700
944701
944702
944703
944704
944705
944706
944707
944708
944709
944710
944711
944712
944713
944714
944715
944716
944717
944718
944719
944720
944721
944722
944723
944724
944725
944726
944727
944728
944729
944730
944731
944732
944733
944734
944735
944736
944737
944738
944739
944740
944741
944742
944743
944744
944745
944746
944747
944748
944749
944750
944751
944752
944753
944754
944755
944756
944757
944758
944759
944760
944761
944762
944763
944764
944765
944766
944767
944768
944769
944770
944771
944772
944773
944774
944776
944777
944990
944991
944992
944993
944994
944995
944996
944997
944998
944999
945000
945001
945002
945003
945004
945005
945006
945007
945008
945009
945010
945011
945012
945013
945014
945015
945016
945017
945018
945019
945020
945021
945022
945023
945024
945025
945026
945027
945028
945029
945030
945031
945032
945033
945034
945035
945036
945037
945038
945039
945040
945041
945042
945043
945044
945045
945046
945047
945048
945049
945050
945051
945052
945053
945054
945055
945056
945057
945058
945059
945060
945061
945062
945063
945064
945065
945066
945067
945068
945069
945070
945071
945072
945073
945075
945076
945289
945290
945291
945292
945293
945294
945295
945296
945297
945298
945299
945300
945301
945302
945303
945304
945305
945306
945307
945308
945309
945310
945311
945312
945313
945314
945315
945316
945317
945318
945319
945320
945321
945322
945323
945324
945325
945326
945327
945328
945329
945330
945331
945332
945333
945334
945335
945336
945337
945338
945339
945340
945341
945342
945343
945344
945345
945346
945347
945348
945349
945350
945351
945352
945353
945354
945355
945356
945357
945358
945359
945360
945361
945362
945363
945364
945365
945366
945367
945368
945369
945370
945371
945372
945374
945375
945588
945589
945590
945591
945592
945593
945594
945595
945596
945597
945598
945599
945600
945601
945602
945603
945604
945605
945606
945607
945608
945609
945610
945611
945612
945613
945614
945615
945616
945617
945618
945619
945620
945621
945622
945623
945624
945625
945626
945627
945628
945629
945630
945631
945632
945633
945634
945635
945636
945637
945638
945639
945640
945641
945642
945643
945644
945645
945646
945647
945648
945649
945650
945651
945652
945653
945654
945655
945656
945657
945658
945659
945660
945661
945662
945663
945664
945665
945666
945667
945668
945669
945670
945671
945673
945674
945887
945888
945889
945890
945891
945892
945893
945894
945895
945896
945897
945898
945899
945900
945901
945902
945903
945904
945905
945906
945907
945908
945909
945910
945911
945912
945913
945914
945915
945916
945917
945918
945919
945920
945921
945922
945923
945924
945925
945926
945927
945928
945929
945930
945931
945932
945933
945934
945935
945936
945937
945938
945939
945940
945941
945942
945943
945944
945945
945946
945947
945948
945949
945950
945951
945952
945953
945954
945955
945956
945957
945958
945959
945960
945961
945962
945963
945964
945965
945966
945967
945968
945969
945970
945972
945973
946186
946187
946188
946189
946190
946191
946192
946193
946194
946195
946196
946197
946198
946199
946200
946201
946202
946203
946204
946205
946206
946207
946208
946209
946210
946211
946212
946213
946214
946215
946216
946217
946218
946219
946220
946221
946222
946223
946224
946225
946226
946227
946228
946229
946230
946231
946232
946233
946234
946235
946236
946237
946238
946239
946240
946241
946242
946243
946244
946245
946246
946247
946248
946249
946250
946251
946252
946253
946254
946255
946256
946257
946258
946259
946260
946261
946262
946263
946264
946265
946266
946267
946268
946269
946271
946272
946485
946486
946487
946488
946489
946490
946491
946492
946493
946494
946495
946496
946497
946498
946499
946500
946501
946502
946503
946504
946505
946506
946507
946508
946509
946510
946511
946512
946513
946514
946515
946516
946517
946518
946519
946520
946521
946522
946523
946524
946525
946526
946527
946528
946529
946530
946531
946532
946533
946534
946535
946536
946537
946538
946539
946540
946541
946542
946543
946544
946545
946546
946547
946548
946549
946550
946551
946552
946553
946554
946555
946556
946557
946558
946559
946560
946561
946562
946563
946564
946565
946566
946567
946568
946570
946571
946784
946785
946786
946787
946788
946789
946790
946791
946792
946793
946794
946795
946796
946797
946798
946799
946800
946801
946802
946803
946804
946805
946806
946807
946808
946809
946810
946811
946812
946813
946814
946815
946816
946817
946818
946819
946820
946821
946822
946823
946824
946825
946826
946827
946828
946829
946830
946831
946832
946833
946834
946835
946836
946837
946838
946839
946840
946841
946842
946843
946844
946845
946846
946847
946848
946849
946850
946851
946852
946853
946854
946855
946856
946857
946858
946859
946860
946861
946862
946863
946864
946865
946866
946867
946869
946870
947083
947084
947085
947086
947087
947088
947089
947090
947091
947092
947093
947094
947095
947096
947097
947098
947099
947100
947101
947102
947103
947104
947105
947106
947107
947108
947109
947110
947111
947112
947113
947114
947115
947116
947117
947118
947119
947120
947121
947122
947123
947124
947125
947126
947127
947128
947129
947130
947131
947132
947133
947134
947135
947136
947137
947138
947139
947140
947141
947142
947143
947144
947145
947146
947147
947148
947149
947150
947151
947152
947153
947154
947155
947156
947157
947158
947159
947160
947161
947162
947163
947164
947165
947166
947168
947169
947382
947383
947384
947385
947386
947387
947388
947389
947390
947391
947392
947393
947394
947395
947396
947397
947398
947399
947400
947401
947402
947403
947404
947405
947406
947407
947408
947409
947410
947411
947412
947413
947414
947415
947416
947417
947418
947419
947420
947421
947422
947423
947424
947425
947426
947427
947428
947429
947430
947431
947432
947433
947434
947435
947436
947437
947438
947439
947440
947441
947442
947443
947444
947445
947446
947447
947448
947449
947450
947451
947452
947453
947454
947455
947456
947457
947458
947459
947460
947461
947462
947463
947464
947465
947467
947468
947681
947682
947683
947684
947685
947686
947687
947688
947689
947690
947691
947692
947693
947694
947695
947696
947697
947698
947699
947700
947701
947702
947703
947704
947705
947706
947707
947708
947709
947710
947711
947712
947713
947714
947715
947716
947717
947718
947719
947720
947721
947722
947723
947724
947725
947726
947727
947728
947729
947730
947731
947732
947733
947734
947735
947736
947737
947738
947739
947740
947741
947742
947743
947744
947745
947746
947747
947748
947749
947750
947751
947752
947753
947754
947755
947756
947757
947758
947759
947760
947761
947762
947763
947764
947766
947767
947980
947981
947982
947983
947984
947985
947986
947987
947988
947989
947990
947991
947992
947993
947994
947995
947996
947997
947998
947999
948000
948001
948002
948003
948004
948005
948006
948007
948008
948009
948010
948011
948012
948013
948014
948015
948016
948017
948018
948019
948020
948021
948022
948023
948024
948025
948026
948027
948028
948029
948030
948031
948032
948033
948034
948035
948036
948037
948038
948039
948040
948041
948042
948043
948044
948045
948046
948047
948048
948049
948050
948051
948052
948053
948054
948055
948056
948057
948058
948059
948060
948061
948062
948063
948065
948066
948279
948280
948281
948282
948283
948284
948285
948286
948287
948288
948289
948290
948291
948292
948293
948294
948295
948296
948297
948298
948299
948300
948301
948302
948303
948304
948305
948306
948307
948308
948309
948310
948311
948312
948313
948314
948315
948316
948317
948318
948319
948320
948321
948322
948323
948324
948325
948326
948327
948328
948329
948330
948331
948332
948333
948334
948335
948336
948337
948338
948339
948340
948341
948342
948343
948344
948345
948346
948347
948348
948349
948350
948351
948352
948353
948354
948355
948356
948357
948358
948359
948360
948361
948362
948364
948365
948578
948579
948580
948581
948582
948583
948584
948585
948586
948587
948588
948589
948590
948591
948592
948593
948594
948595
948596
948597
948598
948599
948600
948601
948602
948603
948604
948605
948606
948607
948608
948609
948610
948611
948612
948613
948614
948615
948616
948617
948618
948619
948620
948621
948622
948623
948624
948625
948626
948627
948628
948629
948630
948631
948632
948633
948634
948635
948636
948637
948638
948639
948640
948641
948642
948643
948644
948645
948646
948647
948648
948649
948650
948651
948652
948653
948654
948655
948656
948657
948658
948659
948660
948661
948663
948664
948877
948878
948879
948880
948881
948882
948883
948884
948885
948886
948887
948888
948889
948890
948891
948892
948893
948894
948895
948896
948897
948898
948899
948900
948901
948902
948903
948904
948905
948906
948907
948908
948909
948910
948911
948912
948913
948914
948915
948916
948917
948918
948919
948920
948921
948922
948923
948924
948925
948926
948927
948928
948929
948930
948931
948932
948934
949076
949077
949078
949079
949080
949081
949082
949083
949084
949085
949086
949087
949088
949089
949090
949091
949092
949093
949094
949095
949096
949097
949098
949099
949100
949101
949102
949103
949104
949105
949106
949107
949108
949109
949110
949111
949112
949113
949114
949115
949116
949117
949118
949119
949120
949121
949122
949123
949124
949125
949126
949127
949128
949129
949130
949131
949132
949133
949134
949135
949136
949137
949138
949139
949140
949141
949142
949143
949144
949145
949146
949147
949148
949149
949150
949151
949152
949153
949154
949155
949156
949157
949158
949159
949160
949161
949162
949163
949164
949165
949166
949167
949168
949169
949170
949171
949172
949173
949174
949175
949176
949177
949178
949179
949180
949181
949182
949183
949184
949185
949186
949187
949189
949190
949191
949475
949476
949477
949478
949479
949480
949481
949482
949483
949484
949485
949486
949487
949488
949489
949490
949491
949492
949493
949494
949495
949496
949497
949498
949499
949500
949501
949502
949503
949504
949505
949506
949507
949508
949509
949510
949511
949512
949513
949514
949515
949516
949517
949518
949519
949520
949521
949522
949523
949524
949525
949526
949527
949528
949529
949530
949531
949532
949533
949534
949535
949536
949537
949538
949539
949540
949541
949542
949543
949544
949545
949546
949547
949548
949549
949550
949551
949552
949553
949554
949555
949556
949557
949558
949560
949561
949774
949775
949776
949777
949778
949779
949780
949781
949782
949783
949784
949785
949786
949787
949788
949789
949790
949791
949792
949793
949794
949795
949796
949797
949798
949799
949800
949801
949802
949803
949804
949805
949806
949807
949808
949809
949810
949811
949812
949813
949814
949815
949816
949817
949818
949819
949820
949821
949822
949823
949824
949825
949826
949827
949828
949829
949830
949831
949832
949833
949834
949835
949836
949837
949838
949839
949840
949841
949842
949843
949844
949845
949846
949847
949848
949849
949850
949851
949852
949853
949854
949855
949856
949857
949859
949860
950073
950074
950075
950076
950077
950078
950079
950080
950081
950082
950083
950084
950085
950086
950087
950088
950089
950090
950091
950092
950093
950094
950095
950096
950097
950098
950099
950100
950101
950102
950103
950104
950105
950106
950107
950108
950109
950110
950111
950112
950113
950114
950115
950116
950117
950118
950119
950120
950121
950122
950123
950124
950125
950126
950127
950128
950129
950130
950131
950132
950133
950134
950135
950136
950137
950138
950139
950140
950141
950142
950143
950144
950145
950146
950147
950148
950149
950150
950151
950152
950153
950154
950155
950156
950158
950159
950372
950373
950374
950375
950376
950377
950378
950379
950380
950381
950382
950383
950384
950385
950386
950387
950388
950389
950390
950391
950392
950393
950394
950395
950396
950397
950398
950399
950400
950401
950402
950403
950404
950405
950406
950407
950408
950409
950410
950411
950412
950413
950414
950415
950416
950417
950418
950419
950420
950421
950422
950423
950424
950425
950426
950427
950428
950429
950430
950431
950432
950433
950434
950435
950436
950437
950438
950439
950440
950441
950442
950443
950444
950445
950446
950447
950448
950449
950450
950451
950452
950453
950454
950455
950457
950458
950671
950672
950673
950674
950675
950676
950677
950678
950679
950680
950681
950682
950683
950684
950685
950686
950687
950688
950689
950690
950691
950692
950693
950694
950695
950696
950697
950698
950699
950700
950701
950702
950703
950704
950705
950706
950707
950708
950709
950710
950711
950712
950713
950714
950715
950716
950717
950718
950719
950720
950721
950722
950723
950724
950725
950726
950727
950728
950729
950730
950731
950732
950733
950734
950735
950736
950737
950738
950739
950740
950741
950742
950743
950744
950745
950746
950747
950748
950749
950750
950751
950752
950753
950754
950756
950757
950970
950971
950972
950973
950974
950975
950976
950977
950978
950979
950980
950981
950982
950983
950984
950985
950986
950987
950988
950989
950990
950991
950992
950993
950994
950995
950996
950997
950998
950999
951000
951001
951002
951003
951004
951005
951006
951007
951008
951009
951010
951011
951012
951013
951014
951015
951016
951017
951018
951019
951020
951021
951022
951023
951024
951025
951026
951027
951028
951029
951030
951031
951032
951033
951034
951035
951036
951037
951038
951039
951040
951041
951042
951043
951044
951045
951046
951047
951048
951049
951050
951051
951052
951053
951055
951056
951269
951270
951271
951272
951273
951274
951275
951276
951277
951278
951279
951280
951281
951282
951283
951284
951285
951286
951287
951288
951289
951290
951291
951292
951293
951294
951295
951296
951297
951298
951299
951300
951301
951302
951303
951304
951305
951306
951307
951308
951309
951310
951311
951312
951313
951314
951315
951316
951317
951318
951319
951320
951321
951322
951323
951324
951325
951326
951327
951328
951329
951330
951331
951332
951333
951334
951335
951336
951337
951338
951339
951340
951341
951342
951343
951344
951345
951346
951347
951348
951349
951350
951351
951352
951354
951355
951568
951569
951570
951571
951572
951573
951574
951575
951576
951577
951578
951579
951580
951581
951582
951583
951584
951585
951586
951587
951588
951589
951590
951591
951592
951593
951594
951595
951596
951597
951598
951599
951600
951601
951602
951603
951604
951605
951606
951607
951608
951609
951610
951611
951612
951613
951614
951615
951616
951617
951618
951619
951620
951621
951622
951623
951624
951625
951626
951627
951628
951629
951630
951631
951632
951633
951634
951635
951636
951637
951638
951639
951640
951641
951642
951643
951644
951645
951646
951647
951648
951649
951650
951651
951653
951654
951867
951868
951869
951870
951871
951872
951873
951874
951875
951876
951877
951878
951879
951880
951881
951882
951883
951884
951885
951886
951887
951888
951889
951890
951891
951892
951893
951894
951895
951896
951897
951898
951899
951900
951901
951902
951903
951904
951905
951906
951907
951908
951909
951910
951911
951912
951913
951914
951915
951916
951917
951918
951919
951920
951921
951922
951923
951924
951925
951926
951927
951928
951929
951930
951931
951932
951933
951934
951935
951936
951937
951938
951939
951940
951941
951942
951943
951944
951945
951946
951947
951948
951949
951950
951952
951953
952166
952167
952168
952169
952170
952171
952172
952173
952174
952175
952176
952177
952178
952179
952180
952181
952182
952183
952184
952185
952186
952187
952188
952189
952190
952191
952192
952193
952194
952195
952196
952197
952198
952199
952200
952201
952202
952203
952204
952205
952206
952207
952208
952209
952210
952211
952212
952213
952214
952215
952216
952217
952218
952219
952220
952221
952222
952223
952224
952225
952226
952227
952228
952229
952230
952231
952232
952233
952234
952235
952236
952237
952238
952239
952240
952241
952242
952243
952244
952245
952246
952247
952248
952249
952251
952252
952465
952466
952467
952468
952469
952470
952471
952472
952473
952474
952475
952476
952477
952478
952479
952480
952481
952482
952483
952484
952485
952486
952487
952488
952489
952490
952491
952492
952493
952494
952495
952496
952497
952498
952499
952500
952501
952502
952503
952504
952505
952506
952507
952508
952509
952510
952511
952512
952513
952514
952515
952516
952517
952518
952519
952520
952521
952522
952523
952524
952525
952526
952527
952528
952529
952530
952531
952532
952533
952534
952535
952536
952537
952538
952539
952540
952541
952542
952543
952544
952545
952546
952547
952548
952550
952551
952764
952765
952766
952767
952768
952769
952770
952771
952772
952773
952774
952775
952776
952777
952778
952779
952780
952781
952782
952783
952784
952785
952786
952787
952788
952789
952790
952791
952792
952793
952794
952795
952796
952797
952798
952799
952800
952801
952802
952803
952804
952805
952806
952807
952808
952809
952810
952811
952812
952813
952814
952815
952816
952817
952818
952819
952820
952821
952822
952823
952824
952825
952826
952827
952828
952829
952830
952831
952832
952833
952834
952835
952836
952837
952838
952839
952840
952841
952842
952843
952844
952845
952846
952847
952849
952850
953063
953064
953065
953066
953067
953068
953069
953070
953071
953072
953073
953074
953075
953076
953077
953078
953079
953080
953081
953082
953083
953084
953085
953086
953087
953088
953089
953090
953091
953092
953093
953094
953095
953096
953097
953098
953099
953100
953101
953102
953103
953104
953105
953106
953107
953108
953109
953110
953111
953112
953113
953114
953115
953116
953117
953118
953119
953120
953121
953122
953123
953124
953125
953126
953127
953128
953129
953130
953131
953132
953133
953134
953135
953136
953137
953138
953139
953140
953141
953142
953143
953144
953145
953146
953148
953149
953362
953363
953364
953365
953366
953367
953368
953369
953370
953371
953372
953373
953374
953375
953376
953377
953378
953379
953380
953381
953382
953383
953384
953385
953386
953387
953388
953389
953390
953391
953392
953393
953394
953395
953396
953397
953398
953399
953400
953401
953402
953403
953404
953405
953406
953407
953408
953409
953410
953411
953412
953413
953414
953415
953416
953417
953418
953419
953420
953421
953422
953423
953424
953425
953426
953427
953428
953429
953430
953431
953432
953433
953434
953435
953436
953437
953438
953439
953440
953441
953442
953443
953444
953445
953447
953448
953661
953662
953663
953664
953665
953666
953667
953668
953669
953670
953671
953672
953673
953674
953675
953676
953677
953678
953679
953680
953681
953682
953683
953684
953685
953686
953687
953688
953689
953690
953691
953692
953693
953694
953695
953696
953697
953698
953699
953700
953701
953702
953703
953704
953705
953706
953707
953708
953709
953710
953711
953712
953713
953714
953715
953716
953717
953718
953719
953720
953721
953722
953723
953724
953725
953726
953727
953728
953729
953730
953731
953732
953733
953734
953735
953736
953737
953738
953739
953740
953741
953742
953743
953744
953746
953747
953960
953961
953962
953963
953964
953965
953966
953967
953968
953969
953970
953971
953972
953973
953974
953975
953976
953977
953978
953979
953980
953981
953982
953983
953984
953985
953986
953987
953988
953989
953990
953991
953992
953993
953994
953995
953996
953997
953998
953999
954000
954001
954002
954003
954004
954005
954006
954007
954008
954009
954010
954011
954012
954013
954014
954015
954016
954017
954018
954019
954020
954021
954022
954023
954024
954025
954026
954027
954028
954029
954030
954031
954032
954033
954034
954035
954036
954037
954038
954039
954040
954041
954042
954043
954045
954046
954259
954260
954261
954262
954263
954264
954265
954266
954267
954268
954269
954270
954271
954272
954273
954274
954275
954276
954277
954278
954279
954280
954281
954282
954283
954284
954285
954286
954287
954288
954289
954290
954291
954292
954293
954294
954295
954296
954297
954298
954299
954300
954301
954302
954303
954304
954305
954306
954307
954308
954309
954310
954311
954312
954313
954314
954315
954316
954317
954318
954319
954320
954321
954322
954323
954324
954325
954326
954327
954328
954329
954330
954331
954332
954333
954334
954335
954336
954337
954338
954339
954340
954341
954342
954344
954345
954558
954559
954560
954561
954562
954563
954564
954565
954566
954567
954568
954569
954570
954571
954572
954573
954574
954575
954576
954577
954578
954579
954580
954581
954582
954583
954584
954585
954586
954587
954588
954589
954590
954591
954592
954593
954594
954595
954596
954597
954598
954599
954600
954601
954602
954603
954604
954605
954606
954607
954608
954609
954610
954611
954612
954613
954614
954615
954616
954617
954618
954619
954620
954621
954622
954623
954624
954625
954626
954627
954628
954629
954630
954631
954632
954633
954634
954635
954636
954637
954638
954639
954640
954641
954643
954644
954857
954858
954859
954860
954861
954862
954863
954864
954865
954866
954867
954868
954869
954870
954871
954872
954873
954874
954875
954876
954877
954878
954879
954880
954881
954882
954883
954884
954885
954886
954887
954888
954889
954890
954891
954892
954893
954894
954895
954896
954897
954898
954899
954900
954901
954902
954903
954904
954905
954906
954907
954908
954909
954910
954911
954912
954913
954914
954915
954916
954917
954918
954919
954920
954921
954922
954923
954924
954925
954926
954927
954928
954929
954930
954931
954932
954933
954934
954935
954936
954937
954938
954939
954940
954942
954943
955156
955157
955158
955159
955160
955161
955162
955163
955164
955165
955166
955167
955168
955169
955170
955171
955172
955173
955174
955175
955176
955177
955178
955179
955180
955181
955182
955183
955184
955185
955186
955187
955188
955189
955190
955191
955192
955193
955194
955195
955196
955197
955198
955199
955200
955201
955202
955203
955204
955205
955206
955207
955208
955209
955210
955211
955212
955213
955214
955215
955216
955217
955218
955219
955220
955221
955222
955223
955224
955225
955226
955227
955228
955229
955230
955231
955232
955233
955234
955235
955236
955237
955238
955239
955241
955242
955455
955456
955457
955458
955459
955460
955461
955462
955463
955464
955465
955466
955467
955468
955469
955470
955471
955472
955473
955474
955475
955476
955477
955478
955479
955480
955481
955482
955483
955484
955485
955486
955487
955488
955489
955490
955491
955492
955493
955494
955495
955496
955497
955498
955499
955500
955501
955502
955503
955504
955505
955506
955507
955508
955509
955510
955511
955512
955513
955514
955515
955516
955517
955518
955519
955520
955521
955522
955523
955524
955525
955526
955527
955528
955529
955530
955531
955532
955533
955534
955535
955536
955537
955538
955540
955541
955754
955755
955756
955757
955758
955759
955760
955761
955762
955763
955764
955765
955766
955767
955768
955769
955770
955771
955772
955773
955774
955775
955776
955777
955778
955779
955780
955781
955782
955783
955784
955785
955786
955787
955788
955789
955790
955791
955792
955793
955794
955795
955796
955797
955798
955799
955800
955801
955802
955803
955804
955805
955806
955807
955808
955809
955810
955811
955812
955813
955814
955815
955816
955817
955818
955819
955820
955821
955822
955823
955824
955825
955826
955827
955828
955829
955830
955831
955832
955833
955834
955835
955836
955837
955839
955840
956053
956054
956055
956056
956057
956058
956059
956060
956061
956062
956063
956064
956065
956066
956067
956068
956069
956070
956071
956072
956073
956074
956075
956076
956077
956078
956079
956080
956081
956082
956083
956084
956085
956086
956087
956088
956089
956090
956091
956092
956093
956094
956095
956096
956097
956098
956099
956100
956101
956102
956103
956104
956105
956106
956107
956108
956109
956110
956111
956112
956113
956114
956115
956116
956117
956118
956119
956120
956121
956122
956123
956124
956125
956126
956127
956128
956129
956130
956131
956132
956133
956134
956135
956136
956138
956139
956352
956353
956354
956355
956356
956357
956358
956359
956360
956361
956362
956363
956364
956365
956366
956367
956368
956369
956370
956371
956372
956373
956374
956375
956376
956377
956378
956379
956380
956381
956382
956383
956384
956385
956386
956387
956388
956389
956390
956391
956392
956393
956394
956395
956396
956397
956398
956399
956400
956401
956402
956403
956404
956405
956406
956407
956409
956551
956552
956553
956554
956555
956556
956557
956558
956559
956560
956561
956562
956563
956564
956565
956566
956567
956568
956569
956570
956571
956572
956573
956574
956575
956576
956577
956578
956579
956580
956581
956582
956583
956584
956585
956586
956587
956588
956589
956590
956591
956592
956593
956594
956595
956596
956597
956598
956599
956600
956601
956602
956603
956604
956605
956606
956607
956608
956609
956610
956611
956612
956613
956614
956615
956616
956617
956618
956619
956620
956621
956622
956623
956624
956625
956626
956627
956628
956629
956630
956631
956632
956633
956634
956635
956636
956637
956638
956639
956640
956641
956642
956643
956644
956645
956646
956647
956648
956649
956650
956651
956652
956653
956654
956655
956656
956657
956658
956659
956660
956661
956662
956664
956665
956666
956950
956951
956952
956953
956954
956955
956956
956957
956958
956959
956960
956961
956962
956963
956964
956965
956966
956967
956968
956969
956970
956971
956972
956973
956974
956975
956976
956977
956978
956979
956980
956981
956982
956983
956984
956985
956986
956987
956988
956989
956990
956991
956992
956993
956994
956995
956996
956997
956998
956999
957000
957001
957002
957003
957004
957005
957006
957007
957008
957009
957010
957011
957012
957013
957014
957015
957016
957017
957018
957019
957020
957021
957022
957023
957024
957025
957026
957027
957028
957029
957030
957031
957032
957033
957035
957036
957249
957250
957251
957252
957253
957254
957255
957256
957257
957258
957259
957260
957261
957262
957263
957264
957265
957266
957267
957268
957269
957270
957271
957272
957273
957274
957275
957276
957277
957278
957279
957280
957281
957282
957283
957284
957285
957286
957287
957288
957289
957290
957291
957292
957293
957294
957295
957296
957297
957298
957299
957300
957301
957302
957303
957304
957305
957306
957307
957308
957309
957310
957311
957312
957313
957314
957315
957316
957317
957318
957319
957320
957321
957322
957323
957324
957325
957326
957327
957328
957329
957330
957331
957332
957334
957335
957548
957549
957550
957551
957552
957553
957554
957555
957556
957557
957558
957559
957560
957561
957562
957563
957564
957565
957566
957567
957568
957569
957570
957571
957572
957573
957574
957575
957576
957577
957578
957579
957580
957581
957582
957583
957584
957585
957586
957587
957588
957589
957590
957591
957592
957593
957594
957595
957596
957597
957598
957599
957600
957601
957602
957603
957604
957605
957606
957607
957608
957609
957610
957611
957612
957613
957614
957615
957616
957617
957618
957619
957620
957621
957622
957623
957624
957625
957626
957627
957628
957629
957630
957631
957633
957634
957847
957848
957849
957850
957851
957852
957853
957854
957855
957856
957857
957858
957859
957860
957861
957862
957863
957864
957865
957866
957867
957868
957869
957870
957871
957872
957873
957874
957875
957876
957877
957878
957879
957880
957881
957882
957883
957884
957885
957886
957887
957888
957889
957890
957891
957892
957893
957894
957895
957896
957897
957898
957899
957900
957901
957902
957903
957904
957905
957906
957907
957908
957909
957910
957911
957912
957913
957914
957915
957916
957917
957918
957919
957920
957921
957922
957923
957924
957925
957926
957927
957928
957929
957930
957932
957933
958146
958147
958148
958149
958150
958151
958152
958153
958154
958155
958156
958157
958158
958159
958160
958161
958162
958163
958164
958165
958166
958167
958168
958169
958170
958171
958172
958173
958174
958175
958176
958177
958178
958179
958180
958181
958182
958183
958184
958185
958186
958187
958188
958189
958190
958191
958192
958193
958194
958195
958196
958197
958198
958199
958200
958201
958202
958203
958204
958205
958206
958207
958208
958209
958210
958211
958212
958213
958214
958215
958216
958217
958218
958219
958220
958221
958222
958223
958224
958225
958226
958227
958228
958229
958231
958232
958445
958446
958447
958448
958449
958450
958451
958452
958453
958454
958455
958456
958457
958458
958459
958460
958461
958462
958463
958464
958465
958466
958467
958468
958469
958470
958471
958472
958473
958474
958475
958476
958477
958478
958479
958480
958481
958482
958483
958484
958485
958486
958487
958488
958489
958490
958491
958492
958493
958494
958495
958496
958497
958498
958499
958500
958501
958502
958503
958504
958505
958506
958507
958508
958509
958510
958511
958512
958513
958514
958515
958516
958517
958518
958519
958520
958521
958522
958523
958524
958525
958526
958527
958528
958530
958531
958744
958745
958746
958747
958748
958749
958750
958751
958752
958753
958754
958755
958756
958757
958758
958759
958760
958761
958762
958763
958764
958765
958766
958767
958768
958769
958770
958771
958772
958773
958774
958775
958776
958777
958778
958779
958780
958781
958782
958783
958784
958785
958786
958787
958788
958789
958790
958791
958792
958793
958794
958795
958796
958797
958798
958799
958800
958801
958802
958803
958804
958805
958806
958807
958808
958809
958810
958811
958812
958813
958814
958815
958816
958817
958818
958819
958820
958821
958822
958823
958824
958825
958826
958827
958829
958830
959043
959044
959045
959046
959047
959048
959049
959050
959051
959052
959053
959054
959055
959056
959057
959058
959059
959060
959061
959062
959063
959064
959065
959066
959067
959068
959069
959070
959071
959072
959073
959074
959075
959076
959077
959078
959079
959080
959081
959082
959083
959084
959085
959086
959087
959088
959089
959090
959091
959092
959093
959094
959095
959096
959097
959098
959099
959100
959101
959102
959103
959104
959105
959106
959107
959108
959109
959110
959111
959112
959113
959114
959115
959116
959117
959118
959119
959120
959121
959122
959123
959124
959125
959126
959128
959129
959342
959343
959344
959345
959346
959347
959348
959349
959350
959351
959352
959353
959354
959355
959356
959357
959358
959359
959360
959361
959362
959363
959364
959365
959366
959367
959368
959369
959370
959371
959372
959373
959374
959375
959376
959377
959378
959379
959380
959381
959382
959383
959384
959385
959386
959387
959388
959389
959390
959391
959392
959393
959394
959395
959396
959397
959398
959399
959400
959401
959402
959403
959404
959405
959406
959407
959408
959409
959410
959411
959412
959413
959414
959415
959416
959417
959418
959419
959420
959421
959422
959423
959424
959425
959427
959428
959641
959642
959643
959644
959645
959646
959647
959648
959649
959650
959651
959652
959653
959654
959655
959656
959657
959658
959659
959660
959661
959662
959663
959664
959665
959666
959667
959668
959669
959670
959671
959672
959673
959674
959675
959676
959677
959678
959679
959680
959681
959682
959683
959684
959685
959686
959687
959688
959689
959690
959691
959692
959693
959694
959695
959696
959697
959698
959699
959700
959701
959702
959703
959704
959705
959706
959707
959708
959709
959710
959711
959712
959713
959714
959715
959716
959717
959718
959719
959720
959721
959722
959723
959724
959726
959727
959940
959941
959942
959943
959944
959945
959946
959947
959948
959949
959950
959951
959952
959953
959954
959955
959956
959957
959958
959959
959960
959961
959962
959963
959964
959965
959966
959967
959968
959969
959970
959971
959972
959973
959974
959975
959976
959977
959978
959979
959980
959981
959982
959983
959984
959985
959986
959987
959988
959989
959990
959991
959992
959993
959994
959995
959996
959997
959998
959999
960000
960001
960002
960003
960004
960005
960006
960007
960008
960009
960010
960011
960012
960013
960014
960015
960016
960017
960018
960019
960020
960021
960022
960023
960025
960026
960239
960240
960241
960242
960243
960244
960245
960246
960247
960248
960249
960250
960251
960252
960253
960254
960255
960256
960257
960258
960259
960260
960261
960262
960263
960264
960265
960266
960267
960268
960269
960270
960271
960272
960273
960274
960275
960276
960277
960278
960279
960280
960281
960282
960283
960284
960285
960286
960287
960288
960289
960290
960291
960292
960293
960294
960295
960296
960297
960298
960299
960300
960301
960302
960303
960304
960305
960306
960307
960308
960309
960310
960311
960312
960313
960314
960315
960316
960317
960318
960319
960320
960321
960322
960324
960325
960538
960539
960540
960541
960542
960543
960544
960545
960546
960547
960548
960549
960550
960551
960552
960553
960554
960555
960556
960557
960558
960559
960560
960561
960562
960563
960564
960565
960566
960567
960568
960569
960570
960571
960572
960573
960574
960575
960576
960577
960578
960579
960580
960581
960582
960583
960584
960585
960586
960587
960588
960589
960590
960591
960592
960593
960594
960595
960596
960597
960598
960599
960600
960601
960602
960603
960604
960605
960606
960607
960608
960609
960610
960611
960612
960613
960614
960615
960616
960617
960618
960619
960620
960621
960623
960624
960837
960838
960839
960840
960841
960842
960843
960844
960845
960846
960847
960848
960849
960850
960851
960852
960853
960854
960855
960856
960857
960858
960859
960860
960861
960862
960863
960864
960865
960866
960867
960868
960869
960870
960871
960872
960873
960874
960875
960876
960877
960878
960879
960880
960881
960882
960883
960884
960885
960886
960887
960888
960889
960890
960891
960892
960893
960894
960895
960896
960897
960898
960899
960900
960901
960902
960903
960904
960905
960906
960907
960908
960909
960910
960911
960912
960913
960914
960915
960916
960917
960918
960919
960920
960922
960923
961136
961137
961138
961139
961140
961141
961142
961143
961144
961145
961146
961147
961148
961149
961150
961151
961152
961153
961154
961155
961156
961157
961158
961159
961160
961161
961162
961163
961164
961165
961166
961167
961168
961169
961170
961171
961172
961173
961174
961175
961176
961177
961178
961179
961180
961181
961182
961183
961184
961185
961186
961187
961188
961189
961190
961191
961192
961193
961194
961195
961196
961197
961198
961199
961200
961201
961202
961203
961204
961205
961206
961207
961208
961209
961210
961211
961212
961213
961214
961215
961216
961217
961218
961219
961221
961222
961435
961436
961437
961438
961439
961440
961441
961442
961443
961444
961445
961446
961447
961448
961449
961450
961451
961452
961453
961454
961455
961456
961457
961458
961459
961460
961461
961462
961463
961464
961465
961466
961467
961468
961469
961470
961471
961472
961473
961474
961475
961476
961477
961478
961479
961480
961481
961482
961483
961484
961485
961486
961487
961488
961489
961490
961491
961492
961493
961494
961495
961496
961497
961498
961499
961500
961501
961502
961503
961504
961505
961506
961507
961508
961509
961510
961511
961512
961513
961514
961515
961516
961517
961518
961520
961521
961734
961735
961736
961737
961738
961739
961740
961741
961742
961743
961744
961745
961746
961747
961748
961749
961750
961751
961752
961753
961754
961755
961756
961757
961758
961759
961760
961761
961762
961763
961764
961765
961766
961767
961768
961769
961770
961771
961772
961773
961774
961775
961776
961777
961778
961779
961780
961781
961782
961783
961784
961785
961786
961787
961788
961789
961790
961791
961792
961793
961794
961795
961796
961797
961798
961799
961800
961801
961802
961803
961804
961805
961806
961807
961808
961809
961810
961811
961812
961813
961814
961815
961816
961817
961819
961820
962033
962034
962035
962036
962037
962038
962039
962040
962041
962042
962043
962044
962045
962046
962047
962048
962049
962050
962051
962052
962053
962054
962055
962056
962057
962058
962059
962060
962061
962062
962063
962064
962065
962066
962067
962068
962069
962070
962071
962072
962073
962074
962075
962076
962077
962078
962079
962080
962081
962082
962083
962084
962085
962086
962087
962088
962089
962090
962091
962092
962093
962094
962095
962096
962097
962098
962099
962100
962101
962102
962103
962104
962105
962106
962107
962108
962109
962110
962111
962112
962113
962114
962115
962116
962118
962119
962332
962333
962334
962335
962336
962337
962338
962339
962340
962341
962342
962343
962344
962345
962346
962347
962348
962349
962350
962351
962352
962353
962354
962355
962356
962357
962358
962359
962360
962361
962362
962363
962364
962365
962366
962367
962368
962369
962370
962371
962372
962373
962374
962375
962376
962377
962378
962379
962380
962381
962382
962383
962384
962385
962386
962387
962388
962389
962390
962391
962392
962393
962394
962395
962396
962397
962398
962399
962400
962401
962402
962403
962404
962405
962406
962407
962408
962409
962410
962411
962412
962413
962414
962415
962417
962418
962631
962632
962633
962634
962635
962636
962637
962638
962639
962640
962641
962642
962643
962644
962645
962646
962647
962648
962649
962650
962651
962652
962653
962654
962655
962656
962657
962658
962659
962660
962661
962662
962663
962664
962665
962666
962667
962668
962669
962670
962671
962672
962673
962674
962675
962676
962677
962678
962679
962680
962681
962682
962683
962684
962685
962686
962687
962688
962689
962690
962691
962692
962693
962694
962695
962696
962697
962698
962699
962700
962701
962702
962703
962704
962705
962706
962707
962708
962709
962710
962711
962712
962713
962714
962716
962717
962930
962931
962932
962933
962934
962935
962936
962937
962938
962939
962940
962941
962942
962943
962944
962945
962946
962947
962948
962949
962950
962951
962952
962953
962954
962955
962956
962957
962958
962959
962960
962961
962962
962963
962964
962965
962966
962967
962968
962969
962970
962971
962972
962973
962974
962975
962976
962977
962978
962979
962980
962981
962982
962983
962984
962985
962986
962987
962988
962989
962990
962991
962992
962993
962994
962995
962996
962997
962998
962999
963000
963001
963002
963003
963004
963005
963006
963007
963008
963009
963010
963011
963012
963013
963015
963016
963229
963230
963231
963232
963233
963234
963235
963236
963237
963238
963239
963240
963241
963242
963243
963244
963245
963246
963247
963248
963249
963250
963251
963252
963253
963254
963255
963256
963257
963258
963259
963260
963261
963262
963263
963264
963265
963266
963267
963268
963269
963270
963271
963272
963273
963274
963275
963276
963277
963278
963279
963280
963281
963282
963283
963284
963285
963286
963287
963288
963289
963290
963291
963292
963293
963294
963295
963296
963297
963298
963299
963300
963301
963302
963303
963304
963305
963306
963307
963308
963309
963310
963311
963312
963314
963315
963528
963529
963530
963531
963532
963533
963534
963535
963536
963537
963538
963539
963540
963541
963542
963543
963544
963545
963546
963547
963548
963549
963550
963551
963552
963553
963554
963555
963556
963557
963558
963559
963560
963561
963562
963563
963564
963565
963566
963567
963568
963569
963570
963571
963572
963573
963574
963575
963576
963577
963578
963579
963580
963581
963582
963583
963584
963585
963586
963587
963588
963589
963590
963591
963592
963593
963594
963595
963596
963597
963598
963599
963600
963601
963602
963603
963604
963605
963606
963607
963608
963609
963610
963611
963613
963614
963827
963828
963829
963830
963831
963832
963833
963834
963835
963836
963837
963838
963839
963840
963841
963842
963843
963844
963845
963846
963847
963848
963849
963850
963851
963852
963853
963854
963855
963856
963857
963858
963859
963860
963861
963862
963863
963864
963865
963866
963867
963868
963869
963870
963871
963872
963873
963874
963875
963876
963877
963878
963879
963880
963881
963882
963884
964026
964027
964028
964029
964030
964031
964032
964033
964034
964035
964036
964037
964038
964039
964040
964041
964042
964043
964044
964045
964046
964047
964048
964049
964050
964051
964052
964053
964054
964055
964056
964057
964058
964059
964060
964061
964062
964063
964064
964065
964066
964067
964068
964069
964070
964071
964072
964073
964074
964075
964076
964077
964078
964079
964080
964081
964082
964083
964084
964085
964086
964087
964088
964089
964090
964091
964092
964093
964094
964095
964096
964097
964098
964099
964100
964101
964102
964103
964104
964105
964106
964107
964108
964109
964110
964111
964112
964113
964114
964115
964116
964117
964118
964119
964120
964121
964122
964123
964124
964125
964126
964127
964128
964129
964130
964131
964132
964133
964134
964135
964136
964137
964139
964140
964141
964425
964426
964427
964428
964429
964430
964431
964432
964433
964434
964435
964436
964437
964438
964439
964440
964441
964442
964443
964444
964445
964446
964447
964448
964449
964450
964451
964452
964453
964454
964455
964456
964457
964458
964459
964460
964461
964462
964463
964464
964465
964466
964467
964468
964469
964470
964471
964472
964473
964474
964475
964476
964477
964478
964479
964480
964481
964482
964483
964484
964485
964486
964487
964488
964489
964490
964491
964492
964493
964494
964495
964496
964497
964498
964499
964500
964501
964502
964503
964504
964505
964506
964507
964508
964510
964511
964724
964725
964726
964727
964728
964729
964730
964731
964732
964733
964734
964735
964736
964737
964738
964739
964740
964741
964742
964743
964744
964745
964746
964747
964748
964749
964750
964751
964752
964753
964754
964755
964756
964757
964758
964759
964760
964761
964762
964763
964764
964765
964766
964767
964768
964769
964770
964771
964772
964773
964774
964775
964776
964777
964778
964779
964780
964781
964782
964783
964784
964785
964786
964787
964788
964789
964790
964791
964792
964793
964794
964795
964796
964797
964798
964799
964800
964801
964802
964803
964804
964805
964806
964807
964809
964810
965023
965024
965025
965026
965027
965028
965029
965030
965031
965032
965033
965034
965035
965036
965037
965038
965039
965040
965041
965042
965043
965044
965045
965046
965047
965048
965049
965050
965051
965052
965053
965054
965055
965056
965057
965058
965059
965060
965061
965062
965063
965064
965065
965066
965067
965068
965069
965070
965071
965072
965073
965074
965075
965076
965077
965078
965079
965080
965081
965082
965083
965084
965085
965086
965087
965088
965089
965090
965091
965092
965093
965094
965095
965096
965097
965098
965099
965100
965101
965102
965103
965104
965105
965106
965108
965109
965322
965323
965324
965325
965326
965327
965328
965329
965330
965331
965332
965333
965334
965335
965336
965337
965338
965339
965340
965341
965342
965343
965344
965345
965346
965347
965348
965349
965350
965351
965352
965353
965354
965355
965356
965357
965358
965359
965360
965361
965362
965363
965364
965365
965366
965367
965368
965369
965370
965371
965372
965373
965374
965375
965376
965377
965378
965379
965380
965381
965382
965383
965384
965385
965386
965387
965388
965389
965390
965391
965392
965393
965394
965395
965396
965397
965398
965399
965400
965401
965402
965403
965404
965405
965407
965408
965621
965622
965623
965624
965625
965626
965627
965628
965629
965630
965631
965632
965633
965634
965635
965636
965637
965638
965639
965640
965641
965642
965643
965644
965645
965646
965647
965648
965649
965650
965651
965652
965653
965654
965655
965656
965657
965658
965659
965660
965661
965662
965663
965664
965665
965666
965667
965668
965669
965670
965671
965672
965673
965674
965675
965676
965677
965678
965679
965680
965681
965682
965683
965684
965685
965686
965687
965688
965689
965690
965691
965692
965693
965694
965695
965696
965697
965698
965699
965700
965701
965702
965703
965704
965706
965707
965920
965921
965922
965923
965924
965925
965926
965927
965928
965929
965930
965931
965932
965933
965934
965935
965936
965937
965938
965939
965940
965941
965942
965943
965944
965945
965946
965947
965948
965949
965950
965951
965952
965953
965954
965955
965956
965957
965958
965959
965960
965961
965962
965963
965964
965965
965966
965967
965968
965969
965970
965971
965972
965973
965974
965975
965976
965977
965978
965979
965980
965981
965982
965983
965984
965985
965986
965987
965988
965989
965990
965991
965992
965993
965994
965995
965996
965997
965998
965999
966000
966001
966002
966003
966005
966006
966219
966220
966221
966222
966223
966224
966225
966226
966227
966228
966229
966230
966231
966232
966233
966234
966235
966236
966237
966238
966239
966240
966241
966242
966243
966244
966245
966246
966247
966248
966249
966250
966251
966252
966253
966254
966255
966256
966257
966258
966259
966260
966261
966262
966263
966264
966265
966266
966267
966268
966269
966270
966271
966272
966273
966274
966275
966276
966277
966278
966279
966280
966281
966282
966283
966284
966285
966286
966287
966288
966289
966290
966291
966292
966293
966294
966295
966296
966297
966298
966299
966300
966301
966302
966304
966305
966518
966519
966520
966521
966522
966523
966524
966525
966526
966527
966528
966529
966530
966531
966532
966533
966534
966535
966536
966537
966538
966539
966540
966541
966542
966543
966544
966545
966546
966547
966548
966549
966550
966551
966552
966553
966554
966555
966556
966557
966558
966559
966560
966561
966562
966563
966564
966565
966566
966567
966568
966569
966570
966571
966572
966573
966574
966575
966576
966577
966578
966579
966580
966581
966582
966583
966584
966585
966586
966587
966588
966589
966590
966591
966592
966593
966594
966595
966596
966597
966598
966599
966600
966601
966603
966604
966817
966818
966819
966820
966821
966822
966823
966824
966825
966826
966827
966828
966829
966830
966831
966832
966833
966834
966835
966836
966837
966838
966839
966840
966841
966842
966843
966844
966845
966846
966847
966848
966849
966850
966851
966852
966853
966854
966855
966856
966857
966858
966859
966860
966861
966862
966863
966864
966865
966866
966867
966868
966869
966870
966871
966872
966873
966874
966875
966876
966877
966878
966879
966880
966881
966882
966883
966884
966885
966886
966887
966888
966889
966890
966891
966892
966893
966894
966895
966896
966897
966898
966899
966900
966902
966903
967116
967117
967118
967119
967120
967121
967122
967123
967124
967125
967126
967127
967128
967129
967130
967131
967132
967133
967134
967135
967136
967137
967138
967139
967140
967141
967142
967143
967144
967145
967146
967147
967148
967149
967150
967151
967152
967153
967154
967155
967156
967157
967158
967159
967160
967161
967162
967163
967164
967165
967166
967167
967168
967169
967170
967171
967172
967173
967174
967175
967176
967177
967178
967179
967180
967181
967182
967183
967184
967185
967186
967187
967188
967189
967190
967191
967192
967193
967194
967195
967196
967197
967198
967199
967201
967202
967415
967416
967417
967418
967419
967420
967421
967422
967423
967424
967425
967426
967427
967428
967429
967430
967431
967432
967433
967434
967435
967436
967437
967438
967439
967440
967441
967442
967443
967444
967445
967446
967447
967448
967449
967450
967451
967452
967453
967454
967455
967456
967457
967458
967459
967460
967461
967462
967463
967464
967465
967466
967467
967468
967469
967470
967471
967472
967473
967474
967475
967476
967477
967478
967479
967480
967481
967482
967483
967484
967485
967486
967487
967488
967489
967490
967491
967492
967493
967494
967495
967496
967497
967498
967500
967501
967714
967715
967716
967717
967718
967719
967720
967721
967722
967723
967724
967725
967726
967727
967728
967729
967730
967731
967732
967733
967734
967735
967736
967737
967738
967739
967740
967741
967742
967743
967744
967745
967746
967747
967748
967749
967750
967751
967752
967753
967754
967755
967756
967757
967758
967759
967760
967761
967762
967763
967764
967765
967766
967767
967768
967769
967770
967771
967772
967773
967774
967775
967776
967777
967778
967779
967780
967781
967782
967783
967784
967785
967786
967787
967788
967789
967790
967791
967792
967793
967794
967795
967796
967797
967799
967800
968013
968014
968015
968016
968017
968018
968019
968020
968021
968022
968023
968024
968025
968026
968027
968028
968029
968030
968031
968032
968033
968034
968035
968036
968037
968038
968039
968040
968041
968042
968043
968044
968045
968046
968047
968048
968049
968050
968051
968052
968053
968054
968055
968056
968057
968058
968059
968060
968061
968062
968063
968064
968065
968066
968067
968068
968069
968070
968071
968072
968073
968074
968075
968076
968077
968078
968079
968080
968081
968082
968083
968084
968085
968086
968087
968088
968089
968090
968091
968092
968093
968094
968095
968096
968098
968099
968312
968313
968314
968315
968316
968317
968318
968319
968320
968321
968322
968323
968324
968325
968326
968327
968328
968329
968330
968331
968332
968333
968334
968335
968336
968337
968338
968339
968340
968341
968342
968343
968344
968345
968346
968347
968348
968349
968350
968351
968352
968353
968354
968355
968356
968357
968358
968359
968360
968361
968362
968363
968364
968365
968366
968367
968368
968369
968370
968371
968372
968373
968374
968375
968376
968377
968378
968379
968380
968381
968382
968383
968384
968385
968386
968387
968388
968389
968390
968391
968392
968393
968394
968395
968397
968398
968611
968612
968613
968614
968615
968616
968617
968618
968619
968620
968621
968622
968623
968624
968625
968626
968627
968628
968629
968630
968631
968632
968633
968634
968635
968636
968637
968638
968639
968640
968641
968642
968643
968644
968645
968646
968647
968648
968649
968650
968651
968652
968653
968654
968655
968656
968657
968658
968659
968660
968661
968662
968663
968664
968665
968666
968667
968668
968669
968670
968671
968672
968673
968674
968675
968676
968677
968678
968679
968680
968681
968682
968683
968684
968685
968686
968687
968688
968689
968690
968691
968692
968693
968694
968696
968697
968910
968911
968912
968913
968914
968915
968916
968917
968918
968919
968920
968921
968922
968923
968924
968925
968926
968927
968928
968929
968930
968931
968932
968933
968934
968935
968936
968937
968938
968939
968940
968941
968942
968943
968944
968945
968946
968947
968948
968949
968950
968951
968952
968953
968954
968955
968956
968957
968958
968959
968960
968961
968962
968963
968964
968965
968966
968967
968968
968969
968970
968971
968972
968973
968974
968975
968976
968977
968978
968979
968980
968981
968982
968983
968984
968985
968986
968987
968988
968989
968990
968991
968992
968993
968995
968996
969209
969210
969211
969212
969213
969214
969215
969216
969217
969218
969219
969220
969221
969222
969223
969224
969225
969226
969227
969228
969229
969230
969231
969232
969233
969234
969235
969236
969237
969238
969239
969240
969241
969242
969243
969244
969245
969246
969247
969248
969249
969250
969251
969252
969253
969254
969255
969256
969257
969258
969259
969260
969261
969262
969263
969264
969265
969266
969267
969268
969269
969270
969271
969272
969273
969274
969275
969276
969277
969278
969279
969280
969281
969282
969283
969284
969285
969286
969287
969288
969289
969290
969291
969292
969294
969295
969508
969509
969510
969511
969512
969513
969514
969515
969516
969517
969518
969519
969520
969521
969522
969523
969524
969525
969526
969527
969528
969529
969530
969531
969532
969533
969534
969535
969536
969537
969538
969539
969540
969541
969542
969543
969544
969545
969546
969547
969548
969549
969550
969551
969552
969553
969554
969555
969556
969557
969558
969559
969560
969561
969562
969563
969564
969565
969566
969567
969568
969569
969570
969571
969572
969573
969574
969575
969576
969577
969578
969579
969580
969581
969582
969583
969584
969585
969586
969587
969588
969589
969590
969591
969593
969594
969807
969808
969809
969810
969811
969812
969813
969814
969815
969816
969817
969818
969819
969820
969821
969822
969823
969824
969825
969826
969827
969828
969829
969830
969831
969832
969833
969834
969835
969836
969837
969838
969839
969840
969841
969842
969843
969844
969845
969846
969847
969848
969849
969850
969851
969852
969853
969854
969855
969856
969857
969858
969859
969860
969861
969862
969863
969864
969865
969866
969867
969868
969869
969870
969871
969872
969873
969874
969875
969876
969877
969878
969879
969880
969881
969882
969883
969884
969885
969886
969887
969888
969889
969890
969892
969893
970106
970107
970108
970109
970110
970111
970112
970113
970114
970115
970116
970117
970118
970119
970120
970121
970122
970123
970124
970125
970126
970127
970128
970129
970130
970131
970132
970133
970134
970135
970136
970137
970138
970139
970140
970141
970142
970143
970144
970145
970146
970147
970148
970149
970150
970151
970152
970153
970154
970155
970156
970157
970158
970159
970160
970161
970162
970163
970164
970165
970166
970167
970168
970169
970170
970171
970172
970173
970174
970175
970176
970177
970178
970179
970180
970181
970182
970183
970184
970185
970186
970187
970188
970189
970191
970192
970405
970406
970407
970408
970409
970410
970411
970412
970413
970414
970415
970416
970417
970418
970419
970420
970421
970422
970423
970424
970425
970426
970427
970428
970429
970430
970431
970432
970433
970434
970435
970436
970437
970438
970439
970440
970441
970442
970443
970444
970445
970446
970447
970448
970449
970450
970451
970452
970453
970454
970455
970456
970457
970458
970459
970460
970461
970462
970463
970464
970465
970466
970467
970468
970469
970470
970471
970472
970473
970474
970475
970476
970477
970478
970479
970480
970481
970482
970483
970484
970485
970486
970487
970488
970490
970491
970704
970705
970706
970707
970708
970709
970710
970711
970712
970713
970714
970715
970716
970717
970718
970719
970720
970721
970722
970723
970724
970725
970726
970727
970728
970729
970730
970731
970732
970733
970734
970735
970736
970737
970738
970739
970740
970741
970742
970743
970744
970745
970746
970747
970748
970749
970750
970751
970752
970753
970754
970755
970756
970757
970758
970759
970760
970761
970762
970763
970764
970765
970766
970767
970768
970769
970770
970771
970772
970773
970774
970775
970776
970777
970778
970779
970780
970781
970782
970783
970784
970785
970786
970787
970789
970790
971003
971004
971005
971006
971007
971008
971009
971010
971011
971012
971013
971014
971015
971016
971017
971018
971019
971020
971021
971022
971023
971024
971025
971026
971027
971028
971029
971030
971031
971032
971033
971034
971035
971036
971037
971038
971039
971040
971041
971042
971043
971044
971045
971046
971047
971048
971049
971050
971051
971052
971053
971054
971055
971056
971057
971058
971059
971060
971061
971062
971063
971064
971065
971066
971067
971068
971069
971070
971071
971072
971073
971074
971075
971076
971077
971078
971079
971080
971081
971082
971083
971084
971085
971086
971088
971089
971302
971303
971304
971305
971306
971307
971308
971309
971310
971311
971312
971313
971314
971315
971316
971317
971318
971319
971320
971321
971322
971323
971324
971325
971326
971327
971328
971329
971330
971331
971332
971333
971334
971335
971336
971337
971338
971339
971340
971341
971342
971343
971344
971345
971346
971347
971348
971349
971350
971351
971352
971353
971354
971355
971356
971357
971359
971501
971502
971503
971504
971505
971506
971507
971508
971509
971510
971511
971512
971513
971514
971515
971516
971517
971518
971519
971520
971521
971522
971523
971524
971525
971526
971527
971528
971529
971530
971531
971532
971533
971534
971535
971536
971537
971538
971539
971540
971541
971542
971543
971544
971545
971546
971547
971548
971549
971550
971551
971552
971553
971554
971555
971556
971557
971558
971559
971560
971561
971562
971563
971564
971565
971566
971567
971568
971569
971570
971571
971572
971573
971574
971575
971576
971577
971578
971579
971580
971581
971582
971583
971584
971585
971586
971587
971588
971589
971590
971591
971592
971593
971594
971595
971596
971597
971598
971599
971600
971601
971602
971603
971604
971605
971606
971607
971608
971609
971610
971611
971612
971614
971615
971616
971900
971901
971902
971903
971904
971905
971906
971907
971908
971909
971910
971911
971912
971913
971914
971915
971916
971917
971918
971919
971920
971921
971922
971923
971924
971925
971926
971927
971928
971929
971930
971931
971932
971933
971934
971935
971936
971937
971938
971939
971940
971941
971942
971943
971944
971945
971946
971947
971948
971949
971950
971951
971952
971953
971954
971955
971956
971957
971958
971959
971960
971961
971962
971963
971964
971965
971966
971967
971968
971969
971970
971971
971972
971973
971974
971975
971976
971977
971978
971979
971980
971981
971982
971983
971985
971986
972199
972200
972201
972202
972203
972204
972205
972206
972207
972208
972209
972210
972211
972212
972213
972214
972215
972216
972217
972218
972219
972220
972221
972222
972223
972224
972225
972226
972227
972228
972229
972230
972231
972232
972233
972234
972235
972236
972237
972238
972239
972240
972241
972242
972243
972244
972245
972246
972247
972248
972249
972250
972251
972252
972253
972254
972255
972256
972257
972258
972259
972260
972261
972262
972263
972264
972265
972266
972267
972268
972269
972270
972271
972272
972273
972274
972275
972276
972277
972278
972279
972280
972281
972282
972284
972285
972498
972499
972500
972501
972502
972503
972504
972505
972506
972507
972508
972509
972510
972511
972512
972513
972514
972515
972516
972517
972518
972519
972520
972521
972522
972523
972524
972525
972526
972527
972528
972529
972530
972531
972532
972533
972534
972535
972536
972537
972538
972539
972540
972541
972542
972543
972544
972545
972546
972547
972548
972549
972550
972551
972552
972553
972554
972555
972556
972557
972558
972559
972560
972561
972562
972563
972564
972565
972566
972567
972568
972569
972570
972571
972572
972573
972574
972575
972576
972577
972578
972579
972580
972581
972583
972584
972797
972798
972799
972800
972801
972802
972803
972804
972805
972806
972807
972808
972809
972810
972811
972812
972813
972814
972815
972816
972817
972818
972819
972820
972821
972822
972823
972824
972825
972826
972827
972828
972829
972830
972831
972832
972833
972834
972835
972836
972837
972838
972839
972840
972841
972842
972843
972844
972845
972846
972847
972848
972849
972850
972851
972852
972853
972854
972855
972856
972857
972858
972859
972860
972861
972862
972863
972864
972865
972866
972867
972868
972869
972870
972871
972872
972873
972874
972875
972876
972877
972878
972879
972880
972882
972883
973096
973097
973098
973099
973100
973101
973102
973103
973104
973105
973106
973107
973108
973109
973110
973111
973112
973113
973114
973115
973116
973117
973118
973119
973120
973121
973122
973123
973124
973125
973126
973127
973128
973129
973130
973131
973132
973133
973134
973135
973136
973137
973138
973139
973140
973141
973142
973143
973144
973145
973146
973147
973148
973149
973150
973151
973152
973153
973154
973155
973156
973157
973158
973159
973160
973161
973162
973163
973164
973165
973166
973167
973168
973169
973170
973171
973172
973173
973174
973175
973176
973177
973178
973179
973181
973182
973395
973396
973397
973398
973399
973400
973401
973402
973403
973404
973405
973406
973407
973408
973409
973410
973411
973412
973413
973414
973415
973416
973417
973418
973419
973420
973421
973422
973423
973424
973425
973426
973427
973428
973429
973430
973431
973432
973433
973434
973435
973436
973437
973438
973439
973440
973441
973442
973443
973444
973445
973446
973447
973448
973449
973450
973451
973452
973453
973454
973455
973456
973457
973458
973459
973460
973461
973462
973463
973464
973465
973466
973467
973468
973469
973470
973471
973472
973473
973474
973475
973476
973477
973478
973480
973481
973694
973695
973696
973697
973698
973699
973700
973701
973702
973703
973704
973705
973706
973707
973708
973709
973710
973711
973712
973713
973714
973715
973716
973717
973718
973719
973720
973721
973722
973723
973724
973725
973726
973727
973728
973729
973730
973731
973732
973733
973734
973735
973736
973737
973738
973739
973740
973741
973742
973743
973744
973745
973746
973747
973748
973749
973750
973751
973752
973753
973754
973755
973756
973757
973758
973759
973760
973761
973762
973763
973764
973765
973766
973767
973768
973769
973770
973771
973772
973773
973774
973775
973776
973777
973779
973780
973993
973994
973995
973996
973997
973998
973999
974000
974001
974002
974003
974004
974005
974006
974007
974008
974009
974010
974011
974012
974013
974014
974015
974016
974017
974018
974019
974020
974021
974022
974023
974024
974025
974026
974027
974028
974029
974030
974031
974032
974033
974034
974035
974036
974037
974038
974039
974040
974041
974042
974043
974044
974045
974046
974047
974048
974049
974050
974051
974052
974053
974054
974055
974056
974057
974058
974059
974060
974061
974062
974063
974064
974065
974066
974067
974068
974069
974070
974071
974072
974073
974074
974075
974076
974078
974079
974292
974293
974294
974295
974296
974297
974298
974299
974300
974301
974302
974303
974304
974305
974306
974307
974308
974309
974310
974311
974312
974313
974314
974315
974316
974317
974318
974319
974320
974321
974322
974323
974324
974325
974326
974327
974328
974329
974330
974331
974332
974333
974334
974335
974336
974337
974338
974339
974340
974341
974342
974343
974344
974345
974346
974347
974348
974349
974350
974351
974352
974353
974354
974355
974356
974357
974358
974359
974360
974361
974362
974363
974364
974365
974366
974367
974368
974369
974370
974371
974372
974373
974374
974375
974377
974378
974591
974592
974593
974594
974595
974596
974597
974598
974599
974600
974601
974602
974603
974604
974605
974606
974607
974608
974609
974610
974611
974612
974613
974614
974615
974616
974617
974618
974619
974620
974621
974622
974623
974624
974625
974626
974627
974628
974629
974630
974631
974632
974633
974634
974635
974636
974637
974638
974639
974640
974641
974642
974643
974644
974645
974646
974647
974648
974649
974650
974651
974652
974653
974654
974655
974656
974657
974658
974659
974660
974661
974662
974663
974664
974665
974666
974667
974668
974669
974670
974671
974672
974673
974674
974676
974677
974890
974891
974892
974893
974894
974895
974896
974897
974898
974899
974900
974901
974902
974903
974904
974905
974906
974907
974908
974909
974910
974911
974912
974913
974914
974915
974916
974917
974918
974919
974920
974921
974922
974923
974924
974925
974926
974927
974928
974929
974930
974931
974932
974933
974934
974935
974936
974937
974938
974939
974940
974941
974942
974943
974944
974945
974946
974947
974948
974949
974950
974951
974952
974953
974954
974955
974956
974957
974958
974959
974960
974961
974962
974963
974964
974965
974966
974967
974968
974969
974970
974971
974972
974973
974975
974976
975189
975190
975191
975192
975193
975194
975195
975196
975197
975198
975199
975200
975201
975202
975203
975204
975205
975206
975207
975208
975209
975210
975211
975212
975213
975214
975215
975216
975217
975218
975219
975220
975221
975222
975223
975224
975225
975226
975227
975228
975229
975230
975231
975232
975233
975234
975235
975236
975237
975238
975239
975240
975241
975242
975243
975244
975245
975246
975247
975248
975249
975250
975251
975252
975253
975254
975255
975256
975257
975258
975259
975260
975261
975262
975263
975264
975265
975266
975267
975268
975269
975270
975271
975272
975274
975275
975488
975489
975490
975491
975492
975493
975494
975495
975496
975497
975498
975499
975500
975501
975502
975503
975504
975505
975506
975507
975508
975509
975510
975511
975512
975513
975514
975515
975516
975517
975518
975519
975520
975521
975522
975523
975524
975525
975526
975527
975528
975529
975530
975531
975532
975533
975534
975535
975536
975537
975538
975539
975540
975541
975542
975543
975544
975545
975546
975547
975548
975549
975550
975551
975552
975553
975554
975555
975556
975557
975558
975559
975560
975561
975562
975563
975564
975565
975566
975567
975568
975569
975570
975571
975573
975574
975787
975788
975789
975790
975791
975792
975793
975794
975795
975796
975797
975798
975799
975800
975801
975802
975803
975804
975805
975806
975807
975808
975809
975810
975811
975812
975813
975814
975815
975816
975817
975818
975819
975820
975821
975822
975823
975824
975825
975826
975827
975828
975829
975830
975831
975832
975833
975834
975835
975836
975837
975838
975839
975840
975841
975842
975843
975844
975845
975846
975847
975848
975849
975850
975851
975852
975853
975854
975855
975856
975857
975858
975859
975860
975861
975862
975863
975864
975865
975866
975867
975868
975869
975870
975872
975873
976086
976087
976088
976089
976090
976091
976092
976093
976094
976095
976096
976097
976098
976099
976100
976101
976102
976103
976104
976105
976106
976107
976108
976109
976110
976111
976112
976113
976114
976115
976116
976117
976118
976119
976120
976121
976122
976123
976124
976125
976126
976127
976128
976129
976130
976131
976132
976133
976134
976135
976136
976137
976138
976139
976140
976141
976142
976143
976144
976145
976146
976147
976148
976149
976150
976151
976152
976153
976154
976155
976156
976157
976158
976159
976160
976161
976162
976163
976164
976165
976166
976167
976168
976169
976171
976172
976385
976386
976387
976388
976389
976390
976391
976392
976393
976394
976395
976396
976397
976398
976399
976400
976401
976402
976403
976404
976405
976406
976407
976408
976409
976410
976411
976412
976413
976414
976415
976416
976417
976418
976419
976420
976421
976422
976423
976424
976425
976426
976427
976428
976429
976430
976431
976432
976433
976434
976435
976436
976437
976438
976439
976440
976441
976442
976443
976444
976445
976446
976447
976448
976449
976450
976451
976452
976453
976454
976455
976456
976457
976458
976459
976460
976461
976462
976463
976464
976465
976466
976467
976468
976470
976471
976684
976685
976686
976687
976688
976689
976690
976691
976692
976693
976694
976695
976696
976697
976698
976699
976700
976701
976702
976703
976704
976705
976706
976707
976708
976709
976710
976711
976712
976713
976714
976715
976716
976717
976718
976719
976720
976721
976722
976723
976724
976725
976726
976727
976728
976729
976730
976731
976732
976733
976734
976735
976736
976737
976738
976739
976740
976741
976742
976743
976744
976745
976746
976747
976748
976749
976750
976751
976752
976753
976754
976755
976756
976757
976758
976759
976760
976761
976762
976763
976764
976765
976766
976767
976769
976770
976983
976984
976985
976986
976987
976988
976989
976990
976991
976992
976993
976994
976995
976996
976997
976998
976999
977000
977001
977002
977003
977004
977005
977006
977007
977008
977009
977010
977011
977012
977013
977014
977015
977016
977017
977018
977019
977020
977021
977022
977023
977024
977025
977026
977027
977028
977029
977030
977031
977032
977033
977034
977035
977036
977037
977038
977039
977040
977041
977042
977043
977044
977045
977046
977047
977048
977049
977050
977051
977052
977053
977054
977055
977056
977057
977058
977059
977060
977061
977062
977063
977064
977065
977066
977068
977069
977282
977283
977284
977285
977286
977287
977288
977289
977290
977291
977292
977293
977294
977295
977296
977297
977298
977299
977300
977301
977302
977303
977304
977305
977306
977307
977308
977309
977310
977311
977312
977313
977314
977315
977316
977317
977318
977319
977320
977321
977322
977323
977324
977325
977326
977327
977328
977329
977330
977331
977332
977333
977334
977335
977336
977337
977338
977339
977340
977341
977342
977343
977344
977345
977346
977347
977348
977349
977350
977351
977352
977353
977354
977355
977356
977357
977358
977359
977360
977361
977362
977363
977364
977365
977367
977368
977581
977582
977583
977584
977585
977586
977587
977588
977589
977590
977591
977592
977593
977594
977595
977596
977597
977598
977599
977600
977601
977602
977603
977604
977605
977606
977607
977608
977609
977610
977611
977612
977613
977614
977615
977616
977617
977618
977619
977620
977621
977622
977623
977624
977625
977626
977627
977628
977629
977630
977631
977632
977633
977634
977635
977636
977637
977638
977639
977640
977641
977642
977643
977644
977645
977646
977647
977648
977649
977650
977651
977652
977653
977654
977655
977656
977657
977658
977659
977660
977661
977662
977663
977664
977666
977667
977880
977881
977882
977883
977884
977885
977886
977887
977888
977889
977890
977891
977892
977893
977894
977895
977896
977897
977898
977899
977900
977901
977902
977903
977904
977905
977906
977907
977908
977909
977910
977911
977912
977913
977914
977915
977916
977917
977918
977919
977920
977921
977922
977923
977924
977925
977926
977927
977928
977929
977930
977931
977932
977933
977934
977935
977936
977937
977938
977939
977940
977941
977942
977943
977944
977945
977946
977947
977948
977949
977950
977951
977952
977953
977954
977955
977956
977957
977958
977959
977960
977961
977962
977963
977965
977966
978179
978180
978181
978182
978183
978184
978185
978186
978187
978188
978189
978190
978191
978192
978193
978194
978195
978196
978197
978198
978199
978200
978201
978202
978203
978204
978205
978206
978207
978208
978209
978210
978211
978212
978213
978214
978215
978216
978217
978218
978219
978220
978221
978222
978223
978224
978225
978226
978227
978228
978229
978230
978231
978232
978233
978234
978235
978236
978237
978238
978239
978240
978241
978242
978243
978244
978245
978246
978247
978248
978249
978250
978251
978252
978253
978254
978255
978256
978257
978258
978259
978260
978261
978262
978264
978265
978478
978479
978480
978481
978482
978483
978484
978485
978486
978487
978488
978489
978490
978491
978492
978493
978494
978495
978496
978497
978498
978499
978500
978501
978502
978503
978504
978505
978506
978507
978508
978509
978510
978511
978512
978513
978514
978515
978516
978517
978518
978519
978520
978521
978522
978523
978524
978525
978526
978527
978528
978529
978530
978531
978532
978533
978534
978535
978536
978537
978538
978539
978540
978541
978542
978543
978544
978545
978546
978547
978548
978549
978550
978551
978552
978553
978554
978555
978556
978557
978558
978559
978560
978561
978563
978564
978777
978778
978779
978780
978781
978782
978783
978784
978785
978786
978787
978788
978789
978790
978791
978792
978793
978794
978795
978796
978797
978798
978799
978800
978801
978802
978803
978804
978805
978806
978807
978808
978809
978810
978811
978812
978813
978814
978815
978816
978817
978818
978819
978820
978821
978822
978823
978824
978825
978826
978827
978828
978829
978830
978831
978832
978834
978976
978977
978978
978979
978980
978981
978982
978983
978984
978985
978986
978987
978988
978989
978990
978991
978992
978993
978994
978995
978996
978997
978998
978999
979000
979001
979002
979003
979004
979005
979006
979007
979008
979009
979010
979011
979012
979013
979014
979015
979016
979017
979018
979019
979020
979021
979022
979023
979024
979025
979026
979027
979028
979029
979030
979031
979032
979033
979034
979035
979036
979037
979038
979039
979040
979041
979042
979043
979044
979045
979046
979047
979048
979049
979050
979051
979052
979053
979054
979055
979056
979057
979058
979059
979060
979061
979062
979063
979064
979065
979066
979067
979068
979069
979070
979071
979072
979073
979074
979075
979076
979077
979078
979079
979080
979081
979082
979083
979084
979085
979086
979087
979089
979090
979091
979375
979376
979377
979378
979379
979380
979381
979382
979383
979384
979385
979386
979387
979388
979389
979390
979391
979392
979393
979394
979395
979396
979397
979398
979399
979400
979401
979402
979403
979404
979405
979406
979407
979408
979409
979410
979411
979412
979413
979414
979415
979416
979417
979418
979419
979420
979421
979422
979423
979424
979425
979426
979427
979428
979429
979430
979431
979432
979433
979434
979435
979436
979437
979438
979439
979440
979441
979442
979443
979444
979445
979446
979447
979448
979449
979450
979451
979452
979453
979454
979455
979456
979457
979458
979460
979461
979674
979675
979676
979677
979678
979679
979680
979681
979682
979683
979684
979685
979686
979687
979688
979689
979690
979691
979692
979693
979694
979695
979696
979697
979698
979699
979700
979701
979702
979703
979704
979705
979706
979707
979708
979709
979710
979711
979712
979713
979714
979715
979716
979717
979718
979719
979720
979721
979722
979723
979724
979725
979726
979727
979728
979729
979730
979731
979732
979733
979734
979735
979736
979737
979738
979739
979740
979741
979742
979743
979744
979745
979746
979747
979748
979749
979750
979751
979752
979753
979754
979755
979756
979757
979759
979760
979973
979974
979975
979976
979977
979978
979979
979980
979981
979982
979983
979984
979985
979986
979987
979988
979989
979990
979991
979992
979993
979994
979995
979996
979997
979998
979999
980000
980001
980002
980003
980004
980005
980006
980007
980008
980009
980010
980011
980012
980013
980014
980015
980016
980017
980018
980019
980020
980021
980022
980023
980024
980025
980026
980027
980028
980029
980030
980031
980032
980033
980034
980035
980036
980037
980038
980039
980040
980041
980042
980043
980044
980045
980046
980047
980048
980049
980050
980051
980052
980053
980054
980055
980056
980058
980059
980272
980273
980274
980275
980276
980277
980278
980279
980280
980281
980282
980283
980284
980285
980286
980287
980288
980289
980290
980291
980292
980293
980294
980295
980296
980297
980298
980299
980300
980301
980302
980303
980304
980305
980306
980307
980308
980309
980310
980311
980312
980313
980314
980315
980316
980317
980318
980319
980320
980321
980322
980323
980324
980325
980326
980327
980328
980329
980330
980331
980332
980333
980334
980335
980336
980337
980338
980339
980340
980341
980342
980343
980344
980345
980346
980347
980348
980349
980350
980351
980352
980353
980354
980355
980357
980358
980571
980572
980573
980574
980575
980576
980577
980578
980579
980580
980581
980582
980583
980584
980585
980586
980587
980588
980589
980590
980591
980592
980593
980594
980595
980596
980597
980598
980599
980600
980601
980602
980603
980604
980605
980606
980607
980608
980609
980610
980611
980612
980613
980614
980615
980616
980617
980618
980619
980620
980621
980622
980623
980624
980625
980626
980627
980628
980629
980630
980631
980632
980633
980634
980635
980636
980637
980638
980639
980640
980641
980642
980643
980644
980645
980646
980647
980648
980649
980650
980651
980652
980653
980654
980656
980657
980870
980871
980872
980873
980874
980875
980876
980877
980878
980879
980880
980881
980882
980883
980884
980885
980886
980887
980888
980889
980890
980891
980892
980893
980894
980895
980896
980897
980898
980899
980900
980901
980902
980903
980904
980905
980906
980907
980908
980909
980910
980911
980912
980913
980914
980915
980916
980917
980918
980919
980920
980921
980922
980923
980924
980925
980926
980927
980928
980929
980930
980931
980932
980933
980934
980935
980936
980937
980938
980939
980940
980941
980942
980943
980944
980945
980946
980947
980948
980949
980950
980951
980952
980953
980955
980956
981169
981170
981171
981172
981173
981174
981175
981176
981177
981178
981179
981180
981181
981182
981183
981184
981185
981186
981187
981188
981189
981190
981191
981192
981193
981194
981195
981196
981197
981198
981199
981200
981201
981202
981203
981204
981205
981206
981207
981208
981209
981210
981211
981212
981213
981214
981215
981216
981217
981218
981219
981220
981221
981222
981223
981224
981225
981226
981227
981228
981229
981230
981231
981232
981233
981234
981235
981236
981237
981238
981239
981240
981241
981242
981243
981244
981245
981246
981247
981248
981249
981250
981251
981252
981254
981255
981468
981469
981470
981471
981472
981473
981474
981475
981476
981477
981478
981479
981480
981481
981482
981483
981484
981485
981486
981487
981488
981489
981490
981491
981492
981493
981494
981495
981496
981497
981498
981499
981500
981501
981502
981503
981504
981505
981506
981507
981508
981509
981510
981511
981512
981513
981514
981515
981516
981517
981518
981519
981520
981521
981522
981523
981524
981525
981526
981527
981528
981529
981530
981531
981532
981533
981534
981535
981536
981537
981538
981539
981540
981541
981542
981543
981544
981545
981546
981547
981548
981549
981550
981551
981553
981554
981767
981768
981769
981770
981771
981772
981773
981774
981775
981776
981777
981778
981779
981780
981781
981782
981783
981784
981785
981786
981787
981788
981789
981790
981791
981792
981793
981794
981795
981796
981797
981798
981799
981800
981801
981802
981803
981804
981805
981806
981807
981808
981809
981810
981811
981812
981813
981814
981815
981816
981817
981818
981819
981820
981821
981822
981823
981824
981825
981826
981827
981828
981829
981830
981831
981832
981833
981834
981835
981836
981837
981838
981839
981840
981841
981842
981843
981844
981845
981846
981847
981848
981849
981850
981852
981853
982066
982067
982068
982069
982070
982071
982072
982073
982074
982075
982076
982077
982078
982079
982080
982081
982082
982083
982084
982085
982086
982087
982088
982089
982090
982091
982092
982093
982094
982095
982096
982097
982098
982099
982100
982101
982102
982103
982104
982105
982106
982107
982108
982109
982110
982111
982112
982113
982114
982115
982116
982117
982118
982119
982120
982121
982122
982123
982124
982125
982126
982127
982128
982129
982130
982131
982132
982133
982134
982135
982136
982137
982138
982139
982140
982141
982142
982143
982144
982145
982146
982147
982148
982149
982151
982152
982365
982366
982367
982368
982369
982370
982371
982372
982373
982374
982375
982376
982377
982378
982379
982380
982381
982382
982383
982384
982385
982386
982387
982388
982389
982390
982391
982392
982393
982394
982395
982396
982397
982398
982399
982400
982401
982402
982403
982404
982405
982406
982407
982408
982409
982410
982411
982412
982413
982414
982415
982416
982417
982418
982419
982420
982421
982422
982423
982424
982425
982426
982427
982428
982429
982430
982431
982432
982433
982434
982435
982436
982437
982438
982439
982440
982441
982442
982443
982444
982445
982446
982447
982448
982450
982451
982664
982665
982666
982667
982668
982669
982670
982671
982672
982673
982674
982675
982676
982677
982678
982679
982680
982681
982682
982683
982684
982685
982686
982687
982688
982689
982690
982691
982692
982693
982694
982695
982696
982697
982698
982699
982700
982701
982702
982703
982704
982705
982706
982707
982708
982709
982710
982711
982712
982713
982714
982715
982716
982717
982718
982719
982720
982721
982722
982723
982724
982725
982726
982727
982728
982729
982730
982731
982732
982733
982734
982735
982736
982737
982738
982739
982740
982741
982742
982743
982744
982745
982746
982747
982749
982750
982963
982964
982965
982966
982967
982968
982969
982970
982971
982972
982973
982974
982975
982976
982977
982978
982979
982980
982981
982982
982983
982984
982985
982986
982987
982988
982989
982990
982991
982992
982993
982994
982995
982996
982997
982998
982999
983000
983001
983002
983003
983004
983005
983006
983007
983008
983009
983010
983011
983012
983013
983014
983015
983016
983017
983018
983019
983020
983021
983022
983023
983024
983025
983026
983027
983028
983029
983030
983031
983032
983033
983034
983035
983036
983037
983038
983039
983040
983041
983042
983043
983044
983045
983046
983048
983049
983262
983263
983264
983265
983266
983267
983268
983269
983270
983271
983272
983273
983274
983275
983276
983277
983278
983279
983280
983281
983282
983283
983284
983285
983286
983287
983288
983289
983290
983291
983292
983293
983294
983295
983296
983297
983298
983299
983300
983301
983302
983303
983304
983305
983306
983307
983308
983309
983310
983311
983312
983313
983314
983315
983316
983317
983318
983319
983320
983321
983322
983323
983324
983325
983326
983327
983328
983329
983330
983331
983332
983333
983334
983335
983336
983337
983338
983339
983340
983341
983342
983343
983344
983345
983347
983348
983561
983562
983563
983564
983565
983566
983567
983568
983569
983570
983571
983572
983573
983574
983575
983576
983577
983578
983579
983580
983581
983582
983583
983584
983585
983586
983587
983588
983589
983590
983591
983592
983593
983594
983595
983596
983597
983598
983599
983600
983601
983602
983603
983604
983605
983606
983607
983608
983609
983610
983611
983612
983613
983614
983615
983616
983617
983618
983619
983620
983621
983622
983623
983624
983625
983626
983627
983628
983629
983630
983631
983632
983633
983634
983635
983636
983637
983638
983639
983640
983641
983642
983643
983644
983646
983647
983860
983861
983862
983863
983864
983865
983866
983867
983868
983869
983870
983871
983872
983873
983874
983875
983876
983877
983878
983879
983880
983881
983882
983883
983884
983885
983886
983887
983888
983889
983890
983891
983892
983893
983894
983895
983896
983897
983898
983899
983900
983901
983902
983903
983904
983905
983906
983907
983908
983909
983910
983911
983912
983913
983914
983915
983916
983917
983918
983919
983920
983921
983922
983923
983924
983925
983926
983927
983928
983929
983930
983931
983932
983933
983934
983935
983936
983937
983938
983939
983940
983941
983942
983943
983945
983946
984159
984160
984161
984162
984163
984164
984165
984166
984167
984168
984169
984170
984171
984172
984173
984174
984175
984176
984177
984178
984179
984180
984181
984182
984183
984184
984185
984186
984187
984188
984189
984190
984191
984192
984193
984194
984195
984196
984197
984198
984199
984200
984201
984202
984203
984204
984205
984206
984207
984208
984209
984210
984211
984212
984213
984214
984215
984216
984217
984218
984219
984220
984221
984222
984223
984224
984225
984226
984227
984228
984229
984230
984231
984232
984233
984234
984235
984236
984237
984238
984239
984240
984241
984242
984244
984245
984458
984459
984460
984461
984462
984463
984464
984465
984466
984467
984468
984469
984470
984471
984472
984473
984474
984475
984476
984477
984478
984479
984480
984481
984482
984483
984484
984485
984486
984487
984488
984489
984490
984491
984492
984493
984494
984495
984496
984497
984498
984499
984500
984501
984502
984503
984504
984505
984506
984507
984508
984509
984510
984511
984512
984513
984514
984515
984516
984517
984518
984519
984520
984521
984522
984523
984524
984525
984526
984527
984528
984529
984530
984531
984532
984533
984534
984535
984536
984537
984538
984539
984540
984541
984543
984544
984757
984758
984759
984760
984761
984762
984763
984764
984765
984766
984767
984768
984769
984770
984771
984772
984773
984774
984775
984776
984777
984778
984779
984780
984781
984782
984783
984784
984785
984786
984787
984788
984789
984790
984791
984792
984793
984794
984795
984796
984797
984798
984799
984800
984801
984802
984803
984804
984805
984806
984807
984808
984809
984810
984811
984812
984813
984814
984815
984816
984817
984818
984819
984820
984821
984822
984823
984824
984825
984826
984827
984828
984829
984830
984831
984832
984833
984834
984835
984836
984837
984838
984839
984840
984842
984843
985056
985057
985058
985059
985060
985061
985062
985063
985064
985065
985066
985067
985068
985069
985070
985071
985072
985073
985074
985075
985076
985077
985078
985079
985080
985081
985082
985083
985084
985085
985086
985087
985088
985089
985090
985091
985092
985093
985094
985095
985096
985097
985098
985099
985100
985101
985102
985103
985104
985105
985106
985107
985108
985109
985110
985111
985112
985113
985114
985115
985116
985117
985118
985119
985120
985121
985122
985123
985124
985125
985126
985127
985128
985129
985130
985131
985132
985133
985134
985135
985136
985137
985138
985139
985141
985142
985355
985356
985357
985358
985359
985360
985361
985362
985363
985364
985365
985366
985367
985368
985369
985370
985371
985372
985373
985374
985375
985376
985377
985378
985379
985380
985381
985382
985383
985384
985385
985386
985387
985388
985389
985390
985391
985392
985393
985394
985395
985396
985397
985398
985399
985400
985401
985402
985403
985404
985405
985406
985407
985408
985409
985410
985411
985412
985413
985414
985415
985416
985417
985418
985419
985420
985421
985422
985423
985424
985425
985426
985427
985428
985429
985430
985431
985432
985433
985434
985435
985436
985437
985438
985440
985441
985654
985655
985656
985657
985658
985659
985660
985661
985662
985663
985664
985665
985666
985667
985668
985669
985670
985671
985672
985673
985674
985675
985676
985677
985678
985679
985680
985681
985682
985683
985684
985685
985686
985687
985688
985689
985690
985691
985692
985693
985694
985695
985696
985697
985698
985699
985700
985701
985702
985703
985704
985705
985706
985707
985708
985709
985710
985711
985712
985713
985714
985715
985716
985717
985718
985719
985720
985721
985722
985723
985724
985725
985726
985727
985728
985729
985730
985731
985732
985733
985734
985735
985736
985737
985739
985740
985953
985954
985955
985956
985957
985958
985959
985960
985961
985962
985963
985964
985965
985966
985967
985968
985969
985970
985971
985972
985973
985974
985975
985976
985977
985978
985979
985980
985981
985982
985983
985984
985985
985986
985987
985988
985989
985990
985991
985992
985993
985994
985995
985996
985997
985998
985999
986000
986001
986002
986003
986004
986005
986006
986007
986008
986009
986010
986011
986012
986013
986014
986015
986016
986017
986018
986019
986020
986021
986022
986023
986024
986025
986026
986027
986028
986029
986030
986031
986032
986033
986034
986035
986036
986038
986039
986252
986253
986254
986255
986256
986257
986258
986259
986260
986261
986262
986263
986264
986265
986266
986267
986268
986269
986270
986271
986272
986273
986274
986275
986276
986277
986278
986279
986280
986281
986282
986283
986284
986285
986286
986287
986288
986289
986290
986291
986292
986293
986294
986295
986296
986297
986298
986299
986300
986301
986302
986303
986304
986305
986306
986307
986309
986451
986452
986453
986454
986455
986456
986457
986458
986459
986460
986461
986462
986463
986464
986465
986466
986467
986468
986469
986470
986471
986472
986473
986474
986475
986476
986477
986478
986479
986480
986481
986482
986483
986484
986485
986486
986487
986488
986489
986490
986491
986492
986493
986494
986495
986496
986497
986498
986499
986500
986501
986502
986503
986504
986505
986506
986507
986508
986509
986510
986511
986512
986513
986514
986515
986516
986517
986518
986519
986520
986521
986522
986523
986524
986525
986526
986527
986528
986529
986530
986531
986532
986533
986534
986535
986536
986537
986538
986539
986540
986541
986542
986543
986544
986545
986546
986547
986548
986549
986550
986551
986552
986553
986554
986555
986556
986557
986558
986559
986560
986561
986562
986564
986565
986566
986850
986851
986852
986853
986854
986855
986856
986857
986858
986859
986860
986861
986862
986863
986864
986865
986866
986867
986868
986869
986870
986871
986872
986873
986874
986875
986876
986877
986878
986879
986880
986881
986882
986883
986884
986885
986886
986887
986888
986889
986890
986891
986892
986893
986894
986895
986896
986897
986898
986899
986900
986901
986902
986903
986904
986905
986906
986907
986908
986909
986910
986911
986912
986913
986914
986915
986916
986917
986918
986919
986920
986921
986922
986923
986924
986925
986926
986927
986928
986929
986930
986931
986932
986933
986935
986936
987149
987150
987151
987152
987153
987154
987155
987156
987157
987158
987159
987160
987161
987162
987163
987164
987165
987166
987167
987168
987169
987170
987171
987172
987173
987174
987175
987176
987177
987178
987179
987180
987181
987182
987183
987184
987185
987186
987187
987188
987189
987190
987191
987192
987193
987194
987195
987196
987197
987198
987199
987200
987201
987202
987203
987204
987205
987206
987207
987208
987209
987210
987211
987212
987213
987214
987215
987216
987217
987218
987219
987220
987221
987222
987223
987224
987225
987226
987227
987228
987229
987230
987231
987232
987234
987235
987448
987449
987450
987451
987452
987453
987454
987455
987456
987457
987458
987459
987460
987461
987462
987463
987464
987465
987466
987467
987468
987469
987470
987471
987472
987473
987474
987475
987476
987477
987478
987479
987480
987481
987482
987483
987484
987485
987486
987487
987488
987489
987490
987491
987492
987493
987494
987495
987496
987497
987498
987499
987500
987501
987502
987503
987504
987505
987506
987507
987508
987509
987510
987511
987512
987513
987514
987515
987516
987517
987518
987519
987520
987521
987522
987523
987524
987525
987526
987527
987528
987529
987530
987531
987533
987534
987747
987748
987749
987750
987751
987752
987753
987754
987755
987756
987757
987758
987759
987760
987761
987762
987763
987764
987765
987766
987767
987768
987769
987770
987771
987772
987773
987774
987775
987776
987777
987778
987779
987780
987781
987782
987783
987784
987785
987786
987787
987788
987789
987790
987791
987792
987793
987794
987795
987796
987797
987798
987799
987800
987801
987802
987803
987804
987805
987806
987807
987808
987809
987810
987811
987812
987813
987814
987815
987816
987817
987818
987819
987820
987821
987822
987823
987824
987825
987826
987827
987828
987829
987830
987832
987833
988046
988047
988048
988049
988050
988051
988052
988053
988054
988055
988056
988057
988058
988059
988060
988061
988062
988063
988064
988065
988066
988067
988068
988069
988070
988071
988072
988073
988074
988075
988076
988077
988078
988079
988080
988081
988082
988083
988084
988085
988086
988087
988088
988089
988090
988091
988092
988093
988094
988095
988096
988097
988098
988099
988100
988101
988102
988103
988104
988105
988106
988107
988108
988109
988110
988111
988112
988113
988114
988115
988116
988117
988118
988119
988120
988121
988122
988123
988124
988125
988126
988127
988128
988129
988131
988132
988345
988346
988347
988348
988349
988350
988351
988352
988353
988354
988355
988356
988357
988358
988359
988360
988361
988362
988363
988364
988365
988366
988367
988368
988369
988370
988371
988372
988373
988374
988375
988376
988377
988378
988379
988380
988381
988382
988383
988384
988385
988386
988387
988388
988389
988390
988391
988392
988393
988394
988395
988396
988397
988398
988399
988400
988401
988402
988403
988404
988405
988406
988407
988408
988409
988410
988411
988412
988413
988414
988415
988416
988417
988418
988419
988420
988421
988422
988423
988424
988425
988426
988427
988428
988430
988431
988644
988645
988646
988647
988648
988649
988650
988651
988652
988653
988654
988655
988656
988657
988658
988659
988660
988661
988662
988663
988664
988665
988666
988667
988668
988669
988670
988671
988672
988673
988674
988675
988676
988677
988678
988679
988680
988681
988682
988683
988684
988685
988686
988687
988688
988689
988690
988691
988692
988693
988694
988695
988696
988697
988698
988699
988700
988701
988702
988703
988704
988705
988706
988707
988708
988709
988710
988711
988712
988713
988714
988715
988716
988717
988718
988719
988720
988721
988722
988723
988724
988725
988726
988727
988729
988730
988943
988944
988945
988946
988947
988948
988949
988950
988951
988952
988953
988954
988955
988956
988957
988958
988959
988960
988961
988962
988963
988964
988965
988966
988967
988968
988969
988970
988971
988972
988973
988974
988975
988976
988977
988978
988979
988980
988981
988982
988983
988984
988985
988986
988987
988988
988989
988990
988991
988992
988993
988994
988995
988996
988997
988998
988999
989000
989001
989002
989003
989004
989005
989006
989007
989008
989009
989010
989011
989012
989013
989014
989015
989016
989017
989018
989019
989020
989021
989022
989023
989024
989025
989026
989028
989029
989242
989243
989244
989245
989246
989247
989248
989249
989250
989251
989252
989253
989254
989255
989256
989257
989258
989259
989260
989261
989262
989263
989264
989265
989266
989267
989268
989269
989270
989271
989272
989273
989274
989275
989276
989277
989278
989279
989280
989281
989282
989283
989284
989285
989286
989287
989288
989289
989290
989291
989292
989293
989294
989295
989296
989297
989298
989299
989300
989301
989302
989303
989304
989305
989306
989307
989308
989309
989310
989311
989312
989313
989314
989315
989316
989317
989318
989319
989320
989321
989322
989323
989324
989325
989327
989328
989541
989542
989543
989544
989545
989546
989547
989548
989549
989550
989551
989552
989553
989554
989555
989556
989557
989558
989559
989560
989561
989562
989563
989564
989565
989566
989567
989568
989569
989570
989571
989572
989573
989574
989575
989576
989577
989578
989579
989580
989581
989582
989583
989584
989585
989586
989587
989588
989589
989590
989591
989592
989593
989594
989595
989596
989597
989598
989599
989600
989601
989602
989603
989604
989605
989606
989607
989608
989609
989610
989611
989612
989613
989614
989615
989616
989617
989618
989619
989620
989621
989622
989623
989624
989626
989627
989840
989841
989842
989843
989844
989845
989846
989847
989848
989849
989850
989851
989852
989853
989854
989855
989856
989857
989858
989859
989860
989861
989862
989863
989864
989865
989866
989867
989868
989869
989870
989871
989872
989873
989874
989875
989876
989877
989878
989879
989880
989881
989882
989883
989884
989885
989886
989887
989888
989889
989890
989891
989892
989893
989894
989895
989896
989897
989898
989899
989900
989901
989902
989903
989904
989905
989906
989907
989908
989909
989910
989911
989912
989913
989914
989915
989916
989917
989918
989919
989920
989921
989922
989923
989925
989926
990139
990140
990141
990142
990143
990144
990145
990146
990147
990148
990149
990150
990151
990152
990153
990154
990155
990156
990157
990158
990159
990160
990161
990162
990163
990164
990165
990166
990167
990168
990169
990170
990171
990172
990173
990174
990175
990176
990177
990178
990179
990180
990181
990182
990183
990184
990185
990186
990187
990188
990189
990190
990191
990192
990193
990194
990195
990196
990197
990198
990199
990200
990201
990202
990203
990204
990205
990206
990207
990208
990209
990210
990211
990212
990213
990214
990215
990216
990217
990218
990219
990220
990221
990222
990224
990225
990438
990439
990440
990441
990442
990443
990444
990445
990446
990447
990448
990449
990450
990451
990452
990453
990454
990455
990456
990457
990458
990459
990460
990461
990462
990463
990464
990465
990466
990467
990468
990469
990470
990471
990472
990473
990474
990475
990476
990477
990478
990479
990480
990481
990482
990483
990484
990485
990486
990487
990488
990489
990490
990491
990492
990493
990494
990495
990496
990497
990498
990499
990500
990501
990502
990503
990504
990505
990506
990507
990508
990509
990510
990511
990512
990513
990514
990515
990516
990517
990518
990519
990520
990521
990523
990524
990737
990738
990739
990740
990741
990742
990743
990744
990745
990746
990747
990748
990749
990750
990751
990752
990753
990754
990755
990756
990757
990758
990759
990760
990761
990762
990763
990764
990765
990766
990767
990768
990769
990770
990771
990772
990773
990774
990775
990776
990777
990778
990779
990780
990781
990782
990783
990784
990785
990786
990787
990788
990789
990790
990791
990792
990793
990794
990795
990796
990797
990798
990799
990800
990801
990802
990803
990804
990805
990806
990807
990808
990809
990810
990811
990812
990813
990814
990815
990816
990817
990818
990819
990820
990822
990823
991036
991037
991038
991039
991040
991041
991042
991043
991044
991045
991046
991047
991048
991049
991050
991051
991052
991053
991054
991055
991056
991057
991058
991059
991060
991061
991062
991063
991064
991065
991066
991067
991068
991069
991070
991071
991072
991073
991074
991075
991076
991077
991078
991079
991080
991081
991082
991083
991084
991085
991086
991087
991088
991089
991090
991091
991092
991093
991094
991095
991096
991097
991098
991099
991100
991101
991102
991103
991104
991105
991106
991107
991108
991109
991110
991111
991112
991113
991114
991115
991116
991117
991118
991119
991121
991122
991335
991336
991337
991338
991339
991340
991341
991342
991343
991344
991345
991346
991347
991348
991349
991350
991351
991352
991353
991354
991355
991356
991357
991358
991359
991360
991361
991362
991363
991364
991365
991366
991367
991368
991369
991370
991371
991372
991373
991374
991375
991376
991377
991378
991379
991380
991381
991382
991383
991384
991385
991386
991387
991388
991389
991390
991391
991392
991393
991394
991395
991396
991397
991398
991399
991400
991401
991402
991403
991404
991405
991406
991407
991408
991409
991410
991411
991412
991413
991414
991415
991416
991417
991418
991420
991421
991634
991635
991636
991637
991638
991639
991640
991641
991642
991643
991644
991645
991646
991647
991648
991649
991650
991651
991652
991653
991654
991655
991656
991657
991658
991659
991660
991661
991662
991663
991664
991665
991666
991667
991668
991669
991670
991671
991672
991673
991674
991675
991676
991677
991678
991679
991680
991681
991682
991683
991684
991685
991686
991687
991688
991689
991690
991691
991692
991693
991694
991695
991696
991697
991698
991699
991700
991701
991702
991703
991704
991705
991706
991707
991708
991709
991710
991711
991712
991713
991714
991715
991716
991717
991719
991720
991933
991934
991935
991936
991937
991938
991939
991940
991941
991942
991943
991944
991945
991946
991947
991948
991949
991950
991951
991952
991953
991954
991955
991956
991957
991958
991959
991960
991961
991962
991963
991964
991965
991966
991967
991968
991969
991970
991971
991972
991973
991974
991975
991976
991977
991978
991979
991980
991981
991982
991983
991984
991985
991986
991987
991988
991989
991990
991991
991992
991993
991994
991995
991996
991997
991998
991999
992000
992001
992002
992003
992004
992005
992006
992007
992008
992009
992010
992011
992012
992013
992014
992015
992016
992018
992019
992232
992233
992234
992235
992236
992237
992238
992239
992240
992241
992242
992243
992244
992245
992246
992247
992248
992249
992250
992251
992252
992253
992254
992255
992256
992257
992258
992259
992260
992261
992262
992263
992264
992265
992266
992267
992268
992269
992270
992271
992272
992273
992274
992275
992276
992277
992278
992279
992280
992281
992282
992283
992284
992285
992286
992287
992288
992289
992290
992291
992292
992293
992294
992295
992296
992297
992298
992299
992300
992301
992302
992303
992304
992305
992306
992307
992308
992309
992310
992311
992312
992313
992314
992315
992317
992318
992531
992532
992533
992534
992535
992536
992537
992538
992539
992540
992541
992542
992543
992544
992545
992546
992547
992548
992549
992550
992551
992552
992553
992554
992555
992556
992557
992558
992559
992560
992561
992562
992563
992564
992565
992566
992567
992568
992569
992570
992571
992572
992573
992574
992575
992576
992577
992578
992579
992580
992581
992582
992583
992584
992585
992586
992587
992588
992589
992590
992591
992592
992593
992594
992595
992596
992597
992598
992599
992600
992601
992602
992603
992604
992605
992606
992607
992608
992609
992610
992611
992612
992613
992614
992616
992617
992830
992831
992832
992833
992834
992835
992836
992837
992838
992839
992840
992841
992842
992843
992844
992845
992846
992847
992848
992849
992850
992851
992852
992853
992854
992855
992856
992857
992858
992859
992860
992861
992862
992863
992864
992865
992866
992867
992868
992869
992870
992871
992872
992873
992874
992875
992876
992877
992878
992879
992880
992881
992882
992883
992884
992885
992886
992887
992888
992889
992890
992891
992892
992893
992894
992895
992896
992897
992898
992899
992900
992901
992902
992903
992904
992905
992906
992907
992908
992909
992910
992911
992912
992913
992915
992916
993129
993130
993131
993132
993133
993134
993135
993136
993137
993138
993139
993140
993141
993142
993143
993144
993145
993146
993147
993148
993149
993150
993151
993152
993153
993154
993155
993156
993157
993158
993159
993160
993161
993162
993163
993164
993165
993166
993167
993168
993169
993170
993171
993172
993173
993174
993175
993176
993177
993178
993179
993180
993181
993182
993183
993184
993185
993186
993187
993188
993189
993190
993191
993192
993193
993194
993195
993196
993197
993198
993199
993200
993201
993202
993203
993204
993205
993206
993207
993208
993209
993210
993211
993212
993214
993215
993428
993429
993430
993431
993432
993433
993434
993435
993436
993437
993438
993439
993440
993441
993442
993443
993444
993445
993446
993447
993448
993449
993450
993451
993452
993453
993454
993455
993456
993457
993458
993459
993460
993461
993462
993463
993464
993465
993466
993467
993468
993469
993470
993471
993472
993473
993474
993475
993476
993477
993478
993479
993480
993481
993482
993483
993484
993485
993486
993487
993488
993489
993490
993491
993492
993493
993494
993495
993496
993497
993498
993499
993500
993501
993502
993503
993504
993505
993506
993507
993508
993509
993510
993511
993513
993514
993727
993728
993729
993730
993731
993732
993733
993734
993735
993736
993737
993738
993739
993740
993741
993742
993743
993744
993745
993746
993747
993748
993749
993750
993751
993752
993753
993754
993755
993756
993757
993758
993759
993760
993761
993762
993763
993764
993765
993766
993767
993768
993769
993770
993771
993772
993773
993774
993775
993776
993777
993778
993779
993780
993781
993782
993784
993926
993927
993928
993929
993930
993931
993932
993933
993934
993935
993936
993937
993938
993939
993940
993941
993942
993943
993944
993945
993946
993947
993948
993949
993950
993951
993952
993953
993954
993955
993956
993957
993958
993959
993960
993961
993962
993963
993964
993965
993966
993967
993968
993969
993970
993971
993972
993973
993974
993975
993976
993977
993978
993979
993980
993981
993982
993983
993984
993985
993986
993987
993988
993989
993990
993991
993992
993993
993994
993995
993996
993997
993998
993999
994000
994001
994002
994003
994004
994005
994006
994007
994008
994009
994010
994011
994012
994013
994014
994015
994016
994017
994018
994019
994020
994021
994022
994023
994024
994025
994026
994027
994028
994029
994030
994031
994032
994033
994034
994035
994036
994037
994039
994040
994041
994325
994326
994327
994328
994329
994330
994331
994332
994333
994334
994335
994336
994337
994338
994339
994340
994341
994342
994343
994344
994345
994346
994347
994348
994349
994350
994351
994352
994353
994354
994355
994356
994357
994358
994359
994360
994361
994362
994363
994364
994365
994366
994367
994368
994369
994370
994371
994372
994373
994374
994375
994376
994377
994378
994379
994380
994381
994382
994383
994384
994385
994386
994387
994388
994389
994390
994391
994392
994393
994394
994395
994396
994397
994398
994399
994400
994401
994402
994403
994404
994405
994406
994407
994408
994410
994411
994624
994625
994626
994627
994628
994629
994630
994631
994632
994633
994634
994635
994636
994637
994638
994639
994640
994641
994642
994643
994644
994645
994646
994647
994648
994649
994650
994651
994652
994653
994654
994655
994656
994657
994658
994659
994660
994661
994662
994663
994664
994665
994666
994667
994668
994669
994670
994671
994672
994673
994674
994675
994676
994677
994678
994679
994680
994681
994682
994683
994684
994685
994686
994687
994688
994689
994690
994691
994692
994693
994694
994695
994696
994697
994698
994699
994700
994701
994702
994703
994704
994705
994706
994707
994709
994710
994923
994924
994925
994926
994927
994928
994929
994930
994931
994932
994933
994934
994935
994936
994937
994938
994939
994940
994941
994942
994943
994944
994945
994946
994947
994948
994949
994950
994951
994952
994953
994954
994955
994956
994957
994958
994959
994960
994961
994962
994963
994964
994965
994966
994967
994968
994969
994970
994971
994972
994973
994974
994975
994976
994977
994978
994979
994980
994981
994982
994983
994984
994985
994986
994987
994988
994989
994990
994991
994992
994993
994994
994995
994996
994997
994998
994999
995000
995001
995002
995003
995004
995005
995006
995008
995009
995222
995223
995224
995225
995226
995227
995228
995229
995230
995231
995232
995233
995234
995235
995236
995237
995238
995239
995240
995241
995242
995243
995244
995245
995246
995247
995248
995249
995250
995251
995252
995253
995254
995255
995256
995257
995258
995259
995260
995261
995262
995263
995264
995265
995266
995267
995268
995269
995270
995271
995272
995273
995274
995275
995276
995277
995278
995279
995280
995281
995282
995283
995284
995285
995286
995287
995288
995289
995290
995291
995292
995293
995294
995295
995296
995297
995298
995299
995300
995301
995302
995303
995304
995305
995307
995308
995521
995522
995523
995524
995525
995526
995527
995528
995529
995530
995531
995532
995533
995534
995535
995536
995537
995538
995539
995540
995541
995542
995543
995544
995545
995546
995547
995548
995549
995550
995551
995552
995553
995554
995555
995556
995557
995558
995559
995560
995561
995562
995563
995564
995565
995566
995567
995568
995569
995570
995571
995572
995573
995574
995575
995576
995577
995578
995579
995580
995581
995582
995583
995584
995585
995586
995587
995588
995589
995590
995591
995592
995593
995594
995595
995596
995597
995598
995599
995600
995601
995602
995603
995604
995606
995607
995820
995821
995822
995823
995824
995825
995826
995827
995828
995829
995830
995831
995832
995833
995834
995835
995836
995837
995838
995839
995840
995841
995842
995843
995844
995845
995846
995847
995848
995849
995850
995851
995852
995853
995854
995855
995856
995857
995858
995859
995860
995861
995862
995863
995864
995865
995866
995867
995868
995869
995870
995871
995872
995873
995874
995875
995876
995877
995878
995879
995880
995881
995882
995883
995884
995885
995886
995887
995888
995889
995890
995891
995892
995893
995894
995895
995896
995897
995898
995899
995900
995901
995902
995903
995905
995906
996119
996120
996121
996122
996123
996124
996125
996126
996127
996128
996129
996130
996131
996132
996133
996134
996135
996136
996137
996138
996139
996140
996141
996142
996143
996144
996145
996146
996147
996148
996149
996150
996151
996152
996153
996154
996155
996156
996157
996158
996159
996160
996161
996162
996163
996164
996165
996166
996167
996168
996169
996170
996171
996172
996173
996174
996175
996176
996177
996178
996179
996180
996181
996182
996183
996184
996185
996186
996187
996188
996189
996190
996191
996192
996193
996194
996195
996196
996197
996198
996199
996200
996201
996202
996204
996205
996418
996419
996420
996421
996422
996423
996424
996425
996426
996427
996428
996429
996430
996431
996432
996433
996434
996435
996436
996437
996438
996439
996440
996441
996442
996443
996444
996445
996446
996447
996448
996449
996450
996451
996452
996453
996454
996455
996456
996457
996458
996459
996460
996461
996462
996463
996464
996465
996466
996467
996468
996469
996470
996471
996472
996473
996474
996475
996476
996477
996478
996479
996480
996481
996482
996483
996484
996485
996486
996487
996488
996489
996490
996491
996492
996493
996494
996495
996496
996497
996498
996499
996500
996501
996503
996504
996717
996718
996719
996720
996721
996722
996723
996724
996725
996726
996727
996728
996729
996730
996731
996732
996733
996734
996735
996736
996737
996738
996739
996740
996741
996742
996743
996744
996745
996746
996747
996748
996749
996750
996751
996752
996753
996754
996755
996756
996757
996758
996759
996760
996761
996762
996763
996764
996765
996766
996767
996768
996769
996770
996771
996772
996773
996774
996775
996776
996777
996778
996779
996780
996781
996782
996783
996784
996785
996786
996787
996788
996789
996790
996791
996792
996793
996794
996795
996796
996797
996798
996799
996800
996802
996803
997016
997017
997018
997019
997020
997021
997022
997023
997024
997025
997026
997027
997028
997029
997030
997031
997032
997033
997034
997035
997036
997037
997038
997039
997040
997041
997042
997043
997044
997045
997046
997047
997048
997049
997050
997051
997052
997053
997054
997055
997056
997057
997058
997059
997060
997061
997062
997063
997064
997065
997066
997067
997068
997069
997070
997071
997072
997073
997074
997075
997076
997077
997078
997079
997080
997081
997082
997083
997084
997085
997086
997087
997088
997089
997090
997091
997092
997093
997094
997095
997096
997097
997098
997099
997101
997102
997315
997316
997317
997318
997319
997320
997321
997322
997323
997324
997325
997326
997327
997328
997329
997330
997331
997332
997333
997334
997335
997336
997337
997338
997339
997340
997341
997342
997343
997344
997345
997346
997347
997348
997349
997350
997351
997352
997353
997354
997355
997356
997357
997358
997359
997360
997361
997362
997363
997364
997365
997366
997367
997368
997369
997370
997371
997372
997373
997374
997375
997376
997377
997378
997379
997380
997381
997382
997383
997384
997385
997386
997387
997388
997389
997390
997391
997392
997393
997394
997395
997396
997397
997398
997400
997401
997614
997615
997616
997617
997618
997619
997620
997621
997622
997623
997624
997625
997626
997627
997628
997629
997630
997631
997632
997633
997634
997635
997636
997637
997638
997639
997640
997641
997642
997643
997644
997645
997646
997647
997648
997649
997650
997651
997652
997653
997654
997655
997656
997657
997658
997659
997660
997661
997662
997663
997664
997665
997666
997667
997668
997669
997670
997671
997672
997673
997674
997675
997676
997677
997678
997679
997680
997681
997682
997683
997684
997685
997686
997687
997688
997689
997690
997691
997692
997693
997694
997695
997696
997697
997699
997700
997913
997914
997915
997916
997917
997918
997919
997920
997921
997922
997923
997924
997925
997926
997927
997928
997929
997930
997931
997932
997933
997934
997935
997936
997937
997938
997939
997940
997941
997942
997943
997944
997945
997946
997947
997948
997949
997950
997951
997952
997953
997954
997955
997956
997957
997958
997959
997960
997961
997962
997963
997964
997965
997966
997967
997968
997969
997970
997971
997972
997973
997974
997975
997976
997977
997978
997979
997980
997981
997982
997983
997984
997985
997986
997987
997988
997989
997990
997991
997992
997993
997994
997995
997996
997998
997999
998212
998213
998214
998215
998216
998217
998218
998219
998220
998221
998222
998223
998224
998225
998226
998227
998228
998229
998230
998231
998232
998233
998234
998235
998236
998237
998238
998239
998240
998241
998242
998243
998244
998245
998246
998247
998248
998249
998250
998251
998252
998253
998254
998255
998256
998257
998258
998259
998260
998261
998262
998263
998264
998265
998266
998267
998268
998269
998270
998271
998272
998273
998274
998275
998276
998277
998278
998279
998280
998281
998282
998283
998284
998285
998286
998287
998288
998289
998290
998291
998292
998293
998294
998295
998297
998298
998511
998512
998513
998514
998515
998516
998517
998518
998519
998520
998521
998522
998523
998524
998525
998526
998527
998528
998529
998530
998531
998532
998533
998534
998535
998536
998537
998538
998539
998540
998541
998542
998543
998544
998545
998546
998547
998548
998549
998550
998551
998552
998553
998554
998555
998556
998557
998558
998559
998560
998561
998562
998563
998564
998565
998566
998567
998568
998569
998570
998571
998572
998573
998574
998575
998576
998577
998578
998579
998580
998581
998582
998583
998584
998585
998586
998587
998588
998589
998590
998591
998592
998593
998594
998596
998597
998810
998811
998812
998813
998814
998815
998816
998817
998818
998819
998820
998821
998822
998823
998824
998825
998826
998827
998828
998829
998830
998831
998832
998833
998834
998835
998836
998837
998838
998839
998840
998841
998842
998843
998844
998845
998846
998847
998848
998849
998850
998851
998852
998853
998854
998855
998856
998857
998858
998859
998860
998861
998862
998863
998864
998865
998866
998867
998868
998869
998870
998871
998872
998873
998874
998875
998876
998877
998878
998879
998880
998881
998882
998883
998884
998885
998886
998887
998888
998889
998890
998891
998892
998893
998895
998896
999109
999110
999111
999112
999113
999114
999115
999116
999117
999118
999119
999120
999121
999122
999123
999124
999125
999126
999127
999128
999129
999130
999131
999132
999133
999134
999135
999136
999137
999138
999139
999140
999141
999142
999143
999144
999145
999146
999147
999148
999149
999150
999151
999152
999153
999154
999155
999156
999157
999158
999159
999160
999161
999162
999163
999164
999165
999166
999167
999168
999169
999170
999171
999172
999173
999174
999175
999176
999177
999178
999179
999180
999181
999182
999183
999184
999185
999186
999187
999188
999189
999190
999191
999192
999194
999195
999408
999409
999410
999411
999412
999413
999414
999415
999416
999417
999418
999419
999420
999421
999422
999423
999424
999425
999426
999427
999428
999429
999430
999431
999432
999433
999434
999435
999436
999437
999438
999439
999440
999441
999442
999443
999444
999445
999446
999447
999448
999449
999450
999451
999452
999453
999454
999455
999456
999457
999458
999459
999460
999461
999462
999463
999464
999465
999466
999467
999468
999469
999470
999471
999472
999473
999474
999475
999476
999477
999478
999479
999480
999481
999482
999483
999484
999485
999486
999487
999488
999489
999490
999491
999493
999494
999707
999708
999709
999710
999711
999712
999713
999714
999715
999716
999717
999718
999719
999720
999721
999722
999723
999724
999725
999726
999727
999728
999729
999730
999731
999732
999733
999734
999735
999736
999737
999738
999739
999740
999741
999742
999743
999744
999745
999746
999747
999748
999749
999750
999751
999752
999753
999754
999755
999756
999757
999758
999759
999760
999761
999762
999763
999764
999765
999766
999767
999768
999769
999770
999771
999772
999773
999774
999775
999776
999777
999778
999779
999780
999781
999782
999783
999784
999785
999786
999787
999788
999789
999790
999792
999793
1000006
1000007
1000008
1000009
1000010
1000011
1000012
1000013
1000014
1000015
1000016
1000017
1000018
1000019
1000020
1000021
1000022
1000023
1000024
1000025
1000026
1000027
1000028
1000029
1000030
1000031
1000032
1000033
1000034
1000035
1000036
1000037
1000038
1000039
1000040
1000041
1000042
1000043
1000044
1000045
1000046
1000047
1000048
1000049
1000050
1000051
1000052
1000053
1000054
1000055
1000056
1000057
1000058
1000059
1000060
1000061
1000062
1000063
1000064
1000065
1000066
1000067
1000068
1000069
1000070
1000071
1000072
1000073
1000074
1000075
1000076
1000077
1000078
1000079
1000080
1000081
1000082
1000083
1000084
1000085
1000086
1000087
1000088
1000089
1000091
1000092
1000305
1000306
1000307
1000308
1000309
1000310
1000311
1000312
1000313
1000314
1000315
1000316
1000317
1000318
1000319
1000320
1000321
1000322
1000323
1000324
1000325
1000326
1000327
1000328
1000329
1000330
1000331
1000332
1000333
1000334
1000335
1000336
1000337
1000338
1000339
1000340
1000341
1000342
1000343
1000344
1000345
1000346
1000347
1000348
1000349
1000350
1000351
1000352
1000353
1000354
1000355
1000356
1000357
1000358
1000359
1000360
1000361
1000362
1000363
1000364
1000365
1000366
1000367
1000368
1000369
1000370
1000371
1000372
1000373
1000374
1000375
1000376
1000377
1000378
1000379
1000380
1000381
1000382
1000383
1000384
1000385
1000386
1000387
1000388
1000390
1000391
1000604
1000605
1000606
1000607
1000608
1000609
1000610
1000611
1000612
1000613
1000614
1000615
1000616
1000617
1000618
1000619
1000620
1000621
1000622
1000623
1000624
1000625
1000626
1000627
1000628
1000629
1000630
1000631
1000632
1000633
1000634
1000635
1000636
1000637
1000638
1000639
1000640
1000641
1000642
1000643
1000644
1000645
1000646
1000647
1000648
1000649
1000650
1000651
1000652
1000653
1000654
1000655
1000656
1000657
1000658
1000659
1000660
1000661
1000662
1000663
1000664
1000665
1000666
1000667
1000668
1000669
1000670
1000671
1000672
1000673
1000674
1000675
1000676
1000677
1000678
1000679
1000680
1000681
1000682
1000683
1000684
1000685
1000686
1000687
1000689
1000690
1000903
1000904
1000905
1000906
1000907
1000908
1000909
1000910
1000911
1000912
1000913
1000914
1000915
1000916
1000917
1000918
1000919
1000920
1000921
1000922
1000923
1000924
1000925
1000926
1000927
1000928
1000929
1000930
1000931
1000932
1000933
1000934
1000935
1000936
1000937
1000938
1000939
1000940
1000941
1000942
1000943
1000944
1000945
1000946
1000947
1000948
1000949
1000950
1000951
1000952
1000953
1000954
1000955
1000956
1000957
1000958
1000959
1000960
1000961
1000962
1000963
1000964
1000965
1000966
1000967
1000968
1000969
1000970
1000971
1000972
1000973
1000974
1000975
1000976
1000977
1000978
1000979
1000980
1000981
1000982
1000983
1000984
1000985
1000986
1000988
1000989
1001202
1001203
1001204
1001205
1001206
1001207
1001208
1001209
1001210
1001211
1001212
1001213
1001214
1001215
1001216
1001217
1001218
1001219
1001220
1001221
1001222
1001223
1001224
1001225
1001226
1001227
1001228
1001229
1001230
1001231
1001232
1001233
1001234
1001235
1001236
1001237
1001238
1001239
1001240
1001241
1001242
1001243
1001244
1001245
1001246
1001247
1001248
1001249
1001250
1001251
1001252
1001253
1001254
1001255
1001256
1001257
1001259
1001401
1001402
1001403
1001404
1001405
1001406
1001407
1001408
1001409
1001410
1001411
1001412
1001413
1001414
1001415
1001416
1001417
1001418
1001419
1001420
1001421
1001422
1001423
1001424
1001425
1001426
1001427
1001428
1001429
1001430
1001431
1001432
1001433
1001434
1001435
1001436
1001437
1001438
1001439
1001440
1001441
1001442
1001443
1001444
1001445
1001446
1001447
1001448
1001449
1001450
1001451
1001452
1001453
1001454
1001455
1001456
1001457
1001458
1001459
1001460
1001461
1001462
1001463
1001464
1001465
1001466
1001467
1001468
1001469
1001470
1001471
1001472
1001473
1001474
1001475
1001476
1001477
1001478
1001479
1001480
1001481
1001482
1001483
1001484
1001485
1001486
1001487
1001488
1001489
1001490
1001491
1001492
1001493
1001494
1001495
1001496
1001497
1001498
1001499
1001500
1001501
1001502
1001503
1001504
1001505
1001506
1001507
1001508
1001509
1001510
1001511
1001512
1001514
1001515
1001516
1001800
1001801
1001802
1001803
1001804
1001805
1001806
1001807
1001808
1001809
1001810
1001811
1001812
1001813
1001814
1001815
1001816
1001817
1001818
1001819
1001820
1001821
1001822
1001823
1001824
1001825
1001826
1001827
1001828
1001829
1001830
1001831
1001832
1001833
1001834
1001835
1001836
1001837
1001838
1001839
1001840
1001841
1001842
1001843
1001844
1001845
1001846
1001847
1001848
1001849
1001850
1001851
1001852
1001853
1001854
1001855
1001856
1001857
1001858
1001859
1001860
1001861
1001862
1001863
1001864
1001865
1001866
1001867
1001868
1001869
1001870
1001871
1001872
1001873
1001874
1001875
1001876
1001877
1001878
1001879
1001880
1001881
1001882
1001883
1001885
1001886
1002099
1002100
1002101
1002102
1002103
1002104
1002105
1002106
1002107
1002108
1002109
1002110
1002111
1002112
1002113
1002114
1002115
1002116
1002117
1002118
1002119
1002120
1002121
1002122
1002123
1002124
1002125
1002126
1002127
1002128
1002129
1002130
1002131
1002132
1002133
1002134
1002135
1002136
1002137
1002138
1002139
1002140
1002141
1002142
1002143
1002144
1002145
1002146
1002147
1002148
1002149
1002150
1002151
1002152
1002153
1002154
1002155
1002156
1002157
1002158
1002159
1002160
1002161
1002162
1002163
1002164
1002165
1002166
1002167
1002168
1002169
1002170
1002171
1002172
1002173
1002174
1002175
1002176
1002177
1002178
1002179
1002180
1002181
1002182
1002184
1002185
1002398
1002399
1002400
1002401
1002402
1002403
1002404
1002405
1002406
1002407
1002408
1002409
1002410
1002411
1002412
1002413
1002414
1002415
1002416
1002417
1002418
1002419
1002420
1002421
1002422
1002423
1002424
1002425
1002426
1002427
1002428
1002429
1002430
1002431
1002432
1002433
1002434
1002435
1002436
1002437
1002438
1002439
1002440
1002441
1002442
1002443
1002444
1002445
1002446
1002447
1002448
1002449
1002450
1002451
1002452
1002453
1002454
1002455
1002456
1002457
1002458
1002459
1002460
1002461
1002462
1002463
1002464
1002465
1002466
1002467
1002468
1002469
1002470
1002471
1002472
1002473
1002474
1002475
1002476
1002477
1002478
1002479
1002480
1002481
1002483
1002484
1002697
1002698
1002699
1002700
1002701
1002702
1002703
1002704
1002705
1002706
1002707
1002708
1002709
1002710
1002711
1002712
1002713
1002714
1002715
1002716
1002717
1002718
1002719
1002720
1002721
1002722
1002723
1002724
1002725
1002726
1002727
1002728
1002729
1002730
1002731
1002732
1002733
1002734
1002735
1002736
1002737
1002738
1002739
1002740
1002741
1002742
1002743
1002744
1002745
1002746
1002747
1002748
1002749
1002750
1002751
1002752
1002753
1002754
1002755
1002756
1002757
1002758
1002759
1002760
1002761
1002762
1002763
1002764
1002765
1002766
1002767
1002768
1002769
1002770
1002771
1002772
1002773
1002774
1002775
1002776
1002777
1002778
1002779
1002780
1002782
1002783
1002996
1002997
1002998
1002999
1003000
1003001
1003002
1003003
1003004
1003005
1003006
1003007
1003008
1003009
1003010
1003011
1003012
1003013
1003014
1003015
1003016
1003017
1003018
1003019
1003020
1003021
1003022
1003023
1003024
1003025
1003026
1003027
1003028
1003029
1003030
1003031
1003032
1003033
1003034
1003035
1003036
1003037
1003038
1003039
1003040
1003041
1003042
1003043
1003044
1003045
1003046
1003047
1003048
1003049
1003050
1003051
1003052
1003053
1003054
1003055
1003056
1003057
1003058
1003059
1003060
1003061
1003062
1003063
1003064
1003065
1003066
1003067
1003068
1003069
1003070
1003071
1003072
1003073
1003074
1003075
1003076
1003077
1003078
1003079
1003081
1003082
1003295
1003296
1003297
1003298
1003299
1003300
1003301
1003302
1003303
1003304
1003305
1003306
1003307
1003308
1003309
1003310
1003311
1003312
1003313
1003314
1003315
1003316
1003317
1003318
1003319
1003320
1003321
1003322
1003323
1003324
1003325
1003326
1003327
1003328
1003329
1003330
1003331
1003332
1003333
1003334
1003335
1003336
1003337
1003338
1003339
1003340
1003341
1003342
1003343
1003344
1003345
1003346
1003347
1003348
1003349
1003350
1003351
1003352
1003353
1003354
1003355
1003356
1003357
1003358
1003359
1003360
1003361
1003362
1003363
1003364
1003365
1003366
1003367
1003368
1003369
1003370
1003371
1003372
1003373
1003374
1003375
1003376
1003377
1003378
1003380
1003381
1003594
1003595
1003596
1003597
1003598
1003599
1003600
1003601
1003602
1003603
1003604
1003605
1003606
1003607
1003608
1003609
1003610
1003611
1003612
1003613
1003614
1003615
1003616
1003617
1003618
1003619
1003620
1003621
1003622
1003623
1003624
1003625
1003626
1003627
1003628
1003629
1003630
1003631
1003632
1003633
1003634
1003635
1003636
1003637
1003638
1003639
1003640
1003641
1003642
1003643
1003644
1003645
1003646
1003647
1003648
1003649
1003650
1003651
1003652
1003653
1003654
1003655
1003656
1003657
1003658
1003659
1003660
1003661
1003662
1003663
1003664
1003665
1003666
1003667
1003668
1003669
1003670
1003671
1003672
1003673
1003674
1003675
1003676
1003677
1003679
1003680
1003893
1003894
1003895
1003896
1003897
1003898
1003899
1003900
1003901
1003902
1003903
1003904
1003905
1003906
1003907
1003908
1003909
1003910
1003911
1003912
1003913
1003914
1003915
1003916
1003917
1003918
1003919
1003920
1003921
1003922
1003923
1003924
1003925
1003926
1003927
1003928
1003929
1003930
1003931
1003932
1003933
1003934
1003935
1003936
1003937
1003938
1003939
1003940
1003941
1003942
1003943
1003944
1003945
1003946
1003947
1003948
1003949
1003950
1003951
1003952
1003953
1003954
1003955
1003956
1003957
1003958
1003959
1003960
1003961
1003962
1003963
1003964
1003965
1003966
1003967
1003968
1003969
1003970
1003971
1003972
1003973
1003974
1003975
1003976
1003978
1003979
1004192
1004193
1004194
1004195
1004196
1004197
1004198
1004199
1004200
1004201
1004202
1004203
1004204
1004205
1004206
1004207
1004208
1004209
1004210
1004211
1004212
1004213
1004214
1004215
1004216
1004217
1004218
1004219
1004220
1004221
1004222
1004223
1004224
1004225
1004226
1004227
1004228
1004229
1004230
1004231
1004232
1004233
1004234
1004235
1004236
1004237
1004238
1004239
1004240
1004241
1004242
1004243
1004244
1004245
1004246
1004247
1004248
1004249
1004250
1004251
1004252
1004253
1004254
1004255
1004256
1004257
1004258
1004259
1004260
1004261
1004262
1004263
1004264
1004265
1004266
1004267
1004268
1004269
1004270
1004271
1004272
1004273
1004274
1004275
1004277
1004278
1004491
1004492
1004493
1004494
1004495
1004496
1004497
1004498
1004499
1004500
1004501
1004502
1004503
1004504
1004505
1004506
1004507
1004508
1004509
1004510
1004511
1004512
1004513
1004514
1004515
1004516
1004517
1004518
1004519
1004520
1004521
1004522
1004523
1004524
1004525
1004526
1004527
1004528
1004529
1004530
1004531
1004532
1004533
1004534
1004535
1004536
1004537
1004538
1004539
1004540
1004541
1004542
1004543
1004544
1004545
1004546
1004547
1004548
1004549
1004550
1004551
1004552
1004553
1004554
1004555
1004556
1004557
1004558
1004559
1004560
1004561
1004562
1004563
1004564
1004565
1004566
1004567
1004568
1004569
1004570
1004571
1004572
1004573
1004574
1004576
1004577
1004790
1004791
1004792
1004793
1004794
1004795
1004796
1004797
1004798
1004799
1004800
1004801
1004802
1004803
1004804
1004805
1004806
1004807
1004808
1004809
1004810
1004811
1004812
1004813
1004814
1004815
1004816
1004817
1004818
1004819
1004820
1004821
1004822
1004823
1004824
1004825
1004826
1004827
1004828
1004829
1004830
1004831
1004832
1004833
1004834
1004835
1004836
1004837
1004838
1004839
1004840
1004841
1004842
1004843
1004844
1004845
1004846
1004847
1004848
1004849
1004850
1004851
1004852
1004853
1004854
1004855
1004856
1004857
1004858
1004859
1004860
1004861
1004862
1004863
1004864
1004865
1004866
1004867
1004868
1004869
1004870
1004871
1004872
1004873
1004875
1004876
1005089
1005090
1005091
1005092
1005093
1005094
1005095
1005096
1005097
1005098
1005099
1005100
1005101
1005102
1005103
1005104
1005105
1005106
1005107
1005108
1005109
1005110
1005111
1005112
1005113
1005114
1005115
1005116
1005117
1005118
1005119
1005120
1005121
1005122
1005123
1005124
1005125
1005126
1005127
1005128
1005129
1005130
1005131
1005132
1005133
1005134
1005135
1005136
1005137
1005138
1005139
1005140
1005141
1005142
1005143
1005144
1005145
1005146
1005147
1005148
1005149
1005150
1005151
1005152
1005153
1005154
1005155
1005156
1005157
1005158
1005159
1005160
1005161
1005162
1005163
1005164
1005165
1005166
1005167
1005168
1005169
1005170
1005171
1005172
1005174
1005175
1005388
1005389
1005390
1005391
1005392
1005393
1005394
1005395
1005396
1005397
1005398
1005399
1005400
1005401
1005402
1005403
1005404
1005405
1005406
1005407
1005408
1005409
1005410
1005411
1005412
1005413
1005414
1005415
1005416
1005417
1005418
1005419
1005420
1005421
1005422
1005423
1005424
1005425
1005426
1005427
1005428
1005429
1005430
1005431
1005432
1005433
1005434
1005435
1005436
1005437
1005438
1005439
1005440
1005441
1005442
1005443
1005444
1005445
1005446
1005447
1005448
1005449
1005450
1005451
1005452
1005453
1005454
1005455
1005456
1005457
1005458
1005459
1005460
1005461
1005462
1005463
1005464
1005465
1005466
1005467
1005468
1005469
1005470
1005471
1005473
1005474
1005687
1005688
1005689
1005690
1005691
1005692
1005693
1005694
1005695
1005696
1005697
1005698
1005699
1005700
1005701
1005702
1005703
1005704
1005705
1005706
1005707
1005708
1005709
1005710
1005711
1005712
1005713
1005714
1005715
1005716
1005717
1005718
1005719
1005720
1005721
1005722
1005723
1005724
1005725
1005726
1005727
1005728
1005729
1005730
1005731
1005732
1005733
1005734
1005735
1005736
1005737
1005738
1005739
1005740
1005741
1005742
1005743
1005744
1005745
1005746
1005747
1005748
1005749
1005750
1005751
1005752
1005753
1005754
1005755
1005756
1005757
1005758
1005759
1005760
1005761
1005762
1005763
1005764
1005765
1005766
1005767
1005768
1005769
1005770
1005772
1005773
1005986
1005987
1005988
1005989
1005990
1005991
1005992
1005993
1005994
1005995
1005996
1005997
1005998
1005999
1006000
1006001
1006002
1006003
1006004
1006005
1006006
1006007
1006008
1006009
1006010
1006011
1006012
1006013
1006014
1006015
1006016
1006017
1006018
1006019
1006020
1006021
1006022
1006023
1006024
1006025
1006026
1006027
1006028
1006029
1006030
1006031
1006032
1006033
1006034
1006035
1006036
1006037
1006038
1006039
1006040
1006041
1006042
1006043
1006044
1006045
1006046
1006047
1006048
1006049
1006050
1006051
1006052
1006053
1006054
1006055
1006056
1006057
1006058
1006059
1006060
1006061
1006062
1006063
1006064
1006065
1006066
1006067
1006068
1006069
1006071
1006072
1006285
1006286
1006287
1006288
1006289
1006290
1006291
1006292
1006293
1006294
1006295
1006296
1006297
1006298
1006299
1006300
1006301
1006302
1006303
1006304
1006305
1006306
1006307
1006308
1006309
1006310
1006311
1006312
1006313
1006314
1006315
1006316
1006317
1006318
1006319
1006320
1006321
1006322
1006323
1006324
1006325
1006326
1006327
1006328
1006329
1006330
1006331
1006332
1006333
1006334
1006335
1006336
1006337
1006338
1006339
1006340
1006341
1006342
1006343
1006344
1006345
1006346
1006347
1006348
1006349
1006350
1006351
1006352
1006353
1006354
1006355
1006356
1006357
1006358
1006359
1006360
1006361
1006362
1006363
1006364
1006365
1006366
1006367
1006368
1006370
1006371
1006584
1006585
1006586
1006587
1006588
1006589
1006590
1006591
1006592
1006593
1006594
1006595
1006596
1006597
1006598
1006599
1006600
1006601
1006602
1006603
1006604
1006605
1006606
1006607
1006608
1006609
1006610
1006611
1006612
1006613
1006614
1006615
1006616
1006617
1006618
1006619
1006620
1006621
1006622
1006623
1006624
1006625
1006626
1006627
1006628
1006629
1006630
1006631
1006632
1006633
1006634
1006635
1006636
1006637
1006638
1006639
1006640
1006641
1006642
1006643
1006644
1006645
1006646
1006647
1006648
1006649
1006650
1006651
1006652
1006653
1006654
1006655
1006656
1006657
1006658
1006659
1006660
1006661
1006662
1006663
1006664
1006665
1006666
1006667
1006669
1006670
1006883
1006884
1006885
1006886
1006887
1006888
1006889
1006890
1006891
1006892
1006893
1006894
1006895
1006896
1006897
1006898
1006899
1006900
1006901
1006902
1006903
1006904
1006905
1006906
1006907
1006908
1006909
1006910
1006911
1006912
1006913
1006914
1006915
1006916
1006917
1006918
1006919
1006920
1006921
1006922
1006923
1006924
1006925
1006926
1006927
1006928
1006929
1006930
1006931
1006932
1006933
1006934
1006935
1006936
1006937
1006938
1006939
1006940
1006941
1006942
1006943
1006944
1006945
1006946
1006947
1006948
1006949
1006950
1006951
1006952
1006953
1006954
1006955
1006956
1006957
1006958
1006959
1006960
1006961
1006962
1006963
1006964
1006965
1006966
1006968
1006969
1007182
1007183
1007184
1007185
1007186
1007187
1007188
1007189
1007190
1007191
1007192
1007193
1007194
1007195
1007196
1007197
1007198
1007199
1007200
1007201
1007202
1007203
1007204
1007205
1007206
1007207
1007208
1007209
1007210
1007211
1007212
1007213
1007214
1007215
1007216
1007217
1007218
1007219
1007220
1007221
1007222
1007223
1007224
1007225
1007226
1007227
1007228
1007229
1007230
1007231
1007232
1007233
1007234
1007235
1007236
1007237
1007238
1007239
1007240
1007241
1007242
1007243
1007244
1007245
1007246
1007247
1007248
1007249
1007250
1007251
1007252
1007253
1007254
1007255
1007256
1007257
1007258
1007259
1007260
1007261
1007262
1007263
1007264
1007265
1007267
1007268
1007481
1007482
1007483
1007484
1007485
1007486
1007487
1007488
1007489
1007490
1007491
1007492
1007493
1007494
1007495
1007496
1007497
1007498
1007499
1007500
1007501
1007502
1007503
1007504
1007505
1007506
1007507
1007508
1007509
1007510
1007511
1007512
1007513
1007514
1007515
1007516
1007517
1007518
1007519
1007520
1007521
1007522
1007523
1007524
1007525
1007526
1007527
1007528
1007529
1007530
1007531
1007532
1007533
1007534
1007535
1007536
1007537
1007538
1007539
1007540
1007541
1007542
1007543
1007544
1007545
1007546
1007547
1007548
1007549
1007550
1007551
1007552
1007553
1007554
1007555
1007556
1007557
1007558
1007559
1007560
1007561
1007562
1007563
1007564
1007566
1007567
1007780
1007781
1007782
1007783
1007784
1007785
1007786
1007787
1007788
1007789
1007790
1007791
1007792
1007793
1007794
1007795
1007796
1007797
1007798
1007799
1007800
1007801
1007802
1007803
1007804
1007805
1007806
1007807
1007808
1007809
1007810
1007811
1007812
1007813
1007814
1007815
1007816
1007817
1007818
1007819
1007820
1007821
1007822
1007823
1007824
1007825
1007826
1007827
1007828
1007829
1007830
1007831
1007832
1007833
1007834
1007835
1007836
1007837
1007838
1007839
1007840
1007841
1007842
1007843
1007844
1007845
1007846
1007847
1007848
1007849
1007850
1007851
1007852
1007853
1007854
1007855
1007856
1007857
1007858
1007859
1007860
1007861
1007862
1007863
1007865
1007866
1008079
1008080
1008081
1008082
1008083
1008084
1008085
1008086
1008087
1008088
1008089
1008090
1008091
1008092
1008093
1008094
1008095
1008096
1008097
1008098
1008099
1008100
1008101
1008102
1008103
1008104
1008105
1008106
1008107
1008108
1008109
1008110
1008111
1008112
1008113
1008114
1008115
1008116
1008117
1008118
1008119
1008120
1008121
1008122
1008123
1008124
1008125
1008126
1008127
1008128
1008129
1008130
1008131
1008132
1008133
1008134
1008135
1008136
1008137
1008138
1008139
1008140
1008141
1008142
1008143
1008144
1008145
1008146
1008147
1008148
1008149
1008150
1008151
1008152
1008153
1008154
1008155
1008156
1008157
1008158
1008159
1008160
1008161
1008162
1008164
1008165
1008378
1008379
1008380
1008381
1008382
1008383
1008384
1008385
1008386
1008387
1008388
1008389
1008390
1008391
1008392
1008393
1008394
1008395
1008396
1008397
1008398
1008399
1008400
1008401
1008402
1008403
1008404
1008405
1008406
1008407
1008408
1008409
1008410
1008411
1008412
1008413
1008414
1008415
1008416
1008417
1008418
1008419
1008420
1008421
1008422
1008423
1008424
1008425
1008426
1008427
1008428
1008429
1008430
1008431
1008432
1008433
1008434
1008435
1008436
1008437
1008438
1008439
1008440
1008441
1008442
1008443
1008444
1008445
1008446
1008447
1008448
1008449
1008450
1008451
1008452
1008453
1008454
1008455
1008456
1008457
1008458
1008459
1008460
1008461
1008463
1008464
1008677
1008678
1008679
1008680
1008681
1008682
1008683
1008684
1008685
1008686
1008687
1008688
1008689
1008690
1008691
1008692
1008693
1008694
1008695
1008696
1008697
1008698
1008699
1008700
1008701
1008702
1008703
1008704
1008705
1008706
1008707
1008708
1008709
1008710
1008711
1008712
1008713
1008714
1008715
1008716
1008717
1008718
1008719
1008720
1008721
1008722
1008723
1008724
1008725
1008726
1008727
1008728
1008729
1008730
1008731
1008732
1008734
1008876
1008877
1008878
1008879
1008880
1008881
1008882
1008883
1008884
1008885
1008886
1008887
1008888
1008889
1008890
1008891
1008892
1008893
1008894
1008895
1008896
1008897
1008898
1008899
1008900
1008901
1008902
1008903
1008904
1008905
1008906
1008907
1008908
1008909
1008910
1008911
1008912
1008913
1008914
1008915
1008916
1008917
1008918
1008919
1008920
1008921
1008922
1008923
1008924
1008925
1008926
1008927
1008928
1008929
1008930
1008931
1008932
1008933
1008934
1008935
1008936
1008937
1008938
1008939
1008940
1008941
1008942
1008943
1008944
1008945
1008946
1008947
1008948
1008949
1008950
1008951
1008952
1008953
1008954
1008955
1008956
1008957
1008958
1008959
1008960
1008961
1008962
1008963
1008964
1008965
1008966
1008967
1008968
1008969
1008970
1008971
1008972
1008973
1008974
1008975
1008976
1008977
1008978
1008979
1008980
1008981
1008982
1008983
1008984
1008985
1008986
1008987
1008989
1008990
1008991
1009275
1009276
1009277
1009278
1009279
1009280
1009281
1009282
1009283
1009284
1009285
1009286
1009287
1009288
1009289
1009290
1009291
1009292
1009293
1009294
1009295
1009296
1009297
1009298
1009299
1009300
1009301
1009302
1009303
1009304
1009305
1009306
1009307
1009308
1009309
1009310
1009311
1009312
1009313
1009314
1009315
1009316
1009317
1009318
1009319
1009320
1009321
1009322
1009323
1009324
1009325
1009326
1009327
1009328
1009329
1009330
1009331
1009332
1009333
1009334
1009335
1009336
1009337
1009338
1009339
1009340
1009341
1009342
1009343
1009344
1009345
1009346
1009347
1009348
1009349
1009350
1009351
1009352
1009353
1009354
1009355
1009356
1009357
1009358
1009360
1009361
1009574
1009575
1009576
1009577
1009578
1009579
1009580
1009581
1009582
1009583
1009584
1009585
1009586
1009587
1009588
1009589
1009590
1009591
1009592
1009593
1009594
1009595
1009596
1009597
1009598
1009599
1009600
1009601
1009602
1009603
1009604
1009605
1009606
1009607
1009608
1009609
1009610
1009611
1009612
1009613
1009614
1009615
1009616
1009617
1009618
1009619
1009620
1009621
1009622
1009623
1009624
1009625
1009626
1009627
1009628
1009629
1009630
1009631
1009632
1009633
1009634
1009635
1009636
1009637
1009638
1009639
1009640
1009641
1009642
1009643
1009644
1009645
1009646
1009647
1009648
1009649
1009650
1009651
1009652
1009653
1009654
1009655
1009656
1009657
1009659
1009660
1009873
1009874
1009875
1009876
1009877
1009878
1009879
1009880
1009881
1009882
1009883
1009884
1009885
1009886
1009887
1009888
1009889
1009890
1009891
1009892
1009893
1009894
1009895
1009896
1009897
1009898
1009899
1009900
1009901
1009902
1009903
1009904
1009905
1009906
1009907
1009908
1009909
1009910
1009911
1009912
1009913
1009914
1009915
1009916
1009917
1009918
1009919
1009920
1009921
1009922
1009923
1009924
1009925
1009926
1009927
1009928
1009929
1009930
1009931
1009932
1009933
1009934
1009935
1009936
1009937
1009938
1009939
1009940
1009941
1009942
1009943
1009944
1009945
1009946
1009947
1009948
1009949
1009950
1009951
1009952
1009953
1009954
1009955
1009956
1009958
1009959
1010172
1010173
1010174
1010175
1010176
1010177
1010178
1010179
1010180
1010181
1010182
1010183
1010184
1010185
1010186
1010187
1010188
1010189
1010190
1010191
1010192
1010193
1010194
1010195
1010196
1010197
1010198
1010199
1010200
1010201
1010202
1010203
1010204
1010205
1010206
1010207
1010208
1010209
1010210
1010211
1010212
1010213
1010214
1010215
1010216
1010217
1010218
1010219
1010220
1010221
1010222
1010223
1010224
1010225
1010226
1010227
1010228
1010229
1010230
1010231
1010232
1010233
1010234
1010235
1010236
1010237
1010238
1010239
1010240
1010241
1010242
1010243
1010244
1010245
1010246
1010247
1010248
1010249
1010250
1010251
1010252
1010253
1010254
1010255
1010257
1010258
1010471
1010472
1010473
1010474
1010475
1010476
1010477
1010478
1010479
1010480
1010481
1010482
1010483
1010484
1010485
1010486
1010487
1010488
1010489
1010490
1010491
1010492
1010493
1010494
1010495
1010496
1010497
1010498
1010499
1010500
1010501
1010502
1010503
1010504
1010505
1010506
1010507
1010508
1010509
1010510
1010511
1010512
1010513
1010514
1010515
1010516
1010517
1010518
1010519
1010520
1010521
1010522
1010523
1010524
1010525
1010526
1010527
1010528
1010529
1010530
1010531
1010532
1010533
1010534
1010535
1010536
1010537
1010538
1010539
1010540
1010541
1010542
1010543
1010544
1010545
1010546
1010547
1010548
1010549
1010550
1010551
1010552
1010553
1010554
1010556
1010557
1010770
1010771
1010772
1010773
1010774
1010775
1010776
1010777
1010778
1010779
1010780
1010781
1010782
1010783
1010784
1010785
1010786
1010787
1010788
1010789
1010790
1010791
1010792
1010793
1010794
1010795
1010796
1010797
1010798
1010799
1010800
1010801
1010802
1010803
1010804
1010805
1010806
1010807
1010808
1010809
1010810
1010811
1010812
1010813
1010814
1010815
1010816
1010817
1010818
1010819
1010820
1010821
1010822
1010823
1010824
1010825
1010826
1010827
1010828
1010829
1010830
1010831
1010832
1010833
1010834
1010835
1010836
1010837
1010838
1010839
1010840
1010841
1010842
1010843
1010844
1010845
1010846
1010847
1010848
1010849
1010850
1010851
1010852
1010853
1010855
1010856
1011069
1011070
1011071
1011072
1011073
1011074
1011075
1011076
1011077
1011078
1011079
1011080
1011081
1011082
1011083
1011084
1011085
1011086
1011087
1011088
1011089
1011090
1011091
1011092
1011093
1011094
1011095
1011096
1011097
1011098
1011099
1011100
1011101
1011102
1011103
1011104
1011105
1011106
1011107
1011108
1011109
1011110
1011111
1011112
1011113
1011114
1011115
1011116
1011117
1011118
1011119
1011120
1011121
1011122
1011123
1011124
1011125
1011126
1011127
1011128
1011129
1011130
1011131
1011132
1011133
1011134
1011135
1011136
1011137
1011138
1011139
1011140
1011141
1011142
1011143
1011144
1011145
1011146
1011147
1011148
1011149
1011150
1011151
1011152
1011154
1011155
1011368
1011369
1011370
1011371
1011372
1011373
1011374
1011375
1011376
1011377
1011378
1011379
1011380
1011381
1011382
1011383
1011384
1011385
1011386
1011387
1011388
1011389
1011390
1011391
1011392
1011393
1011394
1011395
1011396
1011397
1011398
1011399
1011400
1011401
1011402
1011403
1011404
1011405
1011406
1011407
1011408
1011409
1011410
1011411
1011412
1011413
1011414
1011415
1011416
1011417
1011418
1011419
1011420
1011421
1011422
1011423
1011424
1011425
1011426
1011427
1011428
1011429
1011430
1011431
1011432
1011433
1011434
1011435
1011436
1011437
1011438
1011439
1011440
1011441
1011442
1011443
1011444
1011445
1011446
1011447
1011448
1011449
1011450
1011451
1011453
1011454
1011667
1011668
1011669
1011670
1011671
1011672
1011673
1011674
1011675
1011676
1011677
1011678
1011679
1011680
1011681
1011682
1011683
1011684
1011685
1011686
1011687
1011688
1011689
1011690
1011691
1011692
1011693
1011694
1011695
1011696
1011697
1011698
1011699
1011700
1011701
1011702
1011703
1011704
1011705
1011706
1011707
1011708
1011709
1011710
1011711
1011712
1011713
1011714
1011715
1011716
1011717
1011718
1011719
1011720
1011721
1011722
1011723
1011724
1011725
1011726
1011727
1011728
1011729
1011730
1011731
1011732
1011733
1011734
1011735
1011736
1011737
1011738
1011739
1011740
1011741
1011742
1011743
1011744
1011745
1011746
1011747
1011748
1011749
1011750
1011752
1011753
1011966
1011967
1011968
1011969
1011970
1011971
1011972
1011973
1011974
1011975
1011976
1011977
1011978
1011979
1011980
1011981
1011982
1011983
1011984
1011985
1011986
1011987
1011988
1011989
1011990
1011991
1011992
1011993
1011994
1011995
1011996
1011997
1011998
1011999
1012000
1012001
1012002
1012003
1012004
1012005
1012006
1012007
1012008
1012009
1012010
1012011
1012012
1012013
1012014
1012015
1012016
1012017
1012018
1012019
1012020
1012021
1012022
1012023
1012024
1012025
1012026
1012027
1012028
1012029
1012030
1012031
1012032
1012033
1012034
1012035
1012036
1012037
1012038
1012039
1012040
1012041
1012042
1012043
1012044
1012045
1012046
1012047
1012048
1012049
1012051
1012052
1012265
1012266
1012267
1012268
1012269
1012270
1012271
1012272
1012273
1012274
1012275
1012276
1012277
1012278
1012279
1012280
1012281
1012282
1012283
1012284
1012285
1012286
1012287
1012288
1012289
1012290
1012291
1012292
1012293
1012294
1012295
1012296
1012297
1012298
1012299
1012300
1012301
1012302
1012303
1012304
1012305
1012306
1012307
1012308
1012309
1012310
1012311
1012312
1012313
1012314
1012315
1012316
1012317
1012318
1012319
1012320
1012321
1012322
1012323
1012324
1012325
1012326
1012327
1012328
1012329
1012330
1012331
1012332
1012333
1012334
1012335
1012336
1012337
1012338
1012339
1012340
1012341
1012342
1012343
1012344
1012345
1012346
1012347
1012348
1012350
1012351
1012564
1012565
1012566
1012567
1012568
1012569
1012570
1012571
1012572
1012573
1012574
1012575
1012576
1012577
1012578
1012579
1012580
1012581
1012582
1012583
1012584
1012585
1012586
1012587
1012588
1012589
1012590
1012591
1012592
1012593
1012594
1012595
1012596
1012597
1012598
1012599
1012600
1012601
1012602
1012603
1012604
1012605
1012606
1012607
1012608
1012609
1012610
1012611
1012612
1012613
1012614
1012615
1012616
1012617
1012618
1012619
1012620
1012621
1012622
1012623
1012624
1012625
1012626
1012627
1012628
1012629
1012630
1012631
1012632
1012633
1012634
1012635
1012636
1012637
1012638
1012639
1012640
1012641
1012642
1012643
1012644
1012645
1012646
1012647
1012649
1012650
1012863
1012864
1012865
1012866
1012867
1012868
1012869
1012870
1012871
1012872
1012873
1012874
1012875
1012876
1012877
1012878
1012879
1012880
1012881
1012882
1012883
1012884
1012885
1012886
1012887
1012888
1012889
1012890
1012891
1012892
1012893
1012894
1012895
1012896
1012897
1012898
1012899
1012900
1012901
1012902
1012903
1012904
1012905
1012906
1012907
1012908
1012909
1012910
1012911
1012912
1012913
1012914
1012915
1012916
1012917
1012918
1012919
1012920
1012921
1012922
1012923
1012924
1012925
1012926
1012927
1012928
1012929
1012930
1012931
1012932
1012933
1012934
1012935
1012936
1012937
1012938
1012939
1012940
1012941
1012942
1012943
1012944
1012945
1012946
1012948
1012949
1013162
1013163
1013164
1013165
1013166
1013167
1013168
1013169
1013170
1013171
1013172
1013173
1013174
1013175
1013176
1013177
1013178
1013179
1013180
1013181
1013182
1013183
1013184
1013185
1013186
1013187
1013188
1013189
1013190
1013191
1013192
1013193
1013194
1013195
1013196
1013197
1013198
1013199
1013200
1013201
1013202
1013203
1013204
1013205
1013206
1013207
1013208
1013209
1013210
1013211
1013212
1013213
1013214
1013215
1013216
1013217
1013218
1013219
1013220
1013221
1013222
1013223
1013224
1013225
1013226
1013227
1013228
1013229
1013230
1013231
1013232
1013233
1013234
1013235
1013236
1013237
1013238
1013239
1013240
1013241
1013242
1013243
1013244
1013245
1013247
1013248
1013461
1013462
1013463
1013464
1013465
1013466
1013467
1013468
1013469
1013470
1013471
1013472
1013473
1013474
1013475
1013476
1013477
1013478
1013479
1013480
1013481
1013482
1013483
1013484
1013485
1013486
1013487
1013488
1013489
1013490
1013491
1013492
1013493
1013494
1013495
1013496
1013497
1013498
1013499
1013500
1013501
1013502
1013503
1013504
1013505
1013506
1013507
1013508
1013509
1013510
1013511
1013512
1013513
1013514
1013515
1013516
1013517
1013518
1013519
1013520
1013521
1013522
1013523
1013524
1013525
1013526
1013527
1013528
1013529
1013530
1013531
1013532
1013533
1013534
1013535
1013536
1013537
1013538
1013539
1013540
1013541
1013542
1013543
1013544
1013546
1013547
1013760
1013761
1013762
1013763
1013764
1013765
1013766
1013767
1013768
1013769
1013770
1013771
1013772
1013773
1013774
1013775
1013776
1013777
1013778
1013779
1013780
1013781
1013782
1013783
1013784
1013785
1013786
1013787
1013788
1013789
1013790
1013791
1013792
1013793
1013794
1013795
1013796
1013797
1013798
1013799
1013800
1013801
1013802
1013803
1013804
1013805
1013806
1013807
1013808
1013809
1013810
1013811
1013812
1013813
1013814
1013815
1013816
1013817
1013818
1013819
1013820
1013821
1013822
1013823
1013824
1013825
1013826
1013827
1013828
1013829
1013830
1013831
1013832
1013833
1013834
1013835
1013836
1013837
1013838
1013839
1013840
1013841
1013842
1013843
1013845
1013846
1014059
1014060
1014061
1014062
1014063
1014064
1014065
1014066
1014067
1014068
1014069
1014070
1014071
1014072
1014073
1014074
1014075
1014076
1014077
1014078
1014079
1014080
1014081
1014082
1014083
1014084
1014085
1014086
1014087
1014088
1014089
1014090
1014091
1014092
1014093
1014094
1014095
1014096
1014097
1014098
1014099
1014100
1014101
1014102
1014103
1014104
1014105
1014106
1014107
1014108
1014109
1014110
1014111
1014112
1014113
1014114
1014115
1014116
1014117
1014118
1014119
1014120
1014121
1014122
1014123
1014124
1014125
1014126
1014127
1014128
1014129
1014130
1014131
1014132
1014133
1014134
1014135
1014136
1014137
1014138
1014139
1014140
1014141
1014142
1014144
1014145
1014358
1014359
1014360
1014361
1014362
1014363
1014364
1014365
1014366
1014367
1014368
1014369
1014370
1014371
1014372
1014373
1014374
1014375
1014376
1014377
1014378
1014379
1014380
1014381
1014382
1014383
1014384
1014385
1014386
1014387
1014388
1014389
1014390
1014391
1014392
1014393
1014394
1014395
1014396
1014397
1014398
1014399
1014400
1014401
1014402
1014403
1014404
1014405
1014406
1014407
1014408
1014409
1014410
1014411
1014412
1014413
1014414
1014415
1014416
1014417
1014418
1014419
1014420
1014421
1014422
1014423
1014424
1014425
1014426
1014427
1014428
1014429
1014430
1014431
1014432
1014433
1014434
1014435
1014436
1014437
1014438
1014439
1014440
1014441
1014443
1014444
1014657
1014658
1014659
1014660
1014661
1014662
1014663
1014664
1014665
1014666
1014667
1014668
1014669
1014670
1014671
1014672
1014673
1014674
1014675
1014676
1014677
1014678
1014679
1014680
1014681
1014682
1014683
1014684
1014685
1014686
1014687
1014688
1014689
1014690
1014691
1014692
1014693
1014694
1014695
1014696
1014697
1014698
1014699
1014700
1014701
1014702
1014703
1014704
1014705
1014706
1014707
1014708
1014709
1014710
1014711
1014712
1014713
1014714
1014715
1014716
1014717
1014718
1014719
1014720
1014721
1014722
1014723
1014724
1014725
1014726
1014727
1014728
1014729
1014730
1014731
1014732
1014733
1014734
1014735
1014736
1014737
1014738
1014739
1014740
1014742
1014743
1014956
1014957
1014958
1014959
1014960
1014961
1014962
1014963
1014964
1014965
1014966
1014967
1014968
1014969
1014970
1014971
1014972
1014973
1014974
1014975
1014976
1014977
1014978
1014979
1014980
1014981
1014982
1014983
1014984
1014985
1014986
1014987
1014988
1014989
1014990
1014991
1014992
1014993
1014994
1014995
1014996
1014997
1014998
1014999
1015000
1015001
1015002
1015003
1015004
1015005
1015006
1015007
1015008
1015009
1015010
1015011
1015012
1015013
1015014
1015015
1015016
1015017
1015018
1015019
1015020
1015021
1015022
1015023
1015024
1015025
1015026
1015027
1015028
1015029
1015030
1015031
1015032
1015033
1015034
1015035
1015036
1015037
1015038
1015039
1015041
1015042
1015255
1015256
1015257
1015258
1015259
1015260
1015261
1015262
1015263
1015264
1015265
1015266
1015267
1015268
1015269
1015270
1015271
1015272
1015273
1015274
1015275
1015276
1015277
1015278
1015279
1015280
1015281
1015282
1015283
1015284
1015285
1015286
1015287
1015288
1015289
1015290
1015291
1015292
1015293
1015294
1015295
1015296
1015297
1015298
1015299
1015300
1015301
1015302
1015303
1015304
1015305
1015306
1015307
1015308
1015309
1015310
1015311
1015312
1015313
1015314
1015315
1015316
1015317
1015318
1015319
1015320
1015321
1015322
1015323
1015324
1015325
1015326
1015327
1015328
1015329
1015330
1015331
1015332
1015333
1015334
1015335
1015336
1015337
1015338
1015340
1015341
1015554
1015555
1015556
1015557
1015558
1015559
1015560
1015561
1015562
1015563
1015564
1015565
1015566
1015567
1015568
1015569
1015570
1015571
1015572
1015573
1015574
1015575
1015576
1015577
1015578
1015579
1015580
1015581
1015582
1015583
1015584
1015585
1015586
1015587
1015588
1015589
1015590
1015591
1015592
1015593
1015594
1015595
1015596
1015597
1015598
1015599
1015600
1015601
1015602
1015603
1015604
1015605
1015606
1015607
1015608
1015609
1015610
1015611
1015612
1015613
1015614
1015615
1015616
1015617
1015618
1015619
1015620
1015621
1015622
1015623
1015624
1015625
1015626
1015627
1015628
1015629
1015630
1015631
1015632
1015633
1015634
1015635
1015636
1015637
1015639
1015640
1015853
1015854
1015855
1015856
1015857
1015858
1015859
1015860
1015861
1015862
1015863
1015864
1015865
1015866
1015867
1015868
1015869
1015870
1015871
1015872
1015873
1015874
1015875
1015876
1015877
1015878
1015879
1015880
1015881
1015882
1015883
1015884
1015885
1015886
1015887
1015888
1015889
1015890
1015891
1015892
1015893
1015894
1015895
1015896
1015897
1015898
1015899
1015900
1015901
1015902
1015903
1015904
1015905
1015906
1015907
1015908
1015909
1015910
1015911
1015912
1015913
1015914
1015915
1015916
1015917
1015918
1015919
1015920
1015921
1015922
1015923
1015924
1015925
1015926
1015927
1015928
1015929
1015930
1015931
1015932
1015933
1015934
1015935
1015936
1015938
1015939
1016152
1016153
1016154
1016155
1016156
1016157
1016158
1016159
1016160
1016161
1016162
1016163
1016164
1016165
1016166
1016167
1016168
1016169
1016170
1016171
1016172
1016173
1016174
1016175
1016176
1016177
1016178
1016179
1016180
1016181
1016182
1016183
1016184
1016185
1016186
1016187
1016188
1016189
1016190
1016191
1016192
1016193
1016194
1016195
1016196
1016197
1016198
1016199
1016200
1016201
1016202
1016203
1016204
1016205
1016206
1016207
1016209
1016351
1016352
1016353
1016354
1016355
1016356
1016357
1016358
1016359
1016360
1016361
1016362
1016363
1016364
1016365
1016366
1016367
1016368
1016369
1016370
1016371
1016372
1016373
1016374
1016375
1016376
1016377
1016378
1016379
1016380
1016381
1016382
1016383
1016384
1016385
1016386
1016387
1016388
1016389
1016390
1016391
1016392
1016393
1016394
1016395
1016396
1016397
1016398
1016399
1016400
1016401
1016402
1016403
1016404
1016405
1016406
1016407
1016408
1016409
1016410
1016411
1016412
1016413
1016414
1016415
1016416
1016417
1016418
1016419
1016420
1016421
1016422
1016423
1016424
1016425
1016426
1016427
1016428
1016429
1016430
1016431
1016432
1016433
1016434
1016435
1016436
1016437
1016438
1016439
1016440
1016441
1016442
1016443
1016444
1016445
1016446
1016447
1016448
1016449
1016450
1016451
1016452
1016453
1016454
1016455
1016456
1016457
1016458
1016459
1016460
1016461
1016462
1016464
1016465
1016466
1016750
1016751
1016752
1016753
1016754
1016755
1016756
1016757
1016758
1016759
1016760
1016761
1016762
1016763
1016764
1016765
1016766
1016767
1016768
1016769
1016770
1016771
1016772
1016773
1016774
1016775
1016776
1016777
1016778
1016779
1016780
1016781
1016782
1016783
1016784
1016785
1016786
1016787
1016788
1016789
1016790
1016791
1016792
1016793
1016794
1016795
1016796
1016797
1016798
1016799
1016800
1016801
1016802
1016803
1016804
1016805
1016806
1016807
1016808
1016809
1016810
1016811
1016812
1016813
1016814
1016815
1016816
1016817
1016818
1016819
1016820
1016821
1016822
1016823
1016824
1016825
1016826
1016827
1016828
1016829
1016830
1016831
1016832
1016833
1016835
1016836
1017049
1017050
1017051
1017052
1017053
1017054
1017055
1017056
1017057
1017058
1017059
1017060
1017061
1017062
1017063
1017064
1017065
1017066
1017067
1017068
1017069
1017070
1017071
1017072
1017073
1017074
1017075
1017076
1017077
1017078
1017079
1017080
1017081
1017082
1017083
1017084
1017085
1017086
1017087
1017088
1017089
1017090
1017091
1017092
1017093
1017094
1017095
1017096
1017097
1017098
1017099
1017100
1017101
1017102
1017103
1017104
1017105
1017106
1017107
1017108
1017109
1017110
1017111
1017112
1017113
1017114
1017115
1017116
1017117
1017118
1017119
1017120
1017121
1017122
1017123
1017124
1017125
1017126
1017127
1017128
1017129
1017130
1017131
1017132
1017134
1017135
1017348
1017349
1017350
1017351
1017352
1017353
1017354
1017355
1017356
1017357
1017358
1017359
1017360
1017361
1017362
1017363
1017364
1017365
1017366
1017367
1017368
1017369
1017370
1017371
1017372
1017373
1017374
1017375
1017376
1017377
1017378
1017379
1017380
1017381
1017382
1017383
1017384
1017385
1017386
1017387
1017388
1017389
1017390
1017391
1017392
1017393
1017394
1017395
1017396
1017397
1017398
1017399
1017400
1017401
1017402
1017403
1017404
1017405
1017406
1017407
1017408
1017409
1017410
1017411
1017412
1017413
1017414
1017415
1017416
1017417
1017418
1017419
1017420
1017421
1017422
1017423
1017424
1017425
1017426
1017427
1017428
1017429
1017430
1017431
1017433
1017434
1017647
1017648
1017649
1017650
1017651
1017652
1017653
1017654
1017655
1017656
1017657
1017658
1017659
1017660
1017661
1017662
1017663
1017664
1017665
1017666
1017667
1017668
1017669
1017670
1017671
1017672
1017673
1017674
1017675
1017676
1017677
1017678
1017679
1017680
1017681
1017682
1017683
1017684
1017685
1017686
1017687
1017688
1017689
1017690
1017691
1017692
1017693
1017694
1017695
1017696
1017697
1017698
1017699
1017700
1017701
1017702
1017703
1017704
1017705
1017706
1017707
1017708
1017709
1017710
1017711
1017712
1017713
1017714
1017715
1017716
1017717
1017718
1017719
1017720
1017721
1017722
1017723
1017724
1017725
1017726
1017727
1017728
1017729
1017730
1017732
1017733
1017946
1017947
1017948
1017949
1017950
1017951
1017952
1017953
1017954
1017955
1017956
1017957
1017958
1017959
1017960
1017961
1017962
1017963
1017964
1017965
1017966
1017967
1017968
1017969
1017970
1017971
1017972
1017973
1017974
1017975
1017976
1017977
1017978
1017979
1017980
1017981
1017982
1017983
1017984
1017985
1017986
1017987
1017988
1017989
1017990
1017991
1017992
1017993
1017994
1017995
1017996
1017997
1017998
1017999
1018000
1018001
1018002
1018003
1018004
1018005
1018006
1018007
1018008
1018009
1018010
1018011
1018012
1018013
1018014
1018015
1018016
1018017
1018018
1018019
1018020
1018021
1018022
1018023
1018024
1018025
1018026
1018027
1018028
1018029
1018031
1018032
1018245
1018246
1018247
1018248
1018249
1018250
1018251
1018252
1018253
1018254
1018255
1018256
1018257
1018258
1018259
1018260
1018261
1018262
1018263
1018264
1018265
1018266
1018267
1018268
1018269
1018270
1018271
1018272
1018273
1018274
1018275
1018276
1018277
1018278
1018279
1018280
1018281
1018282
1018283
1018284
1018285
1018286
1018287
1018288
1018289
1018290
1018291
1018292
1018293
1018294
1018295
1018296
1018297
1018298
1018299
1018300
1018301
1018302
1018303
1018304
1018305
1018306
1018307
1018308
1018309
1018310
1018311
1018312
1018313
1018314
1018315
1018316
1018317
1018318
1018319
1018320
1018321
1018322
1018323
1018324
1018325
1018326
1018327
1018328
1018330
1018331
1018544
1018545
1018546
1018547
1018548
1018549
1018550
1018551
1018552
1018553
1018554
1018555
1018556
1018557
1018558
1018559
1018560
1018561
1018562
1018563
1018564
1018565
1018566
1018567
1018568
1018569
1018570
1018571
1018572
1018573
1018574
1018575
1018576
1018577
1018578
1018579
1018580
1018581
1018582
1018583
1018584
1018585
1018586
1018587
1018588
1018589
1018590
1018591
1018592
1018593
1018594
1018595
1018596
1018597
1018598
1018599
1018600
1018601
1018602
1018603
1018604
1018605
1018606
1018607
1018608
1018609
1018610
1018611
1018612
1018613
1018614
1018615
1018616
1018617
1018618
1018619
1018620
1018621
1018622
1018623
1018624
1018625
1018626
1018627
1018629
1018630
1018843
1018844
1018845
1018846
1018847
1018848
1018849
1018850
1018851
1018852
1018853
1018854
1018855
1018856
1018857
1018858
1018859
1018860
1018861
1018862
1018863
1018864
1018865
1018866
1018867
1018868
1018869
1018870
1018871
1018872
1018873
1018874
1018875
1018876
1018877
1018878
1018879
1018880
1018881
1018882
1018883
1018884
1018885
1018886
1018887
1018888
1018889
1018890
1018891
1018892
1018893
1018894
1018895
1018896
1018897
1018898
1018899
1018900
1018901
1018902
1018903
1018904
1018905
1018906
1018907
1018908
1018909
1018910
1018911
1018912
1018913
1018914
1018915
1018916
1018917
1018918
1018919
1018920
1018921
1018922
1018923
1018924
1018925
1018926
1018928
1018929
1019142
1019143
1019144
1019145
1019146
1019147
1019148
1019149
1019150
1019151
1019152
1019153
1019154
1019155
1019156
1019157
1019158
1019159
1019160
1019161
1019162
1019163
1019164
1019165
1019166
1019167
1019168
1019169
1019170
1019171
1019172
1019173
1019174
1019175
1019176
1019177
1019178
1019179
1019180
1019181
1019182
1019183
1019184
1019185
1019186
1019187
1019188
1019189
1019190
1019191
1019192
1019193
1019194
1019195
1019196
1019197
1019198
1019199
1019200
1019201
1019202
1019203
1019204
1019205
1019206
1019207
1019208
1019209
1019210
1019211
1019212
1019213
1019214
1019215
1019216
1019217
1019218
1019219
1019220
1019221
1019222
1019223
1019224
1019225
1019227
1019228
1019441
1019442
1019443
1019444
1019445
1019446
1019447
1019448
1019449
1019450
1019451
1019452
1019453
1019454
1019455
1019456
1019457
1019458
1019459
1019460
1019461
1019462
1019463
1019464
1019465
1019466
1019467
1019468
1019469
1019470
1019471
1019472
1019473
1019474
1019475
1019476
1019477
1019478
1019479
1019480
1019481
1019482
1019483
1019484
1019485
1019486
1019487
1019488
1019489
1019490
1019491
1019492
1019493
1019494
1019495
1019496
1019497
1019498
1019499
1019500
1019501
1019502
1019503
1019504
1019505
1019506
1019507
1019508
1019509
1019510
1019511
1019512
1019513
1019514
1019515
1019516
1019517
1019518
1019519
1019520
1019521
1019522
1019523
1019524
1019526
1019527
1019740
1019741
1019742
1019743
1019744
1019745
1019746
1019747
1019748
1019749
1019750
1019751
1019752
1019753
1019754
1019755
1019756
1019757
1019758
1019759
1019760
1019761
1019762
1019763
1019764
1019765
1019766
1019767
1019768
1019769
1019770
1019771
1019772
1019773
1019774
1019775
1019776
1019777
1019778
1019779
1019780
1019781
1019782
1019783
1019784
1019785
1019786
1019787
1019788
1019789
1019790
1019791
1019792
1019793
1019794
1019795
1019796
1019797
1019798
1019799
1019800
1019801
1019802
1019803
1019804
1019805
1019806
1019807
1019808
1019809
1019810
1019811
1019812
1019813
1019814
1019815
1019816
1019817
1019818
1019819
1019820
1019821
1019822
1019823
1019825
1019826
1020039
1020040
1020041
1020042
1020043
1020044
1020045
1020046
1020047
1020048
1020049
1020050
1020051
1020052
1020053
1020054
1020055
1020056
1020057
1020058
1020059
1020060
1020061
1020062
1020063
1020064
1020065
1020066
1020067
1020068
1020069
1020070
1020071
1020072
1020073
1020074
1020075
1020076
1020077
1020078
1020079
1020080
1020081
1020082
1020083
1020084
1020085
1020086
1020087
1020088
1020089
1020090
1020091
1020092
1020093
1020094
1020095
1020096
1020097
1020098
1020099
1020100
1020101
1020102
1020103
1020104
1020105
1020106
1020107
1020108
1020109
1020110
1020111
1020112
1020113
1020114
1020115
1020116
1020117
1020118
1020119
1020120
1020121
1020122
1020124
1020125
1020338
1020339
1020340
1020341
1020342
1020343
1020344
1020345
1020346
1020347
1020348
1020349
1020350
1020351
1020352
1020353
1020354
1020355
1020356
1020357
1020358
1020359
1020360
1020361
1020362
1020363
1020364
1020365
1020366
1020367
1020368
1020369
1020370
1020371
1020372
1020373
1020374
1020375
1020376
1020377
1020378
1020379
1020380
1020381
1020382
1020383
1020384
1020385
1020386
1020387
1020388
1020389
1020390
1020391
1020392
1020393
1020394
1020395
1020396
1020397
1020398
1020399
1020400
1020401
1020402
1020403
1020404
1020405
1020406
1020407
1020408
1020409
1020410
1020411
1020412
1020413
1020414
1020415
1020416
1020417
1020418
1020419
1020420
1020421
1020423
1020424
1020637
1020638
1020639
1020640
1020641
1020642
1020643
1020644
1020645
1020646
1020647
1020648
1020649
1020650
1020651
1020652
1020653
1020654
1020655
1020656
1020657
1020658
1020659
1020660
1020661
1020662
1020663
1020664
1020665
1020666
1020667
1020668
1020669
1020670
1020671
1020672
1020673
1020674
1020675
1020676
1020677
1020678
1020679
1020680
1020681
1020682
1020683
1020684
1020685
1020686
1020687
1020688
1020689
1020690
1020691
1020692
1020693
1020694
1020695
1020696
1020697
1020698
1020699
1020700
1020701
1020702
1020703
1020704
1020705
1020706
1020707
1020708
1020709
1020710
1020711
1020712
1020713
1020714
1020715
1020716
1020717
1020718
1020719
1020720
1020722
1020723
1020936
1020937
1020938
1020939
1020940
1020941
1020942
1020943
1020944
1020945
1020946
1020947
1020948
1020949
1020950
1020951
1020952
1020953
1020954
1020955
1020956
1020957
1020958
1020959
1020960
1020961
1020962
1020963
1020964
1020965
1020966
1020967
1020968
1020969
1020970
1020971
1020972
1020973
1020974
1020975
1020976
1020977
1020978
1020979
1020980
1020981
1020982
1020983
1020984
1020985
1020986
1020987
1020988
1020989
1020990
1020991
1020992
1020993
1020994
1020995
1020996
1020997
1020998
1020999
1021000
1021001
1021002
1021003
1021004
1021005
1021006
1021007
1021008
1021009
1021010
1021011
1021012
1021013
1021014
1021015
1021016
1021017
1021018
1021019
1021021
1021022
1021235
1021236
1021237
1021238
1021239
1021240
1021241
1021242
1021243
1021244
1021245
1021246
1021247
1021248
1021249
1021250
1021251
1021252
1021253
1021254
1021255
1021256
1021257
1021258
1021259
1021260
1021261
1021262
1021263
1021264
1021265
1021266
1021267
1021268
1021269
1021270
1021271
1021272
1021273
1021274
1021275
1021276
1021277
1021278
1021279
1021280
1021281
1021282
1021283
1021284
1021285
1021286
1021287
1021288
1021289
1021290
1021291
1021292
1021293
1021294
1021295
1021296
1021297
1021298
1021299
1021300
1021301
1021302
1021303
1021304
1021305
1021306
1021307
1021308
1021309
1021310
1021311
1021312
1021313
1021314
1021315
1021316
1021317
1021318
1021320
1021321
1021534
1021535
1021536
1021537
1021538
1021539
1021540
1021541
1021542
1021543
1021544
1021545
1021546
1021547
1021548
1021549
1021550
1021551
1021552
1021553
1021554
1021555
1021556
1021557
1021558
1021559
1021560
1021561
1021562
1021563
1021564
1021565
1021566
1021567
1021568
1021569
1021570
1021571
1021572
1021573
1021574
1021575
1021576
1021577
1021578
1021579
1021580
1021581
1021582
1021583
1021584
1021585
1021586
1021587
1021588
1021589
1021590
1021591
1021592
1021593
1021594
1021595
1021596
1021597
1021598
1021599
1021600
1021601
1021602
1021603
1021604
1021605
1021606
1021607
1021608
1021609
1021610
1021611
1021612
1021613
1021614
1021615
1021616
1021617
1021619
1021620
1021833
1021834
1021835
1021836
1021837
1021838
1021839
1021840
1021841
1021842
1021843
1021844
1021845
1021846
1021847
1021848
1021849
1021850
1021851
1021852
1021853
1021854
1021855
1021856
1021857
1021858
1021859
1021860
1021861
1021862
1021863
1021864
1021865
1021866
1021867
1021868
1021869
1021870
1021871
1021872
1021873
1021874
1021875
1021876
1021877
1021878
1021879
1021880
1021881
1021882
1021883
1021884
1021885
1021886
1021887
1021888
1021889
1021890
1021891
1021892
1021893
1021894
1021895
1021896
1021897
1021898
1021899
1021900
1021901
1021902
1021903
1021904
1021905
1021906
1021907
1021908
1021909
1021910
1021911
1021912
1021913
1021914
1021915
1021916
1021918
1021919
1022132
1022133
1022134
1022135
1022136
1022137
1022138
1022139
1022140
1022141
1022142
1022143
1022144
1022145
1022146
1022147
1022148
1022149
1022150
1022151
1022152
1022153
1022154
1022155
1022156
1022157
1022158
1022159
1022160
1022161
1022162
1022163
1022164
1022165
1022166
1022167
1022168
1022169
1022170
1022171
1022172
1022173
1022174
1022175
1022176
1022177
1022178
1022179
1022180
1022181
1022182
1022183
1022184
1022185
1022186
1022187
1022188
1022189
1022190
1022191
1022192
1022193
1022194
1022195
1022196
1022197
1022198
1022199
1022200
1022201
1022202
1022203
1022204
1022205
1022206
1022207
1022208
1022209
1022210
1022211
1022212
1022213
1022214
1022215
1022217
1022218
1022431
1022432
1022433
1022434
1022435
1022436
1022437
1022438
1022439
1022440
1022441
1022442
1022443
1022444
1022445
1022446
1022447
1022448
1022449
1022450
1022451
1022452
1022453
1022454
1022455
1022456
1022457
1022458
1022459
1022460
1022461
1022462
1022463
1022464
1022465
1022466
1022467
1022468
1022469
1022470
1022471
1022472
1022473
1022474
1022475
1022476
1022477
1022478
1022479
1022480
1022481
1022482
1022483
1022484
1022485
1022486
1022487
1022488
1022489
1022490
1022491
1022492
1022493
1022494
1022495
1022496
1022497
1022498
1022499
1022500
1022501
1022502
1022503
1022504
1022505
1022506
1022507
1022508
1022509
1022510
1022511
1022512
1022513
1022514
1022516
1022517
1022730
1022731
1022732
1022733
1022734
1022735
1022736
1022737
1022738
1022739
1022740
1022741
1022742
1022743
1022744
1022745
1022746
1022747
1022748
1022749
1022750
1022751
1022752
1022753
1022754
1022755
1022756
1022757
1022758
1022759
1022760
1022761
1022762
1022763
1022764
1022765
1022766
1022767
1022768
1022769
1022770
1022771
1022772
1022773
1022774
1022775
1022776
1022777
1022778
1022779
1022780
1022781
1022782
1022783
1022784
1022785
1022786
1022787
1022788
1022789
1022790
1022791
1022792
1022793
1022794
1022795
1022796
1022797
1022798
1022799
1022800
1022801
1022802
1022803
1022804
1022805
1022806
1022807
1022808
1022809
1022810
1022811
1022812
1022813
1022815
1022816
1023029
1023030
1023031
1023032
1023033
1023034
1023035
1023036
1023037
1023038
1023039
1023040
1023041
1023042
1023043
1023044
1023045
1023046
1023047
1023048
1023049
1023050
1023051
1023052
1023053
1023054
1023055
1023056
1023057
1023058
1023059
1023060
1023061
1023062
1023063
1023064
1023065
1023066
1023067
1023068
1023069
1023070
1023071
1023072
1023073
1023074
1023075
1023076
1023077
1023078
1023079
1023080
1023081
1023082
1023083
1023084
1023085
1023086
1023087
1023088
1023089
1023090
1023091
1023092
1023093
1023094
1023095
1023096
1023097
1023098
1023099
1023100
1023101
1023102
1023103
1023104
1023105
1023106
1023107
1023108
1023109
1023110
1023111
1023112
1023114
1023115
1023328
1023329
1023330
1023331
1023332
1023333
1023334
1023335
1023336
1023337
1023338
1023339
1023340
1023341
1023342
1023343
1023344
1023345
1023346
1023347
1023348
1023349
1023350
1023351
1023352
1023353
1023354
1023355
1023356
1023357
1023358
1023359
1023360
1023361
1023362
1023363
1023364
1023365
1023366
1023367
1023368
1023369
1023370
1023371
1023372
1023373
1023374
1023375
1023376
1023377
1023378
1023379
1023380
1023381
1023382
1023383
1023384
1023385
1023386
1023387
1023388
1023389
1023390
1023391
1023392
1023393
1023394
1023395
1023396
1023397
1023398
1023399
1023400
1023401
1023402
1023403
1023404
1023405
1023406
1023407
1023408
1023409
1023410
1023411
1023413
1023414
1023627
1023628
1023629
1023630
1023631
1023632
1023633
1023634
1023635
1023636
1023637
1023638
1023639
1023640
1023641
1023642
1023643
1023644
1023645
1023646
1023647
1023648
1023649
1023650
1023651
1023652
1023653
1023654
1023655
1023656
1023657
1023658
1023659
1023660
1023661
1023662
1023663
1023664
1023665
1023666
1023667
1023668
1023669
1023670
1023671
1023672
1023673
1023674
1023675
1023676
1023677
1023678
1023679
1023680
1023681
1023682
1023684
1023826
1023827
1023828
1023829
1023830
1023831
1023832
1023833
1023834
1023835
1023836
1023837
1023838
1023839
1023840
1023841
1023842
1023843
1023844
1023845
1023846
1023847
1023848
1023849
1023850
1023851
1023852
1023853
1023854
1023855
1023856
1023857
1023858
1023859
1023860
1023861
1023862
1023863
1023864
1023865
1023866
1023867
1023868
1023869
1023870
1023871
1023872
1023873
1023874
1023875
1023876
1023877
1023878
1023879
1023880
1023881
1023882
1023883
1023884
1023885
1023886
1023887
1023888
1023889
1023890
1023891
1023892
1023893
1023894
1023895
1023896
1023897
1023898
1023899
1023900
1023901
1023902
1023903
1023904
1023905
1023906
1023907
1023908
1023909
1023911
1023912
1024125
1024126
1024127
1024128
1024129
1024130
1024131
1024132
1024133
1024134
1024135
1024136
1024137
1024138
1024139
1024140
1024141
1024142
1024143
1024144
1024145
1024146
1024147
1024148
1024149
1024150
1024151
1024152
1024153
1024154
1024155
1024156
1024157
1024158
1024159
1024160
1024161
1024162
1024163
1024164
1024165
1024166
1024167
1024168
1024169
1024170
1024171
1024172
1024173
1024174
1024175
1024176
1024177
1024178
1024179
1024180
1024182
1024324
1024325
1024326
1024327
1024328
1024329
1024330
1024331
1024332
1024333
1024334
1024335
1024336
1024337
1024338
1024339
1024340
1024341
1024342
1024343
1024344
1024345
1024346
1024347
1024348
1024349
1024350
1024351
1024352
1024353
1024354
1024355
1024356
1024357
1024358
1024359
1024360
1024361
1024362
1024363
1024364
1024365
1024366
1024367
1024368
1024369
1024370
1024371
1024372
1024373
1024374
1024375
1024376
1024377
1024378
1024379
1024381
1024523
1024524
1024525
1024526
1024527
1024528
1024529
1024530
1024531
1024532
1024533
1024534
1024535
1024536
1024537
1024538
1024539
1024540
1024541
1024542
1024543
1024544
1024545
1024546
1024547
1024548
1024549
1024550
1024551
1024552
1024553
1024554
1024555
1024556
1024557
1024558
1024559
1024560
1024561
1024562
1024563
1024564
1024565
1024566
1024567
1024568
1024569
1024570
1024571
1024572
1024573
1024574
1024575
1024576
1024577
1024578
1024580
1024722
1024723
1024724
1024725
1024726
1024727
1024728
1024729
1024730
1024731
1024732
1024733
1024734
1024735
1024736
1024737
1024738
1024739
1024740
1024741
1024742
1024743
1024744
1024745
1024746
1024747
1024748
1024749
1024750
1024751
1024752
1024753
1024754
1024755
1024756
1024757
1024758
1024759
1024760
1024761
1024762
1024763
1024764
1024765
1024766
1024767
1024768
1024769
1024770
1024771
1024772
1024773
1024774
1024775
1024776
1024777
1024779
1024921
1024922
1024923
1024924
1024925
1024926
1024927
1024928
1024929
1024930
1024931
1024932
1024933
1024934
1024935
1024936
1024937
1024938
1024939
1024940
1024941
1024942
1024943
1024944
1024945
1024946
1024947
1024948
1024949
1024950
1024951
1024952
1024953
1024954
1024955
1024956
1024957
1024958
1024959
1024960
1024961
1024962
1024963
1024964
1024965
1024966
1024967
1024968
1024969
1024970
1024971
1024972
1024973
1024974
1024975
1024976
1024978
1025120
1025121
1025122
1025123
1025124
1025125
1025126
1025127
1025128
1025129
1025130
1025131
1025132
1025133
1025134
1025135
1025136
1025137
1025138
1025139
1025140
1025141
1025142
1025143
1025144
1025145
1025146
1025147
1025148
1025149
1025150
1025151
1025152
1025153
1025154
1025155
1025156
1025157
1025158
1025159
1025160
1025161
1025162
1025163
1025164
1025165
1025166
1025167
1025168
1025169
1025170
1025171
1025172
1025173
1025174
1025175
1025177
1025319
1025320
1025321
1025322
1025323
1025324
1025325
1025326
1025327
1025328
1025329
1025330
1025331
1025332
1025333
1025334
1025335
1025336
1025337
1025338
1025339
1025340
1025341
1025342
1025343
1025344
1025345
1025346
1025347
1025348
1025349
1025350
1025351
1025352
1025353
1025354
1025355
1025356
1025357
1025358
1025359
1025360
1025361
1025362
1025363
1025364
1025365
1025366
1025367
1025368
1025369
1025370
1025371
1025372
1025373
1025374
1025376
1025518
1025519
1025520
1025521
1025522
1025523
1025524
1025525
1025526
1025527
1025528
1025529
1025530
1025531
1025532
1025533
1025534
1025535
1025536
1025537
1025538
1025539
1025540
1025541
1025542
1025543
1025544
1025545
1025546
1025547
1025548
1025549
1025550
1025551
1025552
1025553
1025554
1025555
1025556
1025557
1025558
1025559
1025560
1025561
1025562
1025563
1025564
1025565
1025566
1025567
1025568
1025569
1025570
1025571
1025572
1025573
1025575
1025717
1025718
1025719
1025720
1025721
1025722
1025723
1025724
1025725
1025726
1025727
1025728
1025729
1025730
1025731
1025732
1025733
1025734
1025735
1025736
1025737
1025738
1025739
1025740
1025741
1025742
1025743
1025744
1025745
1025746
1025747
1025748
1025749
1025750
1025751
1025752
1025753
1025754
1025755
1025756
1025757
1025758
1025759
1025760
1025761
1025762
1025763
1025764
1025765
1025766
1025767
1025768
1025769
1025770
1025771
1025772
1025774
1025916
1025917
1025918
1025919
1025920
1025921
1025922
1025923
1025924
1025925
1025926
1025927
1025928
1025929
1025930
1025931
1025932
1025933
1025934
1025935
1025936
1025937
1025938
1025939
1025940
1025941
1025942
1025943
1025944
1025945
1025946
1025947
1025948
1025949
1025950
1025951
1025952
1025953
1025954
1025955
1025956
1025957
1025958
1025959
1025960
1025961
1025962
1025963
1025964
1025965
1025966
1025967
1025968
1025969
1025970
1025971
1025973
1026115
1026116
1026117
1026118
1026119
1026120
1026121
1026122
1026123
1026124
1026125
1026126
1026127
1026128
1026129
1026130
1026131
1026132
1026133
1026134
1026135
1026136
1026137
1026138
1026139
1026140
1026141
1026142
1026143
1026144
1026145
1026146
1026147
1026148
1026149
1026150
1026151
1026152
1026153
1026154
1026155
1026156
1026157
1026158
1026159
1026160
1026161
1026162
1026163
1026164
1026165
1026166
1026167
1026168
1026169
1026170
1026172
1026314
1026315
1026316
1026317
1026318
1026319
1026320
1026321
1026322
1026323
1026324
1026325
1026326
1026327
1026328
1026329
1026330
1026331
1026332
1026333
1026334
1026335
1026336
1026337
1026338
1026339
1026340
1026341
1026342
1026343
1026344
1026345
1026346
1026347
1026348
1026349
1026350
1026351
1026352
1026353
1026354
1026355
1026356
1026357
1026358
1026359
1026360
1026361
1026362
1026363
1026364
1026365
1026366
1026367
1026368
1026369
1026371
1026513
1026514
1026515
1026516
1026517
1026518
1026519
1026520
1026521
1026522
1026523
1026524
1026525
1026526
1026527
1026528
1026529
1026530
1026531
1026532
1026533
1026534
1026535
1026536
1026537
1026538
1026539
1026540
1026541
1026542
1026543
1026544
1026545
1026546
1026547
1026548
1026549
1026550
1026551
1026552
1026553
1026554
1026555
1026556
1026557
1026558
1026559
1026560
1026561
1026562
1026563
1026564
1026565
1026566
1026567
1026568
1026570
1026712
1026713
1026714
1026715
1026716
1026717
1026718
1026719
1026720
1026721
1026722
1026723
1026724
1026725
1026726
1026727
1026728
1026729
1026730
1026731
1026732
1026733
1026734
1026735
1026736
1026737
1026738
1026739
1026740
1026741
1026742
1026743
1026744
1026745
1026746
1026747
1026748
1026749
1026750
1026751
1026752
1026753
1026754
1026755
1026756
1026757
1026758
1026759
1026760
1026761
1026762
1026763
1026764
1026765
1026766
1026767
1026769
1026911
1026912
1026913
1026914
1026915
1026916
1026917
1026918
1026919
1026920
1026921
1026922
1026923
1026924
1026925
1026926
1026927
1026928
1026929
1026930
1026931
1026932
1026933
1026934
1026935
1026936
1026937
1026938
1026939
1026940
1026941
1026942
1026943
1026944
1026945
1026946
1026947
1026948
1026949
1026950
1026951
1026952
1026953
1026954
1026955
1026956
1026957
1026958
1026959
1026960
1026961
1026962
1026963
1026964
1026965
1026966
1026968
1027110
1027111
1027112
1027113
1027114
1027115
1027116
1027117
1027118
1027119
1027120
1027121
1027122
1027123
1027124
1027125
1027126
1027127
1027128
1027129
1027130
1027131
1027132
1027133
1027134
1027135
1027136
1027137
1027138
1027139
1027140
1027141
1027142
1027143
1027144
1027145
1027146
1027147
1027148
1027149
1027150
1027151
1027152
1027153
1027154
1027155
1027156
1027157
1027158
1027159
1027160
1027161
1027162
1027163
1027164
1027165
1027167
1027309
1027310
1027311
1027312
1027313
1027314
1027315
1027316
1027317
1027318
1027319
1027320
1027321
1027322
1027323
1027324
1027325
1027326
1027327
1027328
1027329
1027330
1027331
1027332
1027333
1027334
1027335
1027336
1027337
1027338
1027339
1027340
1027341
1027342
1027343
1027344
1027345
1027346
1027347
1027348
1027349
1027350
1027351
1027352
1027353
1027354
1027355
1027356
1027357
1027358
1027359
1027360
1027361
1027362
1027363
1027364
1027366
1027508
1027509
1027510
1027511
1027512
1027513
1027514
1027515
1027516
1027517
1027518
1027519
1027520
1027521
1027522
1027523
1027524
1027525
1027526
1027527
1027528
1027529
1027530
1027531
1027532
1027533
1027534
1027535
1027536
1027537
1027538
1027539
1027540
1027541
1027542
1027543
1027544
1027545
1027546
1027547
1027548
1027549
1027550
1027551
1027552
1027553
1027554
1027555
1027556
1027557
1027558
1027559
1027560
1027561
1027562
1027563
1027565
1027707
1027708
1027709
1027710
1027711
1027712
1027713
1027714
1027715
1027716
1027717
1027718
1027719
1027720
1027721
1027722
1027723
1027724
1027725
1027726
1027727
1027728
1027729
1027730
1027731
1027732
1027733
1027734
1027735
1027736
1027737
1027738
1027739
1027740
1027741
1027742
1027743
1027744
1027745
1027746
1027747
1027748
1027749
1027750
1027751
1027752
1027753
1027754
1027755
1027756
1027757
1027758
1027759
1027760
1027761
1027762
1027764
1027906
1027907
1027908
1027909
1027910
1027911
1027912
1027913
1027914
1027915
1027916
1027917
1027918
1027919
1027920
1027921
1027922
1027923
1027924
1027925
1027926
1027927
1027928
1027929
1027930
1027931
1027932
1027933
1027934
1027935
1027936
1027937
1027938
1027939
1027940
1027941
1027942
1027943
1027944
1027945
1027946
1027947
1027948
1027949
1027950
1027951
1027952
1027953
1027954
1027955
1027956
1027957
1027958
1027959
1027960
1027961
1027963
1028105
1028106
1028107
1028108
1028109
1028110
1028111
1028112
1028113
1028114
1028115
1028116
1028117
1028118
1028119
1028120
1028121
1028122
1028123
1028124
1028125
1028126
1028127
1028128
1028129
1028130
1028131
1028132
1028133
1028134
1028135
1028136
1028137
1028138
1028139
1028140
1028141
1028142
1028143
1028144
1028145
1028146
1028147
1028148
1028149
1028150
1028151
1028152
1028153
1028154
1028155
1028156
1028157
1028158
1028159
1028160
1028162
1028304
1028305
1028306
1028307
1028308
1028309
1028310
1028311
1028312
1028313
1028314
1028315
1028316
1028317
1028318
1028319
1028320
1028321
1028322
1028323
1028324
1028325
1028326
1028327
1028328
1028329
1028330
1028331
1028332
1028333
1028334
1028335
1028336
1028337
1028338
1028339
1028340
1028341
1028342
1028343
1028344
1028345
1028346
1028347
1028348
1028349
1028350
1028351
1028352
1028353
1028354
1028355
1028356
1028357
1028358
1028359
1028361
1028503
1028504
1028505
1028506
1028507
1028508
1028509
1028510
1028511
1028512
1028513
1028514
1028515
1028516
1028517
1028518
1028519
1028520
1028521
1028522
1028523
1028524
1028525
1028526
1028527
1028528
1028529
1028530
1028531
1028532
1028533
1028534
1028535
1028536
1028537
1028538
1028539
1028540
1028541
1028542
1028543
1028544
1028545
1028546
1028547
1028548
1028549
1028550
1028551
1028552
1028553
1028554
1028555
1028556
1028557
1028558
1028560
1028702
1028703
1028704
1028705
1028706
1028707
1028708
1028709
1028710
1028711
1028712
1028713
1028714
1028715
1028716
1028717
1028718
1028719
1028720
1028721
1028722
1028723
1028724
1028725
1028726
1028727
1028728
1028729
1096147
1096148
1096149
1096150
1096151
1096152
1096153
1096154
1096155
1096156
1096157
1096158
1096159
1096160
1096161
1096162
1096163
1096164
1096165
1096166
1096167
1096168
1096169
1096170
1096171
1096172
1096173
1096174
1096175
1096176
1096177
1096178
1096179
1096180
1096181
1096182
1096184
1096185
1096447
1096448
1096449
1096450
1096451
1096452
1096453
1096454
1096455
1096456
1096457
1096458
1096459
1096460
1096461
1096462
1096463
1096464
1096465
1096466
1096467
1096468
1096469
1096470
1096471
1096472
1096473
1096474
1096475
1096476
1096477
1096478
1096479
1096480
1096481
1096482
1096484
1096485
1096747
1096748
1096749
1096750
1096751
1096752
1096753
1096754
1096755
1096756
1096757
1096758
1096759
1096760
1096761
1096762
1096763
1096764
1096765
1096766
1096767
1096768
1096769
1096770
1096771
1096772
1096773
1096774
1096775
1096776
1096777
1096778
1096779
1096780
1096781
1096782
1096783
1096784
1096785
1096786
1096787
1096788
1096790
1096791
1097047
1097048
1097049
1097050
1097051
1097052
1097053
1097054
1097055
1097056
1097057
1097058
1097059
1097060
1097061
1097062
1097063
1097064
1097065
1097066
1097067
1097068
1097069
1097070
1097071
1097072
1097073
1097074
1097075
1097076
1097077
1097078
1097079
1097080
1097081
1097082
1097083
1097084
1097085
1097086
1097087
1097088
1097090
1097091
1097347
1097349
1097350
1097352
1097353
1097354
1097355
1097356
1097357
1097358
1097359
1097360
1097361
1097362
1097363
1097364
1097365
1097366
1097367
1097368
1097369
1097370
1097371
1097372
1097373
1097374
1097375
1097376
1097377
1097378
1097379
1097380
1097381
1097382
1097383
1097384
1097385
1097386
1097387
1097388
1097390
1097391
1097636
1097637
1097638
1097639
1097640
1097641
1097642
1097643
1097644
1097645
1097646
1097647
1097648
1097649
1097650
1097651
1097652
1097653
1097654
1097655
1097656
1097657
1097658
1097659
1097661
1099147
1099148
1099149
1099150
1099151
1099152
1099153
1099154
1099155
1099156
1099157
1099158
1099159
1099160
1099161
1099162
1099163
1099164
1099165
1099166
1099167
1099168
1099169
1099170
1099171
1099172
1099173
1099174
1099175
1099176
1099177
1099178
1099179
1099180
1099181
1099182
1099184
1099185
1099447
1099448
1099449
1099450
1099451
1099452
1099453
1099454
1099455
1099456
1099457
1099458
1099459
1099460
1099461
1099462
1099463
1099464
1099465
1099466
1099467
1099468
1099469
1099470
1099471
1099472
1099473
1099474
1099475
1099476
1099477
1099478
1099479
1099480
1099481
1099482
1099484
1099485
1099747
1099748
1099749
1099750
1099751
1099752
1099753
1099754
1099755
1099756
1099757
1099758
1099759
1099760
1099761
1099762
1099763
1099764
1099765
1099766
1099767
1099768
1099769
1099770
1099771
1099772
1099773
1099774
1099775
1099776
1099777
1099778
1099779
1099780
1099781
1099782
1099783
1099784
1099785
1099786
1099787
1099788
1099790
1099791
1100047
1100048
1100049
1100050
1100051
1100052
1100053
1100054
1100055
1100056
1100057
1100058
1100059
1100060
1100061
1100062
1100063
1100064
1100065
1100066
1100067
1100068
1100069
1100070
1100071
1100072
1100073
1100074
1100075
1100076
1100077
1100078
1100079
1100080
1100081
1100082
1100083
1100084
1100085
1100086
1100087
1100088
1100090
1100091
1100347
1100348
1100349
1100350
1100351
1100352
1100353
1100354
1100355
1100356
1100357
1100358
1100359
1100360
1100361
1100362
1100363
1100364
1100365
1100366
1100367
1100368
1100369
1100370
1100371
1100372
1100373
1100374
1100375
1100376
1100377
1100378
1100379
1100380
1100381
1100382
1100383
1100384
1100385
1100386
1100387
1100388
1100390
1100391
1100632
1100633
1100634
1100635
1100636
1100637
1100638
1100639
1100640
1100641
1100642
1100643
1100644
1100645
1100646
1100647
1100648
1100649
1100650
1100651
1100652
1100653
1100654
1100655
1100656
1100657
1100658
1100659
1100661
1101501
1101502
1101503
1101504
1101505
1101506
1101507
1101508
1101509
1101510
1101511
1101512
1101513
1101514
1101515
1101516
1101517
1101518
1101519
1101520
1101521
1101522
1101523
1101524
1101525
1101526
1101527
1101528
1101529
1101530
1101531
1101532
1101533
1101534
1101535
1101536
1101537
1101538
1101539
1101540
1101542
1101543
1101801
1101802
1101803
1101804
1101805
1101806
1101807
1101808
1101809
1101810
1101811
1101812
1101813
1101814
1101815
1101816
1101817
1101818
1101819
1101820
1101821
1101822
1101823
1101824
1101825
1101826
1101827
1101828
1101829
1101830
1101831
1101832
1101833
1101834
1101835
1101836
1101837
1101838
1101839
1101840
1101841
1101842
1101843
1101845
1101846
1102101
1102102
1102103
1102104
1102105
1102106
1102107
1102108
1102109
1102110
1102111
1102112
1102113
1102114
1102115
1102116
1102117
1102118
1102119
1102120
1102121
1102122
1102123
1102124
1102125
1102126
1102127
1102128
1102129
1102130
1102131
1102132
1102133
1102134
1102135
1102136
1102137
1102138
1102139
1102140
1102141
1102142
1102143
1102144
1102145
1102146
1102147
1102148
1102149
1102150
1102151
1102152
1102153
1102154
1102155
1102156
1102157
1102158
1102159
1102160
1102161
1102162
1102163
1102164
1102165
1102166
1102167
1102168
1102169
1102170
1102171
1102172
1102173
1102174
1102175
1102176
1102177
1102178
1102179
1102180
1102181
1102182
1102184
1102185
1102401
1102402
1102403
1102404
1102405
1102406
1102407
1102408
1102409
1102410
1102411
1102412
1102413
1102414
1102415
1102416
1102417
1102418
1102419
1102420
1102421
1102422
1102423
1102424
1102425
1102426
1102427
1102428
1102429
1102430
1102431
1102432
1102433
1102434
1102435
1102436
1102437
1102438
1102439
1102440
1102441
1102442
1102443
1102444
1102445
1102446
1102447
1102448
1102449
1102450
1102451
1102452
1102453
1102454
1102455
1102456
1102457
1102458
1102459
1102460
1102461
1102462
1102463
1102464
1102465
1102466
1102467
1102468
1102469
1102470
1102471
1102472
1102473
1102474
1102475
1102476
1102477
1102478
1102479
1102480
1102481
1102482
1102484
1102485
1102701
1102702
1102703
1102704
1102705
1102706
1102707
1102708
1102709
1102710
1102711
1102712
1102713
1102714
1102715
1102716
1102717
1102718
1102719
1102720
1102721
1102722
1102723
1102724
1102725
1102726
1102727
1102728
1102729
1102730
1102731
1102732
1102733
1102734
1102735
1102736
1102737
1102738
1102739
1102740
1102741
1102742
1102743
1102744
1102745
1102746
1102747
1102748
1102749
1102750
1102751
1102752
1102753
1102754
1102755
1102756
1102757
1102758
1102759
1102760
1102761
1102762
1102763
1102764
1102765
1102766
1102767
1102768
1102769
1102770
1102771
1102772
1102773
1102774
1102775
1102776
1102777
1102778
1102779
1102780
1102781
1102782
1102783
1102784
1102785
1102786
1102787
1102788
1102790
1102791
1103001
1103002
1103003
1103004
1103005
1103006
1103007
1103008
1103009
1103010
1103011
1103012
1103013
1103014
1103015
1103016
1103017
1103018
1103019
1103020
1103021
1103022
1103023
1103024
1103025
1103026
1103027
1103028
1103029
1103030
1103031
1103032
1103033
1103034
1103035
1103036
1103037
1103038
1103039
1103040
1103041
1103042
1103043
1103044
1103045
1103046
1103047
1103048
1103049
1103050
1103051
1103052
1103053
1103054
1103055
1103056
1103057
1103058
1103059
1103060
1103061
1103062
1103063
1103064
1103065
1103066
1103067
1103068
1103069
1103070
1103071
1103072
1103073
1103074
1103075
1103076
1103077
1103078
1103079
1103080
1103081
1103082
1103083
1103084
1103085
1103086
1103087
1103088
1103090
1103091
1103301
1103302
1103303
1103304
1103305
1103306
1103307
1103308
1103309
1103310
1103311
1103312
1103313
1103314
1103315
1103316
1103317
1103318
1103319
1103320
1103321
1103322
1103323
1103324
1103325
1103326
1103327
1103328
1103329
1103330
1103331
1103332
1103333
1103334
1103335
1103336
1103337
1103338
1103339
1103340
1103341
1103342
1103343
1103344
1103345
1103346
1103347
1103348
1103349
1103350
1103351
1103352
1103353
1103354
1103355
1103356
1103357
1103358
1103359
1103360
1103361
1103362
1103363
1103364
1103365
1103366
1103367
1103368
1103369
1103370
1103371
1103372
1103373
1103374
1103375
1103376
1103377
1103378
1103379
1103380
1103381
1103382
1103383
1103384
1103385
1103386
1103387
1103388
1103390
1103391
1103601
1103602
1103604
1103605
1103606
1103607
1103608
1103609
1103610
1103611
1103612
1103613
1103614
1103615
1103616
1103617
1103618
1103619
1103620
1103621
1103622
1103623
1103624
1103625
1103626
1103627
1103628
1103629
1103630
1103631
1103632
1103633
1103634
1103635
1103636
1103637
1103638
1103639
1103640
1103641
1103642
1103643
1103644
1103645
1103646
1103647
1103648
1103649
1103650
1103651
1103652
1103653
1103654
1103655
1103656
1103657
1103658
1103659
1103661
1104501
1104502
1104503
1104504
1104505
1104506
1104507
1104508
1104509
1104510
1104511
1104512
1104513
1104514
1104515
1104516
1104517
1104518
1104519
1104520
1104521
1104522
1104523
1104524
1104525
1104526
1104527
1104528
1104529
1104530
1104531
1104532
1104533
1104534
1104535
1104536
1104537
1104538
1104539
1104540
1104542
1104543
1104801
1104802
1104803
1104804
1104805
1104806
1104807
1104808
1104809
1104810
1104811
1104812
1104813
1104814
1104815
1104816
1104817
1104818
1104819
1104820
1104821
1104822
1104823
1104824
1104825
1104826
1104827
1104828
1104829
1104830
1104831
1104832
1104833
1104834
1104835
1104836
1104837
1104838
1104839
1104840
1104841
1104842
1104843
1104844
1104845
1104846
1104847
1104848
1104849
1104850
1104851
1104852
1104853
1104854
1104855
1104856
1104857
1104858
1104859
1104860
1104861
1104862
1104863
1104864
1104865
1104866
1104867
1104868
1104869
1104870
1104871
1104872
1104873
1104874
1104875
1104876
1104877
1104878
1104879
1104880
1104881
1104882
1104884
1104885
1105101
1105102
1105103
1105104
1105105
1105106
1105107
1105108
1105109
1105110
1105111
1105112
1105113
1105114
1105115
1105116
1105117
1105118
1105119
1105120
1105121
1105122
1105123
1105124
1105125
1105126
1105127
1105128
1105129
1105130
1105131
1105132
1105133
1105134
1105135
1105136
1105137
1105138
1105139
1105140
1105141
1105142
1105143
1105144
1105145
1105146
1105147
1105148
1105149
1105150
1105151
1105152
1105153
1105154
1105155
1105156
1105157
1105158
1105159
1105160
1105161
1105162
1105163
1105164
1105165
1105166
1105167
1105168
1105169
1105170
1105171
1105172
1105173
1105174
1105175
1105176
1105177
1105178
1105179
1105180
1105181
1105182
1105184
1105185
1105401
1105402
1105403
1105404
1105405
1105406
1105407
1105408
1105409
1105410
1105411
1105412
1105413
1105414
1105415
1105416
1105417
1105418
1105419
1105420
1105421
1105422
1105423
1105424
1105425
1105426
1105427
1105428
1105429
1105430
1105431
1105432
1105433
1105434
1105435
1105436
1105437
1105438
1105439
1105440
1105441
1105442
1105443
1105444
1105445
1105446
1105447
1105448
1105449
1105450
1105451
1105452
1105453
1105454
1105455
1105456
1105457
1105458
1105459
1105460
1105461
1105462
1105463
1105464
1105465
1105466
1105467
1105468
1105469
1105470
1105471
1105472
1105473
1105474
1105475
1105476
1105477
1105478
1105479
1105480
1105481
1105482
1105483
1105484
1105485
1105487
1105488
1105701
1105702
1105703
1105704
1105705
1105706
1105707
1105708
1105709
1105710
1105711
1105712
1105713
1105714
1105715
1105716
1105717
1105718
1105719
1105720
1105721
1105722
1105723
1105724
1105725
1105726
1105727
1105728
1105729
1105730
1105731
1105732
1105733
1105734
1105735
1105736
1105737
1105738
1105739
1105740
1105741
1105742
1105743
1105744
1105745
1105746
1105747
1105748
1105749
1105750
1105751
1105752
1105753
1105754
1105755
1105756
1105757
1105758
1105759
1105760
1105761
1105762
1105763
1105764
1105765
1105766
1105767
1105768
1105769
1105770
1105771
1105772
1105773
1105774
1105775
1105776
1105777
1105778
1105779
1105780
1105781
1105782
1105783
1105784
1105785
1105786
1105787
1105788
1105790
1105791
1106001
1106002
1106003
1106004
1106005
1106006
1106007
1106008
1106009
1106010
1106011
1106012
1106013
1106014
1106015
1106016
1106017
1106018
1106019
1106020
1106021
1106022
1106023
1106024
1106025
1106026
1106027
1106028
1106029
1106030
1106031
1106032
1106033
1106034
1106035
1106036
1106037
1106038
1106039
1106040
1106041
1106042
1106043
1106044
1106045
1106046
1106047
1106048
1106049
1106050
1106051
1106052
1106053
1106054
1106055
1106056
1106057
1106058
1106059
1106060
1106061
1106062
1106063
1106064
1106065
1106066
1106067
1106068
1106069
1106070
1106071
1106072
1106073
1106074
1106075
1106076
1106077
1106078
1106079
1106080
1106081
1106082
1106083
1106084
1106085
1106086
1106087
1106088
1106090
1106091
1106301
1106302
1106303
1106304
1106305
1106306
1106307
1106308
1106309
1106310
1106311
1106312
1106313
1106314
1106315
1106316
1106317
1106318
1106319
1106320
1106321
1106322
1106323
1106324
1106325
1106326
1106327
1106328
1106329
1106330
1106331
1106332
1106333
1106334
1106335
1106336
1106337
1106338
1106339
1106340
1106341
1106342
1106343
1106344
1106345
1106346
1106347
1106348
1106349
1106350
1106351
1106352
1106353
1106354
1106355
1106356
1106357
1106358
1106359
1106360
1106361
1106362
1106363
1106364
1106365
1106366
1106367
1106368
1106369
1106370
1106371
1106372
1106373
1106374
1106375
1106376
1106377
1106378
1106379
1106380
1106381
1106382
1106383
1106384
1106385
1106386
1106387
1106388
1106390
1106391
1106601
1106602
1106603
1106604
1106605
1106606
1106607
1106608
1106609
1106610
1106611
1106612
1106613
1106614
1106615
1106616
1106617
1106618
1106619
1106620
1106621
1106622
1106623
1106624
1106625
1106626
1106627
1106628
1106629
1106630
1106631
1106632
1106633
1106634
1106635
1106636
1106637
1106638
1106639
1106640
1106641
1106642
1106643
1106644
1106645
1106646
1106647
1106648
1106649
1106650
1106651
1106652
1106653
1106654
1106655
1106656
1106657
1106658
1106659
1106661
1107501
1107502
1107503
1107504
1107505
1107506
1107507
1107508
1107509
1107510
1107511
1107512
1107513
1107514
1107515
1107516
1107517
1107518
1107519
1107520
1107521
1107522
1107523
1107524
1107525
1107526
1107527
1107528
1107529
1107530
1107531
1107532
1107533
1107534
1107535
1107536
1107537
1107538
1107539
1107540
1107542
1107543
1107801
1107802
1107803
1107804
1107805
1107806
1107807
1107808
1107809
1107810
1107811
1107812
1107813
1107814
1107815
1107816
1107817
1107818
1107819
1107820
1107821
1107822
1107823
1107824
1107825
1107826
1107827
1107828
1107829
1107830
1107831
1107832
1107833
1107834
1107835
1107836
1107837
1107838
1107839
1107840
1107841
1107842
1107843
1107844
1107845
1107846
1107847
1107848
1107849
1107850
1107851
1107852
1107853
1107854
1107855
1107856
1107857
1107858
1107859
1107860
1107861
1107862
1107863
1107864
1107865
1107866
1107867
1107868
1107869
1107870
1107871
1107872
1107873
1107874
1107875
1107876
1107877
1107878
1107879
1107880
1107881
1107882
1107884
1107885
1108101
1108102
1108103
1108104
1108105
1108106
1108107
1108108
1108109
1108110
1108111
1108112
1108113
1108114
1108115
1108116
1108117
1108118
1108119
1108120
1108121
1108122
1108123
1108124
1108125
1108126
1108127
1108128
1108129
1108130
1108131
1108132
1108133
1108134
1108135
1108136
1108137
1108138
1108139
1108140
1108141
1108142
1108143
1108144
1108145
1108146
1108147
1108148
1108149
1108150
1108151
1108152
1108153
1108154
1108155
1108156
1108157
1108158
1108159
1108160
1108161
1108162
1108163
1108164
1108165
1108166
1108167
1108168
1108169
1108170
1108171
1108172
1108173
1108174
1108175
1108176
1108177
1108178
1108179
1108180
1108181
1108182
1108184
1108185
1108401
1108402
1108403
1108404
1108405
1108406
1108407
1108408
1108409
1108410
1108411
1108412
1108413
1108414
1108415
1108416
1108417
1108418
1108419
1108420
1108421
1108422
1108423
1108424
1108425
1108426
1108427
1108428
1108429
1108430
1108431
1108432
1108433
1108434
1108435
1108436
1108437
1108438
1108439
1108440
1108441
1108442
1108443
1108444
1108445
1108446
1108447
1108448
1108449
1108450
1108451
1108452
1108453
1108454
1108455
1108456
1108457
1108458
1108459
1108460
1108461
1108462
1108463
1108464
1108465
1108466
1108467
1108468
1108469
1108470
1108471
1108472
1108473
1108474
1108475
1108476
1108477
1108478
1108479
1108480
1108481
1108482
1108483
1108484
1108485
1108487
1108488
1108701
1108702
1108703
1108704
1108705
1108706
1108707
1108708
1108709
1108710
1108711
1108712
1108713
1108714
1108715
1108716
1108717
1108718
1108719
1108720
1108721
1108722
1108723
1108724
1108725
1108726
1108727
1108728
1108729
1108730
1108731
1108732
1108733
1108734
1108735
1108736
1108737
1108738
1108739
1108740
1108741
1108742
1108743
1108744
1108745
1108746
1108747
1108748
1108749
1108750
1108751
1108752
1108753
1108754
1108755
1108756
1108757
1108758
1108759
1108760
1108761
1108762
1108763
1108764
1108765
1108766
1108767
1108768
1108769
1108770
1108771
1108772
1108773
1108774
1108775
1108776
1108777
1108778
1108779
1108780
1108781
1108782
1108783
1108784
1108785
1108786
1108787
1108788
1108790
1108791
1109001
1109002
1109003
1109004
1109005
1109006
1109007
1109008
1109009
1109010
1109011
1109012
1109013
1109014
1109015
1109016
1109017
1109018
1109019
1109020
1109021
1109022
1109023
1109024
1109025
1109026
1109027
1109028
1109029
1109030
1109031
1109032
1109033
1109034
1109035
1109036
1109037
1109038
1109039
1109040
1109041
1109042
1109043
1109044
1109045
1109046
1109047
1109048
1109049
1109050
1109051
1109052
1109053
1109054
1109055
1109056
1109057
1109058
1109059
1109060
1109061
1109062
1109063
1109064
1109065
1109066
1109067
1109068
1109069
1109070
1109071
1109072
1109073
1109074
1109075
1109076
1109077
1109078
1109079
1109080
1109081
1109082
1109083
1109084
1109085
1109086
1109087
1109088
1109090
1109091
1109301
1109302
1109303
1109304
1109305
1109306
1109307
1109308
1109309
1109310
1109311
1109312
1109313
1109314
1109315
1109316
1109317
1109318
1109319
1109320
1109321
1109322
1109323
1109324
1109325
1109326
1109327
1109328
1109329
1109330
1109331
1109332
1109333
1109334
1109335
1109336
1109337
1109338
1109339
1109340
1109341
1109342
1109343
1109344
1109345
1109346
1109347
1109348
1109349
1109350
1109351
1109352
1109353
1109354
1109355
1109356
1109357
1109358
1109359
1109360
1109361
1109362
1109363
1109364
1109365
1109366
1109367
1109368
1109369
1109370
1109371
1109372
1109373
1109374
1109375
1109376
1109377
1109378
1109379
1109380
1109381
1109382
1109383
1109384
1109385
1109386
1109387
1109388
1109390
1109391
1109601
1109602
1109603
1109604
1109605
1109606
1109607
1109608
1109609
1109610
1109611
1109612
1109613
1109614
1109615
1109616
1109617
1109618
1109619
1109620
1109621
1109622
1109623
1109624
1109625
1109626
1109627
1109628
1109629
1109630
1109631
1109632
1109633
1109634
1109635
1109636
1109637
1109638
1109639
1109640
1109641
1109642
1109643
1109644
1109645
1109646
1109647
1109648
1109649
1109650
1109651
1109652
1109653
1109654
1109655
1109656
1109657
1109658
1109659
1109661
1110501
1110502
1110503
1110504
1110505
1110506
1110507
1110508
1110509
1110510
1110511
1110512
1110513
1110514
1110515
1110516
1110517
1110518
1110519
1110520
1110521
1110522
1110523
1110524
1110525
1110526
1110527
1110528
1110529
1110530
1110531
1110532
1110533
1110534
1110535
1110536
1110537
1110538
1110539
1110540
1110541
1110542
1110543
1110545
1110546
1110801
1110802
1110803
1110804
1110805
1110806
1110807
1110808
1110809
1110810
1110811
1110812
1110813
1110814
1110815
1110816
1110817
1110818
1110819
1110820
1110821
1110822
1110823
1110824
1110825
1110826
1110827
1110828
1110829
1110830
1110831
1110832
1110833
1110834
1110835
1110836
1110837
1110838
1110839
1110840
1110841
1110842
1110843
1110844
1110845
1110846
1110847
1110848
1110849
1110850
1110851
1110852
1110853
1110854
1110855
1110856
1110857
1110858
1110859
1110860
1110861
1110862
1110863
1110864
1110865
1110866
1110867
1110868
1110869
1110870
1110871
1110872
1110873
1110874
1110875
1110876
1110877
1110878
1110879
1110880
1110881
1110882
1110884
1110885
1111101
1111102
1111103
1111104
1111105
1111106
1111107
1111108
1111109
1111110
1111111
1111112
1111113
1111114
1111115
1111116
1111117
1111118
1111119
1111120
1111121
1111122
1111123
1111124
1111125
1111126
1111127
1111128
1111129
1111130
1111131
1111132
1111133
1111134
1111135
1111136
1111137
1111138
1111139
1111140
1111141
1111142
1111143
1111144
1111145
1111146
1111147
1111148
1111149
1111150
1111151
1111152
1111153
1111154
1111155
1111156
1111157
1111158
1111159
1111160
1111161
1111162
1111163
1111164
1111165
1111166
1111167
1111168
1111169
1111170
1111171
1111172
1111173
1111174
1111175
1111176
1111177
1111178
1111179
1111180
1111181
1111182
1111184
1111185
1111401
1111402
1111403
1111404
1111405
1111406
1111407
1111408
1111409
1111410
1111411
1111412
1111413
1111414
1111415
1111416
1111417
1111418
1111419
1111420
1111421
1111422
1111423
1111424
1111425
1111426
1111427
1111428
1111429
1111430
1111431
1111432
1111433
1111434
1111435
1111436
1111437
1111438
1111439
1111440
1111441
1111442
1111443
1111444
1111445
1111446
1111447
1111448
1111449
1111450
1111451
1111452
1111453
1111454
1111455
1111456
1111457
1111458
1111459
1111460
1111461
1111462
1111463
1111464
1111465
1111466
1111467
1111468
1111469
1111470
1111471
1111472
1111473
1111474
1111475
1111476
1111477
1111478
1111479
1111480
1111481
1111482
1111483
1111484
1111485
1111487
1111488
1111701
1111702
1111703
1111704
1111705
1111706
1111707
1111708
1111709
1111710
1111711
1111712
1111713
1111714
1111715
1111716
1111717
1111718
1111719
1111720
1111721
1111722
1111723
1111724
1111725
1111726
1111727
1111728
1111729
1111730
1111731
1111732
1111733
1111734
1111735
1111736
1111737
1111738
1111739
1111740
1111741
1111742
1111743
1111744
1111745
1111746
1111747
1111748
1111749
1111750
1111751
1111752
1111753
1111754
1111755
1111756
1111757
1111758
1111759
1111760
1111761
1111762
1111763
1111764
1111765
1111766
1111767
1111768
1111769
1111770
1111771
1111772
1111773
1111774
1111775
1111776
1111777
1111778
1111779
1111780
1111781
1111782
1111783
1111784
1111785
1111786
1111787
1111788
1111790
1111791
1112001
1112002
1112003
1112004
1112005
1112006
1112007
1112008
1112009
1112010
1112011
1112012
1112013
1112014
1112015
1112016
1112017
1112018
1112019
1112020
1112021
1112022
1112023
1112024
1112025
1112026
1112027
1112028
1112029
1112030
1112031
1112032
1112033
1112034
1112035
1112036
1112037
1112038
1112039
1112040
1112041
1112042
1112043
1112044
1112045
1112046
1112047
1112048
1112049
1112050
1112051
1112052
1112053
1112054
1112055
1112056
1112057
1112058
1112059
1112060
1112061
1112062
1112063
1112064
1112065
1112066
1112067
1112068
1112069
1112070
1112071
1112072
1112073
1112074
1112075
1112076
1112077
1112078
1112079
1112080
1112081
1112082
1112083
1112084
1112085
1112086
1112087
1112088
1112090
1112091
1112301
1112302
1112303
1112304
1112305
1112306
1112307
1112308
1112309
1112310
1112311
1112312
1112313
1112314
1112315
1112316
1112317
1112318
1112319
1112320
1112321
1112322
1112323
1112324
1112325
1112326
1112327
1112328
1112329
1112330
1112331
1112332
1112333
1112334
1112335
1112336
1112337
1112338
1112339
1112340
1112341
1112342
1112343
1112344
1112345
1112346
1112347
1112348
1112349
1112350
1112351
1112352
1112353
1112354
1112355
1112356
1112357
1112358
1112359
1112360
1112361
1112362
1112363
1112364
1112365
1112366
1112367
1112368
1112369
1112370
1112371
1112372
1112373
1112374
1112375
1112376
1112377
1112378
1112379
1112380
1112381
1112382
1112383
1112384
1112385
1112386
1112387
1112388
1112390
1112391
1112601
1112602
1112603
1112604
1112605
1112606
1112607
1112608
1112609
1112610
1112611
1112612
1112613
1112614
1112615
1112616
1112617
1112618
1112619
1112620
1112621
1112622
1112623
1112624
1112625
1112626
1112627
1112628
1112629
1112630
1112631
1112632
1112633
1112634
1112635
1112636
1112637
1112638
1112639
1112640
1112641
1112642
1112643
1112644
1112645
1112646
1112647
1112648
1112649
1112650
1112651
1112652
1112653
1112654
1112655
1112656
1112657
1112658
1112659
1112661
1113501
1113502
1113503
1113504
1113505
1113506
1113507
1113508
1113509
1113510
1113511
1113512
1113513
1113514
1113515
1113516
1113517
1113518
1113519
1113520
1113521
1113522
1113523
1113524
1113525
1113526
1113527
1113528
1113529
1113530
1113531
1113532
1113533
1113534
1113535
1113536
1113537
1113538
1113539
1113540
1113541
1113542
1113543
1113545
1113546
1113801
1113802
1113803
1113804
1113805
1113806
1113807
1113808
1113809
1113810
1113811
1113812
1113813
1113814
1113815
1113816
1113817
1113818
1113819
1113820
1113821
1113822
1113823
1113824
1113825
1113826
1113827
1113828
1113829
1113830
1113831
1113832
1113833
1113834
1113835
1113836
1113837
1113838
1113839
1113840
1113841
1113842
1113843
1113844
1113845
1113846
1113847
1113848
1113849
1113850
1113851
1113852
1113853
1113854
1113855
1113856
1113857
1113858
1113859
1113860
1113861
1113862
1113863
1113864
1113865
1113866
1113867
1113868
1113869
1113870
1113871
1113872
1113873
1113874
1113875
1113876
1113877
1113878
1113879
1113880
1113881
1113882
1113883
1113884
1113885
1113887
1113888
1114101
1114102
1114103
1114104
1114105
1114106
1114107
1114108
1114109
1114110
1114111
1114112
1114113
1114114
1114115
1114116
1114117
1114118
1114119
1114120
1114121
1114122
1114123
1114124
1114125
1114126
1114127
1114128
1114129
1114130
1114131
1114132
1114133
1114134
1114135
1114136
1114137
1114138
1114139
1114140
1114141
1114142
1114143
1114144
1114145
1114146
1114147
1114148
1114149
1114150
1114151
1114152
1114153
1114154
1114155
1114156
1114157
1114158
1114159
1114160
1114161
1114162
1114163
1114164
1114165
1114166
1114167
1114168
1114169
1114170
1114171
1114172
1114173
1114174
1114175
1114176
1114177
1114178
1114179
1114180
1114181
1114182
1114183
1114184
1114185
1114187
1114188
1114401
1114402
1114403
1114404
1114405
1114406
1114407
1114408
1114409
1114410
1114411
1114412
1114413
1114414
1114415
1114416
1114417
1114418
1114419
1114420
1114421
1114422
1114423
1114424
1114425
1114426
1114427
1114428
1114429
1114430
1114431
1114432
1114433
1114434
1114435
1114436
1114437
1114438
1114439
1114440
1114441
1114442
1114443
1114444
1114445
1114446
1114447
1114448
1114449
1114450
1114451
1114452
1114453
1114454
1114455
1114456
1114457
1114458
1114459
1114460
1114461
1114462
1114463
1114464
1114465
1114466
1114467
1114468
1114469
1114470
1114471
1114472
1114473
1114474
1114475
1114476
1114477
1114478
1114479
1114480
1114481
1114482
1114483
1114484
1114485
1114487
1114488
1114701
1114702
1114703
1114704
1114705
1114706
1114707
1114708
1114709
1114710
1114711
1114712
1114713
1114714
1114715
1114716
1114717
1114718
1114719
1114720
1114721
1114722
1114723
1114724
1114725
1114726
1114727
1114728
1114729
1114730
1114731
1114732
1114733
1114734
1114735
1114736
1114737
1114738
1114739
1114740
1114741
1114742
1114743
1114744
1114745
1114746
1114747
1114748
1114749
1114750
1114751
1114752
1114753
1114754
1114755
1114756
1114757
1114758
1114759
1114760
1114761
1114762
1114763
1114764
1114765
1114766
1114767
1114768
1114769
1114770
1114771
1114772
1114773
1114774
1114775
1114776
1114777
1114778
1114779
1114780
1114781
1114782
1114783
1114784
1114785
1114786
1114787
1114788
1114790
1114791
1115001
1115002
1115003
1115004
1115005
1115006
1115007
1115008
1115009
1115010
1115011
1115012
1115013
1115014
1115015
1115016
1115017
1115018
1115019
1115020
1115021
1115022
1115023
1115024
1115025
1115026
1115027
1115028
1115029
1115030
1115031
1115032
1115033
1115034
1115035
1115036
1115037
1115038
1115039
1115040
1115041
1115042
1115043
1115044
1115045
1115046
1115047
1115048
1115049
1115050
1115051
1115052
1115053
1115054
1115055
1115056
1115057
1115058
1115059
1115060
1115061
1115062
1115063
1115064
1115065
1115066
1115067
1115068
1115069
1115070
1115071
1115072
1115073
1115074
1115075
1115076
1115077
1115078
1115079
1115080
1115081
1115082
1115083
1115084
1115085
1115086
1115087
1115088
1115090
1115091
1115301
1115302
1115303
1115304
1115305
1115306
1115307
1115308
1115309
1115310
1115311
1115312
1115313
1115314
1115315
1115316
1115317
1115318
1115319
1115320
1115321
1115322
1115323
1115324
1115325
1115326
1115327
1115328
1115329
1115330
1115331
1115332
1115333
1115334
1115335
1115336
1115337
1115338
1115339
1115340
1115341
1115342
1115343
1115344
1115345
1115346
1115347
1115348
1115349
1115350
1115351
1115352
1115353
1115354
1115355
1115356
1115357
1115358
1115359
1115360
1115361
1115362
1115363
1115364
1115365
1115366
1115367
1115368
1115369
1115370
1115371
1115372
1115373
1115374
1115375
1115376
1115377
1115378
1115379
1115380
1115381
1115382
1115383
1115384
1115385
1115386
1115387
1115388
1115390
1115391
1115601
1115602
1115603
1115604
1115605
1115606
1115607
1115608
1115609
1115610
1115611
1115612
1115613
1115614
1115615
1115616
1115617
1115618
1115619
1115620
1115621
1115622
1115623
1115624
1115625
1115626
1115627
1115628
1115629
1115630
1115631
1115632
1115633
1115634
1115635
1115636
1115637
1115638
1115639
1115640
1115641
1115642
1115643
1115644
1115645
1115646
1115647
1115648
1115649
1115650
1115651
1115652
1115653
1115654
1115655
1115656
1115657
1115658
1115659
1115661
1116501
1116502
1116503
1116504
1116505
1116506
1116507
1116508
1116509
1116510
1116511
1116512
1116513
1116514
1116515
1116516
1116517
1116518
1116519
1116520
1116521
1116522
1116523
1116524
1116525
1116526
1116527
1116528
1116529
1116530
1116531
1116532
1116533
1116534
1116535
1116536
1116537
1116538
1116539
1116540
1116541
1116542
1116543
1116545
1116546
1116801
1116802
1116803
1116804
1116805
1116806
1116807
1116808
1116809
1116810
1116811
1116812
1116813
1116814
1116815
1116816
1116817
1116818
1116819
1116820
1116821
1116822
1116823
1116824
1116825
1116826
1116827
1116828
1116829
1116830
1116831
1116832
1116833
1116834
1116835
1116836
1116837
1116838
1116839
1116840
1116841
1116842
1116843
1116844
1116845
1116846
1116847
1116848
1116849
1116850
1116851
1116852
1116853
1116854
1116855
1116856
1116857
1116858
1116859
1116860
1116861
1116862
1116863
1116864
1116865
1116866
1116867
1116868
1116869
1116870
1116871
1116872
1116873
1116874
1116875
1116876
1116877
1116878
1116879
1116880
1116881
1116882
1116883
1116884
1116885
1116887
1116888
1117101
1117102
1117103
1117104
1117105
1117106
1117107
1117108
1117109
1117110
1117111
1117112
1117113
1117114
1117115
1117116
1117117
1117118
1117119
1117120
1117121
1117122
1117123
1117124
1117125
1117126
1117127
1117128
1117129
1117130
1117131
1117132
1117133
1117134
1117135
1117136
1117137
1117138
1117139
1117140
1117141
1117142
1117143
1117144
1117145
1117146
1117147
1117148
1117149
1117150
1117151
1117152
1117153
1117154
1117155
1117156
1117157
1117158
1117159
1117160
1117161
1117162
1117163
1117164
1117165
1117166
1117167
1117168
1117169
1117170
1117171
1117172
1117173
1117174
1117175
1117176
1117177
1117178
1117179
1117180
1117181
1117182
1117183
1117184
1117185
1117187
1117188
1117401
1117402
1117403
1117404
1117405
1117406
1117407
1117408
1117409
1117410
1117411
1117412
1117413
1117414
1117415
1117416
1117417
1117418
1117419
1117420
1117421
1117422
1117423
1117424
1117425
1117426
1117427
1117428
1117429
1117430
1117431
1117432
1117433
1117434
1117435
1117436
1117437
1117438
1117439
1117440
1117441
1117442
1117443
1117444
1117445
1117446
1117447
1117448
1117449
1117450
1117451
1117452
1117453
1117454
1117455
1117456
1117457
1117458
1117459
1117460
1117461
1117462
1117463
1117464
1117465
1117466
1117467
1117468
1117469
1117470
1117471
1117472
1117473
1117474
1117475
1117476
1117477
1117478
1117479
1117480
1117481
1117482
1117483
1117484
1117485
1117487
1117488
1117701
1117702
1117703
1117704
1117705
1117706
1117707
1117708
1117709
1117710
1117711
1117712
1117713
1117714
1117715
1117716
1117717
1117718
1117719
1117720
1117721
1117722
1117723
1117724
1117725
1117726
1117727
1117728
1117729
1117730
1117731
1117732
1117733
1117734
1117735
1117736
1117737
1117738
1117739
1117740
1117741
1117742
1117743
1117744
1117745
1117746
1117747
1117748
1117749
1117750
1117751
1117752
1117753
1117754
1117755
1117756
1117757
1117758
1117759
1117760
1117761
1117762
1117763
1117764
1117765
1117766
1117767
1117768
1117769
1117770
1117771
1117772
1117773
1117774
1117775
1117776
1117777
1117778
1117779
1117780
1117781
1117782
1117783
1117784
1117785
1117786
1117787
1117788
1117790
1117791
1118001
1118002
1118003
1118004
1118005
1118006
1118007
1118008
1118009
1118010
1118011
1118012
1118013
1118014
1118015
1118016
1118017
1118018
1118019
1118020
1118021
1118022
1118023
1118024
1118025
1118026
1118027
1118028
1118029
1118030
1118031
1118032
1118033
1118034
1118035
1118036
1118037
1118038
1118039
1118040
1118041
1118042
1118043
1118044
1118045
1118046
1118047
1118048
1118049
1118050
1118051
1118052
1118053
1118054
1118055
1118056
1118057
1118058
1118059
1118060
1118061
1118062
1118063
1118064
1118065
1118066
1118067
1118068
1118069
1118070
1118071
1118072
1118073
1118074
1118075
1118076
1118077
1118078
1118079
1118080
1118081
1118082
1118083
1118084
1118085
1118086
1118087
1118088
1118090
1118091
1118301
1118302
1118303
1118304
1118305
1118306
1118307
1118308
1118309
1118310
1118311
1118312
1118313
1118314
1118315
1118316
1118317
1118318
1118319
1118320
1118321
1118322
1118323
1118324
1118325
1118326
1118327
1118328
1118329
1118330
1118331
1118332
1118333
1118334
1118335
1118336
1118337
1118338
1118339
1118340
1118341
1118342
1118343
1118344
1118345
1118346
1118347
1118348
1118349
1118350
1118351
1118352
1118353
1118354
1118355
1118356
1118357
1118358
1118359
1118360
1118361
1118362
1118363
1118364
1118365
1118366
1118367
1118368
1118369
1118370
1118371
1118372
1118373
1118374
1118375
1118376
1118377
1118378
1118379
1118380
1118381
1118382
1118383
1118384
1118385
1118386
1118387
1118388
1118390
1118391
1118601
1118602
1118603
1118604
1118605
1118606
1118607
1118608
1118609
1118610
1118611
1118612
1118613
1118614
1118615
1118616
1118617
1118618
1118619
1118620
1118621
1118622
1118623
1118624
1118625
1118626
1118627
1118628
1118629
1118630
1118631
1118632
1118633
1118634
1118635
1118636
1118637
1118638
1118639
1118640
1118641
1118642
1118643
1118644
1118645
1118646
1118647
1118648
1118649
1118650
1118651
1118652
1118653
1118654
1118655
1118656
1118657
1118658
1118659
1118661
1119501
1119502
1119503
1119504
1119505
1119506
1119507
1119508
1119509
1119510
1119511
1119512
1119513
1119514
1119515
1119516
1119517
1119518
1119519
1119520
1119521
1119522
1119523
1119524
1119525
1119526
1119527
1119528
1119529
1119530
1119531
1119532
1119533
1119534
1119535
1119536
1119537
1119538
1119539
1119540
1119541
1119542
1119543
1119545
1119546
1119801
1119802
1119803
1119804
1119805
1119806
1119807
1119808
1119809
1119810
1119811
1119812
1119813
1119814
1119815
1119816
1119817
1119818
1119819
1119820
1119821
1119822
1119823
1119824
1119825
1119826
1119827
1119828
1119829
1119830
1119831
1119832
1119833
1119834
1119835
1119836
1119837
1119838
1119839
1119840
1119841
1119842
1119843
1119844
1119845
1119846
1119847
1119848
1119849
1119850
1119851
1119852
1119853
1119854
1119855
1119856
1119857
1119858
1119859
1119860
1119861
1119862
1119863
1119864
1119865
1119866
1119867
1119868
1119869
1119870
1119871
1119872
1119873
1119874
1119875
1119876
1119877
1119878
1119879
1119880
1119881
1119882
1119883
1119884
1119885
1119887
1119888
1120101
1120102
1120103
1120104
1120105
1120106
1120107
1120108
1120109
1120110
1120111
1120112
1120113
1120114
1120115
1120116
1120117
1120118
1120119
1120120
1120121
1120122
1120123
1120124
1120125
1120126
1120127
1120128
1120129
1120130
1120131
1120132
1120133
1120134
1120135
1120136
1120137
1120138
1120139
1120140
1120141
1120142
1120143
1120144
1120145
1120146
1120147
1120148
1120149
1120150
1120151
1120152
1120153
1120154
1120155
1120156
1120157
1120158
1120159
1120160
1120161
1120162
1120163
1120164
1120165
1120166
1120167
1120168
1120169
1120170
1120171
1120172
1120173
1120174
1120175
1120176
1120177
1120178
1120179
1120180
1120181
1120182
1120183
1120184
1120185
1120187
1120188
1120401
1120402
1120403
1120404
1120405
1120406
1120407
1120408
1120409
1120410
1120411
1120412
1120413
1120414
1120415
1120416
1120417
1120418
1120419
1120420
1120421
1120422
1120423
1120424
1120425
1120426
1120427
1120428
1120429
1120430
1120431
1120432
1120433
1120434
1120435
1120436
1120437
1120438
1120439
1120440
1120441
1120442
1120443
1120444
1120445
1120446
1120447
1120448
1120449
1120450
1120451
1120452
1120453
1120454
1120455
1120456
1120457
1120458
1120459
1120460
1120461
1120462
1120463
1120464
1120465
1120466
1120467
1120468
1120469
1120470
1120471
1120472
1120473
1120474
1120475
1120476
1120477
1120478
1120479
1120480
1120481
1120482
1120483
1120484
1120485
1120486
1120487
1120488
1120490
1120491
1120701
1120702
1120703
1120704
1120705
1120706
1120707
1120708
1120709
1120710
1120711
1120712
1120713
1120714
1120715
1120716
1120717
1120718
1120719
1120720
1120721
1120722
1120723
1120724
1120725
1120726
1120727
1120728
1120729
1120730
1120731
1120732
1120733
1120734
1120735
1120736
1120737
1120738
1120739
1120740
1120741
1120742
1120743
1120744
1120745
1120746
1120747
1120748
1120749
1120750
1120751
1120752
1120753
1120754
1120755
1120756
1120757
1120758
1120759
1120760
1120761
1120762
1120763
1120764
1120765
1120766
1120767
1120768
1120769
1120770
1120771
1120772
1120773
1120774
1120775
1120776
1120777
1120778
1120779
1120780
1120781
1120782
1120783
1120784
1120785
1120786
1120787
1120788
1120790
1120791
1121001
1121002
1121003
1121004
1121005
1121006
1121007
1121008
1121009
1121010
1121011
1121012
1121013
1121014
1121015
1121016
1121017
1121018
1121019
1121020
1121021
1121022
1121023
1121024
1121025
1121026
1121027
1121028
1121029
1121030
1121031
1121032
1121033
1121034
1121035
1121036
1121037
1121038
1121039
1121040
1121041
1121042
1121043
1121044
1121045
1121046
1121047
1121048
1121049
1121050
1121051
1121052
1121053
1121054
1121055
1121056
1121057
1121058
1121059
1121060
1121061
1121062
1121063
1121064
1121065
1121066
1121067
1121068
1121069
1121070
1121071
1121072
1121073
1121074
1121075
1121076
1121077
1121078
1121079
1121080
1121081
1121082
1121083
1121084
1121085
1121086
1121087
1121088
1121090
1121091
1121301
1121302
1121303
1121304
1121305
1121306
1121307
1121308
1121309
1121310
1121311
1121312
1121313
1121314
1121315
1121316
1121317
1121318
1121319
1121320
1121321
1121322
1121323
1121324
1121325
1121326
1121327
1121328
1121329
1121330
1121331
1121332
1121333
1121334
1121335
1121336
1121337
1121338
1121339
1121340
1121341
1121342
1121343
1121344
1121345
1121346
1121347
1121348
1121349
1121350
1121351
1121352
1121353
1121354
1121355
1121356
1121357
1121358
1121359
1121360
1121361
1121362
1121363
1121364
1121365
1121366
1121367
1121368
1121369
1121370
1121371
1121372
1121373
1121374
1121375
1121376
1121377
1121378
1121379
1121380
1121381
1121382
1121383
1121384
1121385
1121386
1121387
1121388
1121390
1121391
1121601
1121602
1121603
1121604
1121605
1121606
1121607
1121608
1121609
1121610
1121611
1121612
1121613
1121614
1121615
1121616
1121617
1121618
1121619
1121620
1121621
1121622
1121623
1121624
1121625
1121626
1121627
1121628
1121629
1121630
1121631
1121632
1121633
1121634
1121635
1121636
1121637
1121638
1121639
1121640
1121641
1121642
1121643
1121644
1121645
1121646
1121647
1121648
1121649
1121650
1121651
1121652
1121653
1121654
1121655
1121656
1121657
1121658
1121659
1121661
1122501
1122502
1122503
1122504
1122505
1122506
1122507
1122508
1122509
1122510
1122511
1122512
1122513
1122514
1122515
1122516
1122517
1122518
1122519
1122520
1122521
1122522
1122523
1122524
1122525
1122526
1122527
1122528
1122529
1122530
1122531
1122532
1122533
1122534
1122535
1122536
1122537
1122538
1122539
1122540
1122541
1122542
1122543
1122544
1122545
1122546
1122547
1122548
1122549
1122550
1122551
1122552
1122553
1122554
1122555
1122556
1122557
1122558
1122560
1122561
1122801
1122802
1122803
1122804
1122805
1122806
1122807
1122808
1122809
1122810
1122811
1122812
1122813
1122814
1122815
1122816
1122817
1122818
1122819
1122820
1122821
1122822
1122823
1122824
1122825
1122826
1122827
1122828
1122829
1122830
1122831
1122832
1122833
1122834
1122835
1122836
1122837
1122838
1122839
1122840
1122841
1122842
1122843
1122844
1122845
1122846
1122847
1122848
1122849
1122850
1122851
1122852
1122853
1122854
1122855
1122856
1122857
1122858
1122859
1122860
1122861
1122862
1122863
1122864
1122865
1122866
1122867
1122868
1122869
1122870
1122871
1122872
1122873
1122874
1122875
1122876
1122877
1122878
1122879
1122880
1122881
1122882
1122883
1122884
1122885
1122887
1122888
1123101
1123102
1123103
1123104
1123105
1123106
1123107
1123108
1123109
1123110
1123111
1123112
1123113
1123114
1123115
1123116
1123117
1123118
1123119
1123120
1123121
1123122
1123123
1123124
1123125
1123126
1123127
1123128
1123129
1123130
1123131
1123132
1123133
1123134
1123135
1123136
1123137
1123138
1123139
1123140
1123141
1123142
1123143
1123144
1123145
1123146
1123147
1123148
1123149
1123150
1123151
1123152
1123153
1123154
1123155
1123156
1123157
1123158
1123159
1123160
1123161
1123162
1123163
1123164
1123165
1123166
1123167
1123168
1123169
1123170
1123171
1123172
1123173
1123174
1123175
1123176
1123177
1123178
1123179
1123180
1123181
1123182
1123183
1123184
1123185
1123186
1123187
1123188
1123190
1123191
1123401
1123402
1123403
1123404
1123405
1123406
1123407
1123408
1123409
1123410
1123411
1123412
1123413
1123414
1123415
1123416
1123417
1123418
1123419
1123420
1123421
1123422
1123423
1123424
1123425
1123426
1123427
1123428
1123429
1123430
1123431
1123432
1123433
1123434
1123435
1123436
1123437
1123438
1123439
1123440
1123441
1123442
1123443
1123444
1123445
1123446
1123447
1123448
1123449
1123450
1123451
1123452
1123453
1123454
1123455
1123456
1123457
1123458
1123459
1123460
1123461
1123462
1123463
1123464
1123465
1123466
1123467
1123468
1123469
1123470
1123471
1123472
1123473
1123474
1123475
1123476
1123477
1123478
1123479
1123480
1123481
1123482
1123483
1123484
1123485
1123486
1123487
1123488
1123490
1123491
1123701
1123702
1123703
1123704
1123705
1123706
1123707
1123708
1123709
1123710
1123711
1123712
1123713
1123714
1123715
1123716
1123717
1123718
1123719
1123720
1123721
1123722
1123723
1123724
1123725
1123726
1123727
1123728
1123729
1123730
1123731
1123732
1123733
1123734
1123735
1123736
1123737
1123738
1123739
1123740
1123741
1123742
1123743
1123744
1123745
1123746
1123747
1123748
1123749
1123750
1123751
1123752
1123753
1123754
1123755
1123756
1123757
1123758
1123759
1123760
1123761
1123762
1123763
1123764
1123765
1123766
1123767
1123768
1123769
1123770
1123771
1123772
1123773
1123774
1123775
1123776
1123777
1123778
1123779
1123780
1123781
1123782
1123783
1123784
1123785
1123786
1123787
1123788
1123790
1123791
1124001
1124002
1124003
1124004
1124005
1124006
1124007
1124008
1124009
1124010
1124011
1124012
1124013
1124014
1124015
1124016
1124017
1124018
1124019
1124020
1124021
1124022
1124023
1124024
1124025
1124026
1124027
1124028
1124029
1124030
1124031
1124032
1124033
1124034
1124035
1124036
1124037
1124038
1124039
1124040
1124041
1124042
1124043
1124044
1124045
1124046
1124047
1124048
1124049
1124050
1124051
1124052
1124053
1124054
1124055
1124056
1124057
1124058
1124059
1124060
1124061
1124062
1124063
1124064
1124065
1124066
1124067
1124068
1124069
1124070
1124071
1124072
1124073
1124074
1124075
1124076
1124077
1124078
1124079
1124080
1124081
1124082
1124083
1124084
1124085
1124086
1124087
1124088
1124090
1124091
1124301
1124302
1124303
1124304
1124305
1124306
1124307
1124308
1124309
1124310
1124311
1124312
1124313
1124314
1124315
1124316
1124317
1124318
1124319
1124320
1124321
1124322
1124323
1124324
1124325
1124326
1124327
1124328
1124329
1124330
1124331
1124332
1124333
1124334
1124335
1124336
1124337
1124338
1124339
1124340
1124341
1124342
1124343
1124344
1124345
1124346
1124347
1124348
1124349
1124350
1124351
1124352
1124353
1124354
1124355
1124356
1124357
1124358
1124359
1124360
1124361
1124362
1124363
1124364
1124365
1124366
1124367
1124368
1124369
1124370
1124371
1124372
1124373
1124374
1124375
1124376
1124377
1124378
1124379
1124380
1124381
1124382
1124383
1124384
1124385
1124386
1124387
1124388
1124390
1124391
1124601
1124602
1124603
1124604
1124605
1124606
1124607
1124608
1124609
1124610
1124611
1124612
1124613
1124614
1124615
1124616
1124617
1124618
1124619
1124620
1124621
1124622
1124623
1124624
1124625
1124626
1124627
1124628
1124629
1124630
1124631
1124632
1124633
1124634
1124635
1124636
1124637
1124638
1124639
1124640
1124641
1124642
1124643
1124644
1124645
1124646
1124647
1124648
1124649
1124650
1124651
1124652
1124653
1124654
1124655
1124656
1124657
1124658
1124659
1124661
1125501
1125502
1125503
1125504
1125505
1125506
1125507
1125508
1125509
1125510
1125511
1125512
1125513
1125514
1125515
1125516
1125517
1125518
1125519
1125520
1125521
1125522
1125523
1125524
1125525
1125526
1125527
1125528
1125529
1125530
1125531
1125532
1125533
1125534
1125535
1125536
1125537
1125538
1125539
1125540
1125541
1125542
1125543
1125544
1125545
1125546
1125547
1125548
1125549
1125550
1125551
1125552
1125553
1125554
1125555
1125556
1125557
1125558
1125560
1125561
1125801
1125802
1125803
1125804
1125805
1125806
1125807
1125808
1125809
1125810
1125811
1125812
1125813
1125814
1125815
1125816
1125817
1125818
1125819
1125820
1125821
1125822
1125823
1125824
1125825
1125826
1125827
1125828
1125829
1125830
1125831
1125832
1125833
1125834
1125835
1125836
1125837
1125838
1125839
1125840
1125841
1125842
1125843
1125844
1125845
1125846
1125847
1125848
1125849
1125850
1125851
1125852
1125853
1125854
1125855
1125856
1125857
1125858
1125859
1125860
1125861
1125862
1125863
1125864
1125865
1125866
1125867
1125868
1125869
1125870
1125871
1125872
1125873
1125874
1125875
1125876
1125877
1125878
1125879
1125880
1125881
1125882
1125883
1125884
1125885
1125887
1125888
1126101
1126102
1126103
1126104
1126105
1126106
1126107
1126108
1126109
1126110
1126111
1126112
1126113
1126114
1126115
1126116
1126117
1126118
1126119
1126120
1126121
1126122
1126123
1126124
1126125
1126126
1126127
1126128
1126129
1126130
1126131
1126132
1126133
1126134
1126135
1126136
1126137
1126138
1126139
1126140
1126141
1126142
1126143
1126144
1126145
1126146
1126147
1126148
1126149
1126150
1126151
1126152
1126153
1126154
1126155
1126156
1126157
1126158
1126159
1126160
1126161
1126162
1126163
1126164
1126165
1126166
1126167
1126168
1126169
1126170
1126171
1126172
1126173
1126174
1126175
1126176
1126177
1126178
1126179
1126180
1126181
1126182
1126183
1126184
1126185
1126186
1126187
1126188
1126190
1126191
1126401
1126402
1126403
1126404
1126405
1126406
1126407
1126408
1126409
1126410
1126411
1126412
1126413
1126414
1126415
1126416
1126417
1126418
1126419
1126420
1126421
1126422
1126423
1126424
1126425
1126426
1126427
1126428
1126429
1126430
1126431
1126432
1126433
1126434
1126435
1126436
1126437
1126438
1126439
1126440
1126441
1126442
1126443
1126444
1126445
1126446
1126447
1126448
1126449
1126450
1126451
1126452
1126453
1126454
1126455
1126456
1126457
1126458
1126459
1126460
1126461
1126462
1126463
1126464
1126465
1126466
1126467
1126468
1126469
1126470
1126471
1126472
1126473
1126474
1126475
1126476
1126477
1126478
1126479
1126480
1126481
1126482
1126483
1126484
1126485
1126486
1126487
1126488
1126490
1126491
1126701
1126702
1126703
1126704
1126705
1126706
1126707
1126708
1126709
1126710
1126711
1126712
1126713
1126714
1126715
1126716
1126717
1126718
1126719
1126720
1126721
1126722
1126723
1126724
1126725
1126726
1126727
1126728
1126729
1126730
1126731
1126732
1126733
1126734
1126735
1126736
1126737
1126738
1126739
1126740
1126741
1126742
1126743
1126744
1126745
1126746
1126747
1126748
1126749
1126750
1126751
1126752
1126753
1126754
1126755
1126756
1126757
1126758
1126759
1126760
1126761
1126762
1126763
1126764
1126765
1126766
1126767
1126768
1126769
1126770
1126771
1126772
1126773
1126774
1126775
1126776
1126777
1126778
1126779
1126780
1126781
1126782
1126783
1126784
1126785
1126786
1126787
1126788
1126790
1126791
1127001
1127002
1127003
1127004
1127005
1127006
1127007
1127008
1127009
1127010
1127011
1127012
1127013
1127014
1127015
1127016
1127017
1127018
1127019
1127020
1127021
1127022
1127023
1127024
1127025
1127026
1127027
1127028
1127029
1127030
1127031
1127032
1127033
1127034
1127035
1127036
1127037
1127038
1127039
1127040
1127041
1127042
1127043
1127044
1127045
1127046
1127047
1127048
1127049
1127050
1127051
1127052
1127053
1127054
1127055
1127056
1127057
1127058
1127059
1127060
1127061
1127062
1127063
1127064
1127065
1127066
1127067
1127068
1127069
1127070
1127071
1127072
1127073
1127074
1127075
1127076
1127077
1127078
1127079
1127080
1127081
1127082
1127083
1127084
1127085
1127086
1127087
1127088
1127090
1127091
1127301
1127302
1127303
1127304
1127305
1127306
1127307
1127308
1127309
1127310
1127311
1127312
1127313
1127314
1127315
1127316
1127317
1127318
1127319
1127320
1127321
1127322
1127323
1127324
1127325
1127326
1127327
1127328
1127329
1127330
1127331
1127332
1127333
1127334
1127335
1127336
1127337
1127338
1127339
1127340
1127341
1127342
1127343
1127344
1127345
1127346
1127347
1127348
1127349
1127350
1127351
1127352
1127353
1127354
1127355
1127356
1127357
1127358
1127359
1127360
1127361
1127362
1127363
1127364
1127365
1127366
1127367
1127368
1127369
1127370
1127371
1127372
1127373
1127374
1127375
1127376
1127377
1127378
1127379
1127380
1127381
1127382
1127383
1127384
1127385
1127386
1127387
1127388
1127390
1127391
1127601
1127602
1127603
1127604
1127605
1127606
1127607
1127608
1127609
1127610
1127611
1127612
1127613
1127614
1127615
1127616
1127617
1127618
1127619
1127620
1127621
1127622
1127623
1127624
1127625
1127626
1127627
1127628
1127629
1127630
1127631
1127632
1127633
1127634
1127635
1127636
1127637
1127638
1127639
1127640
1127641
1127642
1127643
1127644
1127645
1127646
1127647
1127648
1127649
1127650
1127651
1127652
1127653
1127654
1127655
1127656
1127657
1127658
1127659
1127661
1128501
1128502
1128503
1128504
1128505
1128506
1128507
1128508
1128509
1128510
1128511
1128512
1128513
1128514
1128515
1128516
1128517
1128518
1128519
1128520
1128521
1128522
1128523
1128524
1128525
1128526
1128527
1128528
1128529
1128530
1128531
1128532
1128533
1128534
1128535
1128536
1128537
1128538
1128539
1128540
1128541
1128542
1128543
1128544
1128545
1128546
1128547
1128548
1128549
1128550
1128551
1128552
1128553
1128554
1128555
1128556
1128557
1128558
1128559
1128560
1128561
1128562
1128563
1128564
1128565
1128566
1128567
1128568
1128569
1128570
1128571
1128572
1128573
1128574
1128575
1128576
1128577
1128578
1128579
1128580
1128581
1128582
1128583
1128584
1128585
1128587
1128588
1128801
1128802
1128803
1128804
1128805
1128806
1128807
1128808
1128809
1128810
1128811
1128812
1128813
1128814
1128815
1128816
1128817
1128818
1128819
1128820
1128821
1128822
1128823
1128824
1128825
1128826
1128827
1128828
1128829
1128830
1128831
1128832
1128833
1128834
1128835
1128836
1128837
1128838
1128839
1128840
1128841
1128842
1128843
1128844
1128845
1128846
1128847
1128848
1128849
1128850
1128851
1128852
1128853
1128854
1128855
1128856
1128857
1128858
1128859
1128860
1128861
1128862
1128863
1128864
1128865
1128866
1128867
1128868
1128869
1128870
1128871
1128872
1128873
1128874
1128875
1128876
1128877
1128878
1128879
1128880
1128881
1128882
1128883
1128884
1128885
1128887
1128888
1129101
1129102
1129103
1129104
1129105
1129106
1129107
1129108
1129109
1129110
1129111
1129112
1129113
1129114
1129115
1129116
1129117
1129118
1129119
1129120
1129121
1129122
1129123
1129124
1129125
1129126
1129127
1129128
1129129
1129130
1129131
1129132
1129133
1129134
1129135
1129136
1129137
1129138
1129139
1129140
1129141
1129142
1129143
1129144
1129145
1129146
1129147
1129148
1129149
1129150
1129151
1129152
1129153
1129154
1129155
1129156
1129157
1129158
1129159
1129160
1129161
1129162
1129163
1129164
1129165
1129166
1129167
1129168
1129169
1129170
1129171
1129172
1129173
1129174
1129175
1129176
1129177
1129178
1129179
1129180
1129181
1129182
1129183
1129184
1129185
1129186
1129187
1129188
1129190
1129191
1129401
1129402
1129403
1129404
1129405
1129406
1129407
1129408
1129409
1129410
1129411
1129412
1129413
1129414
1129415
1129416
1129417
1129418
1129419
1129420
1129421
1129422
1129423
1129424
1129425
1129426
1129427
1129428
1129429
1129430
1129431
1129432
1129433
1129434
1129435
1129436
1129437
1129438
1129439
1129440
1129441
1129442
1129443
1129444
1129445
1129446
1129447
1129448
1129449
1129450
1129451
1129452
1129453
1129454
1129455
1129456
1129457
1129458
1129459
1129460
1129461
1129462
1129463
1129464
1129465
1129466
1129467
1129468
1129469
1129470
1129471
1129472
1129473
1129474
1129475
1129476
1129477
1129478
1129479
1129480
1129481
1129482
1129483
1129484
1129485
1129486
1129487
1129488
1129490
1129491
1129701
1129702
1129703
1129704
1129705
1129706
1129707
1129708
1129709
1129710
1129711
1129712
1129713
1129714
1129715
1129716
1129717
1129718
1129719
1129720
1129721
1129722
1129723
1129724
1129725
1129726
1129727
1129728
1129729
1129730
1129731
1129732
1129733
1129734
1129735
1129736
1129737
1129738
1129739
1129740
1129741
1129742
1129743
1129744
1129745
1129746
1129747
1129748
1129749
1129750
1129751
1129752
1129753
1129754
1129755
1129756
1129757
1129758
1129759
1129760
1129761
1129762
1129763
1129764
1129765
1129766
1129767
1129768
1129769
1129770
1129771
1129772
1129773
1129774
1129775
1129776
1129777
1129778
1129779
1129780
1129781
1129782
1129783
1129784
1129785
1129786
1129787
1129788
1129790
1129791
1130001
1130002
1130003
1130004
1130005
1130006
1130007
1130008
1130009
1130010
1130011
1130012
1130013
1130014
1130015
1130016
1130017
1130018
1130019
1130020
1130021
1130022
1130023
1130024
1130025
1130026
1130027
1130028
1130029
1130030
1130031
1130032
1130033
1130034
1130035
1130036
1130037
1130038
1130039
1130040
1130041
1130042
1130043
1130044
1130045
1130046
1130047
1130048
1130049
1130050
1130051
1130052
1130053
1130054
1130055
1130056
1130057
1130058
1130059
1130060
1130061
1130062
1130063
1130064
1130065
1130066
1130067
1130068
1130069
1130070
1130071
1130072
1130073
1130074
1130075
1130076
1130077
1130078
1130079
1130080
1130081
1130082
1130083
1130084
1130085
1130086
1130087
1130088
1130090
1130091
1130301
1130302
1130303
1130304
1130305
1130306
1130307
1130308
1130309
1130310
1130311
1130312
1130313
1130314
1130315
1130316
1130317
1130318
1130319
1130320
1130321
1130322
1130323
1130324
1130325
1130326
1130327
1130328
1130329
1130330
1130331
1130332
1130333
1130334
1130335
1130336
1130337
1130338
1130339
1130340
1130341
1130342
1130343
1130344
1130345
1130346
1130347
1130348
1130349
1130350
1130351
1130352
1130353
1130354
1130355
1130356
1130357
1130358
1130359
1130360
1130361
1130362
1130363
1130364
1130365
1130366
1130367
1130368
1130369
1130370
1130371
1130372
1130373
1130374
1130375
1130376
1130377
1130378
1130379
1130380
1130381
1130382
1130383
1130384
1130385
1130386
1130387
1130388
1130390
1130391
1130601
1130602
1130603
1130604
1130605
1130606
1130607
1130608
1130609
1130610
1130611
1130612
1130613
1130614
1130615
1130616
1130617
1130618
1130619
1130620
1130621
1130622
1130623
1130624
1130625
1130626
1130627
1130628
1130629
1130630
1130631
1130632
1130633
1130634
1130635
1130636
1130637
1130638
1130639
1130640
1130641
1130642
1130643
1130644
1130645
1130646
1130647
1130648
1130649
1130650
1130651
1130652
1130653
1130654
1130655
1130656
1130657
1130658
1130659
1130661
1131201
1131202
1131203
1131204
1131205
1131206
1131207
1131208
1131209
1131210
1131211
1131212
1131213
1131214
1131215
1131216
1131217
1131218
1131219
1131220
1131221
1131222
1131223
1131224
1131225
1131226
1131227
1131228
1131229
1131230
1131231
1131232
1131233
1131234
1131235
1131236
1131237
1131238
1131239
1131240
1131241
1131242
1131243
1131244
1131245
1131246
1131247
1131248
1131249
1131250
1131251
1131252
1131253
1131254
1131255
1131256
1131257
1131258
1131260
1131261
1131277
1131278
1131279
1131280
1131281
1131282
1131283
1131284
1131285
1131287
1131288
1131501
1131502
1131503
1131504
1131505
1131506
1131507
1131508
1131509
1131510
1131511
1131512
1131513
1131514
1131515
1131516
1131517
1131518
1131519
1131520
1131521
1131522
1131523
1131524
1131525
1131526
1131527
1131528
1131529
1131530
1131531
1131532
1131533
1131534
1131535
1131536
1131537
1131538
1131539
1131540
1131541
1131542
1131543
1131544
1131545
1131546
1131547
1131548
1131549
1131550
1131551
1131552
1131553
1131554
1131555
1131556
1131557
1131558
1131559
1131560
1131561
1131562
1131563
1131564
1131565
1131566
1131567
1131568
1131569
1131570
1131571
1131572
1131573
1131574
1131575
1131576
1131577
1131578
1131579
1131580
1131581
1131582
1131583
1131584
1131585
1131587
1131588
1131801
1131802
1131803
1131804
1131805
1131806
1131807
1131808
1131809
1131810
1131811
1131812
1131813
1131814
1131815
1131816
1131817
1131818
1131819
1131820
1131821
1131822
1131823
1131824
1131825
1131826
1131827
1131828
1131829
1131830
1131831
1131832
1131833
1131834
1131835
1131836
1131837
1131838
1131839
1131840
1131841
1131842
1131843
1131844
1131845
1131846
1131847
1131848
1131849
1131850
1131851
1131852
1131853
1131854
1131855
1131856
1131857
1131858
1131859
1131860
1131861
1131862
1131863
1131864
1131865
1131866
1131867
1131868
1131869
1131870
1131871
1131872
1131873
1131874
1131875
1131876
1131877
1131878
1131879
1131880
1131881
1131882
1131883
1131884
1131885
1131887
1131888
1132101
1132102
1132103
1132104
1132105
1132106
1132107
1132108
1132109
1132110
1132111
1132112
1132113
1132114
1132115
1132116
1132117
1132118
1132119
1132120
1132121
1132122
1132123
1132124
1132125
1132126
1132127
1132128
1132129
1132130
1132131
1132132
1132133
1132134
1132135
1132136
1132137
1132138
1132139
1132140
1132141
1132142
1132143
1132144
1132145
1132146
1132147
1132148
1132149
1132150
1132151
1132152
1132153
1132154
1132155
1132156
1132157
1132158
1132159
1132160
1132161
1132162
1132163
1132164
1132165
1132166
1132167
1132168
1132169
1132170
1132171
1132172
1132173
1132174
1132175
1132176
1132177
1132178
1132179
1132180
1132181
1132182
1132183
1132184
1132185
1132186
1132187
1132188
1132190
1132191
1132401
1132402
1132403
1132404
1132405
1132406
1132407
1132408
1132409
1132410
1132411
1132412
1132413
1132414
1132415
1132416
1132417
1132418
1132419
1132420
1132421
1132422
1132423
1132424
1132425
1132426
1132427
1132428
1132429
1132430
1132431
1132432
1132433
1132434
1132435
1132436
1132437
1132438
1132439
1132440
1132441
1132442
1132443
1132444
1132445
1132446
1132447
1132448
1132449
1132450
1132451
1132452
1132453
1132454
1132455
1132456
1132457
1132458
1132459
1132460
1132461
1132462
1132463
1132464
1132465
1132466
1132467
1132468
1132469
1132470
1132471
1132472
1132473
1132474
1132475
1132476
1132477
1132478
1132479
1132480
1132481
1132482
1132483
1132484
1132485
1132486
1132487
1132488
1132490
1132491
1132701
1132702
1132703
1132704
1132705
1132706
1132707
1132708
1132709
1132710
1132711
1132712
1132713
1132714
1132715
1132716
1132717
1132718
1132719
1132720
1132721
1132722
1132723
1132724
1132725
1132726
1132727
1132728
1132729
1132730
1132731
1132732
1132733
1132734
1132735
1132736
1132737
1132738
1132739
1132740
1132741
1132742
1132743
1132744
1132745
1132746
1132747
1132748
1132749
1132750
1132751
1132752
1132753
1132754
1132755
1132756
1132757
1132758
1132759
1132760
1132761
1132762
1132763
1132764
1132765
1132766
1132767
1132768
1132769
1132770
1132771
1132772
1132773
1132774
1132775
1132776
1132777
1132778
1132779
1132780
1132781
1132782
1132783
1132784
1132785
1132786
1132787
1132788
1132790
1132791
1133001
1133002
1133003
1133004
1133005
1133006
1133007
1133008
1133009
1133010
1133011
1133012
1133013
1133014
1133015
1133016
1133017
1133018
1133019
1133020
1133021
1133022
1133023
1133024
1133025
1133026
1133027
1133028
1133029
1133030
1133031
1133032
1133033
1133034
1133035
1133036
1133037
1133038
1133039
1133040
1133041
1133042
1133043
1133044
1133045
1133046
1133047
1133048
1133049
1133050
1133051
1133052
1133053
1133054
1133055
1133056
1133057
1133058
1133059
1133060
1133061
1133062
1133063
1133064
1133065
1133066
1133067
1133068
1133069
1133070
1133071
1133072
1133073
1133074
1133075
1133076
1133077
1133078
1133079
1133080
1133081
1133082
1133083
1133084
1133085
1133086
1133087
1133088
1133090
1133091
1133301
1133302
1133303
1133304
1133305
1133306
1133307
1133308
1133309
1133310
1133311
1133312
1133313
1133314
1133315
1133316
1133317
1133318
1133319
1133320
1133321
1133322
1133323
1133324
1133325
1133326
1133327
1133328
1133329
1133330
1133331
1133332
1133333
1133334
1133335
1133336
1133337
1133338
1133339
1133340
1133341
1133342
1133343
1133344
1133345
1133346
1133347
1133348
1133349
1133350
1133351
1133352
1133353
1133354
1133355
1133356
1133357
1133358
1133359
1133360
1133361
1133362
1133363
1133364
1133365
1133366
1133367
1133368
1133369
1133370
1133371
1133372
1133373
1133374
1133375
1133376
1133377
1133378
1133379
1133380
1133381
1133382
1133383
1133384
1133385
1133386
1133387
1133388
1133390
1133391
1133601
1133602
1133603
1133604
1133605
1133606
1133607
1133608
1133609
1133610
1133611
1133612
1133613
1133614
1133615
1133616
1133617
1133618
1133619
1133620
1133621
1133622
1133623
1133624
1133625
1133626
1133627
1133628
1133629
1133630
1133631
1133632
1133633
1133634
1133635
1133636
1133637
1133638
1133639
1133640
1133641
1133642
1133643
1133644
1133645
1133646
1133647
1133648
1133649
1133650
1133651
1133652
1133653
1133654
1133655
1133656
1133657
1133658
1133659
1133661
1134201
1134202
1134203
1134204
1134205
1134206
1134207
1134208
1134209
1134210
1134211
1134212
1134213
1134214
1134215
1134216
1134217
1134218
1134219
1134220
1134221
1134222
1134223
1134224
1134225
1134226
1134227
1134228
1134229
1134230
1134231
1134232
1134233
1134234
1134235
1134236
1134237
1134238
1134239
1134240
1134241
1134242
1134243
1134244
1134245
1134246
1134247
1134248
1134249
1134250
1134251
1134252
1134253
1134254
1134255
1134256
1134257
1134258
1134259
1134260
1134261
1134262
1134263
1134264
1134265
1134266
1134267
1134268
1134269
1134270
1134271
1134272
1134273
1134274
1134275
1134276
1134277
1134278
1134279
1134280
1134281
1134282
1134283
1134284
1134285
1134287
1134288
1134501
1134502
1134503
1134504
1134505
1134506
1134507
1134508
1134509
1134510
1134511
1134512
1134513
1134514
1134515
1134516
1134517
1134518
1134519
1134520
1134521
1134522
1134523
1134524
1134525
1134526
1134527
1134528
1134529
1134530
1134531
1134532
1134533
1134534
1134535
1134536
1134537
1134538
1134539
1134540
1134541
1134542
1134543
1134544
1134545
1134546
1134547
1134548
1134549
1134550
1134551
1134552
1134553
1134554
1134555
1134556
1134557
1134558
1134559
1134560
1134561
1134562
1134563
1134564
1134565
1134566
1134567
1134568
1134569
1134570
1134571
1134572
1134573
1134574
1134575
1134576
1134577
1134578
1134579
1134580
1134581
1134582
1134583
1134584
1134585
1134587
1134588
1134801
1134802
1134803
1134804
1134805
1134806
1134807
1134808
1134809
1134810
1134811
1134812
1134813
1134814
1134815
1134816
1134817
1134818
1134819
1134820
1134821
1134822
1134823
1134824
1134825
1134826
1134827
1134828
1134829
1134830
1134831
1134832
1134833
1134834
1134835
1134836
1134837
1134838
1134839
1134840
1134841
1134842
1134843
1134844
1134845
1134846
1134847
1134848
1134849
1134850
1134851
1134852
1134853
1134854
1134855
1134856
1134857
1134858
1134859
1134860
1134861
1134862
1134863
1134864
1134865
1134866
1134867
1134868
1134869
1134870
1134871
1134872
1134873
1134874
1134875
1134876
1134877
1134878
1134879
1134880
1134881
1134882
1134883
1134884
1134885
1134887
1134888
1135101
1135102
1135103
1135104
1135105
1135106
1135107
1135108
1135109
1135110
1135111
1135112
1135113
1135114
1135115
1135116
1135117
1135118
1135119
1135120
1135121
1135122
1135123
1135124
1135125
1135126
1135127
1135128
1135129
1135130
1135131
1135132
1135133
1135134
1135135
1135136
1135137
1135138
1135139
1135140
1135141
1135142
1135143
1135144
1135145
1135146
1135147
1135148
1135149
1135150
1135151
1135152
1135153
1135154
1135155
1135156
1135157
1135158
1135159
1135160
1135161
1135162
1135163
1135164
1135165
1135166
1135167
1135168
1135169
1135170
1135171
1135172
1135173
1135174
1135175
1135176
1135177
1135178
1135179
1135180
1135181
1135182
1135183
1135184
1135185
1135186
1135187
1135188
1135190
1135191
1135401
1135402
1135403
1135404
1135405
1135406
1135407
1135408
1135409
1135410
1135411
1135412
1135413
1135414
1135415
1135416
1135417
1135418
1135419
1135420
1135421
1135422
1135423
1135424
1135425
1135426
1135427
1135428
1135429
1135430
1135431
1135432
1135433
1135434
1135435
1135436
1135437
1135438
1135439
1135440
1135441
1135442
1135443
1135444
1135445
1135446
1135447
1135448
1135449
1135450
1135451
1135452
1135453
1135454
1135455
1135456
1135457
1135458
1135459
1135460
1135461
1135462
1135463
1135464
1135465
1135466
1135467
1135468
1135469
1135470
1135471
1135472
1135473
1135474
1135475
1135476
1135477
1135478
1135479
1135480
1135481
1135482
1135483
1135484
1135485
1135486
1135487
1135488
1135490
1135491
1135701
1135702
1135703
1135704
1135705
1135706
1135707
1135708
1135709
1135710
1135711
1135712
1135713
1135714
1135715
1135716
1135717
1135718
1135719
1135720
1135721
1135722
1135723
1135724
1135725
1135726
1135727
1135728
1135729
1135730
1135731
1135732
1135733
1135734
1135735
1135736
1135737
1135738
1135739
1135740
1135741
1135742
1135743
1135744
1135745
1135746
1135747
1135748
1135749
1135750
1135751
1135752
1135753
1135754
1135755
1135756
1135757
1135758
1135759
1135760
1135761
1135762
1135763
1135764
1135765
1135766
1135767
1135768
1135769
1135770
1135771
1135772
1135773
1135774
1135775
1135776
1135777
1135778
1135779
1135780
1135781
1135782
1135783
1135784
1135785
1135786
1135787
1135788
1135790
1135791
1136001
1136002
1136003
1136004
1136005
1136006
1136007
1136008
1136009
1136010
1136011
1136012
1136013
1136014
1136015
1136016
1136017
1136018
1136019
1136020
1136021
1136022
1136023
1136024
1136025
1136026
1136027
1136028
1136029
1136030
1136031
1136032
1136033
1136034
1136035
1136036
1136037
1136038
1136039
1136040
1136041
1136042
1136043
1136044
1136045
1136046
1136047
1136048
1136049
1136050
1136051
1136052
1136053
1136054
1136055
1136056
1136057
1136058
1136059
1136060
1136061
1136062
1136063
1136064
1136065
1136066
1136067
1136068
1136069
1136070
1136071
1136072
1136073
1136074
1136075
1136076
1136077
1136078
1136079
1136080
1136081
1136082
1136083
1136084
1136085
1136086
1136087
1136088
1136090
1136091
1136301
1136302
1136303
1136304
1136305
1136306
1136307
1136308
1136309
1136310
1136311
1136312
1136313
1136314
1136315
1136316
1136317
1136318
1136319
1136320
1136321
1136322
1136323
1136324
1136325
1136326
1136327
1136328
1136329
1136330
1136331
1136332
1136333
1136334
1136335
1136336
1136337
1136338
1136339
1136340
1136341
1136342
1136343
1136344
1136345
1136346
1136347
1136348
1136349
1136350
1136351
1136352
1136353
1136354
1136355
1136356
1136357
1136358
1136359
1136360
1136361
1136362
1136363
1136364
1136365
1136366
1136367
1136368
1136369
1136370
1136371
1136372
1136373
1136374
1136375
1136376
1136377
1136378
1136379
1136380
1136381
1136382
1136383
1136384
1136385
1136386
1136387
1136388
1136390
1136391
1136601
1136602
1136603
1136604
1136605
1136606
1136607
1136608
1136609
1136610
1136611
1136612
1136613
1136614
1136615
1136616
1136617
1136618
1136619
1136620
1136621
1136622
1136623
1136624
1136625
1136626
1136627
1136628
1136629
1136630
1136631
1136632
1136633
1136634
1136635
1136636
1136637
1136638
1136639
1136640
1136641
1136642
1136643
1136644
1136645
1136646
1136647
1136648
1136649
1136650
1136651
1136652
1136653
1136654
1136655
1136656
1136657
1136658
1136659
1136661
1137201
1137202
1137203
1137204
1137205
1137206
1137207
1137208
1137209
1137210
1137211
1137212
1137213
1137214
1137215
1137216
1137217
1137218
1137219
1137220
1137221
1137222
1137223
1137224
1137225
1137226
1137227
1137228
1137229
1137230
1137231
1137232
1137233
1137234
1137235
1137236
1137237
1137238
1137239
1137240
1137241
1137242
1137243
1137244
1137245
1137246
1137247
1137248
1137249
1137250
1137251
1137252
1137253
1137254
1137255
1137256
1137257
1137258
1137259
1137260
1137261
1137262
1137263
1137264
1137265
1137266
1137267
1137268
1137269
1137270
1137271
1137272
1137273
1137274
1137275
1137276
1137277
1137278
1137279
1137280
1137281
1137282
1137283
1137284
1137285
1137287
1137288
1137501
1137502
1137503
1137504
1137505
1137506
1137507
1137508
1137509
1137510
1137511
1137512
1137513
1137514
1137515
1137516
1137517
1137518
1137519
1137520
1137521
1137522
1137523
1137524
1137525
1137526
1137527
1137528
1137529
1137530
1137531
1137532
1137533
1137534
1137535
1137536
1137537
1137538
1137539
1137540
1137541
1137542
1137543
1137544
1137545
1137546
1137547
1137548
1137549
1137550
1137551
1137552
1137553
1137554
1137555
1137556
1137557
1137558
1137559
1137560
1137561
1137562
1137563
1137564
1137565
1137566
1137567
1137568
1137569
1137570
1137571
1137572
1137573
1137574
1137575
1137576
1137577
1137578
1137579
1137580
1137581
1137582
1137583
1137584
1137585
1137587
1137588
1137801
1137802
1137803
1137804
1137805
1137806
1137807
1137808
1137809
1137810
1137811
1137812
1137813
1137814
1137815
1137816
1137817
1137818
1137819
1137820
1137821
1137822
1137823
1137824
1137825
1137826
1137827
1137828
1137829
1137830
1137831
1137832
1137833
1137834
1137835
1137836
1137837
1137838
1137839
1137840
1137841
1137842
1137843
1137844
1137845
1137846
1137847
1137848
1137849
1137850
1137851
1137852
1137853
1137854
1137855
1137856
1137857
1137858
1137859
1137860
1137861
1137862
1137863
1137864
1137865
1137866
1137867
1137868
1137869
1137870
1137871
1137872
1137873
1137874
1137875
1137876
1137877
1137878
1137879
1137880
1137881
1137882
1137883
1137884
1137885
1137887
1137888
1138101
1138102
1138103
1138104
1138105
1138106
1138107
1138108
1138109
1138110
1138111
1138112
1138113
1138114
1138115
1138116
1138117
1138118
1138119
1138120
1138121
1138122
1138123
1138124
1138125
1138126
1138127
1138128
1138129
1138130
1138131
1138132
1138133
1138134
1138135
1138136
1138137
1138138
1138139
1138140
1138141
1138142
1138143
1138144
1138145
1138146
1138147
1138148
1138149
1138150
1138151
1138152
1138153
1138154
1138155
1138156
1138157
1138158
1138159
1138160
1138161
1138162
1138163
1138164
1138165
1138166
1138167
1138168
1138169
1138170
1138171
1138172
1138173
1138174
1138175
1138176
1138177
1138178
1138179
1138180
1138181
1138182
1138183
1138184
1138185
1138186
1138187
1138188
1138190
1138191
1138401
1138402
1138403
1138404
1138405
1138406
1138407
1138408
1138409
1138410
1138411
1138412
1138413
1138414
1138415
1138416
1138417
1138418
1138419
1138420
1138421
1138422
1138423
1138424
1138425
1138426
1138427
1138428
1138429
1138430
1138431
1138432
1138433
1138434
1138435
1138436
1138437
1138438
1138439
1138440
1138441
1138442
1138443
1138444
1138445
1138446
1138447
1138448
1138449
1138450
1138451
1138452
1138453
1138454
1138455
1138456
1138457
1138458
1138459
1138460
1138461
1138462
1138463
1138464
1138465
1138466
1138467
1138468
1138469
1138470
1138471
1138472
1138473
1138474
1138475
1138476
1138477
1138478
1138479
1138480
1138481
1138482
1138483
1138484
1138485
1138486
1138487
1138488
1138490
1138491
1138701
1138702
1138703
1138704
1138705
1138706
1138707
1138708
1138709
1138710
1138711
1138712
1138713
1138714
1138715
1138716
1138717
1138718
1138719
1138720
1138721
1138722
1138723
1138724
1138725
1138726
1138727
1138728
1138729
1138730
1138731
1138732
1138733
1138734
1138735
1138736
1138737
1138738
1138739
1138740
1138741
1138742
1138743
1138744
1138745
1138746
1138747
1138748
1138749
1138750
1138751
1138752
1138753
1138754
1138755
1138756
1138757
1138758
1138759
1138760
1138761
1138762
1138763
1138764
1138765
1138766
1138767
1138768
1138769
1138770
1138771
1138772
1138773
1138774
1138775
1138776
1138777
1138778
1138779
1138780
1138781
1138782
1138783
1138784
1138785
1138786
1138787
1138788
1138790
1138791
1139001
1139002
1139003
1139004
1139005
1139006
1139007
1139008
1139009
1139010
1139011
1139012
1139013
1139014
1139015
1139016
1139017
1139018
1139019
1139020
1139021
1139022
1139023
1139024
1139025
1139026
1139027
1139028
1139029
1139030
1139031
1139032
1139033
1139034
1139035
1139036
1139037
1139038
1139039
1139040
1139041
1139042
1139043
1139044
1139045
1139046
1139047
1139048
1139049
1139050
1139051
1139052
1139053
1139054
1139055
1139056
1139057
1139058
1139059
1139060
1139061
1139062
1139063
1139064
1139065
1139066
1139067
1139068
1139069
1139070
1139071
1139072
1139073
1139074
1139075
1139076
1139077
1139078
1139079
1139080
1139081
1139082
1139083
1139084
1139085
1139086
1139087
1139088
1139090
1139091
1139301
1139302
1139303
1139304
1139305
1139306
1139307
1139308
1139309
1139310
1139311
1139312
1139313
1139314
1139315
1139316
1139317
1139318
1139319
1139320
1139321
1139322
1139323
1139324
1139325
1139326
1139327
1139328
1139329
1139330
1139331
1139332
1139333
1139334
1139335
1139336
1139337
1139338
1139339
1139340
1139341
1139342
1139343
1139344
1139345
1139346
1139347
1139348
1139349
1139350
1139351
1139352
1139353
1139354
1139355
1139356
1139357
1139358
1139359
1139360
1139361
1139362
1139363
1139364
1139365
1139366
1139367
1139368
1139369
1139370
1139371
1139372
1139373
1139374
1139375
1139376
1139377
1139378
1139379
1139380
1139381
1139382
1139383
1139384
1139385
1139386
1139387
1139388
1139390
1139391
1139601
1139602
1139603
1139604
1139605
1139606
1139607
1139608
1139609
1139610
1139611
1139612
1139613
1139614
1139615
1139616
1139617
1139618
1139619
1139620
1139621
1139622
1139623
1139624
1139625
1139626
1139627
1139628
1139629
1139630
1139631
1139632
1139633
1139634
1139635
1139636
1139637
1139638
1139639
1139640
1139641
1139642
1139643
1139644
1139645
1139646
1139647
1139648
1139649
1139650
1139651
1139652
1139653
1139654
1139655
1139656
1139657
1139658
1139659
1139661
1140201
1140202
1140203
1140204
1140205
1140206
1140207
1140208
1140209
1140210
1140211
1140212
1140213
1140214
1140215
1140216
1140217
1140218
1140219
1140220
1140221
1140222
1140223
1140224
1140225
1140226
1140227
1140228
1140229
1140230
1140231
1140232
1140233
1140234
1140235
1140236
1140237
1140238
1140239
1140240
1140241
1140242
1140243
1140244
1140245
1140246
1140247
1140248
1140249
1140250
1140251
1140252
1140253
1140254
1140255
1140256
1140257
1140258
1140259
1140260
1140261
1140262
1140263
1140264
1140265
1140266
1140267
1140268
1140269
1140270
1140271
1140272
1140273
1140274
1140275
1140276
1140277
1140278
1140279
1140280
1140281
1140282
1140283
1140284
1140285
1140287
1140288
1140501
1140502
1140503
1140504
1140505
1140506
1140507
1140508
1140509
1140510
1140511
1140512
1140513
1140514
1140515
1140516
1140517
1140518
1140519
1140520
1140521
1140522
1140523
1140524
1140525
1140526
1140527
1140528
1140529
1140530
1140531
1140532
1140533
1140534
1140535
1140536
1140537
1140538
1140539
1140540
1140541
1140542
1140543
1140544
1140545
1140546
1140547
1140548
1140549
1140550
1140551
1140552
1140553
1140554
1140555
1140556
1140557
1140558
1140559
1140560
1140561
1140562
1140563
1140564
1140565
1140566
1140567
1140568
1140569
1140570
1140571
1140572
1140573
1140574
1140575
1140576
1140577
1140578
1140579
1140580
1140581
1140582
1140583
1140584
1140585
1140587
1140588
1140801
1140802
1140803
1140804
1140805
1140806
1140807
1140808
1140809
1140810
1140811
1140812
1140813
1140814
1140815
1140816
1140817
1140818
1140819
1140820
1140821
1140822
1140823
1140824
1140825
1140826
1140827
1140828
1140829
1140830
1140831
1140832
1140833
1140834
1140835
1140836
1140837
1140838
1140839
1140840
1140841
1140842
1140843
1140844
1140845
1140846
1140847
1140848
1140849
1140850
1140851
1140852
1140853
1140854
1140855
1140856
1140857
1140858
1140859
1140860
1140861
1140862
1140863
1140864
1140865
1140866
1140867
1140868
1140869
1140870
1140871
1140872
1140873
1140874
1140875
1140876
1140877
1140878
1140879
1140880
1140881
1140882
1140883
1140884
1140885
1140887
1140888
1141101
1141102
1141103
1141104
1141105
1141106
1141107
1141108
1141109
1141110
1141111
1141112
1141113
1141114
1141115
1141116
1141117
1141118
1141119
1141120
1141121
1141122
1141123
1141124
1141125
1141126
1141127
1141128
1141129
1141130
1141131
1141132
1141133
1141134
1141135
1141136
1141137
1141138
1141139
1141140
1141141
1141142
1141143
1141144
1141145
1141146
1141147
1141148
1141149
1141150
1141151
1141152
1141153
1141154
1141155
1141156
1141157
1141158
1141159
1141160
1141161
1141162
1141163
1141164
1141165
1141166
1141167
1141168
1141169
1141170
1141171
1141172
1141173
1141174
1141175
1141176
1141177
1141178
1141179
1141180
1141181
1141182
1141183
1141184
1141185
1141186
1141187
1141188
1141190
1141191
1141401
1141402
1141403
1141404
1141405
1141406
1141407
1141408
1141409
1141410
1141411
1141412
1141413
1141414
1141415
1141416
1141417
1141418
1141419
1141420
1141421
1141422
1141423
1141424
1141425
1141426
1141427
1141428
1141429
1141430
1141431
1141432
1141433
1141434
1141435
1141436
1141437
1141438
1141439
1141440
1141441
1141442
1141443
1141444
1141445
1141446
1141447
1141448
1141449
1141450
1141451
1141452
1141453
1141454
1141455
1141456
1141457
1141458
1141459
1141460
1141461
1141462
1141463
1141464
1141465
1141466
1141467
1141468
1141469
1141470
1141471
1141472
1141473
1141474
1141475
1141476
1141477
1141478
1141479
1141480
1141481
1141482
1141483
1141484
1141485
1141486
1141487
1141488
1141490
1141491
1141701
1141702
1141703
1141704
1141705
1141706
1141707
1141708
1141709
1141710
1141711
1141712
1141713
1141714
1141715
1141716
1141717
1141718
1141719
1141720
1141721
1141722
1141723
1141724
1141725
1141726
1141727
1141728
1141729
1141730
1141731
1141732
1141733
1141734
1141735
1141736
1141737
1141738
1141739
1141740
1141741
1141742
1141743
1141744
1141745
1141746
1141747
1141748
1141749
1141750
1141751
1141752
1141753
1141754
1141755
1141756
1141757
1141758
1141759
1141760
1141761
1141762
1141763
1141764
1141765
1141766
1141767
1141768
1141769
1141770
1141771
1141772
1141773
1141774
1141775
1141776
1141777
1141778
1141779
1141780
1141781
1141782
1141783
1141784
1141785
1141786
1141787
1141788
1141790
1141791
1142001
1142002
1142003
1142004
1142005
1142006
1142007
1142008
1142009
1142010
1142011
1142012
1142013
1142014
1142015
1142016
1142017
1142018
1142019
1142020
1142021
1142022
1142023
1142024
1142025
1142026
1142027
1142028
1142029
1142030
1142031
1142032
1142033
1142034
1142035
1142036
1142037
1142038
1142039
1142040
1142041
1142042
1142043
1142044
1142045
1142046
1142047
1142048
1142049
1142050
1142051
1142052
1142053
1142054
1142055
1142056
1142057
1142058
1142059
1142060
1142061
1142062
1142063
1142064
1142065
1142066
1142067
1142068
1142069
1142070
1142071
1142072
1142073
1142074
1142075
1142076
1142077
1142078
1142079
1142080
1142081
1142082
1142083
1142084
1142085
1142086
1142087
1142088
1142090
1142091
1142301
1142302
1142303
1142304
1142305
1142306
1142307
1142308
1142309
1142310
1142311
1142312
1142313
1142314
1142315
1142316
1142317
1142318
1142319
1142320
1142321
1142322
1142323
1142324
1142325
1142326
1142327
1142328
1142329
1142330
1142331
1142332
1142333
1142334
1142335
1142336
1142337
1142338
1142339
1142340
1142341
1142342
1142343
1142344
1142345
1142346
1142347
1142348
1142349
1142350
1142351
1142352
1142353
1142354
1142355
1142356
1142357
1142358
1142359
1142360
1142361
1142362
1142363
1142364
1142365
1142366
1142367
1142368
1142369
1142370
1142371
1142372
1142373
1142374
1142375
1142376
1142377
1142378
1142379
1142380
1142381
1142382
1142383
1142384
1142385
1142386
1142387
1142388
1142390
1142391
1142601
1142602
1142603
1142604
1142605
1142606
1142607
1142608
1142609
1142610
1142611
1142612
1142613
1142614
1142615
1142616
1142617
1142618
1142619
1142620
1142621
1142622
1142623
1142624
1142625
1142626
1142627
1142628
1142629
1142630
1142631
1142632
1142633
1142634
1142635
1142636
1142637
1142638
1142639
1142640
1142641
1142642
1142643
1142644
1142645
1142646
1142647
1142648
1142649
1142650
1142651
1142652
1142653
1142654
1142655
1142656
1142657
1142658
1142659
1142661
1143201
1143202
1143203
1143204
1143205
1143206
1143207
1143208
1143209
1143210
1143211
1143212
1143213
1143214
1143215
1143216
1143217
1143218
1143219
1143220
1143221
1143222
1143223
1143224
1143225
1143226
1143227
1143228
1143229
1143230
1143231
1143232
1143233
1143234
1143235
1143236
1143237
1143238
1143239
1143240
1143241
1143242
1143243
1143244
1143245
1143246
1143247
1143248
1143249
1143250
1143251
1143252
1143253
1143254
1143255
1143256
1143257
1143258
1143259
1143260
1143261
1143262
1143263
1143264
1143265
1143266
1143267
1143268
1143269
1143270
1143271
1143272
1143273
1143274
1143275
1143276
1143277
1143278
1143279
1143280
1143281
1143282
1143283
1143284
1143285
1143287
1143288
1143501
1143502
1143503
1143504
1143505
1143506
1143507
1143508
1143509
1143510
1143511
1143512
1143513
1143514
1143515
1143516
1143517
1143518
1143519
1143520
1143521
1143522
1143523
1143524
1143525
1143526
1143527
1143528
1143529
1143530
1143531
1143532
1143533
1143534
1143535
1143536
1143537
1143538
1143539
1143540
1143541
1143542
1143543
1143544
1143545
1143546
1143547
1143548
1143549
1143550
1143551
1143552
1143553
1143554
1143555
1143556
1143557
1143558
1143559
1143560
1143561
1143562
1143563
1143564
1143565
1143566
1143567
1143568
1143569
1143570
1143571
1143572
1143573
1143574
1143575
1143576
1143577
1143578
1143579
1143580
1143581
1143582
1143583
1143584
1143585
1143587
1143588
1143801
1143802
1143803
1143804
1143805
1143806
1143807
1143808
1143809
1143810
1143811
1143812
1143813
1143814
1143815
1143816
1143817
1143818
1143819
1143820
1143821
1143822
1143823
1143824
1143825
1143826
1143827
1143828
1143829
1143830
1143831
1143832
1143833
1143834
1143835
1143836
1143837
1143838
1143839
1143840
1143841
1143842
1143843
1143844
1143845
1143846
1143847
1143848
1143849
1143850
1143851
1143852
1143853
1143854
1143855
1143856
1143857
1143858
1143859
1143860
1143861
1143862
1143863
1143864
1143865
1143866
1143867
1143868
1143869
1143870
1143871
1143872
1143873
1143874
1143875
1143876
1143877
1143878
1143879
1143880
1143881
1143882
1143883
1143884
1143885
1143887
1143888
1144101
1144102
1144103
1144104
1144105
1144106
1144107
1144108
1144109
1144110
1144111
1144112
1144113
1144114
1144115
1144116
1144117
1144118
1144119
1144120
1144121
1144122
1144123
1144124
1144125
1144126
1144127
1144128
1144129
1144130
1144131
1144132
1144133
1144134
1144135
1144136
1144137
1144138
1144139
1144140
1144141
1144142
1144143
1144144
1144145
1144146
1144147
1144148
1144149
1144150
1144151
1144152
1144153
1144154
1144155
1144156
1144157
1144158
1144159
1144160
1144161
1144162
1144163
1144164
1144165
1144166
1144167
1144168
1144169
1144170
1144171
1144172
1144173
1144174
1144175
1144176
1144177
1144178
1144179
1144180
1144181
1144182
1144183
1144184
1144185
1144186
1144187
1144188
1144190
1144191
1144401
1144402
1144403
1144404
1144405
1144406
1144407
1144408
1144409
1144410
1144411
1144412
1144413
1144414
1144415
1144416
1144417
1144418
1144419
1144420
1144421
1144422
1144423
1144424
1144425
1144426
1144427
1144428
1144429
1144430
1144431
1144432
1144433
1144434
1144435
1144436
1144437
1144438
1144439
1144440
1144441
1144442
1144443
1144444
1144445
1144446
1144447
1144448
1144449
1144450
1144451
1144452
1144453
1144454
1144455
1144456
1144457
1144458
1144459
1144460
1144461
1144462
1144463
1144464
1144465
1144466
1144467
1144468
1144469
1144470
1144471
1144472
1144473
1144474
1144475
1144476
1144477
1144478
1144479
1144480
1144481
1144482
1144483
1144484
1144485
1144486
1144487
1144488
1144490
1144491
1144701
1144702
1144703
1144704
1144705
1144706
1144707
1144708
1144709
1144710
1144711
1144712
1144713
1144714
1144715
1144716
1144717
1144718
1144719
1144720
1144721
1144722
1144723
1144724
1144725
1144726
1144727
1144728
1144729
1144730
1144731
1144732
1144733
1144734
1144735
1144736
1144737
1144738
1144739
1144740
1144741
1144742
1144743
1144744
1144745
1144746
1144747
1144748
1144749
1144750
1144751
1144752
1144753
1144754
1144755
1144756
1144757
1144758
1144759
1144760
1144761
1144762
1144763
1144764
1144765
1144766
1144767
1144768
1144769
1144770
1144771
1144772
1144773
1144774
1144775
1144776
1144777
1144778
1144779
1144780
1144781
1144782
1144783
1144784
1144785
1144786
1144787
1144788
1144790
1144791
1145001
1145002
1145003
1145004
1145005
1145006
1145007
1145008
1145009
1145010
1145011
1145012
1145013
1145014
1145015
1145016
1145017
1145018
1145019
1145020
1145021
1145022
1145023
1145024
1145025
1145026
1145027
1145028
1145029
1145030
1145031
1145032
1145033
1145034
1145035
1145036
1145037
1145038
1145039
1145040
1145041
1145042
1145043
1145044
1145045
1145046
1145047
1145048
1145049
1145050
1145051
1145052
1145053
1145054
1145055
1145056
1145057
1145058
1145059
1145060
1145061
1145062
1145063
1145064
1145065
1145066
1145067
1145068
1145069
1145070
1145071
1145072
1145073
1145074
1145075
1145076
1145077
1145078
1145079
1145080
1145081
1145082
1145083
1145084
1145085
1145086
1145087
1145088
1145090
1145091
1145301
1145302
1145303
1145304
1145305
1145306
1145307
1145308
1145309
1145310
1145311
1145312
1145313
1145314
1145315
1145316
1145317
1145318
1145319
1145320
1145321
1145322
1145323
1145324
1145325
1145326
1145327
1145328
1145329
1145330
1145331
1145332
1145333
1145334
1145335
1145336
1145337
1145338
1145339
1145340
1145341
1145342
1145343
1145344
1145345
1145346
1145347
1145348
1145349
1145350
1145351
1145352
1145353
1145354
1145355
1145356
1145357
1145358
1145359
1145360
1145361
1145362
1145363
1145364
1145365
1145366
1145367
1145368
1145369
1145370
1145371
1145372
1145373
1145374
1145375
1145376
1145377
1145378
1145379
1145380
1145381
1145382
1145383
1145384
1145385
1145386
1145387
1145388
1145390
1145391
1145601
1145602
1145603
1145604
1145605
1145606
1145607
1145608
1145609
1145610
1145611
1145612
1145613
1145614
1145615
1145616
1145617
1145618
1145619
1145620
1145621
1145622
1145623
1145624
1145625
1145626
1145627
1145628
1145629
1145630
1145631
1145632
1145633
1145634
1145635
1145636
1145637
1145638
1145639
1145640
1145641
1145642
1145643
1145644
1145645
1145646
1145647
1145648
1145649
1145650
1145651
1145652
1145653
1145654
1145655
1145656
1145657
1145658
1145659
1145802
1145803
1145805
1146201
1146202
1146203
1146204
1146205
1146206
1146207
1146208
1146209
1146210
1146211
1146212
1146213
1146214
1146215
1146216
1146217
1146218
1146219
1146220
1146221
1146222
1146223
1146224
1146225
1146226
1146227
1146228
1146229
1146230
1146231
1146232
1146233
1146234
1146235
1146236
1146237
1146238
1146239
1146240
1146241
1146242
1146243
1146244
1146245
1146246
1146247
1146248
1146249
1146250
1146251
1146252
1146253
1146254
1146255
1146256
1146257
1146258
1146259
1146260
1146261
1146262
1146263
1146264
1146265
1146266
1146267
1146268
1146269
1146270
1146271
1146272
1146273
1146274
1146275
1146276
1146277
1146278
1146279
1146280
1146281
1146282
1146283
1146284
1146285
1146287
1146288
1146501
1146502
1146503
1146504
1146505
1146506
1146507
1146508
1146509
1146510
1146511
1146512
1146513
1146514
1146515
1146516
1146517
1146518
1146519
1146520
1146521
1146522
1146523
1146524
1146525
1146526
1146527
1146528
1146529
1146530
1146531
1146532
1146533
1146534
1146535
1146536
1146537
1146538
1146539
1146540
1146541
1146542
1146543
1146544
1146545
1146546
1146547
1146548
1146549
1146550
1146551
1146552
1146553
1146554
1146555
1146556
1146557
1146558
1146559
1146560
1146561
1146562
1146563
1146564
1146565
1146566
1146567
1146568
1146569
1146570
1146571
1146572
1146573
1146574
1146575
1146576
1146577
1146578
1146579
1146580
1146581
1146582
1146583
1146584
1146585
1146587
1146588
1146801
1146802
1146803
1146804
1146805
1146806
1146807
1146808
1146809
1146810
1146811
1146812
1146813
1146814
1146815
1146816
1146817
1146818
1146819
1146820
1146821
1146822
1146823
1146824
1146825
1146826
1146827
1146828
1146829
1146830
1146831
1146832
1146833
1146834
1146835
1146836
1146837
1146838
1146839
1146840
1146841
1146842
1146843
1146844
1146845
1146846
1146847
1146848
1146849
1146850
1146851
1146852
1146853
1146854
1146855
1146856
1146857
1146858
1146859
1146860
1146861
1146862
1146863
1146864
1146865
1146866
1146867
1146868
1146869
1146870
1146871
1146872
1146873
1146874
1146875
1146876
1146877
1146878
1146879
1146880
1146881
1146882
1146883
1146884
1146885
1146887
1146888
1147101
1147102
1147103
1147104
1147105
1147106
1147107
1147108
1147109
1147110
1147111
1147112
1147113
1147114
1147115
1147116
1147117
1147118
1147119
1147120
1147121
1147122
1147123
1147124
1147125
1147126
1147127
1147128
1147129
1147130
1147131
1147132
1147133
1147134
1147135
1147136
1147137
1147138
1147139
1147140
1147141
1147142
1147143
1147144
1147145
1147146
1147147
1147148
1147149
1147150
1147151
1147152
1147153
1147154
1147155
1147156
1147157
1147158
1147159
1147160
1147161
1147162
1147163
1147164
1147165
1147166
1147167
1147168
1147169
1147170
1147171
1147172
1147173
1147174
1147175
1147176
1147177
1147178
1147179
1147180
1147181
1147182
1147183
1147184
1147185
1147186
1147187
1147188
1147190
1147191
1147401
1147402
1147403
1147404
1147405
1147406
1147407
1147408
1147409
1147410
1147411
1147412
1147413
1147414
1147415
1147416
1147417
1147418
1147419
1147420
1147421
1147422
1147423
1147424
1147425
1147426
1147427
1147428
1147429
1147430
1147431
1147432
1147433
1147434
1147435
1147436
1147437
1147438
1147439
1147440
1147441
1147442
1147443
1147444
1147445
1147446
1147447
1147448
1147449
1147450
1147451
1147452
1147453
1147454
1147455
1147456
1147457
1147458
1147459
1147460
1147461
1147462
1147463
1147464
1147465
1147466
1147467
1147468
1147469
1147470
1147471
1147472
1147473
1147474
1147475
1147476
1147477
1147478
1147479
1147480
1147481
1147482
1147483
1147484
1147485
1147486
1147487
1147488
1147490
1147491
1147701
1147702
1147703
1147704
1147705
1147706
1147707
1147708
1147709
1147710
1147711
1147712
1147713
1147714
1147715
1147716
1147717
1147718
1147719
1147720
1147721
1147722
1147723
1147724
1147725
1147726
1147727
1147728
1147729
1147730
1147731
1147732
1147733
1147734
1147735
1147736
1147737
1147738
1147739
1147740
1147741
1147742
1147743
1147744
1147745
1147746
1147747
1147748
1147749
1147750
1147751
1147752
1147753
1147754
1147755
1147756
1147757
1147758
1147759
1147760
1147761
1147762
1147763
1147764
1147765
1147766
1147767
1147768
1147769
1147770
1147771
1147772
1147773
1147774
1147775
1147776
1147777
1147778
1147779
1147780
1147781
1147782
1147783
1147784
1147785
1147786
1147787
1147788
1147790
1147791
1148001
1148002
1148003
1148004
1148005
1148006
1148007
1148008
1148009
1148010
1148011
1148012
1148013
1148014
1148015
1148016
1148017
1148018
1148019
1148020
1148021
1148022
1148023
1148024
1148025
1148026
1148027
1148028
1148029
1148030
1148031
1148032
1148033
1148034
1148035
1148036
1148037
1148038
1148039
1148040
1148041
1148042
1148043
1148044
1148045
1148046
1148047
1148048
1148049
1148050
1148051
1148052
1148053
1148054
1148055
1148056
1148057
1148058
1148059
1148060
1148061
1148062
1148063
1148064
1148065
1148066
1148067
1148068
1148069
1148070
1148071
1148072
1148073
1148074
1148075
1148076
1148077
1148078
1148079
1148080
1148081
1148082
1148083
1148084
1148085
1148086
1148087
1148088
1148090
1148091
1148301
1148302
1148303
1148304
1148305
1148306
1148307
1148308
1148309
1148310
1148311
1148312
1148313
1148314
1148315
1148316
1148317
1148318
1148319
1148320
1148321
1148322
1148323
1148324
1148325
1148326
1148327
1148328
1148329
1148330
1148331
1148332
1148333
1148334
1148335
1148336
1148337
1148338
1148339
1148340
1148341
1148342
1148343
1148344
1148345
1148346
1148347
1148348
1148349
1148350
1148351
1148352
1148353
1148354
1148355
1148356
1148357
1148358
1148359
1148360
1148361
1148362
1148363
1148364
1148365
1148366
1148367
1148368
1148369
1148370
1148371
1148372
1148373
1148374
1148375
1148376
1148377
1148378
1148379
1148380
1148381
1148382
1148383
1148384
1148385
1148386
1148387
1148388
1148391
1148601
1148602
1148603
1148604
1148605
1148606
1148607
1148608
1148609
1148610
1148611
1148612
1148613
1148614
1148615
1148616
1148617
1148618
1148619
1148620
1148621
1148622
1148623
1148624
1148625
1148626
1148627
1148628
1148629
1148630
1148631
1148632
1148633
1148634
1148635
1148636
1148637
1148638
1148639
1148640
1148641
1148642
1148643
1148644
1148645
1148646
1148647
1148648
1148649
1148650
1148651
1148652
1148653
1148654
1148655
1148656
1148657
1148659
1148801
1148802
1148803
1148805
1148806
1148807
1148808
1148810
1148811
1148812
1148814
1148815
1148816
1148818
1148819
1148820
1148822
1148823
1148824
1148826
1148827
1148828
1148830
1148831
1148832
1148834
1148835
1148836
1148838
1148839
1148840
1148842
1148843
1148844
1148846
1148847
1148848
1148850
1148851
1148852
1148854
1148855
1148856
1148858
1148859
1148860
1148862
1148863
1148864
1148866
1148867
1148868
1148870
1148871
1148872
1148874
1148875
1148876
1148878
1148879
1148880
1148882
1148883
1148884
1148886
1148887
1148888
1148890
1148891
1148892
1148894
1148895
1148896
1148898
1148899
1148900
1148902
1148903
1148904
1148906
1148907
1148908
1148910
1148911
1148912
1148915
1148916
1149201
1149202
1149203
1149204
1149205
1149206
1149207
1149208
1149209
1149210
1149211
1149212
1149213
1149214
1149215
1149216
1149217
1149218
1149219
1149220
1149221
1149222
1149223
1149224
1149225
1149226
1149227
1149228
1149229
1149230
1149231
1149232
1149233
1149234
1149235
1149236
1149237
1149238
1149239
1149240
1149241
1149242
1149243
1149244
1149245
1149246
1149247
1149248
1149249
1149250
1149251
1149252
1149253
1149254
1149255
1149256
1149257
1149258
1149259
1149260
1149261
1149262
1149263
1149264
1149265
1149266
1149267
1149268
1149269
1149270
1149271
1149272
1149273
1149274
1149275
1149276
1149277
1149278
1149279
1149280
1149281
1149282
1149283
1149284
1149285
1149287
1149288
1149501
1149502
1149503
1149504
1149505
1149506
1149507
1149508
1149509
1149510
1149511
1149512
1149513
1149514
1149515
1149516
1149517
1149518
1149519
1149520
1149521
1149522
1149523
1149524
1149525
1149526
1149527
1149528
1149529
1149530
1149531
1149532
1149533
1149534
1149535
1149536
1149537
1149538
1149539
1149540
1149541
1149542
1149543
1149544
1149545
1149546
1149547
1149548
1149549
1149550
1149551
1149552
1149553
1149554
1149555
1149556
1149557
1149558
1149559
1149560
1149561
1149562
1149563
1149564
1149565
1149566
1149567
1149568
1149569
1149570
1149571
1149572
1149573
1149574
1149575
1149576
1149577
1149578
1149579
1149580
1149581
1149582
1149583
1149584
1149585
1149587
1149588
1149801
1149802
1149803
1149804
1149805
1149806
1149807
1149808
1149809
1149810
1149811
1149812
1149813
1149814
1149815
1149816
1149817
1149818
1149819
1149820
1149821
1149822
1149823
1149824
1149825
1149826
1149827
1149828
1149829
1149830
1149831
1149832
1149833
1149834
1149835
1149836
1149837
1149838
1149839
1149840
1149841
1149842
1149843
1149844
1149845
1149846
1149847
1149848
1149849
1149850
1149851
1149852
1149853
1149854
1149855
1149856
1149857
1149858
1149859
1149860
1149861
1149862
1149863
1149864
1149865
1149866
1149867
1149868
1149869
1149870
1149871
1149872
1149873
1149874
1149875
1149876
1149877
1149878
1149879
1149880
1149881
1149882
1149883
1149884
1149885
1149887
1149888
1150101
1150102
1150103
1150104
1150105
1150106
1150107
1150108
1150109
1150110
1150111
1150112
1150113
1150114
1150115
1150116
1150117
1150118
1150119
1150120
1150121
1150122
1150123
1150124
1150125
1150126
1150127
1150128
1150129
1150130
1150131
1150132
1150133
1150134
1150135
1150136
1150137
1150138
1150139
1150140
1150141
1150142
1150143
1150144
1150145
1150146
1150147
1150148
1150149
1150150
1150151
1150152
1150153
1150154
1150155
1150156
1150157
1150158
1150159
1150160
1150161
1150162
1150163
1150164
1150165
1150166
1150167
1150168
1150169
1150170
1150171
1150172
1150173
1150174
1150175
1150176
1150177
1150178
1150179
1150180
1150181
1150182
1150183
1150184
1150185
1150186
1150187
1150188
1150190
1150191
1150401
1150402
1150403
1150404
1150405
1150406
1150407
1150408
1150409
1150410
1150411
1150412
1150413
1150414
1150415
1150416
1150417
1150418
1150419
1150420
1150421
1150422
1150423
1150424
1150425
1150426
1150427
1150428
1150429
1150430
1150431
1150432
1150433
1150434
1150435
1150436
1150437
1150438
1150439
1150440
1150441
1150442
1150443
1150444
1150445
1150446
1150447
1150448
1150449
1150450
1150451
1150452
1150453
1150454
1150455
1150456
1150457
1150458
1150459
1150460
1150461
1150462
1150463
1150464
1150465
1150466
1150467
1150468
1150469
1150470
1150471
1150472
1150473
1150474
1150475
1150476
1150477
1150478
1150479
1150480
1150481
1150482
1150483
1150484
1150485
1150486
1150487
1150488
1150490
1150491
1150701
1150702
1150703
1150704
1150705
1150706
1150707
1150708
1150709
1150710
1150711
1150712
1150713
1150714
1150715
1150716
1150717
1150718
1150719
1150720
1150721
1150722
1150723
1150724
1150725
1150726
1150727
1150728
1150729
1150730
1150731
1150732
1150733
1150734
1150735
1150736
1150737
1150738
1150739
1150740
1150741
1150742
1150743
1150744
1150745
1150746
1150747
1150748
1150749
1150750
1150751
1150752
1150753
1150754
1150755
1150756
1150757
1150758
1150759
1150760
1150761
1150762
1150763
1150764
1150765
1150766
1150767
1150768
1150769
1150770
1150771
1150772
1150773
1150774
1150775
1150776
1150777
1150778
1150779
1150780
1150781
1150782
1150783
1150784
1150785
1150786
1150787
1150788
1150790
1150791
1151001
1151002
1151003
1151004
1151005
1151006
1151007
1151008
1151009
1151010
1151011
1151012
1151013
1151014
1151015
1151016
1151017
1151018
1151019
1151020
1151021
1151022
1151023
1151024
1151025
1151026
1151027
1151028
1151029
1151030
1151031
1151032
1151033
1151034
1151035
1151036
1151037
1151038
1151039
1151040
1151041
1151042
1151043
1151044
1151045
1151046
1151047
1151048
1151049
1151050
1151051
1151052
1151053
1151054
1151055
1151056
1151057
1151058
1151059
1151060
1151061
1151062
1151063
1151064
1151065
1151066
1151067
1151068
1151069
1151070
1151071
1151072
1151073
1151074
1151075
1151076
1151077
1151078
1151079
1151080
1151081
1151082
1151083
1151084
1151085
1151086
1151087
1151088
1151090
1151091
1151301
1151302
1151303
1151304
1151305
1151306
1151307
1151308
1151309
1151310
1151311
1151312
1151313
1151314
1151315
1151316
1151317
1151318
1151319
1151320
1151321
1151322
1151323
1151324
1151325
1151326
1151327
1151328
1151329
1151330
1151331
1151332
1151333
1151334
1151335
1151336
1151337
1151338
1151339
1151340
1151341
1151342
1151343
1151344
1151345
1151346
1151347
1151348
1151349
1151350
1151351
1151352
1151353
1151354
1151355
1151356
1151357
1151358
1151359
1151360
1151361
1151362
1151363
1151364
1151365
1151366
1151367
1151368
1151369
1151370
1151371
1151372
1151373
1151374
1151375
1151376
1151377
1151378
1151379
1151380
1151381
1151382
1151383
1151384
1151385
1151386
1151387
1151388
1151391
1151601
1151602
1151603
1151604
1151605
1151606
1151607
1151608
1151609
1151610
1151611
1151612
1151613
1151614
1151615
1151616
1151617
1151618
1151619
1151620
1151621
1151622
1151623
1151624
1151625
1151626
1151627
1151628
1151629
1151630
1151631
1151632
1151633
1151634
1151635
1151636
1151637
1151638
1151639
1151640
1151641
1151642
1151643
1151644
1151645
1151646
1151647
1151648
1151649
1151650
1151651
1151652
1151653
1151654
1151655
1151656
1151657
1151659
1151801
1151802
1151803
1151805
1151806
1151807
1151808
1151810
1151811
1151812
1151814
1151815
1151816
1151818
1151819
1151820
1151822
1151823
1151824
1151826
1151827
1151828
1151830
1151831
1151832
1151834
1151835
1151836
1151838
1151839
1151840
1151842
1151843
1151844
1151846
1151847
1151848
1151850
1151851
1151852
1151854
1151855
1151856
1151858
1151859
1151860
1151862
1151863
1151864
1151866
1151867
1151868
1151870
1151871
1151872
1151874
1151875
1151876
1151878
1151879
1151880
1151882
1151883
1151884
1151886
1151887
1151888
1151890
1151891
1151892
1151894
1151895
1151896
1151898
1151899
1151900
1151902
1151903
1151904
1151906
1151907
1151908
1151910
1151911
1151912
1151915
1151916
1152201
1152202
1152203
1152204
1152205
1152206
1152207
1152208
1152209
1152210
1152211
1152212
1152213
1152214
1152215
1152216
1152217
1152218
1152219
1152220
1152221
1152222
1152223
1152224
1152225
1152226
1152227
1152228
1152229
1152230
1152231
1152232
1152233
1152234
1152235
1152236
1152237
1152238
1152239
1152240
1152241
1152242
1152243
1152244
1152245
1152246
1152247
1152248
1152249
1152250
1152251
1152252
1152253
1152254
1152255
1152256
1152257
1152258
1152259
1152260
1152261
1152262
1152263
1152264
1152265
1152266
1152267
1152268
1152269
1152270
1152271
1152272
1152273
1152274
1152275
1152276
1152277
1152278
1152279
1152280
1152281
1152282
1152283
1152284
1152285
1152287
1152288
1152501
1152502
1152503
1152504
1152505
1152506
1152507
1152508
1152509
1152510
1152511
1152512
1152513
1152514
1152515
1152516
1152517
1152518
1152519
1152520
1152521
1152522
1152523
1152524
1152525
1152526
1152527
1152528
1152529
1152530
1152531
1152532
1152533
1152534
1152535
1152536
1152537
1152538
1152539
1152540
1152541
1152542
1152543
1152544
1152545
1152546
1152547
1152548
1152549
1152550
1152551
1152552
1152553
1152554
1152555
1152556
1152557
1152558
1152559
1152560
1152561
1152562
1152563
1152564
1152565
1152566
1152567
1152568
1152569
1152570
1152571
1152572
1152573
1152574
1152575
1152576
1152577
1152578
1152579
1152580
1152581
1152582
1152583
1152584
1152585
1152587
1152588
1152801
1152802
1152803
1152804
1152805
1152806
1152807
1152808
1152809
1152810
1152811
1152812
1152813
1152814
1152815
1152816
1152817
1152818
1152819
1152820
1152821
1152822
1152823
1152824
1152825
1152826
1152827
1152828
1152829
1152830
1152831
1152832
1152833
1152834
1152835
1152836
1152837
1152838
1152839
1152840
1152841
1152842
1152843
1152844
1152845
1152846
1152847
1152848
1152849
1152850
1152851
1152852
1152853
1152854
1152855
1152856
1152857
1152858
1152859
1152860
1152861
1152862
1152863
1152864
1152865
1152866
1152867
1152868
1152869
1152870
1152871
1152872
1152873
1152874
1152875
1152876
1152877
1152878
1152879
1152880
1152881
1152882
1152883
1152884
1152885
1152887
1152888
1153101
1153102
1153103
1153104
1153105
1153106
1153107
1153108
1153109
1153110
1153111
1153112
1153113
1153114
1153115
1153116
1153117
1153118
1153119
1153120
1153121
1153122
1153123
1153124
1153125
1153126
1153127
1153128
1153129
1153130
1153131
1153132
1153133
1153134
1153135
1153136
1153137
1153138
1153139
1153140
1153141
1153142
1153143
1153144
1153145
1153146
1153147
1153148
1153149
1153150
1153151
1153152
1153153
1153154
1153155
1153156
1153157
1153158
1153159
1153160
1153161
1153162
1153163
1153164
1153165
1153166
1153167
1153168
1153169
1153170
1153171
1153172
1153173
1153174
1153175
1153176
1153177
1153178
1153179
1153180
1153181
1153182
1153183
1153184
1153185
1153186
1153187
1153188
1153190
1153191
1153401
1153402
1153403
1153404
1153405
1153406
1153407
1153408
1153409
1153410
1153411
1153412
1153413
1153414
1153415
1153416
1153417
1153418
1153419
1153420
1153421
1153422
1153423
1153424
1153425
1153426
1153427
1153428
1153429
1153430
1153431
1153432
1153433
1153434
1153435
1153436
1153437
1153438
1153439
1153440
1153441
1153442
1153443
1153444
1153445
1153446
1153447
1153448
1153449
1153450
1153451
1153452
1153453
1153454
1153455
1153456
1153457
1153458
1153459
1153460
1153461
1153462
1153463
1153464
1153465
1153466
1153467
1153468
1153469
1153470
1153471
1153472
1153473
1153474
1153475
1153476
1153477
1153478
1153479
1153480
1153481
1153482
1153483
1153484
1153485
1153486
1153487
1153488
1153490
1153491
1153701
1153702
1153703
1153704
1153705
1153706
1153707
1153708
1153709
1153710
1153711
1153712
1153713
1153714
1153715
1153716
1153717
1153718
1153719
1153720
1153721
1153722
1153723
1153724
1153725
1153726
1153727
1153728
1153729
1153730
1153731
1153732
1153733
1153734
1153735
1153736
1153737
1153738
1153739
1153740
1153741
1153742
1153743
1153744
1153745
1153746
1153747
1153748
1153749
1153750
1153751
1153752
1153753
1153754
1153755
1153756
1153757
1153758
1153759
1153760
1153761
1153762
1153763
1153764
1153765
1153766
1153767
1153768
1153769
1153770
1153771
1153772
1153773
1153774
1153775
1153776
1153777
1153778
1153779
1153780
1153781
1153782
1153783
1153784
1153785
1153786
1153787
1153788
1153790
1153791
1154001
1154002
1154003
1154004
1154005
1154006
1154007
1154008
1154009
1154010
1154011
1154012
1154013
1154014
1154015
1154016
1154017
1154018
1154019
1154020
1154021
1154022
1154023
1154024
1154025
1154026
1154027
1154028
1154029
1154030
1154031
1154032
1154033
1154034
1154035
1154036
1154037
1154038
1154039
1154040
1154041
1154042
1154043
1154044
1154045
1154046
1154047
1154048
1154049
1154050
1154051
1154052
1154053
1154054
1154055
1154056
1154057
1154058
1154059
1154060
1154061
1154062
1154063
1154064
1154065
1154066
1154067
1154068
1154069
1154070
1154071
1154072
1154073
1154074
1154075
1154076
1154077
1154078
1154079
1154080
1154081
1154082
1154083
1154084
1154085
1154086
1154087
1154088
1154090
1154091
1154301
1154302
1154303
1154304
1154305
1154306
1154307
1154308
1154309
1154310
1154311
1154312
1154313
1154314
1154315
1154316
1154317
1154318
1154319
1154320
1154321
1154322
1154323
1154324
1154325
1154326
1154327
1154328
1154329
1154330
1154331
1154332
1154333
1154334
1154335
1154336
1154337
1154338
1154339
1154340
1154341
1154342
1154343
1154344
1154345
1154346
1154347
1154348
1154349
1154350
1154351
1154352
1154353
1154354
1154355
1154356
1154357
1154358
1154359
1154360
1154361
1154362
1154363
1154364
1154365
1154366
1154367
1154368
1154369
1154370
1154371
1154372
1154373
1154374
1154375
1154376
1154377
1154378
1154379
1154380
1154381
1154382
1154383
1154384
1154385
1154386
1154387
1154388
1154391
1154601
1154602
1154603
1154604
1154605
1154606
1154607
1154608
1154609
1154610
1154611
1154612
1154613
1154614
1154615
1154616
1154617
1154618
1154619
1154620
1154621
1154622
1154623
1154624
1154625
1154626
1154627
1154628
1154629
1154630
1154631
1154632
1154633
1154634
1154635
1154636
1154637
1154638
1154639
1154640
1154641
1154642
1154643
1154644
1154645
1154646
1154647
1154648
1154649
1154650
1154651
1154652
1154653
1154654
1154655
1154656
1154657
1154659
1154801
1154802
1154803
1154804
1154805
1154806
1154807
1154808
1154809
1154810
1154811
1154812
1154814
1154815
1154816
1154818
1154819
1154820
1154822
1154823
1154824
1154826
1154827
1154828
1154830
1154831
1154832
1154834
1154835
1154836
1154838
1154839
1154840
1154842
1154843
1154844
1154846
1154847
1154848
1154850
1154851
1154852
1154854
1154855
1154856
1154858
1154859
1154860
1154862
1154863
1154864
1154866
1154867
1154868
1154870
1154871
1154872
1154874
1154875
1154876
1154878
1154879
1154880
1154882
1154883
1154884
1154886
1154887
1154888
1154890
1154891
1154892
1154894
1154895
1154896
1154898
1154899
1154900
1154902
1154903
1154904
1154906
1154907
1154908
1154910
1154911
1154912
1154915
1154916
1155201
1155202
1155203
1155204
1155205
1155206
1155207
1155208
1155209
1155210
1155211
1155212
1155213
1155214
1155215
1155216
1155217
1155218
1155219
1155220
1155221
1155222
1155223
1155224
1155225
1155226
1155227
1155228
1155229
1155230
1155231
1155232
1155233
1155234
1155235
1155236
1155237
1155238
1155239
1155240
1155241
1155242
1155243
1155244
1155245
1155246
1155247
1155248
1155249
1155250
1155251
1155252
1155253
1155254
1155255
1155256
1155257
1155258
1155259
1155260
1155261
1155262
1155263
1155264
1155265
1155266
1155267
1155268
1155269
1155270
1155271
1155272
1155273
1155274
1155275
1155276
1155277
1155278
1155279
1155280
1155281
1155282
1155283
1155284
1155285
1155287
1155288
1155501
1155502
1155503
1155504
1155505
1155506
1155507
1155508
1155509
1155510
1155511
1155512
1155513
1155514
1155515
1155516
1155517
1155518
1155519
1155520
1155521
1155522
1155523
1155524
1155525
1155526
1155527
1155528
1155529
1155530
1155531
1155532
1155533
1155534
1155535
1155536
1155537
1155538
1155539
1155540
1155541
1155542
1155543
1155544
1155545
1155546
1155547
1155548
1155549
1155550
1155551
1155552
1155553
1155554
1155555
1155556
1155557
1155558
1155559
1155560
1155561
1155562
1155563
1155564
1155565
1155566
1155567
1155568
1155569
1155570
1155571
1155572
1155573
1155574
1155575
1155576
1155577
1155578
1155579
1155580
1155581
1155582
1155583
1155584
1155585
1155587
1155588
1155801
1155802
1155803
1155804
1155805
1155806
1155807
1155808
1155809
1155810
1155811
1155812
1155813
1155814
1155815
1155816
1155817
1155818
1155819
1155820
1155821
1155822
1155823
1155824
1155825
1155826
1155827
1155828
1155829
1155830
1155831
1155832
1155833
1155834
1155835
1155836
1155837
1155838
1155839
1155840
1155841
1155842
1155843
1155844
1155845
1155846
1155847
1155848
1155849
1155850
1155851
1155852
1155853
1155854
1155855
1155856
1155857
1155858
1155859
1155860
1155861
1155862
1155863
1155864
1155865
1155866
1155867
1155868
1155869
1155870
1155871
1155872
1155873
1155874
1155875
1155876
1155877
1155878
1155879
1155880
1155881
1155882
1155883
1155884
1155885
1155887
1155888
1156101
1156102
1156103
1156104
1156105
1156106
1156107
1156108
1156109
1156110
1156111
1156112
1156113
1156114
1156115
1156116
1156117
1156118
1156119
1156120
1156121
1156122
1156123
1156124
1156125
1156126
1156127
1156128
1156129
1156130
1156131
1156132
1156133
1156134
1156135
1156136
1156137
1156138
1156139
1156140
1156141
1156142
1156143
1156144
1156145
1156146
1156147
1156148
1156149
1156150
1156151
1156152
1156153
1156154
1156155
1156156
1156157
1156158
1156159
1156160
1156161
1156162
1156163
1156164
1156165
1156166
1156167
1156168
1156169
1156170
1156171
1156172
1156173
1156174
1156175
1156176
1156177
1156178
1156179
1156180
1156181
1156182
1156183
1156184
1156185
1156186
1156187
1156188
1156190
1156191
1156401
1156402
1156403
1156404
1156405
1156406
1156407
1156408
1156409
1156410
1156411
1156412
1156413
1156414
1156415
1156416
1156417
1156418
1156419
1156420
1156421
1156422
1156423
1156424
1156425
1156426
1156427
1156428
1156429
1156430
1156431
1156432
1156433
1156434
1156435
1156436
1156437
1156438
1156439
1156440
1156441
1156442
1156443
1156444
1156445
1156446
1156447
1156448
1156449
1156450
1156451
1156452
1156453
1156454
1156455
1156456
1156457
1156458
1156459
1156460
1156461
1156462
1156463
1156464
1156465
1156466
1156467
1156468
1156469
1156470
1156471
1156472
1156473
1156474
1156475
1156476
1156477
1156478
1156479
1156480
1156481
1156482
1156483
1156484
1156485
1156486
1156487
1156488
1156490
1156491
1156701
1156702
1156703
1156704
1156705
1156706
1156707
1156708
1156709
1156710
1156711
1156712
1156713
1156714
1156715
1156716
1156717
1156718
1156719
1156720
1156721
1156722
1156723
1156724
1156725
1156726
1156727
1156728
1156729
1156730
1156731
1156732
1156733
1156734
1156735
1156736
1156737
1156738
1156739
1156740
1156741
1156742
1156743
1156744
1156745
1156746
1156747
1156748
1156749
1156750
1156751
1156752
1156753
1156754
1156755
1156756
1156757
1156758
1156759
1156760
1156761
1156762
1156763
1156764
1156765
1156766
1156767
1156768
1156769
1156770
1156771
1156772
1156773
1156774
1156775
1156776
1156777
1156778
1156779
1156780
1156781
1156782
1156783
1156784
1156785
1156786
1156787
1156788
1156790
1156791
1157001
1157002
1157003
1157004
1157005
1157006
1157007
1157008
1157009
1157010
1157011
1157012
1157013
1157014
1157015
1157016
1157017
1157018
1157019
1157020
1157021
1157022
1157023
1157024
1157025
1157026
1157027
1157028
1157029
1157030
1157031
1157032
1157033
1157034
1157035
1157036
1157037
1157038
1157039
1157040
1157041
1157042
1157043
1157044
1157045
1157046
1157047
1157048
1157049
1157050
1157051
1157052
1157053
1157054
1157055
1157056
1157057
1157058
1157059
1157060
1157061
1157062
1157063
1157064
1157065
1157066
1157067
1157068
1157069
1157070
1157071
1157072
1157073
1157074
1157075
1157076
1157077
1157078
1157079
1157080
1157081
1157082
1157083
1157084
1157085
1157086
1157087
1157088
1157090
1157091
1157301
1157302
1157303
1157304
1157305
1157306
1157307
1157308
1157309
1157310
1157311
1157312
1157313
1157314
1157315
1157316
1157317
1157318
1157319
1157320
1157321
1157322
1157323
1157324
1157325
1157326
1157327
1157328
1157329
1157330
1157331
1157332
1157333
1157334
1157335
1157336
1157337
1157338
1157339
1157340
1157341
1157342
1157343
1157344
1157345
1157346
1157347
1157348
1157349
1157350
1157351
1157352
1157353
1157354
1157355
1157356
1157357
1157358
1157359
1157360
1157361
1157362
1157363
1157364
1157365
1157366
1157367
1157368
1157369
1157370
1157371
1157372
1157373
1157374
1157375
1157376
1157377
1157378
1157379
1157380
1157381
1157382
1157383
1157384
1157385
1157386
1157387
1157388
1157391
1157601
1157602
1157603
1157604
1157605
1157606
1157607
1157608
1157609
1157610
1157611
1157612
1157613
1157614
1157615
1157616
1157617
1157618
1157619
1157620
1157621
1157622
1157623
1157624
1157625
1157626
1157627
1157628
1157629
1157630
1157631
1157632
1157633
1157634
1157635
1157636
1157637
1157638
1157639
1157640
1157641
1157642
1157643
1157644
1157645
1157646
1157647
1157648
1157649
1157650
1157651
1157652
1157653
1157654
1157655
1157656
1157657
1157659
1157801
1157802
1157803
1157804
1157805
1157806
1157807
1157808
1157809
1157810
1157811
1157812
1157814
1157815
1157816
1157818
1157819
1157820
1157822
1157823
1157824
1157826
1157827
1157828
1157830
1157831
1157832
1157834
1157835
1157836
1157838
1157839
1157840
1157842
1157843
1157844
1157846
1157847
1157848
1157850
1157851
1157852
1157854
1157855
1157856
1157858
1157859
1157860
1157862
1157863
1157864
1157866
1157867
1157868
1157870
1157871
1157872
1157874
1157875
1157876
1157878
1157879
1157880
1157882
1157883
1157884
1157886
1157887
1157888
1157890
1157891
1157892
1157894
1157895
1157896
1157898
1157899
1157900
1157902
1157903
1157904
1157906
1157907
1157908
1157910
1157911
1157912
1157915
1157916
1158201
1158202
1158203
1158204
1158205
1158206
1158207
1158208
1158209
1158210
1158211
1158212
1158213
1158214
1158215
1158216
1158217
1158218
1158219
1158220
1158221
1158222
1158223
1158224
1158225
1158226
1158227
1158228
1158229
1158230
1158231
1158232
1158233
1158234
1158235
1158236
1158237
1158238
1158239
1158240
1158241
1158242
1158243
1158244
1158245
1158246
1158247
1158248
1158249
1158250
1158251
1158252
1158253
1158254
1158255
1158256
1158257
1158258
1158259
1158260
1158261
1158262
1158263
1158264
1158265
1158266
1158267
1158268
1158269
1158270
1158271
1158272
1158273
1158274
1158275
1158276
1158277
1158278
1158279
1158280
1158281
1158282
1158283
1158284
1158285
1158287
1158288
1158501
1158502
1158503
1158504
1158505
1158506
1158507
1158508
1158509
1158510
1158511
1158512
1158513
1158514
1158515
1158516
1158517
1158518
1158519
1158520
1158521
1158522
1158523
1158524
1158525
1158526
1158527
1158528
1158529
1158530
1158531
1158532
1158533
1158534
1158535
1158536
1158537
1158538
1158539
1158540
1158541
1158542
1158543
1158544
1158545
1158546
1158547
1158548
1158549
1158550
1158551
1158552
1158553
1158554
1158555
1158556
1158557
1158558
1158559
1158560
1158561
1158562
1158563
1158564
1158565
1158566
1158567
1158568
1158569
1158570
1158571
1158572
1158573
1158574
1158575
1158576
1158577
1158578
1158579
1158580
1158581
1158582
1158583
1158584
1158585
1158587
1158588
1158801
1158802
1158803
1158804
1158805
1158806
1158807
1158808
1158809
1158810
1158811
1158812
1158813
1158814
1158815
1158816
1158817
1158818
1158819
1158820
1158821
1158822
1158823
1158824
1158825
1158826
1158827
1158828
1158829
1158830
1158831
1158832
1158833
1158834
1158835
1158836
1158837
1158838
1158839
1158840
1158841
1158842
1158843
1158844
1158845
1158846
1158847
1158848
1158849
1158850
1158851
1158852
1158853
1158854
1158855
1158856
1158857
1158858
1158859
1158860
1158861
1158862
1158863
1158864
1158865
1158866
1158867
1158868
1158869
1158870
1158871
1158872
1158873
1158874
1158875
1158876
1158877
1158878
1158879
1158880
1158881
1158882
1158883
1158884
1158885
1158887
1158888
1159101
1159102
1159103
1159104
1159105
1159106
1159107
1159108
1159109
1159110
1159111
1159112
1159113
1159114
1159115
1159116
1159117
1159118
1159119
1159120
1159121
1159122
1159123
1159124
1159125
1159126
1159127
1159128
1159129
1159130
1159131
1159132
1159133
1159134
1159135
1159136
1159137
1159138
1159139
1159140
1159141
1159142
1159143
1159144
1159145
1159146
1159147
1159148
1159149
1159150
1159151
1159152
1159153
1159154
1159155
1159156
1159157
1159158
1159159
1159160
1159161
1159162
1159163
1159164
1159165
1159166
1159167
1159168
1159169
1159170
1159171
1159172
1159173
1159174
1159175
1159176
1159177
1159178
1159179
1159180
1159181
1159182
1159183
1159184
1159185
1159186
1159187
1159188
1159190
1159191
1159401
1159402
1159403
1159404
1159405
1159406
1159407
1159408
1159409
1159410
1159411
1159412
1159413
1159414
1159415
1159416
1159417
1159418
1159419
1159420
1159421
1159422
1159423
1159424
1159425
1159426
1159427
1159428
1159429
1159430
1159431
1159432
1159433
1159434
1159435
1159436
1159437
1159438
1159439
1159440
1159441
1159442
1159443
1159444
1159445
1159446
1159447
1159448
1159449
1159450
1159451
1159452
1159453
1159454
1159455
1159456
1159457
1159458
1159459
1159460
1159461
1159462
1159463
1159464
1159465
1159466
1159467
1159468
1159469
1159470
1159471
1159472
1159473
1159474
1159475
1159476
1159477
1159478
1159479
1159480
1159481
1159482
1159483
1159484
1159485
1159486
1159487
1159488
1159490
1159491
1159701
1159702
1159703
1159704
1159705
1159706
1159707
1159708
1159709
1159710
1159711
1159712
1159713
1159714
1159715
1159716
1159717
1159718
1159719
1159720
1159721
1159722
1159723
1159724
1159725
1159726
1159727
1159728
1159729
1159730
1159731
1159732
1159733
1159734
1159735
1159736
1159737
1159738
1159739
1159740
1159741
1159742
1159743
1159744
1159745
1159746
1159747
1159748
1159749
1159750
1159751
1159752
1159753
1159754
1159755
1159756
1159757
1159758
1159759
1159760
1159761
1159762
1159763
1159764
1159765
1159766
1159767
1159768
1159769
1159770
1159771
1159772
1159773
1159774
1159775
1159776
1159777
1159778
1159779
1159780
1159781
1159782
1159783
1159784
1159785
1159786
1159787
1159788
1159790
1159791
1160001
1160002
1160003
1160004
1160005
1160006
1160007
1160008
1160009
1160010
1160011
1160012
1160013
1160014
1160015
1160016
1160017
1160018
1160019
1160020
1160021
1160022
1160023
1160024
1160025
1160026
1160027
1160028
1160029
1160030
1160031
1160032
1160033
1160034
1160035
1160036
1160037
1160038
1160039
1160040
1160041
1160042
1160043
1160044
1160045
1160046
1160047
1160048
1160049
1160050
1160051
1160052
1160053
1160054
1160055
1160056
1160057
1160058
1160059
1160060
1160061
1160062
1160063
1160064
1160065
1160066
1160067
1160068
1160069
1160070
1160071
1160072
1160073
1160074
1160075
1160076
1160077
1160078
1160079
1160080
1160081
1160082
1160083
1160084
1160085
1160086
1160087
1160088
1160090
1160091
1160301
1160302
1160303
1160304
1160305
1160306
1160307
1160308
1160309
1160310
1160311
1160312
1160313
1160314
1160315
1160316
1160317
1160318
1160319
1160320
1160321
1160322
1160323
1160324
1160325
1160326
1160327
1160328
1160329
1160330
1160331
1160332
1160333
1160334
1160335
1160336
1160337
1160338
1160339
1160340
1160341
1160342
1160343
1160344
1160345
1160346
1160347
1160348
1160349
1160350
1160351
1160352
1160353
1160354
1160355
1160356
1160357
1160358
1160359
1160360
1160361
1160362
1160363
1160364
1160365
1160366
1160367
1160368
1160369
1160370
1160371
1160372
1160373
1160374
1160375
1160376
1160377
1160378
1160379
1160380
1160381
1160382
1160383
1160384
1160385
1160386
1160387
1160388
1160391
1160601
1160602
1160603
1160604
1160605
1160606
1160607
1160608
1160609
1160610
1160611
1160612
1160613
1160614
1160615
1160616
1160617
1160618
1160619
1160620
1160621
1160622
1160623
1160624
1160625
1160626
1160627
1160628
1160629
1160630
1160631
1160632
1160633
1160634
1160635
1160636
1160637
1160638
1160639
1160640
1160641
1160642
1160643
1160644
1160645
1160646
1160647
1160648
1160649
1160650
1160651
1160652
1160653
1160654
1160655
1160656
1160657
1160659
1160801
1160802
1160803
1160804
1160805
1160806
1160807
1160808
1160809
1160810
1160811
1160812
1160813
1160814
1160815
1160816
1160817
1160818
1160819
1160820
1160821
1160822
1160823
1160824
1160825
1160826
1160827
1160828
1160829
1160830
1160831
1160832
1160833
1160834
1160835
1160836
1160837
1160838
1160839
1160840
1160841
1160842
1160843
1160844
1160845
1160846
1160847
1160848
1160849
1160850
1160851
1160852
1160853
1160854
1160855
1160856
1160857
1160858
1160859
1160860
1160861
1160862
1160863
1160864
1160865
1160866
1160867
1160868
1160869
1160870
1160871
1160872
1160873
1160874
1160875
1160876
1160877
1160878
1160879
1160880
1160881
1160882
1160883
1160884
1160885
1160886
1160887
1160888
1160889
1160890
1160891
1160892
1160893
1160894
1160895
1160896
1160897
1160898
1160899
1160900
1160901
1160902
1160903
1160904
1160905
1160906
1160907
1160908
1160909
1160910
1160911
1160912
1160913
1160915
1160916
1160917
1161201
1161202
1161203
1161204
1161205
1161206
1161207
1161208
1161209
1161210
1161211
1161212
1161213
1161214
1161215
1161216
1161217
1161218
1161219
1161220
1161221
1161222
1161223
1161224
1161225
1161226
1161227
1161228
1161229
1161230
1161231
1161232
1161233
1161234
1161235
1161236
1161237
1161238
1161239
1161240
1161241
1161242
1161243
1161244
1161245
1161246
1161247
1161248
1161249
1161250
1161251
1161252
1161253
1161254
1161255
1161256
1161257
1161258
1161259
1161260
1161261
1161262
1161263
1161264
1161265
1161266
1161267
1161268
1161269
1161270
1161271
1161272
1161273
1161274
1161275
1161276
1161277
1161278
1161279
1161280
1161281
1161282
1161283
1161284
1161285
1161287
1161288
1161501
1161502
1161503
1161504
1161505
1161506
1161507
1161508
1161509
1161510
1161511
1161512
1161513
1161514
1161515
1161516
1161517
1161518
1161519
1161520
1161521
1161522
1161523
1161524
1161525
1161526
1161527
1161528
1161529
1161530
1161531
1161532
1161533
1161534
1161535
1161536
1161537
1161538
1161539
1161540
1161541
1161542
1161543
1161544
1161545
1161546
1161547
1161548
1161549
1161550
1161551
1161552
1161553
1161554
1161555
1161556
1161557
1161558
1161559
1161560
1161561
1161562
1161563
1161564
1161565
1161566
1161567
1161568
1161569
1161570
1161571
1161572
1161573
1161574
1161575
1161576
1161577
1161578
1161579
1161580
1161581
1161582
1161583
1161584
1161585
1161587
1161588
1161801
1161802
1161803
1161804
1161805
1161806
1161807
1161808
1161809
1161810
1161811
1161812
1161813
1161814
1161815
1161816
1161817
1161818
1161819
1161820
1161821
1161822
1161823
1161824
1161825
1161826
1161827
1161828
1161829
1161830
1161831
1161832
1161833
1161834
1161835
1161836
1161837
1161838
1161839
1161840
1161841
1161842
1161843
1161844
1161845
1161846
1161847
1161848
1161849
1161850
1161851
1161852
1161853
1161854
1161855
1161856
1161857
1161858
1161859
1161860
1161861
1161862
1161863
1161864
1161865
1161866
1161867
1161868
1161869
1161870
1161871
1161872
1161873
1161874
1161875
1161876
1161877
1161878
1161879
1161880
1161881
1161882
1161883
1161884
1161885
1161887
1161888
1162101
1162102
1162103
1162104
1162105
1162106
1162107
1162108
1162109
1162110
1162111
1162112
1162113
1162114
1162115
1162116
1162117
1162118
1162119
1162120
1162121
1162122
1162123
1162124
1162125
1162126
1162127
1162128
1162129
1162130
1162131
1162132
1162133
1162134
1162135
1162136
1162137
1162138
1162139
1162140
1162141
1162142
1162143
1162144
1162145
1162146
1162147
1162148
1162149
1162150
1162151
1162152
1162153
1162154
1162155
1162156
1162157
1162158
1162159
1162160
1162161
1162162
1162163
1162164
1162165
1162166
1162167
1162168
1162169
1162170
1162171
1162172
1162173
1162174
1162175
1162176
1162177
1162178
1162179
1162180
1162181
1162182
1162183
1162184
1162185
1162186
1162187
1162188
1162190
1162191
1162401
1162402
1162403
1162404
1162405
1162406
1162407
1162408
1162409
1162410
1162411
1162412
1162413
1162414
1162415
1162416
1162417
1162418
1162419
1162420
1162421
1162422
1162423
1162424
1162425
1162426
1162427
1162428
1162429
1162430
1162431
1162432
1162433
1162434
1162435
1162436
1162437
1162438
1162439
1162440
1162441
1162442
1162443
1162444
1162445
1162446
1162447
1162448
1162449
1162450
1162451
1162452
1162453
1162454
1162455
1162456
1162457
1162458
1162459
1162460
1162461
1162462
1162463
1162464
1162465
1162466
1162467
1162468
1162469
1162470
1162471
1162472
1162473
1162474
1162475
1162476
1162477
1162478
1162479
1162480
1162481
1162482
1162483
1162484
1162485
1162486
1162487
1162488
1162490
1162491
1162701
1162702
1162703
1162704
1162705
1162706
1162707
1162708
1162709
1162710
1162711
1162712
1162713
1162714
1162715
1162716
1162717
1162718
1162719
1162720
1162721
1162722
1162723
1162724
1162725
1162726
1162727
1162728
1162729
1162730
1162731
1162732
1162733
1162734
1162735
1162736
1162737
1162738
1162739
1162740
1162741
1162742
1162743
1162744
1162745
1162746
1162747
1162748
1162749
1162750
1162751
1162752
1162753
1162754
1162755
1162756
1162757
1162758
1162759
1162760
1162761
1162762
1162763
1162764
1162765
1162766
1162767
1162768
1162769
1162770
1162771
1162772
1162773
1162774
1162775
1162776
1162777
1162778
1162779
1162780
1162781
1162782
1162783
1162784
1162785
1162786
1162787
1162788
1162790
1162791
1163001
1163002
1163003
1163004
1163005
1163006
1163007
1163008
1163009
1163010
1163011
1163012
1163013
1163014
1163015
1163016
1163017
1163018
1163019
1163020
1163021
1163022
1163023
1163024
1163025
1163026
1163027
1163028
1163029
1163030
1163031
1163032
1163033
1163034
1163035
1163036
1163037
1163038
1163039
1163040
1163041
1163042
1163043
1163044
1163045
1163046
1163047
1163048
1163049
1163050
1163051
1163052
1163053
1163054
1163055
1163056
1163057
1163058
1163059
1163060
1163061
1163062
1163063
1163064
1163065
1163066
1163067
1163068
1163069
1163070
1163071
1163072
1163073
1163074
1163075
1163076
1163077
1163078
1163079
1163080
1163081
1163082
1163083
1163084
1163085
1163086
1163087
1163088
1163090
1163091
1163301
1163302
1163303
1163304
1163305
1163306
1163307
1163308
1163309
1163310
1163311
1163312
1163313
1163314
1163315
1163316
1163317
1163318
1163319
1163320
1163321
1163322
1163323
1163324
1163325
1163326
1163327
1163328
1163329
1163330
1163331
1163332
1163333
1163334
1163335
1163336
1163337
1163338
1163339
1163340
1163341
1163342
1163343
1163344
1163345
1163346
1163347
1163348
1163349
1163350
1163351
1163352
1163353
1163354
1163355
1163356
1163357
1163358
1163359
1163360
1163361
1163362
1163363
1163364
1163365
1163366
1163367
1163368
1163369
1163370
1163371
1163372
1163373
1163374
1163375
1163376
1163377
1163378
1163379
1163380
1163381
1163382
1163383
1163384
1163385
1163386
1163387
1163388
1163391
1163601
1163602
1163603
1163604
1163605
1163606
1163607
1163608
1163609
1163610
1163611
1163612
1163613
1163614
1163615
1163616
1163617
1163618
1163619
1163620
1163621
1163622
1163623
1163624
1163625
1163626
1163627
1163628
1163629
1163630
1163631
1163632
1163633
1163634
1163635
1163636
1163637
1163638
1163639
1163640
1163641
1163642
1163643
1163644
1163645
1163646
1163647
1163648
1163649
1163650
1163651
1163652
1163653
1163654
1163655
1163656
1163657
1163659
1163801
1163802
1163803
1163804
1163805
1163806
1163807
1163808
1163809
1163810
1163811
1163812
1163813
1163814
1163815
1163816
1163817
1163818
1163819
1163820
1163821
1163822
1163823
1163824
1163825
1163826
1163827
1163828
1163829
1163830
1163831
1163832
1163833
1163834
1163835
1163836
1163837
1163838
1163839
1163840
1163841
1163842
1163843
1163844
1163845
1163846
1163847
1163848
1163849
1163850
1163851
1163852
1163853
1163854
1163855
1163856
1163857
1163858
1163859
1163860
1163861
1163862
1163863
1163864
1163865
1163866
1163867
1163868
1163869
1163870
1163871
1163872
1163873
1163874
1163875
1163876
1163877
1163878
1163879
1163880
1163881
1163882
1163883
1163884
1163885
1163886
1163887
1163888
1163889
1163890
1163891
1163892
1163893
1163894
1163895
1163896
1163897
1163898
1163899
1163900
1163901
1163902
1163903
1163904
1163905
1163906
1163907
1163908
1163909
1163910
1163911
1163913
1163915
1163917
1164201
1164202
1164203
1164204
1164205
1164206
1164207
1164208
1164209
1164210
1164211
1164212
1164213
1164214
1164215
1164216
1164217
1164218
1164219
1164220
1164221
1164222
1164223
1164224
1164225
1164226
1164227
1164228
1164229
1164230
1164231
1164232
1164233
1164234
1164235
1164236
1164237
1164238
1164239
1164240
1164241
1164242
1164243
1164244
1164245
1164246
1164247
1164248
1164249
1164250
1164251
1164252
1164253
1164254
1164255
1164256
1164257
1164258
1164259
1164260
1164261
1164262
1164263
1164264
1164265
1164266
1164267
1164268
1164269
1164270
1164271
1164272
1164273
1164274
1164275
1164276
1164277
1164278
1164279
1164280
1164281
1164282
1164283
1164284
1164285
1164287
1164288
1164501
1164502
1164503
1164504
1164505
1164506
1164507
1164508
1164509
1164510
1164511
1164512
1164513
1164514
1164515
1164516
1164517
1164518
1164519
1164520
1164521
1164522
1164523
1164524
1164525
1164526
1164527
1164528
1164529
1164530
1164531
1164532
1164533
1164534
1164535
1164536
1164537
1164538
1164539
1164540
1164541
1164542
1164543
1164544
1164545
1164546
1164547
1164548
1164549
1164550
1164551
1164552
1164553
1164554
1164555
1164556
1164557
1164558
1164559
1164560
1164561
1164562
1164563
1164564
1164565
1164566
1164567
1164568
1164569
1164570
1164571
1164572
1164573
1164574
1164575
1164576
1164577
1164578
1164579
1164580
1164581
1164582
1164583
1164584
1164585
1164587
1164588
1164801
1164802
1164803
1164804
1164805
1164806
1164807
1164808
1164809
1164810
1164811
1164812
1164813
1164814
1164815
1164816
1164817
1164818
1164819
1164820
1164821
1164822
1164823
1164824
1164825
1164826
1164827
1164828
1164829
1164830
1164831
1164832
1164833
1164834
1164835
1164836
1164837
1164838
1164839
1164840
1164841
1164842
1164843
1164844
1164845
1164846
1164847
1164848
1164849
1164850
1164851
1164852
1164853
1164854
1164855
1164856
1164857
1164858
1164859
1164860
1164861
1164862
1164863
1164864
1164865
1164866
1164867
1164868
1164869
1164870
1164871
1164872
1164873
1164874
1164875
1164876
1164877
1164878
1164879
1164880
1164881
1164882
1164883
1164884
1164885
1164886
1164887
1164888
1164890
1164891
1165101
1165102
1165103
1165104
1165105
1165106
1165107
1165108
1165109
1165110
1165111
1165112
1165113
1165114
1165115
1165116
1165117
1165118
1165119
1165120
1165121
1165122
1165123
1165124
1165125
1165126
1165127
1165128
1165129
1165130
1165131
1165132
1165133
1165134
1165135
1165136
1165137
1165138
1165139
1165140
1165141
1165142
1165143
1165144
1165145
1165146
1165147
1165148
1165149
1165150
1165151
1165152
1165153
1165154
1165155
1165156
1165157
1165158
1165159
1165160
1165161
1165162
1165163
1165164
1165165
1165166
1165167
1165168
1165169
1165170
1165171
1165172
1165173
1165174
1165175
1165176
1165177
1165178
1165179
1165180
1165181
1165182
1165183
1165184
1165185
1165186
1165187
1165188
1165190
1165191
1165401
1165402
1165403
1165404
1165405
1165406
1165407
1165408
1165409
1165410
1165411
1165412
1165413
1165414
1165415
1165416
1165417
1165418
1165419
1165420
1165421
1165422
1165423
1165424
1165425
1165426
1165427
1165428
1165429
1165430
1165431
1165432
1165433
1165434
1165435
1165436
1165437
1165438
1165439
1165440
1165441
1165442
1165443
1165444
1165445
1165446
1165447
1165448
1165449
1165450
1165451
1165452
1165453
1165454
1165455
1165456
1165457
1165458
1165459
1165460
1165461
1165462
1165463
1165464
1165465
1165466
1165467
1165468
1165469
1165470
1165471
1165472
1165473
1165474
1165475
1165476
1165477
1165478
1165479
1165480
1165481
1165482
1165483
1165484
1165485
1165486
1165487
1165488
1165490
1165491
1165701
1165702
1165703
1165704
1165705
1165706
1165707
1165708
1165709
1165710
1165711
1165712
1165713
1165714
1165715
1165716
1165717
1165718
1165719
1165720
1165721
1165722
1165723
1165724
1165725
1165726
1165727
1165728
1165729
1165730
1165731
1165732
1165733
1165734
1165735
1165736
1165737
1165738
1165739
1165740
1165741
1165742
1165743
1165744
1165745
1165746
1165747
1165748
1165749
1165750
1165751
1165752
1165753
1165754
1165755
1165756
1165757
1165758
1165759
1165760
1165761
1165762
1165763
1165764
1165765
1165766
1165767
1165768
1165769
1165770
1165771
1165772
1165773
1165774
1165775
1165776
1165777
1165778
1165779
1165780
1165781
1165782
1165783
1165784
1165785
1165786
1165787
1165788
1165790
1165791
1166001
1166002
1166003
1166004
1166005
1166006
1166007
1166008
1166009
1166010
1166011
1166012
1166013
1166014
1166015
1166016
1166017
1166018
1166019
1166020
1166021
1166022
1166023
1166024
1166025
1166026
1166027
1166028
1166029
1166030
1166031
1166032
1166033
1166034
1166035
1166036
1166037
1166038
1166039
1166040
1166041
1166042
1166043
1166044
1166045
1166046
1166047
1166048
1166049
1166050
1166051
1166052
1166053
1166054
1166055
1166056
1166057
1166058
1166059
1166060
1166061
1166062
1166063
1166064
1166065
1166066
1166067
1166068
1166069
1166070
1166071
1166072
1166073
1166074
1166075
1166076
1166077
1166078
1166079
1166080
1166081
1166082
1166083
1166084
1166085
1166086
1166087
1166088
1166090
1166091
1166301
1166302
1166303
1166304
1166305
1166306
1166307
1166308
1166309
1166310
1166311
1166312
1166313
1166314
1166315
1166316
1166317
1166318
1166319
1166320
1166321
1166322
1166323
1166324
1166325
1166326
1166327
1166328
1166329
1166330
1166331
1166332
1166333
1166334
1166335
1166336
1166337
1166338
1166339
1166340
1166341
1166342
1166343
1166344
1166345
1166346
1166347
1166348
1166349
1166350
1166351
1166352
1166353
1166354
1166355
1166356
1166357
1166358
1166359
1166360
1166361
1166362
1166363
1166364
1166365
1166366
1166367
1166368
1166369
1166370
1166371
1166372
1166373
1166374
1166375
1166376
1166377
1166378
1166379
1166380
1166381
1166382
1166383
1166384
1166385
1166386
1166387
1166388
1166391
1166601
1166602
1166603
1166604
1166605
1166606
1166607
1166608
1166609
1166610
1166611
1166612
1166613
1166614
1166615
1166616
1166617
1166618
1166619
1166620
1166621
1166622
1166623
1166624
1166625
1166626
1166627
1166628
1166629
1166630
1166631
1166632
1166633
1166634
1166635
1166636
1166637
1166638
1166639
1166640
1166641
1166642
1166643
1166644
1166645
1166646
1166647
1166648
1166649
1166650
1166651
1166652
1166653
1166654
1166655
1166656
1166657
1166659
1166801
1166802
1166803
1166804
1166805
1166806
1166807
1166808
1166809
1166810
1166811
1166812
1166813
1166814
1166815
1166816
1166817
1166818
1166819
1166820
1166821
1166822
1166823
1166824
1166825
1166826
1166827
1166828
1166829
1166830
1166831
1166832
1166833
1166834
1166835
1166836
1166837
1166838
1166839
1166840
1166841
1166842
1166843
1166844
1166845
1166846
1166847
1166848
1166849
1166850
1166851
1166852
1166853
1166854
1166855
1166856
1166857
1166858
1166859
1166860
1166861
1166862
1166863
1166864
1166865
1166866
1166867
1166868
1166869
1166870
1166871
1166872
1166873
1166874
1166875
1166876
1166877
1166878
1166879
1166880
1166881
1166882
1166883
1166884
1166885
1166886
1166887
1166888
1166889
1166890
1166891
1166892
1166893
1166894
1166895
1166896
1166897
1166898
1166899
1166900
1166901
1166902
1166903
1166904
1166905
1166907
1166908
1166909
1167201
1167202
1167203
1167204
1167205
1167206
1167207
1167208
1167209
1167210
1167211
1167212
1167213
1167214
1167215
1167216
1167217
1167218
1167219
1167220
1167221
1167222
1167223
1167224
1167225
1167226
1167227
1167228
1167229
1167230
1167231
1167232
1167233
1167234
1167235
1167236
1167237
1167238
1167239
1167240
1167241
1167242
1167243
1167244
1167245
1167246
1167247
1167248
1167249
1167250
1167251
1167252
1167253
1167254
1167255
1167256
1167257
1167258
1167259
1167260
1167261
1167262
1167263
1167264
1167265
1167266
1167267
1167268
1167269
1167270
1167271
1167272
1167273
1167274
1167275
1167276
1167277
1167278
1167279
1167280
1167281
1167282
1167283
1167284
1167285
1167287
1167288
1167501
1167502
1167503
1167504
1167505
1167506
1167507
1167508
1167509
1167510
1167511
1167512
1167513
1167514
1167515
1167516
1167517
1167518
1167519
1167520
1167521
1167522
1167523
1167524
1167525
1167526
1167527
1167528
1167529
1167530
1167531
1167532
1167533
1167534
1167535
1167536
1167537
1167538
1167539
1167540
1167541
1167542
1167543
1167544
1167545
1167546
1167547
1167548
1167549
1167550
1167551
1167552
1167553
1167554
1167555
1167556
1167557
1167558
1167559
1167560
1167561
1167562
1167563
1167564
1167565
1167566
1167567
1167568
1167569
1167570
1167571
1167572
1167573
1167574
1167575
1167576
1167577
1167578
1167579
1167580
1167581
1167582
1167583
1167584
1167585
1167587
1167588
1167801
1167802
1167803
1167804
1167805
1167806
1167807
1167808
1167809
1167810
1167811
1167812
1167813
1167814
1167815
1167816
1167817
1167818
1167819
1167820
1167821
1167822
1167823
1167824
1167825
1167826
1167827
1167828
1167829
1167830
1167831
1167832
1167833
1167834
1167835
1167836
1167837
1167838
1167839
1167840
1167841
1167842
1167843
1167844
1167845
1167846
1167847
1167848
1167849
1167850
1167851
1167852
1167853
1167854
1167855
1167856
1167857
1167858
1167859
1167860
1167861
1167862
1167863
1167864
1167865
1167866
1167867
1167868
1167869
1167870
1167871
1167872
1167873
1167874
1167875
1167876
1167877
1167878
1167879
1167880
1167881
1167882
1167883
1167884
1167885
1167886
1167887
1167888
1167890
1167891
1168101
1168102
1168103
1168104
1168105
1168106
1168107
1168108
1168109
1168110
1168111
1168112
1168113
1168114
1168115
1168116
1168117
1168118
1168119
1168120
1168121
1168122
1168123
1168124
1168125
1168126
1168127
1168128
1168129
1168130
1168131
1168132
1168133
1168134
1168135
1168136
1168137
1168138
1168139
1168140
1168141
1168142
1168143
1168144
1168145
1168146
1168147
1168148
1168149
1168150
1168151
1168152
1168153
1168154
1168155
1168156
1168157
1168158
1168159
1168160
1168161
1168162
1168163
1168164
1168165
1168166
1168167
1168168
1168169
1168170
1168171
1168172
1168173
1168174
1168175
1168176
1168177
1168178
1168179
1168180
1168181
1168182
1168183
1168184
1168185
1168186
1168187
1168188
1168190
1168191
1168401
1168402
1168403
1168404
1168405
1168406
1168407
1168408
1168409
1168410
1168411
1168412
1168413
1168414
1168415
1168416
1168417
1168418
1168419
1168420
1168421
1168422
1168423
1168424
1168425
1168426
1168427
1168428
1168429
1168430
1168431
1168432
1168433
1168434
1168435
1168436
1168437
1168438
1168439
1168440
1168441
1168442
1168443
1168444
1168445
1168446
1168447
1168448
1168449
1168450
1168451
1168452
1168453
1168454
1168455
1168456
1168457
1168458
1168459
1168460
1168461
1168462
1168463
1168464
1168465
1168466
1168467
1168468
1168469
1168470
1168471
1168472
1168473
1168474
1168475
1168476
1168477
1168478
1168479
1168480
1168481
1168482
1168483
1168484
1168485
1168486
1168487
1168488
1168490
1168491
1168701
1168702
1168703
1168704
1168705
1168706
1168707
1168708
1168709
1168710
1168711
1168712
1168713
1168714
1168715
1168716
1168717
1168718
1168719
1168720
1168721
1168722
1168723
1168724
1168725
1168726
1168727
1168728
1168729
1168730
1168731
1168732
1168733
1168734
1168735
1168736
1168737
1168738
1168739
1168740
1168741
1168742
1168743
1168744
1168745
1168746
1168747
1168748
1168749
1168750
1168751
1168752
1168753
1168754
1168755
1168756
1168757
1168758
1168759
1168760
1168761
1168762
1168763
1168764
1168765
1168766
1168767
1168768
1168769
1168770
1168771
1168772
1168773
1168774
1168775
1168776
1168777
1168778
1168779
1168780
1168781
1168782
1168783
1168784
1168785
1168786
1168787
1168788
1168790
1168791
1169001
1169002
1169003
1169004
1169005
1169006
1169007
1169008
1169009
1169010
1169011
1169012
1169013
1169014
1169015
1169016
1169017
1169018
1169019
1169020
1169021
1169022
1169023
1169024
1169025
1169026
1169027
1169028
1169029
1169030
1169031
1169032
1169033
1169034
1169035
1169036
1169037
1169038
1169039
1169040
1169041
1169042
1169043
1169044
1169045
1169046
1169047
1169048
1169049
1169050
1169051
1169052
1169053
1169054
1169055
1169056
1169057
1169058
1169059
1169060
1169061
1169062
1169063
1169064
1169065
1169066
1169067
1169068
1169069
1169070
1169071
1169072
1169073
1169074
1169075
1169076
1169077
1169078
1169079
1169080
1169081
1169082
1169083
1169084
1169085
1169086
1169087
1169088
1169090
1169091
1169301
1169302
1169303
1169304
1169305
1169306
1169307
1169308
1169309
1169310
1169311
1169312
1169313
1169314
1169315
1169316
1169317
1169318
1169319
1169320
1169321
1169322
1169323
1169324
1169325
1169326
1169327
1169328
1169329
1169330
1169331
1169332
1169333
1169334
1169335
1169336
1169337
1169338
1169339
1169340
1169341
1169342
1169343
1169344
1169345
1169346
1169347
1169348
1169349
1169350
1169351
1169352
1169353
1169354
1169355
1169356
1169357
1169358
1169359
1169360
1169361
1169362
1169363
1169364
1169365
1169366
1169367
1169368
1169369
1169370
1169371
1169372
1169373
1169374
1169375
1169376
1169377
1169378
1169379
1169380
1169381
1169382
1169383
1169384
1169385
1169386
1169387
1169388
1169391
1169601
1169602
1169603
1169604
1169605
1169606
1169607
1169608
1169609
1169610
1169611
1169612
1169613
1169614
1169615
1169616
1169617
1169618
1169619
1169620
1169621
1169622
1169623
1169624
1169625
1169626
1169627
1169628
1169629
1169630
1169631
1169632
1169633
1169634
1169635
1169636
1169637
1169638
1169639
1169640
1169641
1169642
1169643
1169644
1169645
1169646
1169647
1169648
1169649
1169650
1169651
1169652
1169653
1169654
1169655
1169656
1169657
1169659
1169801
1169802
1169803
1169804
1169805
1169806
1169807
1169808
1169809
1169810
1169811
1169812
1169813
1169814
1169815
1169816
1169817
1169818
1169819
1169820
1169821
1169822
1169823
1169824
1169825
1169826
1169827
1169828
1169829
1169830
1169831
1169832
1169833
1169834
1169835
1169836
1169837
1169838
1169839
1169840
1169841
1169842
1169843
1169844
1169845
1169846
1169847
1169848
1169849
1169850
1169851
1169852
1169853
1169854
1169855
1169856
1169857
1169858
1169859
1169860
1169861
1169862
1169863
1169864
1169865
1169866
1169867
1169868
1169869
1169870
1169871
1169872
1169873
1169874
1169875
1169876
1169877
1169878
1169879
1169880
1169881
1169882
1169883
1169884
1169885
1169886
1169887
1169888
1169889
1169890
1169891
1169892
1169893
1169894
1169895
1169896
1169897
1169898
1169899
1169900
1169901
1169902
1169903
1169904
1169905
1169907
1169908
1169909
1170201
1170202
1170203
1170204
1170205
1170206
1170207
1170208
1170209
1170210
1170211
1170212
1170213
1170214
1170215
1170216
1170217
1170218
1170219
1170220
1170221
1170222
1170223
1170224
1170225
1170226
1170227
1170228
1170229
1170230
1170231
1170232
1170233
1170234
1170235
1170236
1170237
1170238
1170239
1170240
1170241
1170242
1170243
1170244
1170245
1170246
1170247
1170248
1170249
1170250
1170251
1170252
1170253
1170254
1170255
1170256
1170257
1170258
1170259
1170260
1170261
1170262
1170263
1170264
1170265
1170266
1170267
1170268
1170269
1170270
1170271
1170272
1170273
1170274
1170275
1170276
1170277
1170278
1170279
1170280
1170281
1170282
1170283
1170284
1170285
1170287
1170288
1170501
1170502
1170503
1170504
1170505
1170506
1170507
1170508
1170509
1170510
1170511
1170512
1170513
1170514
1170515
1170516
1170517
1170518
1170519
1170520
1170521
1170522
1170523
1170524
1170525
1170526
1170527
1170528
1170529
1170530
1170531
1170532
1170533
1170534
1170535
1170536
1170537
1170538
1170539
1170540
1170541
1170542
1170543
1170544
1170545
1170546
1170547
1170548
1170549
1170550
1170551
1170552
1170553
1170554
1170555
1170556
1170557
1170558
1170559
1170560
1170561
1170562
1170563
1170564
1170565
1170566
1170567
1170568
1170569
1170570
1170571
1170572
1170573
1170574
1170575
1170576
1170577
1170578
1170579
1170580
1170581
1170582
1170583
1170584
1170585
1170587
1170588
1170801
1170802
1170803
1170804
1170805
1170806
1170807
1170808
1170809
1170810
1170811
1170812
1170813
1170814
1170815
1170816
1170817
1170818
1170819
1170820
1170821
1170822
1170823
1170824
1170825
1170826
1170827
1170828
1170829
1170830
1170831
1170832
1170833
1170834
1170835
1170836
1170837
1170838
1170839
1170840
1170841
1170842
1170843
1170844
1170845
1170846
1170847
1170848
1170849
1170850
1170851
1170852
1170853
1170854
1170855
1170856
1170857
1170858
1170859
1170860
1170861
1170862
1170863
1170864
1170865
1170866
1170867
1170868
1170869
1170870
1170871
1170872
1170873
1170874
1170875
1170876
1170877
1170878
1170879
1170880
1170881
1170882
1170883
1170884
1170885
1170886
1170887
1170888
1170890
1170891
1171101
1171102
1171103
1171104
1171105
1171106
1171107
1171108
1171109
1171110
1171111
1171112
1171113
1171114
1171115
1171116
1171117
1171118
1171119
1171120
1171121
1171122
1171123
1171124
1171125
1171126
1171127
1171128
1171129
1171130
1171131
1171132
1171133
1171134
1171135
1171136
1171137
1171138
1171139
1171140
1171141
1171142
1171143
1171144
1171145
1171146
1171147
1171148
1171149
1171150
1171151
1171152
1171153
1171154
1171155
1171156
1171157
1171158
1171159
1171160
1171161
1171162
1171163
1171164
1171165
1171166
1171167
1171168
1171169
1171170
1171171
1171172
1171173
1171174
1171175
1171176
1171177
1171178
1171179
1171180
1171181
1171182
1171183
1171184
1171185
1171186
1171187
1171188
1171190
1171191
1171401
1171402
1171403
1171404
1171405
1171406
1171407
1171408
1171409
1171410
1171411
1171412
1171413
1171414
1171415
1171416
1171417
1171418
1171419
1171420
1171421
1171422
1171423
1171424
1171425
1171426
1171427
1171428
1171429
1171430
1171431
1171432
1171433
1171434
1171435
1171436
1171437
1171438
1171439
1171440
1171441
1171442
1171443
1171444
1171445
1171446
1171447
1171448
1171449
1171450
1171451
1171452
1171453
1171454
1171455
1171456
1171457
1171458
1171459
1171460
1171461
1171462
1171463
1171464
1171465
1171466
1171467
1171468
1171469
1171470
1171471
1171472
1171473
1171474
1171475
1171476
1171477
1171478
1171479
1171480
1171481
1171482
1171483
1171484
1171485
1171486
1171487
1171488
1171490
1171491
1171701
1171702
1171703
1171704
1171705
1171706
1171707
1171708
1171709
1171710
1171711
1171712
1171713
1171714
1171715
1171716
1171717
1171718
1171719
1171720
1171721
1171722
1171723
1171724
1171725
1171726
1171727
1171728
1171729
1171730
1171731
1171732
1171733
1171734
1171735
1171736
1171737
1171738
1171739
1171740
1171741
1171742
1171743
1171744
1171745
1171746
1171747
1171748
1171749
1171750
1171751
1171752
1171753
1171754
1171755
1171756
1171757
1171758
1171759
1171760
1171761
1171762
1171763
1171764
1171765
1171766
1171767
1171768
1171769
1171770
1171771
1171772
1171773
1171774
1171775
1171776
1171777
1171778
1171779
1171780
1171781
1171782
1171783
1171784
1171785
1171786
1171787
1171788
1171790
1171791
1172001
1172002
1172003
1172004
1172005
1172006
1172007
1172008
1172009
1172010
1172011
1172012
1172013
1172014
1172015
1172016
1172017
1172018
1172019
1172020
1172021
1172022
1172023
1172024
1172025
1172026
1172027
1172028
1172029
1172030
1172031
1172032
1172033
1172034
1172035
1172036
1172037
1172038
1172039
1172040
1172041
1172042
1172043
1172044
1172045
1172046
1172047
1172048
1172049
1172050
1172051
1172052
1172053
1172054
1172055
1172056
1172057
1172058
1172059
1172060
1172061
1172062
1172063
1172064
1172065
1172066
1172067
1172068
1172069
1172070
1172071
1172072
1172073
1172074
1172075
1172076
1172077
1172078
1172079
1172080
1172081
1172082
1172083
1172084
1172085
1172086
1172087
1172088
1172090
1172091
1172301
1172302
1172303
1172304
1172305
1172306
1172307
1172308
1172309
1172310
1172311
1172312
1172313
1172314
1172315
1172316
1172317
1172318
1172319
1172320
1172321
1172322
1172323
1172324
1172325
1172326
1172327
1172328
1172329
1172330
1172331
1172332
1172333
1172334
1172335
1172336
1172337
1172338
1172339
1172340
1172341
1172342
1172343
1172344
1172345
1172346
1172347
1172348
1172349
1172350
1172351
1172352
1172353
1172354
1172355
1172356
1172357
1172358
1172359
1172360
1172361
1172362
1172363
1172364
1172365
1172366
1172367
1172368
1172369
1172370
1172371
1172372
1172373
1172374
1172375
1172376
1172377
1172378
1172379
1172380
1172381
1172382
1172383
1172384
1172385
1172386
1172387
1172388
1172391
1172601
1172602
1172603
1172604
1172605
1172606
1172607
1172608
1172609
1172610
1172611
1172612
1172613
1172614
1172615
1172616
1172617
1172618
1172619
1172620
1172621
1172622
1172623
1172624
1172625
1172626
1172627
1172628
1172629
1172630
1172631
1172632
1172633
1172634
1172635
1172636
1172637
1172638
1172639
1172640
1172641
1172642
1172643
1172644
1172645
1172646
1172647
1172648
1172649
1172650
1172651
1172652
1172653
1172654
1172655
1172656
1172657
1172659
1172801
1172802
1172803
1172804
1172805
1172806
1172807
1172808
1172809
1172810
1172811
1172812
1172813
1172814
1172815
1172816
1172817
1172818
1172819
1172820
1172821
1172822
1172823
1172824
1172825
1172826
1172827
1172828
1172829
1172830
1172831
1172832
1172833
1172834
1172835
1172836
1172837
1172838
1172839
1172840
1172841
1172842
1172843
1172844
1172845
1172846
1172847
1172848
1172849
1172850
1172851
1172852
1172853
1172854
1172855
1172856
1172857
1172858
1172859
1172860
1172861
1172862
1172863
1172864
1172865
1172866
1172867
1172868
1172869
1172870
1172871
1172872
1172873
1172874
1172875
1172876
1172877
1172878
1172879
1172880
1172881
1172882
1172883
1172884
1172885
1172886
1172887
1172888
1172889
1172890
1172891
1172892
1172893
1172894
1172895
1172896
1172897
1172898
1172899
1172900
1172901
1172902
1172903
1172904
1172905
1172906
1172907
1172908
1172909
1172911
1172912
1173201
1173202
1173203
1173204
1173205
1173206
1173207
1173208
1173209
1173210
1173211
1173212
1173213
1173214
1173215
1173216
1173217
1173218
1173219
1173220
1173221
1173222
1173223
1173224
1173225
1173226
1173227
1173228
1173229
1173230
1173231
1173232
1173233
1173234
1173235
1173236
1173237
1173238
1173239
1173240
1173241
1173242
1173243
1173244
1173245
1173246
1173247
1173248
1173249
1173250
1173251
1173252
1173253
1173254
1173255
1173256
1173257
1173258
1173259
1173260
1173261
1173262
1173263
1173264
1173265
1173266
1173267
1173268
1173269
1173270
1173271
1173272
1173273
1173274
1173275
1173276
1173277
1173278
1173279
1173280
1173281
1173282
1173283
1173284
1173285
1173287
1173288
1173501
1173502
1173503
1173504
1173505
1173506
1173507
1173508
1173509
1173510
1173511
1173512
1173513
1173514
1173515
1173516
1173517
1173518
1173519
1173520
1173521
1173522
1173523
1173524
1173525
1173526
1173527
1173528
1173529
1173530
1173531
1173532
1173533
1173534
1173535
1173536
1173537
1173538
1173539
1173540
1173541
1173542
1173543
1173544
1173545
1173546
1173547
1173548
1173549
1173550
1173551
1173552
1173553
1173554
1173555
1173556
1173557
1173558
1173559
1173560
1173561
1173562
1173563
1173564
1173565
1173566
1173567
1173568
1173569
1173570
1173571
1173572
1173573
1173574
1173575
1173576
1173577
1173578
1173579
1173580
1173581
1173582
1173583
1173584
1173585
1173587
1173588
1173801
1173802
1173803
1173804
1173805
1173806
1173807
1173808
1173809
1173810
1173811
1173812
1173813
1173814
1173815
1173816
1173817
1173818
1173819
1173820
1173821
1173822
1173823
1173824
1173825
1173826
1173827
1173828
1173829
1173830
1173831
1173832
1173833
1173834
1173835
1173836
1173837
1173838
1173839
1173840
1173841
1173842
1173843
1173844
1173845
1173846
1173847
1173848
1173849
1173850
1173851
1173852
1173853
1173854
1173855
1173856
1173857
1173858
1173859
1173860
1173861
1173862
1173863
1173864
1173865
1173866
1173867
1173868
1173869
1173870
1173871
1173872
1173873
1173874
1173875
1173876
1173877
1173878
1173879
1173880
1173881
1173882
1173883
1173884
1173885
1173886
1173887
1173888
1173890
1173891
1174101
1174102
1174103
1174104
1174105
1174106
1174107
1174108
1174109
1174110
1174111
1174112
1174113
1174114
1174115
1174116
1174117
1174118
1174119
1174120
1174121
1174122
1174123
1174124
1174125
1174126
1174127
1174128
1174129
1174130
1174131
1174132
1174133
1174134
1174135
1174136
1174137
1174138
1174139
1174140
1174141
1174142
1174143
1174144
1174145
1174146
1174147
1174148
1174149
1174150
1174151
1174152
1174153
1174154
1174155
1174156
1174157
1174158
1174159
1174160
1174161
1174162
1174163
1174164
1174165
1174166
1174167
1174168
1174169
1174170
1174171
1174172
1174173
1174174
1174175
1174176
1174177
1174178
1174179
1174180
1174181
1174182
1174183
1174184
1174185
1174186
1174187
1174188
1174190
1174191
1174401
1174402
1174403
1174404
1174405
1174406
1174407
1174408
1174409
1174410
1174411
1174412
1174413
1174414
1174415
1174416
1174417
1174418
1174419
1174420
1174421
1174422
1174423
1174424
1174425
1174426
1174427
1174428
1174429
1174430
1174431
1174432
1174433
1174434
1174435
1174436
1174437
1174438
1174439
1174440
1174441
1174442
1174443
1174444
1174445
1174446
1174447
1174448
1174449
1174450
1174451
1174452
1174453
1174454
1174455
1174456
1174457
1174458
1174459
1174460
1174461
1174462
1174463
1174464
1174465
1174466
1174467
1174468
1174469
1174470
1174471
1174472
1174473
1174474
1174475
1174476
1174477
1174478
1174479
1174480
1174481
1174482
1174483
1174484
1174485
1174486
1174487
1174488
1174490
1174491
1174701
1174702
1174703
1174704
1174705
1174706
1174707
1174708
1174709
1174710
1174711
1174712
1174713
1174714
1174715
1174716
1174717
1174718
1174719
1174720
1174721
1174722
1174723
1174724
1174725
1174726
1174727
1174728
1174729
1174730
1174731
1174732
1174733
1174734
1174735
1174736
1174737
1174738
1174739
1174740
1174741
1174742
1174743
1174744
1174745
1174746
1174747
1174748
1174749
1174750
1174751
1174752
1174753
1174754
1174755
1174756
1174757
1174758
1174759
1174760
1174761
1174762
1174763
1174764
1174765
1174766
1174767
1174768
1174769
1174770
1174771
1174772
1174773
1174774
1174775
1174776
1174777
1174778
1174779
1174780
1174781
1174782
1174783
1174784
1174785
1174786
1174787
1174788
1174790
1174791
1175001
1175002
1175003
1175004
1175005
1175006
1175007
1175008
1175009
1175010
1175011
1175012
1175013
1175014
1175015
1175016
1175017
1175018
1175019
1175020
1175021
1175022
1175023
1175024
1175025
1175026
1175027
1175028
1175029
1175030
1175031
1175032
1175033
1175034
1175035
1175036
1175037
1175038
1175039
1175040
1175041
1175042
1175043
1175044
1175045
1175046
1175047
1175048
1175049
1175050
1175051
1175052
1175053
1175054
1175055
1175056
1175057
1175058
1175059
1175060
1175061
1175062
1175063
1175064
1175065
1175066
1175067
1175068
1175069
1175070
1175071
1175072
1175073
1175074
1175075
1175076
1175077
1175078
1175079
1175080
1175081
1175082
1175083
1175084
1175085
1175086
1175087
1175088
1175090
1175091
1175301
1175302
1175303
1175304
1175305
1175306
1175307
1175308
1175309
1175310
1175311
1175312
1175313
1175314
1175315
1175316
1175317
1175318
1175319
1175320
1175321
1175322
1175323
1175324
1175325
1175326
1175327
1175328
1175329
1175330
1175331
1175332
1175333
1175334
1175335
1175336
1175337
1175338
1175339
1175340
1175341
1175342
1175343
1175344
1175345
1175346
1175347
1175348
1175349
1175350
1175351
1175352
1175353
1175354
1175355
1175356
1175357
1175358
1175359
1175360
1175361
1175362
1175363
1175364
1175365
1175366
1175367
1175368
1175369
1175370
1175371
1175372
1175373
1175374
1175375
1175376
1175377
1175378
1175379
1175380
1175381
1175382
1175383
1175384
1175385
1175386
1175387
1175388
1175391
1175601
1175602
1175603
1175604
1175605
1175606
1175607
1175608
1175609
1175610
1175611
1175612
1175613
1175614
1175615
1175616
1175617
1175618
1175619
1175620
1175621
1175622
1175623
1175624
1175625
1175626
1175627
1175628
1175629
1175630
1175631
1175632
1175633
1175634
1175635
1175636
1175637
1175638
1175639
1175640
1175641
1175642
1175643
1175644
1175645
1175646
1175647
1175648
1175649
1175650
1175651
1175652
1175653
1175654
1175655
1175656
1175657
1175659
1175801
1175802
1175803
1175804
1175805
1175806
1175807
1175808
1175809
1175810
1175811
1175812
1175813
1175814
1175815
1175816
1175817
1175818
1175819
1175820
1175821
1175822
1175823
1175824
1175825
1175826
1175827
1175828
1175829
1175830
1175831
1175832
1175833
1175834
1175835
1175836
1175837
1175838
1175839
1175840
1175841
1175842
1175843
1175844
1175845
1175846
1175847
1175848
1175849
1175850
1175851
1175852
1175853
1175854
1175855
1175856
1175857
1175858
1175859
1175860
1175861
1175862
1175863
1175864
1175865
1175866
1175867
1175868
1175869
1175870
1175871
1175872
1175873
1175874
1175875
1175876
1175877
1175878
1175879
1175880
1175881
1175882
1175884
1176101
1176102
1176103
1176104
1176105
1176106
1176107
1176108
1176109
1176110
1176111
1176112
1176113
1176114
1176115
1176116
1176117
1176118
1176119
1176120
1176121
1176122
1176123
1176124
1176125
1176126
1176127
1176128
1176129
1176130
1176131
1176132
1176133
1176134
1176135
1176136
1176137
1176138
1176139
1176140
1176141
1176142
1176143
1176144
1176145
1176146
1176147
1176148
1176149
1176150
1176151
1176152
1176153
1176154
1176155
1176156
1176157
1176159
1176301
1176302
1176303
1176304
1176305
1176306
1176307
1176308
1176309
1176310
1176311
1176312
1176313
1176314
1176315
1176316
1176317
1176318
1176319
1176320
1176321
1176322
1176323
1176324
1176325
1176326
1176327
1176328
1176329
1176330
1176331
1176332
1176333
1176334
1176335
1176336
1176337
1176338
1176339
1176340
1176341
1176342
1176343
1176344
1176345
1176346
1176347
1176348
1176349
1176350
1176351
1176352
1176353
1176354
1176355
1176356
1176357
1176359
1176501
1176502
1176503
1176504
1176505
1176506
1176507
1176508
1176509
1176510
1176511
1176512
1176513
1176514
1176515
1176516
1176517
1176518
1176519
1176520
1176521
1176522
1176523
1176524
1176525
1176526
1176527
1176528
1176529
1176530
1176531
1176532
1176533
1176534
1176535
1176536
1176537
1176538
1176539
1176540
1176541
1176542
1176543
1176544
1176545
1176546
1176547
1176548
1176549
1176550
1176551
1176552
1176553
1176554
1176555
1176556
1176557
1176558
1176559
1176561
1176701
1176702
1176703
1176704
1176705
1176706
1176707
1176708
1176709
1176710
1176711
1176712
1176713
1176714
1176715
1176716
1176717
1176718
1176719
1176720
1176721
1176722
1176723
1176724
1176725
1176726
1176727
1176728
1176729
1176730
1176731
1176732
1176733
1176734
1176735
1176736
1176737
1176738
1176739
1176740
1176741
1176742
1176743
1176744
1176745
1176746
1176747
1176748
1176749
1176750
1176751
1176752
1176753
1176754
1176755
1176756
1176757
1176758
1176759
1176761
1176901
1176902
1176903
1176904
1176905
1176906
1176907
1176908
1176909
1176910
1176911
1176912
1176913
1176914
1176915
1176916
1176917
1176918
1176919
1176920
1176921
1176922
1176923
1176924
1176925
1176926
1176927
1176928
1176929
1176930
1176931
1176932
1176933
1176934
1176935
1176936
1176937
1176938
1176939
1176940
1176941
1176942
1176943
1176944
1176945
1176946
1176947
1176948
1176949
1176950
1176951
1176952
1176953
1176954
1176955
1176956
1176957
1176958
1176959
1176961
1177101
1177102
1177103
1177104
1177105
1177106
1177107
1177108
1177109
1177110
1177111
1177112
1177113
1177114
1177115
1177116
1177117
1177118
1177119
1177120
1177121
1177122
1177123
1177124
1177125
1177126
1177127
1177128
1177129
1177130
1177131
1177132
1177133
1177134
1177135
1177136
1177137
1177138
1177139
1177140
1177141
1177142
1177143
1177144
1177145
1177146
1177147
1177148
1177149
1177150
1177151
1177152
1177153
1177154
1177155
1177156
1177157
1177158
1177159
1177161
1177301
1177302
1177303
1177304
1177305
1177306
1177307
1177308
1177309
1177310
1177311
1177312
1177313
1177314
1177315
1177316
1177317
1177318
1177319
1177320
1177321
1177322
1177323
1177324
1177325
1177326
1177327
1177328
1177329
1177330
1177331
1177332
1177333
1177334
1177335
1177336
1177337
1177338
1177339
1177340
1177341
1177342
1177343
1177344
1177345
1177346
1177347
1177348
1177349
1177350
1177351
1177352
1177353
1177354
1177355
1177356
1177357
1177358
1177359
1177361
1177501
1177502
1177503
1177504
1177505
1177506
1177507
1177508
1177509
1177510
1177511
1177512
1177513
1177514
1177515
1177516
1177517
1177518
1177519
1177520
1177521
1177522
1177523
1177524
1177525
1177526
1177527
1177528
1177529
1177530
1177531
1177532
1177533
1177534
1177535
1177536
1177537
1177538
1177539
1177540
1177541
1177542
1177543
1177544
1177545
1177546
1177547
1177548
1177549
1177550
1177551
1177552
1177553
1177554
1177555
1177556
1177557
1177558
1177559
1177701
1177702
1177703
1177704
1177705
1177706
1177707
1177708
1177709
1177710
1177711
1177712
1177713
1177714
1177715
1177716
1177717
1177718
1177719
1177720
1177721
1177722
1177723
1177724
1177725
1177726
1177727
1177728
1177729
1495801
1495802
1495803
1495805
1503201
1503202
1503203
1503205
1510601
1510602
1510603
1510604
1510605
1510606
1510607
1510608
1510609
1510610
1510611
1510612
1510613
1510614
1510615
1510616
1510617
1510618
1510619
1510620
1510621
1510622
1510623
1510624
1510625
1510626
1510627
1510628
1510629
1510630
1510631
1510632
1510633
1510634
1510635
1510636
1510637
1510638
1510639
1510640
1510641
1510642
1510643
1510644
1510645
1510646
1510647
1510648
1510649
1510650
1510651
1510652
1510653
1510654
1510655
1510656
1510657
1510659
1518001
1518002
1518003
1518004
1518005
1518006
1518007
1518008
1518009
1518010
1518011
1518012
1518013
1518014
1518015
1518016
1518017
1518018
1518019
1518020
1518021
1518022
1518023
1518024
1518025
1518026
1518027
1518028
1518029
1518030
1518031
1518032
1518033
1518034
1518035
1518036
1518037
1518038
1518039
1518040
1518041
1518042
1518043
1518044
1518045
1518046
1518047
1518048
1518049
1518050
1518051
1518052
1518053
1518054
1518055
1518056
1525401
1525402
1525403
1525404
1525405
1525406
1525407
1525408
1525409
1525410
1525411
1525412
1525413
1525414
1525415
1525416
1525417
1525418
1525419
1525420
1525421
1525422
1525423
1525424
1525425
1525426
1525427
1525428
1525429
1525430
1525431
1525432
1525433
1525434
1525435
1525436
1525437
1525438
1525439
1525440
1525441
1525442
1525443
1525444
1525445
1525446
1525447
1525448
1525449
1525450
1525451
1525452
1525453
1525455
1532801
1532802
1532803
1532804
1532805
1532806
1532807
1532808
1532809
1532810
1532811
1532812
1532813
1532814
1532815
1532816
1532817
1532818
1532819
1532820
1532821
1532822
1532823
1532824
1532825
1532826
1532827
1532828
1532829
1532830
1532831
1532832
1532833
1532834
1532835
1532836
1532837
1532838
1532839
1532840
1532841
1532842
1532843
1532844
1532845
1532846
1532847
1532848
1532849
1532850
1532851
1532852
1532853
1532855
1540201
1540202
1540203
1540204
1540205
1540206
1540207
1540208
1540209
1540210
1540211
1540212
1540213
1540214
1540215
1540216
1540217
1540218
1540219
1540220
1540221
1540222
1540223
1540224
1540225
1540226
1540227
1540228
1540229
1540230
1540231
1540232
1540233
1540234
1540235
1540236
1540237
1540238
1540239
1540240
1540241
1540242
1540243
1540244
1540245
1540246
1540247
1540248
1540249
1540250
1540251
1540252
1540253
1540255
1545201
1545202
1545203
1545204
1545205
1545206
1545207
1545208
1545209
1545210
1545211
1545212
1545213
1545214
1545215
1545216
1545217
1545218
1545219
1545220
1545221
1545222
1545223
1545224
1545225
1545226
1545227
1575722
1575723
1575724
1575725
1575726
1575727
1575728
1575729
1575730
1575731
1575732
1575733
1575734
1575735
1575736
1575737
1575738
1575739
1575740
1575741
1575742
1575744
1575745
1576447
1576448
1576449
1576450
1576451
1576452
1576453
1576454
1576455
1576456
1576457
1576458
1576459
1576460
1576461
1576462
1576463
1576464
1576465
1576466
1576467
1576468
1576469
1576470
1576471
1576472
1576473
1576474
1576475
1577172
1577173
1577174
1577175
1577176
1577177
1577178
1577179
1577180
1577181
1577182
1577183
1577184
1577185
1577186
1577187
1577188
1577189
1577190
1577191
1577192
1577193
1577194
1577195
1577196
1577197
1577198
1577199
1577200
1577897
1577898
1577899
1577900
1577901
1577902
1577903
1577904
1577905
1577906
1577907
1577908
1577909
1577910
1577911
1577912
1577913
1577914
1577915
1577916
1577917
1577918
1577919
1577920
1577921
1577922
1577923
1577924
1577925
1578622
1578623
1578624
1578625
1578626
1578627
1578628
1578629
1578630
1578631
1578632
1578633
1578634
1578635
1578636
1578637
1578638
1578639
1578640
1578641
1578642
1578643
1578644
1578645
1578646
1578647
1578648
1578649
1578650
1579347
1579348
1579349
1579350
1579351
1579352
1579353
1579354
1579355
1579356
1579357
1579358
1579359
1579360
1579361
1579362
1579363
1579364
1579365
1579366
1579367
1579368
1579369
1579370
1579371
1579372
1579373
1579374
1579375
1580072
1580073
1580074
1580075
1580076
1580077
1580078
1580079
1580080
1580081
1580082
1580083
1580084
1580085
1580086
1580087
1580088
1580089
1580090
1580091
1580092
1580093
1580094
1580095
1580096
1580097
1580098
1580099
1580100
1580797
1580798
1580799
1580800
1580801
1580802
1580803
1580804
1580805
1580806
1580807
1580808
1580809
1580810
1580811
1580812
1580813
1580814
1580815
1580816
1580817
1580818
1580819
1580820
1580821
1580822
1580823
1580824
1580825
1581282
1581283
1581284
1581285
1581286
1581287
1581288
1581289
1581290
1581291
1581292
1581293
1581294
1581295
1581296
1581297
1581298
1581299
1581300
1588082
1588083
1588084
1588085
1588086
1588087
1588088
1588089
1588090
1588091
1588092
1588093
1588094
1588095
1588096
1588097
1588098
1588099
1588100
1588101
1588102
1588103
1588104
1588105
1588106
1588107
1588111
1588112
1588113
1588114
1588115
1588116
1588117
1588118
1588119
1588120
1588121
1588122
1588123
1588124
1588125
1588126
1588127
1588128
1588129
1588130
1588131
1588132
1588133
1588134
1588135
1588136
1588140
1588141
1588142
1588143
1588144
1588145
1588146
1588147
1588148
1588149
1588150
1588151
1588152
1588153
1588154
1588155
1588156
1588157
1588158
1588159
1588160
1588161
1588162
1588163
1588164
1588165
1588169
1588170
1588171
1588172
1588173
1588174
1588175
1588176
1588177
1588178
1588179
1588180
1588181
1588182
1588183
1588184
1588185
1588186
1588187
1588188
1588189
1588190
1588191
1588192
1588193
1588194
1588198
1588199
1588200
1588201
1588202
1588203
1588204
1588205
1588206
1588207
1588208
1588209
1588210
1588211
1588212
1588213
1588214
1588215
1588216
1588217
1588218
1588219
1588220
1588221
1588222
1588223
1588227
1588229
1588230
1588232
1588233
1588234
1588235
1588236
1588237
1588238
1588239
1588240
1588241
1588242
1588243
1588244
1588245
1588246
1588247
1588248
1588249
1588250
1588251
1588252
1588262
1588264
1588265
1588267
1588268
1588270
1588271
1588273
1588274
1588276
1588277
1588279
1588281
1588359
1588360
1588361
1588362
1588363
1588364
1588365
1588366
1588367
1588368
1588369
1588370
1588371
1588372
1588373
1588374
1588375
1588376
1588377
1588378
1588379
1588380
1588381
1588382
1588383
1588384
1588385
1588386
1588387
1588388
1588389
1588390
1588391
1588392
1588393
1588394
1588395
1588396
1588397
1588398
1588399
1588400
1588401
1588402
1588403
1588404
1588405
1588406
1588407
1588408
1588409
1588410
1588411
1588412
1588413
1588414
1588415
1588416
1588417
1588418
1588419
1588420
1588421
1588422
1588423
1588424
1588425
1588426
1588427
1588428
1588429
1588430
1588431
1588432
1588433
1588434
1588435
1588436
1588437
1588438
1588439
1588440
1588441
1588442
1588443
1588444
1588445
1588446
1588447
1588448
1588449
1588450
1588451
1588452
1588453
1588454
1588455
1588456
1588457
1588458
1588459
1588460
1588461
1588462
1588463
1588464
1588465
1588466
1588467
1588468
1588469
1588470
1588471
1588472
1588473
1588474
1588475
1588476
1588477
1588478
1588479
1588480
1588481
1588482
1588483
1588484
1588485
1588486
1588487
1588488
1588489
1588490
1588491
1588492
1588493
1588494
1588495
1588496
1588497
1588498
1588499
1588500
1588501
1588502
1588503
1588504
1588505
1588506
1588507
1588508
1588509
1588510
1588511
1588512
1588513
1588514
1588515
1588516
1588517
1588518
1588519
1588520
1588521
1588522
1588523
1588524
1588525
1588526
1588527
1588528
1588529
1588530
1588531
1588532
1588533
1588534
1588535
1588536
1588537
1588538
1588539
1588540
1588541
1588542
1588543
1588544
1588545
1588546
1588547
1588548
1588549
1588550
1588551
1588552
1588553
1588554
1588555
1588556
1588557
1588558
1588559
1588560
1588561
1588562
1588563
1588564
1588565
1588566
1588567
1588568
1588569
1588570
1588571
1588572
1588573
1588574
1588575
1588576
1588577
1588578
1588579
1588580
1588639
1588640
1588641
1588642
1588643
1588644
1588645
1588646
1588647
1588648
1588649
1588650
1588651
1588652
1588653
1588654
1588655
1588656
1588657
1588658
1588659
1588660
1588661
1588662
1588663
1588664
1588665
1588666
1588667
1588668
1588669
1588670
1588671
1588672
1588673
1588674
1588675
1588676
1588677
1588678
1588679
1588680
1588681
1588682
1588683
1588684
1588685
1588686
1588687
1588688
1588689
1588690
1588691
1588692
1588693
1588694
1588695
1588696
1588697
1588698
1588699
1588700
1588701
1588702
1588703
1588704
1588705
1588706
1588707
1588708
1588709
1588710
1588711
1588712
1588713
1588714
1588715
1588716
1588717
1588718
1588719
1588720
1588721
1588722
1588723
1588724
1588725
1588726
1588727
1588728
1588729
1588730
1588731
1588732
1588733
1588734
1588735
1588736
1588737
1588738
1588739
1588740
1588741
1588742
1588743
1588744
1588745
1588746
1588747
1588748
1588749
1588750
1588751
1588752
1588753
1588754
1588755
1588756
1588757
1588758
1588759
1588760
1588761
1588762
1588763
1588764
1588765
1588766
1588767
1588768
1588769
1588770
1588771
1588772
1588773
1588774
1588775
1588776
1588777
1588778
1588779
1588780
1588781
1588782
1588783
1588784
1588785
1588786
1588787
1588788
1588789
1588790
1588791
1588792
1588793
1588794
1588795
1588796
1588797
1588798
1588799
1588800
1588801
1588802
1588803
1588804
1588805
1588806
1588807
1588808
1588809
1588810
1588811
1588812
1588813
1588814
1588815
1588816
1588817
1588818
1588819
1588820
1588821
1588822
1588823
1588824
1588825
1588826
1588827
1588828
1588829
1588830
1588831
1588832
1588833
1588834
1588835
1588836
1588837
1588838
1588839
1588840
1588841
1588842
1588843
1588844
1588845
1588846
1588847
1588848
1588849
1588850
1588851
1588852
1588853
1588854
1588855
1588856
1588857
1588858
1588859
1588860
1588919
1588920
1588921
1588922
1588923
1588924
1588925
1588926
1588927
1588928
1588929
1588930
1588931
1588932
1588933
1588934
1588935
1588936
1588937
1588938
1588939
1588940
1588941
1588942
1588943
1588944
1588945
1588946
1588947
1588948
1588949
1588950
1588951
1588952
1588953
1588954
1588955
1588956
1588957
1588958
1588959
1588960
1588961
1588962
1588963
1588964
1588965
1588966
1588967
1588968
1588969
1588970
1588971
1588972
1588973
1588974
1588975
1588976
1588977
1588978
1588979
1588980
1588981
1588982
1588983
1588984
1588985
1588986
1588987
1588988
1588989
1588990
1588991
1588992
1588993
1588994
1588995
1588996
1588997
1588998
1588999
1589000
1589001
1589002
1589003
1589004
1589005
1589006
1589007
1589008
1589009
1589010
1589011
1589012
1589013
1589014
1589015
1589016
1589017
1589018
1589019
1589020
1589021
1589022
1589023
1589024
1589025
1589026
1589027
1589028
1589029
1589030
1589031
1589032
1589033
1589034
1589035
1589036
1589037
1589038
1589039
1589040
1589041
1589042
1589043
1589044
1589045
1589046
1589047
1589048
1589049
1589050
1589051
1589052
1589053
1589054
1589055
1589056
1589057
1589058
1589059
1589060
1589061
1589062
1589063
1589064
1589065
1589066
1589067
1589068
1589069
1589070
1589071
1589072
1589073
1589074
1589075
1589076
1589077
1589078
1589079
1589080
1589081
1589082
1589083
1589084
1589085
1589086
1589087
1589088
1589089
1589090
1589091
1589092
1589093
1589094
1589095
1589096
1589097
1589098
1589099
1589100
1589101
1589102
1589103
1589104
1589105
1589106
1589107
1589108
1589109
1589110
1589111
1589112
1589113
1589114
1589115
1589116
1589117
1589118
1589119
1589120
1589121
1589122
1589123
1589124
1589125
1589126
1589127
1589128
1589129
1589130
1589131
1589132
1589133
1589134
1589135
1589136
1589137
1589138
1589139
1589140
1589199
1589200
1589201
1589202
1589203
1589204
1589205
1589206
1589207
1589208
1589209
1589210
1589211
1589212
1589213
1589214
1589215
1589216
1589217
1589218
1589219
1589220
1589221
1589222
1589223
1589224
1589225
1589226
1589227
1589228
1589229
1589230
1589231
1589232
1589233
1589234
1589235
1589236
1589237
1589238
1589239
1589240
1589241
1589242
1589243
1589244
1589245
1589246
1589247
1589248
1589249
1589250
1589251
1589252
1589253
1589254
1589255
1589256
1589257
1589258
1589259
1589260
1589261
1589262
1589263
1589264
1589265
1589266
1589267
1589268
1589269
1589270
1589271
1589272
1589273
1589274
1589275
1589276
1589277
1589278
1589279
1589280
1589281
1589282
1589283
1589284
1589285
1589286
1589287
1589288
1589289
1589290
1589291
1589292
1589293
1589294
1589295
1589296
1589297
1589298
1589299
1589300
1589301
1589302
1589303
1589304
1589305
1589306
1589307
1589308
1589309
1589310
1589311
1589312
1589313
1589314
1589315
1589316
1589317
1589318
1589319
1589320
1589321
1589322
1589323
1589324
1589325
1589326
1589327
1589328
1589329
1589330
1589331
1589332
1589333
1589334
1589335
1589336
1589337
1589338
1589339
1589340
1589341
1589342
1589343
1589344
1589345
1589346
1589347
1589348
1589349
1589350
1589351
1589352
1589353
1589354
1589355
1589356
1589357
1589358
1589359
1589360
1589361
1589362
1589363
1589364
1589365
1589366
1589367
1589368
1589369
1589370
1589371
1589372
1589373
1589374
1589375
1589376
1589377
1589378
1589379
1589380
1589381
1589382
1589383
1589384
1589385
1589386
1589387
1589388
1589389
1589390
1589391
1589392
1589393
1589394
1589395
1589396
1589397
1589398
1589399
1589400
1589401
1589402
1589403
1589404
1589405
1589406
1589407
1589408
1589409
1589410
1589411
1589412
1589413
1589414
1589415
1589416
1589417
1589418
1589419
1589420
1589479
1589480
1589481
1589482
1589483
1589484
1589485
1589486
1589487
1589488
1589489
1589490
1589491
1589492
1589493
1589494
1589495
1589496
1589497
1589498
1589499
1589500
1589501
1589502
1589503
1589504
1589505
1589506
1589507
1589508
1589509
1589510
1589511
1589512
1589513
1589514
1589515
1589516
1589517
1589518
1589519
1589520
1589521
1589522
1589523
1589524
1589525
1589526
1589527
1589528
1589529
1589530
1589531
1589532
1589533
1589534
1589535
1589536
1589537
1589538
1589539
1589540
1589541
1589542
1589543
1589544
1589545
1589546
1589547
1589548
1589549
1589550
1589551
1589552
1589553
1589554
1589555
1589556
1589557
1589558
1589559
1589560
1589561
1589562
1589563
1589564
1589565
1589566
1589567
1589568
1589569
1589570
1589571
1589572
1589573
1589574
1589575
1589576
1589577
1589578
1589579
1589580
1589581
1589582
1589583
1589584
1589585
1589586
1589587
1589588
1589589
1589590
1589591
1589592
1589593
1589594
1589595
1589596
1589597
1589598
1589599
1589600
1589601
1589602
1589603
1589604
1589605
1589606
1589607
1589608
1589609
1589610
1589611
1589612
1589613
1589614
1589615
1589616
1589617
1589618
1589619
1589620
1589621
1589622
1589623
1589624
1589625
1589626
1589627
1589628
1589629
1589630
1589631
1589632
1589633
1589634
1589635
1589636
1589637
1589638
1589639
1589640
1589641
1589642
1589643
1589644
1589645
1589646
1589647
1589648
1589649
1589650
1589651
1589652
1589653
1589654
1589655
1589656
1589657
1589658
1589659
1589660
1589661
1589662
1589663
1589664
1589665
1589666
1589667
1589668
1589669
1589670
1589671
1589672
1589673
1589674
1589675
1589676
1589677
1589678
1589679
1589680
1589681
1589682
1589683
1589684
1589685
1589686
1589687
1589688
1589689
1589690
1589691
1589692
1589693
1589694
1589695
1589696
1589697
1589698
1589699
1589700
1589759
1589760
1589761
1589762
1589763
1589764
1589765
1589766
1589767
1589768
1589769
1589770
1589771
1589772
1589773
1589774
1589775
1589776
1589777
1589778
1589779
1589780
1589781
1589782
1589783
1589784
1589785
1589786
1589787
1589788
1589789
1589790
1589791
1589792
1589793
1589794
1589795
1589796
1589797
1589798
1589799
1589800
1589801
1589802
1589803
1589804
1589805
1589806
1589807
1589808
1589809
1589810
1589811
1589812
1589813
1589814
1589815
1589816
1589817
1589818
1589819
1589820
1589821
1589822
1589823
1589824
1589825
1589826
1589827
1589828
1589829
1589830
1589831
1589832
1589833
1589834
1589835
1589836
1589837
1589838
1589839
1589840
1589841
1589842
1589843
1589844
1589845
1589846
1589847
1589848
1589849
1589850
1589851
1589852
1589853
1589854
1589855
1589856
1589857
1589858
1589859
1589860
1589861
1589862
1589863
1589864
1589865
1589866
1589867
1589868
1589869
1589870
1589871
1589872
1589873
1589874
1589875
1589876
1589877
1589878
1589879
1589880
1589881
1589882
1589883
1589884
1589885
1589886
1589887
1589888
1589889
1589890
1589891
1589892
1589893
1589894
1589895
1589896
1589897
1589898
1589899
1589900
1589901
1589902
1589903
1589904
1589905
1589906
1589907
1589908
1589909
1589910
1589911
1589912
1589913
1589914
1589915
1589916
1589917
1589918
1589919
1589920
1589921
1589922
1589923
1589924
1589925
1589926
1589927
1589928
1589929
1589930
1589931
1589932
1589933
1589934
1589935
1589936
1589937
1589938
1589939
1589940
1589941
1589942
1589943
1589944
1589945
1589946
1589947
1589948
1589949
1589950
1589951
1589952
1589953
1589954
1589955
1589956
1589957
1589958
1589959
1589960
1589961
1589962
1589963
1589964
1589965
1589966
1589967
1589968
1589969
1589970
1589971
1589972
1589973
1589974
1589975
1589976
1589977
1589978
1589979
1589980
1590039
1590040
1590041
1590042
1590043
1590044
1590045
1590046
1590047
1590048
1590049
1590050
1590051
1590052
1590053
1590054
1590055
1590056
1590057
1590058
1590059
1590060
1590061
1590062
1590063
1590064
1590065
1590066
1590067
1590068
1590069
1590070
1590071
1590072
1590073
1590074
1590075
1590076
1590077
1590078
1590079
1590080
1590081
1590082
1590083
1590084
1590085
1590086
1590087
1590088
1590089
1590090
1590091
1590092
1590093
1590094
1590095
1590096
1590097
1590098
1590099
1590100
1590101
1590102
1590103
1590104
1590105
1590106
1590107
1590108
1590109
1590110
1590111
1590112
1590113
1590114
1590115
1590116
1590117
1590118
1590119
1590120
1590121
1590122
1590123
1590124
1590125
1590126
1590127
1590128
1590129
1590130
1590131
1590132
1590133
1590134
1590135
1590136
1590137
1590138
1590139
1590140
1590141
1590142
1590143
1590144
1590145
1590146
1590147
1590148
1590149
1590150
1590151
1590152
1590153
1590154
1590155
1590156
1590157
1590158
1590159
1590160
1590161
1590162
1590163
1590164
1590165
1590166
1590167
1590168
1590169
1590170
1590171
1590172
1590173
1590174
1590175
1590176
1590177
1590178
1590179
1590180
1590181
1590182
1590183
1590184
1590185
1590186
1590187
1590188
1590189
1590190
1590191
1590192
1590193
1590194
1590195
1590196
1590197
1590198
1590199
1590200
1590201
1590202
1590203
1590204
1590205
1590206
1590207
1590208
1590209
1590210
1590211
1590212
1590213
1590214
1590215
1590216
1590217
1590218
1590219
1590220
1590221
1590222
1590223
1590224
1590225
1590226
1590227
1590228
1590229
1590230
1590231
1590232
1590233
1590234
1590235
1590236
1590237
1590238
1590239
1590240
1590241
1590242
1590243
1590244
1590245
1590246
1590247
1590248
1590249
1590250
1590251
1590252
1590253
1590254
1590255
1590256
1590257
1590258
1590259
1590260
1590319
1590320
1590321
1590322
1590323
1590324
1590325
1590326
1590327
1590328
1590329
1590330
1590331
1590332
1590333
1590334
1590335
1590336
1590337
1590338
1590339
1590340
1590341
1590342
1590343
1590344
1590345
1590346
1590347
1590348
1590349
1590350
1590351
1590352
1590353
1590354
1590355
1590356
1590357
1590358
1590359
1590360
1590361
1590362
1590363
1590364
1590365
1590366
1590367
1590368
1590369
1590370
1590371
1590372
1590373
1590374
1590375
1590376
1590377
1590378
1590379
1590380
1590381
1590382
1590383
1590384
1590385
1590386
1590387
1590388
1590389
1590390
1590391
1590392
1590393
1590394
1590395
1590396
1590397
1590398
1590399
1590400
1590401
1590402
1590403
1590404
1590405
1590406
1590407
1590408
1590409
1590410
1590411
1590412
1590413
1590414
1590415
1590416
1590417
1590418
1590419
1590420
1590421
1590422
1590423
1590424
1590425
1590426
1590427
1590428
1590429
1590430
1590431
1590432
1590433
1590434
1590435
1590436
1590437
1590438
1590439
1590440
1590441
1590442
1590443
1590444
1590445
1590446
1590447
1590448
1590449
1590450
1590451
1590452
1590453
1590454
1590455
1590456
1590457
1590458
1590459
1590460
1590461
1590462
1590463
1590464
1590465
1590466
1590467
1590468
1590469
1590470
1590471
1590472
1590473
1590474
1590475
1590476
1590477
1590478
1590479
1590480
1590481
1590482
1590483
1590484
1590485
1590486
1590487
1590488
1590489
1590490
1590491
1590492
1590493
1590494
1590495
1590496
1590497
1590498
1590499
1590500
1590501
1590502
1590503
1590504
1590505
1590506
1590507
1590508
1590509
1590510
1590511
1590512
1590513
1590514
1590515
1590516
1590517
1590518
1590519
1590520
1590521
1590522
1590523
1590524
1590525
1590526
1590527
1590528
1590529
1590530
1590531
1590532
1590533
1590534
1590535
1590536
1590537
1590538
1590539
1590540
1590599
1590600
1590601
1590602
1590603
1590604
1590605
1590606
1590607
1590608
1590609
1590610
1590611
1590612
1590613
1590614
1590615
1590616
1590617
1590618
1590619
1590620
1590621
1590622
1590623
1590624
1590625
1590626
1590627
1590628
1590629
1590630
1590631
1590632
1590633
1590634
1590635
1590636
1590637
1590638
1590639
1590640
1590641
1590642
1590643
1590644
1590645
1590646
1590647
1590648
1590649
1590650
1590651
1590652
1590653
1590654
1590655
1590656
1590657
1590658
1590659
1590660
1590661
1590662
1590663
1590664
1590665
1590666
1590667
1590668
1590669
1590670
1590671
1590672
1590673
1590674
1590675
1590676
1590677
1590678
1590679
1590680
1590681
1590682
1590683
1590684
1590685
1590686
1590687
1590688
1590689
1590690
1590691
1590692
1590693
1590694
1590695
1590696
1590697
1590698
1590699
1590700
1590701
1590702
1590703
1590704
1590705
1590706
1590707
1590708
1590709
1590710
1590711
1590712
1590713
1590714
1590715
1590716
1590717
1590718
1590719
1590720
1590721
1590722
1590723
1590724
1590725
1590726
1590727
1590728
1590729
1590730
1590731
1590732
1590733
1590734
1590735
1590736
1590737
1590738
1590739
1590740
1590741
1590742
1590743
1590744
1590745
1590746
1590747
1590748
1590749
1590750
1590751
1590752
1590753
1590754
1590755
1590756
1590757
1590758
1590759
1590760
1590761
1590762
1590763
1590764
1590765
1590766
1590767
1590768
1590769
1590770
1590771
1590772
1590773
1590774
1590775
1590776
1590777
1590778
1590779
1590780
1590781
1590782
1590783
1590784
1590785
1590786
1590787
1590788
1590789
1590790
1590791
1590792
1590793
1590794
1590795
1590796
1590797
1590798
1590799
1590800
1590801
1590802
1590803
1590804
1590805
1590806
1590807
1590808
1590809
1590810
1590811
1590812
1590813
1590814
1590815
1590816
1590817
1590818
1590819
1590820
1590850
1590851
1590852
1590853
1590854
1590855
1590856
1590857
1590858
1590859
1590860
1590861
1590862
1590863
1590864
1590865
1590866
1590867
1590868
1590869
1590870
1590871
1590872
1590873
1590874
1590875
1590876
1590877
1590878
1590879
1590880
1590881
1590882
1590883
1590884
1590885
1590886
1590887
1590888
1590889
1590890
1590891
1590892
1590893
1590894
1590895
1590896
1590897
1590898
1590899
1590900
1590901
1590902
1590903
1590904
1590905
1590906
1590907
1590908
1590909
1590910
1590911
1590912
1590913
1590914
1590915
1590916
1590917
1590918
1590919
1590920
1590921
1590922
1590923
1590924
1590925
1590926
1590927
1590928
1590929
1590930
1590931
1590932
1590933
1590934
1590935
1590936
1590937
1590938
1590939
1590940
1590941
1590942
1590943
1590944
1590945
1590946
1590947
1590948
1590949
1590950
1590951
1590952
1590953
1590954
1590955
1590956
1590957
1590958
1590959
1590960
1590961
1590962
1590963
1590964
1590965
1590966
1590967
1590968
1590969
1590970
1590971
1590972
1590973
1590974
1590975
1590976
1590977
1590978
1590979
1590980
1590981
1590982
1590983
1590984
1590985
1590986
1590987
1590988
1590989
1590990
1590991
1590992
1590993
1590994
1590995
1590996
1590997
1590998
1590999
1591000
1591001
1591002
1591003
1591004
1591005
1591006
1591007
1591008
1591009
1591010
1591011
1591012
1591013
1591014
1591015
1591016
1591017
1591018
1591019
1591020
1591021
1591022
1591023
1591024
1591025
1591026
1591027
1591028
1591029
1591030
1591031
1591032
1591033
1591034
1591035
1591036
1591037
1591038
1591039
1591040
1591041
1591042
1591043
1591044
1591045
1591046
1591047
1591048
1591049
1591050
1591051
1591052
1591053
1591054
1591055
1591056
1591057
1591058
1591059
1591060
1591061
1591062
1591063
1591064
1591065
1591066
1591067
1591068
1591069
1591070
1591071
1591072
1591073
1591074
1591075
1591076
1591077
1591078
1591079
1591080
1591081
1591082
1591083
1591084
1591085
1591086
1591087
1591088
1591089
1591090
1591091
1591092
1591093
1591094
1591095
1591096
1591097
1591098
1591099
1591100
1591130
1591131
1591132
1591133
1591134
1591135
1591136
1591137
1591138
1591139
1591140
1591141
1591142
1591143
1591144
1591145
1591146
1591147
1591148
1591149
1591150
1591151
1591152
1591153
1591154
1591155
1591156
1591157
1591158
1591159
1591160
1591161
1591162
1591163
1591164
1591165
1591166
1591167
1591168
1591169
1591170
1591171
1591172
1591173
1591174
1591175
1591176
1591177
1591178
1591179
1591180
1591181
1591182
1591183
1591184
1591185
1591186
1591187
1591188
1591189
1591190
1591191
1591192
1591193
1591194
1591195
1591196
1591197
1591198
1591199
1591200
1591201
1591202
1591203
1591204
1591205
1591206
1591207
1591208
1591209
1591210
1591211
1591212
1591213
1591214
1591215
1591216
1591217
1591218
1591219
1591220
1591221
1591222
1591223
1591224
1591225
1591226
1591227
1591228
1591229
1591230
1591231
1591232
1591233
1591234
1591235
1591236
1591237
1591238
1591239
1591240
1591241
1591242
1591243
1591244
1591245
1591246
1591247
1591248
1591249
1591250
1591251
1591252
1591253
1591254
1591255
1591256
1591257
1591258
1591259
1591260
1591261
1591262
1591263
1591264
1591265
1591266
1591267
1591268
1591269
1591270
1591271
1591272
1591273
1591274
1591275
1591276
1591277
1591278
1591279
1591280
1591281
1591282
1591283
1591284
1591285
1591286
1591287
1591288
1591289
1591290
1591291
1591292
1591293
1591294
1591295
1591296
1591297
1591298
1591299
1591300
1591301
1591302
1591303
1591304
1591305
1591306
1591307
1591308
1591309
1591310
1591311
1591312
1591313
1591314
1591315
1591316
1591317
1591318
1591319
1591320
1591321
1591322
1591323
1591324
1591325
1591326
1591327
1591328
1591329
1591330
1591331
1591332
1591333
1591334
1591335
1591336
1591337
1591338
1591339
1591340
1591341
1591342
1591343
1591344
1591345
1591346
1591347
1591348
1591349
1591350
1591351
1591352
1591353
1591354
1591355
1591356
1591357
1591358
1591359
1591360
1591361
1591362
1591363
1591364
1591365
1591366
1591367
1591368
1591369
1591370
1591371
1591372
1591373
1591374
1591375
1591376
1591377
1591378
1591379
1591380
1591410
1591411
1591412
1591413
1591414
1591415
1591416
1591417
1591418
1591419
1591420
1591421
1591422
1591423
1591424
1591425
1591426
1591427
1591428
1591429
1591430
1591431
1591432
1591433
1591434
1591435
1591436
1591437
1591438
1591439
1591440
1591441
1591442
1591443
1591444
1591445
1591446
1591447
1591448
1591449
1591450
1591451
1591452
1591453
1591454
1591455
1591456
1591457
1591458
1591459
1591460
1591461
1591462
1591463
1591464
1591465
1591466
1591467
1591468
1591469
1591470
1591471
1591472
1591473
1591474
1591475
1591476
1591477
1591478
1591479
1591480
1591481
1591482
1591483
1591484
1591485
1591486
1591487
1591488
1591489
1591490
1591491
1591492
1591493
1591494
1591495
1591496
1591497
1591498
1591499
1591500
1591501
1591502
1591503
1591504
1591505
1591506
1591507
1591508
1591509
1591510
1591511
1591512
1591513
1591514
1591515
1591516
1591517
1591518
1591519
1591520
1591521
1591522
1591523
1591524
1591525
1591526
1591527
1591528
1591529
1591530
1591531
1591532
1591533
1591534
1591535
1591536
1591537
1591538
1591539
1591540
1591541
1591542
1591543
1591544
1591545
1591546
1591547
1591548
1591549
1591550
1591551
1591552
1591553
1591554
1591555
1591556
1591557
1591558
1591559
1591560
1591561
1591562
1591563
1591564
1591565
1591566
1591567
1591568
1591569
1591570
1591571
1591572
1591573
1591574
1591575
1591576
1591577
1591578
1591579
1591580
1591581
1591582
1591583
1591584
1591585
1591586
1591587
1591588
1591589
1591590
1591591
1591592
1591593
1591594
1591595
1591596
1591597
1591598
1591599
1591600
1591601
1591602
1591603
1591604
1591605
1591606
1591607
1591608
1591609
1591610
1591611
1591612
1591613
1591614
1591615
1591616
1591617
1591618
1591619
1591620
1591621
1591622
1591623
1591624
1591625
1591626
1591627
1591628
1591629
1591630
1591631
1591632
1591633
1591634
1591635
1591636
1591637
1591638
1591639
1591640
1591641
1591642
1591643
1591644
1591645
1591646
1591647
1591648
1591649
1591650
1591651
1591652
1591653
1591654
1591655
1591656
1591657
1591658
1591659
1591660
1591690
1591691
1591692
1591693
1591694
1591695
1591696
1591697
1591698
1591699
1591700
1591701
1591702
1591703
1591704
1591705
1591706
1591707
1591708
1591709
1591710
1591711
1591712
1591713
1591714
1591715
1591716
1591717
1591718
1591719
1591720
1591721
1591722
1591723
1591724
1591725
1591726
1591727
1591728
1591729
1591730
1591731
1591732
1591733
1591734
1591735
1591736
1591737
1591738
1591739
1591740
1591741
1591742
1591743
1591744
1591745
1591746
1591747
1591748
1591749
1591750
1591751
1591752
1591753
1591754
1591755
1591756
1591757
1591758
1591759
1591760
1591761
1591762
1591763
1591764
1591765
1591766
1591767
1591768
1591769
1591770
1591771
1591772
1591773
1591774
1591775
1591776
1591777
1591778
1591779
1591780
1591781
1591782
1591783
1591784
1591785
1591786
1591787
1591788
1591789
1591790
1591791
1591792
1591793
1591794
1591795
1591796
1591797
1591798
1591799
1591800
1591801
1591802
1591803
1591804
1591805
1591806
1591807
1591808
1591809
1591810
1591811
1591812
1591813
1591814
1591815
1591816
1591817
1591818
1591819
1591820
1591821
1591822
1591823
1591824
1591825
1591826
1591827
1591828
1591829
1591830
1591831
1591832
1591833
1591834
1591835
1591836
1591837
1591838
1591839
1591840
1591841
1591842
1591843
1591844
1591845
1591846
1591847
1591848
1591849
1591850
1591851
1591852
1591853
1591854
1591855
1591856
1591857
1591858
1591859
1591860
1591861
1591862
1591863
1591864
1591865
1591866
1591867
1591868
1591869
1591870
1591871
1591872
1591873
1591874
1591875
1591876
1591877
1591878
1591879
1591880
1591881
1591882
1591883
1591884
1591885
1591886
1591887
1591888
1591889
1591890
1591891
1591892
1591893
1591894
1591895
1591896
1591897
1591898
1591899
1591900
1591901
1591902
1591903
1591904
1591905
1591906
1591907
1591908
1591909
1591910
1591911
1591912
1591913
1591914
1591915
1591916
1591917
1591918
1591919
1591920
1591921
1591922
1591923
1591924
1591925
1591926
1591927
1591928
1591929
1591930
1591931
1591932
1591933
1591934
1591935
1591936
1591937
1591938
1591939
1591940
1591970
1591971
1591972
1591973
1591974
1591975
1591976
1591977
1591978
1591979
1591980
1591981
1591982
1591983
1591984
1591985
1591986
1591987
1591988
1591989
1591990
1591991
1591992
1591993
1591994
1591995
1591996
1591997
1591998
1591999
1592000
1592001
1592002
1592003
1592004
1592005
1592006
1592007
1592008
1592009
1592010
1592011
1592012
1592013
1592014
1592015
1592016
1592017
1592018
1592019
1592020
1592021
1592022
1592023
1592024
1592025
1592026
1592027
1592028
1592029
1592030
1592031
1592032
1592033
1592034
1592035
1592036
1592037
1592038
1592039
1592040
1592041
1592042
1592043
1592044
1592045
1592046
1592047
1592048
1592049
1592050
1592051
1592052
1592053
1592054
1592055
1592056
1592057
1592058
1592059
1592060
1592061
1592062
1592063
1592064
1592065
1592066
1592067
1592068
1592069
1592070
1592071
1592072
1592073
1592074
1592075
1592076
1592077
1592078
1592079
1592080
1592081
1592082
1592083
1592084
1592085
1592086
1592087
1592088
1592089
1592090
1592091
1592092
1592093
1592094
1592095
1592096
1592097
1592098
1592099
1592100
1592101
1592102
1592103
1592104
1592105
1592106
1592107
1592108
1592109
1592110
1592111
1592112
1592113
1592114
1592115
1592116
1592117
1592118
1592119
1592120
1592121
1592122
1592123
1592124
1592125
1592126
1592127
1592128
1592129
1592130
1592131
1592132
1592133
1592134
1592135
1592136
1592137
1592138
1592139
1592140
1592141
1592142
1592143
1592144
1592145
1592146
1592147
1592148
1592149
1592150
1592151
1592152
1592153
1592154
1592155
1592156
1592157
1592158
1592159
1592160
1592161
1592162
1592163
1592164
1592165
1592166
1592167
1592168
1592169
1592170
1592171
1592172
1592173
1592174
1592175
1592176
1592177
1592178
1592179
1592180
1592181
1592182
1592183
1592184
1592185
1592186
1592187
1592188
1592189
1592190
1592191
1592192
1592193
1592194
1592195
1592196
1592197
1592198
1592199
1592200
1592201
1592202
1592203
1592204
1592205
1592206
1592207
1592208
1592209
1592210
1592211
1592212
1592213
1592214
1592215
1592216
1592217
1592218
1592219
1592220
1592221
1592222
1592223
1592224
1592225
1592226
1592227
1592228
1592229
1592230
1592231
1592232
1592233
1592234
1592235
1592236
1592237
1592238
1592239
1592240
1592241
1592242
1592243
1592244
1592245
1592246
1592247
1592248
1592249
1592250
1592251
1592252
1592253
1592254
1592255
1592256
1592257
1592258
1592259
1592260
1592261
1592262
1592263
1592264
1592265
1592266
1592267
1592268
1592269
1592270
1592271
1592272
1592273
1592274
1592275
1592276
1592277
1592278
1592279
1592280
1592281
1592282
1592283
1592284
1592285
1592286
1592287
1592288
1592289
1592290
1592291
1592292
1592293
1592294
1592295
1592296
1592297
1592298
1592299
1592300
1592301
1592302
1592303
1592304
1592305
1592306
1592307
1592308
1592309
1592310
1592311
1592312
1592313
1592314
1592315
1592316
1592317
1592318
1592319
1592320
1592321
1592322
1592323
1592324
1592325
1592326
1592327
1592328
1592329
1592330
1592331
1592332
1592333
1592334
1592335
1592336
1592337
1592338
1592339
1592340
1592341
1592342
1592343
1592344
1592345
1592346
1592347
1592348
1592349
1592350
1592351
1592352
1592353
1592354
1592355
1592356
1592357
1592358
1592359
1592360
1592361
1592362
1592363
1592364
1592365
1592366
1592367
1592368
1592369
1592370
1592371
1592372
1592373
1592374
1592375
1592376
1592377
1592378
1592379
1592380
1592381
1592382
1592383
1592384
1592385
1592386
1592387
1592388
1592389
1592390
1592391
1592392
1592393
1592394
1592395
1592396
1592397
1592398
1592399
1592400
1592401
1592402
1592403
1592404
1592405
1592406
1592407
1592408
1592409
1592410
1592411
1592412
1592413
1592414
1592415
1592416
1592417
1592418
1592419
1592420
1592421
1592422
1592423
1592424
1592425
1592426
1592427
1592428
1592429
1592430
1592431
1592432
1592433
1592434
1592435
1592436
1592437
1592438
1592439
1592440
1592441
1592442
1592443
1592444
1592445
1592446
1592447
1592448
1592449
1592450
1592451
1592452
1592453
1592454
1592455
1592456
1592457
1592458
1592459
1592460
1592461
1592462
1592463
1592464
1592465
1592466
1592467
1592468
1592469
1592470
1592471
1592472
1592473
1592474
1592475
1592476
1592477
1592478
1592479
1592480
1592481
1592482
1592483
1592484
1592485
1592486
1592487
1592488
1592489
1592490
1592491
1592492
1592493
1592494
1592495
1592496
1592497
1592498
1592499
1592500
1592501
1592502
1592503
1592504
1592505
1592506
1592507
1592508
1592509
1592510
1592511
1592512
1592513
1592514
1592515
1592516
1592517
1592518
1592519
1592520
1592521
1592522
1592523
1592524
1592525
1592526
1592527
1592528
1592529
1592530
1592531
1592532
1592533
1592534
1592535
1592536
1592537
1592538
1592539
1592540
1592541
1592542
1592543
1592544
1592545
1592546
1592547
1592548
1592549
1592550
1592551
1592552
1592553
1592554
1592555
1592556
1592557
1592558
1592559
1592560
1592561
1592562
1592563
1592564
1592565
1592566
1592567
1592568
1592569
1592570
1592571
1592572
1592573
1592574
1592575
1592576
1592577
1592578
1592579
1592580
1592581
1592582
1592583
1592584
1592585
1592586
1592587
1592588
1592589
1592590
1592591
1592592
1592593
1592594
1592595
1592596
1592597
1592598
1592599
1592600
1592601
1592602
1592603
1592604
1592605
1592606
1592607
1592608
1592609
1592610
1592611
1592612
1592613
1592614
1592615
1592616
1592617
1592618
1592619
1592620
1592621
1592622
1592623
1592624
1592625
1592626
1592627
1592628
1592629
1592630
1592631
1592632
1592633
1592634
1592635
1592636
1592637
1592638
1592639
1592640
1592641
1592642
1592643
1592644
1592645
1592646
1592647
1592648
1592649
1592650
1592651
1592652
1592653
1592654
1592655
1592656
1592657
1592658
1592659
1592660
1592661
1592662
1592663
1592664
1592665
1592666
1592667
1592668
1592669
1592670
1592671
1592672
1592673
1592674
1592675
1592676
1592677
1592678
1592679
1592680
1592681
1592682
1592683
1592684
1592685
1592686
1592687
1592688
1592689
1592690
1592691
1592692
1592693
1592694
1592695
1592696
1592697
1592698
1592699
1592700
1592701
1592702
1592703
1592704
1592705
1592706
1592707
1592708
1592709
1592710
1592711
1592712
1592713
1592714
1592715
1592716
1592717
1592718
1592719
1592720
1592721
1592722
1592723
1592724
1592725
1592726
1592727
1592728
1592729
1592730
1592731
1592732
1592733
1592734
1592735
1592736
1592737
1592738
1592739
1592740
1592741
1592742
1592743
1592744
1592745
1592746
1592747
1592748
1592749
1592750
1592751
1592752
1592753
1592754
1592755
1592756
1592757
1592758
1592759
1592760
1592761
1592762
1592763
1592764
1592765
1592766
1592767
1592768
1592769
1592770
1592771
1592772
1592773
1592774
1592775
1592776
1592777
1592778
1592779
1592780
1592781
1592782
1592783
1592784
1592785
1592786
1592787
1592788
1592789
1592790
1592791
1592792
1592793
1592794
1592795
1592796
1592797
1592798
1592799
1592800
1592801
1592802
1592803
1592804
1592805
1592806
1592807
1592808
1592809
1592810
1592811
1592812
1592813
1592814
1592815
1592816
1592817
1592818
1592819
1592820
1592821
1592822
1592823
1592824
1592825
1592826
1592827
1592828
1592829
1592830
1592831
1592832
1592833
1592834
1592835
1592836
1592837
1592838
1592839
1592840
1592841
1592842
1592843
1592844
1592845
1592846
1592847
1592848
1592849
1592850
1592851
1592852
1592853
1592854
1592855
1592856
1592857
1592858
1592859
1592860
1592861
1592862
1592863
1592864
1592865
1592866
1592867
1592868
1592869
1592870
1592871
1592872
1592873
1592874
1592875
1592876
1592877
1592878
1592879
1592880
1592881
1592882
1592883
1592884
1592885
1592886
1592887
1592888
1592889
1592890
1592891
1592892
1592893
1592894
1592895
1592896
1592897
1592898
1592899
1592900
1592901
1592902
1592903
1592904
1592905
1592906
1592907
1592908
1592909
1592910
1592911
1592912
1592913
1592914
1592915
1592916
1592917
1592918
1592919
1592920
1592921
1592922
1592923
1592924
1592925
1592926
1592927
1592928
1592929
1592930
1592931
1592932
1592933
1592934
1592935
1592936
1592937
1592938
1592939
1592940
1592941
1592942
1592943
1592944
1592945
1592946
1592947
1592948
1592949
1592950
1592951
1592952
1592953
1592954
1592955
1592956
1592957
1592958
1592959
1592960
1592961
1592962
1592963
1592964
1592965
1592966
1592967
1592968
1592969
1592970
1592971
1592972
1592973
1592974
1592975
1592976
1592977
1592978
1592979
1592980
1592981
1592982
1592983
1592984
1592985
1592986
1592987
1592988
1592989
1592990
1592991
1592992
1592993
1592994
1592995
1592996
1592997
1592998
1592999
1593000
1593001
1593002
1593003
1593004
1593005
1593006
1593007
1593008
1593009
1593010
1593011
1593012
1593013
1593014
1593015
1593016
1593017
1593018
1593019
1593020
1593021
1593022
1593023
1593024
1593025
1593026
1593027
1593028
1593029
1593030
1593031
1593032
1593033
1593034
1593035
1593036
1593037
1593038
1593039
1593040
1593041
1593042
1593043
1593044
1593045
1593046
1593047
1593048
1593049
1593050
1593051
1593052
1593053
1593054
1593055
1593056
1593057
1593058
1593059
1593060
1593061
1593062
1593063
1593064
1593065
1593066
1593067
1593068
1593069
1593070
1593071
1593072
1593073
1593074
1593075
1593076
1593077
1593078
1593079
1593080
1593081
1593082
1593083
1593084
1593085
1593086
1593087
1593088
1593089
1593090
1593091
1593092
1593093
1593094
1593095
1593096
1593097
1593098
1593099
1593100
1593101
1593102
1593103
1593104
1593105
1593106
1593107
1593108
1593109
1593110
1593111
1593112
1593113
1593114
1593115
1593116
1593117
1593118
1593119
1593120
1593121
1593122
1593123
1593124
1593125
1593126
1593127
1593128
1593129
1593130
1593131
1593132
1593133
1593134
1593135
1593136
1593137
1593138
1593139
1593140
1593141
1593142
1593143
1593144
1593145
1593146
1593147
1593148
1593149
1593150
1593151
1593152
1593153
1593154
1593155
1593156
1593157
1593158
1593159
1593160
1593161
1593162
1593163
1593164
1593165
1593166
1593167
1593168
1593169
1593170
1593171
1593172
1593173
1593174
1593175
1593176
1593177
1593178
1593179
1593180
1593181
1593182
1593183
1593184
1593185
1593186
1593187
1593188
1593189
1593190
1593191
1593192
1593193
1593194
1593195
1593196
1593197
1593198
1593199
1593200
1593201
1593202
1593203
1593204
1593205
1593206
1593207
1593208
1593209
1593210
1593211
1593212
1593213
1593214
1593215
1593216
1593217
1593218
1593219
1593220
1593221
1593222
1593223
1593224
1593225
1593226
1593227
1593228
1593229
1593230
1593231
1593232
1593233
1593234
1593235
1593236
1593237
1593238
1593239
1593240
1593241
1593242
1593243
1593244
1593245
1593246
1593247
1593248
1593249
1593250
1593251
1593252
1593253
1593254
1593255
1593256
1593257
1593258
1593259
1593260
1593261
1593262
1593263
1593264
1593265
1593266
1593267
1593268
1593269
1593270
1593271
1593272
1593273
1593274
1593275
1593276
1593277
1593278
1593279
1593280
1593281
1593282
1593283
1593284
1593285
1593286
1593287
1593288
1593289
1593290
1593291
1593292
1593293
1593294
1593295
1593296
1593297
1593298
1593299
1593300
1593301
1593302
1593303
1593304
1593305
1593306
1593307
1593308
1593309
1593310
1593311
1593312
1593313
1593314
1593315
1593316
1593317
1593318
1593319
1593320
1593321
1593322
1593323
1593324
1593325
1593326
1593327
1593328
1593329
1593330
1593331
1593332
1593333
1593334
1593335
1593336
1593337
1593338
1593339
1593340
1593341
1593342
1593343
1593344
1593345
1593346
1593347
1593348
1593349
1593350
1593351
1593352
1593353
1593354
1593355
1593356
1593357
1593358
1593359
1593360
1593361
1593362
1593363
1593364
1593365
1593366
1593367
1593368
1593369
1593370
1593371
1593372
1593373
1593374
1593375
1593376
1593377
1593378
1593379
1593380
1593381
1593382
1593383
1593384
1593385
1593386
1593387
1593388
1593389
1593390
1593391
1593392
1593393
1593394
1593395
1593396
1593397
1593398
1593399
1593400
1593401
1593402
1593403
1593404
1593405
1593406
1593407
1593408
1593409
1593410
1593411
1593412
1593413
1593414
1593415
1593416
1593417
1593418
1593419
1593420
1593421
1593422
1593423
1593424
1593425
1593426
1593427
1593428
1593429
1593430
1593431
1593432
1593433
1593434
1593435
1593436
1593437
1593438
1593439
1593440
1593441
1593442
1593443
1593444
1593445
1593446
1593447
1593448
1593449
1593450
1593451
1593452
1593453
1593454
1593455
1593456
1593457
1593458
1593459
1593460
1593461
1593462
1593463
1593464
1593465
1593466
1593467
1593468
1593469
1593470
1593471
1593472
1593473
1593474
1593475
1593476
1593477
1593478
1593479
1593480
1593481
1593482
1593483
1593484
1593485
1593486
1593487
1593488
1593489
1593490
1593491
1593492
1593493
1593494
1593495
1593496
1593497
1593498
1593499
1593500
1593501
1593502
1593503
1593504
1593505
1593506
1593507
1593508
1593509
1593510
1593511
1593512
1593513
1593514
1593515
1593516
1593517
1593518
1593519
1593520
1593521
1593522
1593523
1593524
1593525
1593526
1593527
1593528
1593529
1593530
1593531
1593532
1593533
1593534
1593535
1593536
1593537
1593538
1593539
1593540
1593541
1593542
1593543
1593544
1593545
1593546
1593547
1593548
1593549
1593550
1593551
1593552
1593553
1593554
1593555
1593556
1593557
1593558
1593559
1593560
1593561
1593562
1593563
1593564
1593565
1593566
1593567
1593568
1593569
1593570
1593571
1593572
1593573
1593574
1593575
1593576
1593577
1593578
1593579
1593580
1593581
1593582
1593583
1593584
1593585
1593586
1593587
1593588
1593589
1593590
1593591
1593592
1593593
1593594
1593595
1593596
1593597
1593598
1593599
1593600
1593601
1593602
1593603
1593604
1593605
1593606
1593607
1593608
1593609
1593610
1593611
1593612
1593613
1593614
1593615
1593616
1593617
1593618
1593619
1593620
1593621
1593622
1593623
1593624
1593625
1593626
1593627
1593628
1593629
1593630
1593631
1593632
1593633
1593634
1593635
1593636
1593637
1593638
1593639
1593640
1593641
1593642
1593643
1593644
1593645
1593646
1593647
1593648
1593649
1593650
1593651
1593652
1593653
1593654
1593655
1593656
1593657
1593658
1593659
1593660
1593661
1593662
1593663
1593664
1593665
1593666
1593667
1593668
1593669
1593670
1593671
1593672
1593673
1593674
1593675
1593676
1593677
1593678
1593679
1593680
1593681
1593682
1593683
1593684
1593685
1593686
1593687
1593688
1593689
1593690
1593691
1593692
1593693
1593694
1593695
1593696
1593697
1593698
1593699
1593700
1593701
1593702
1593703
1593704
1593705
1593706
1593707
1593708
1593709
1593710
1593711
1593712
1593713
1593714
1593715
1593716
1593717
1593718
1593719
1593720
1593721
1593722
1593723
1593724
1593725
1593726
1593727
1593728
1593729
1593730
1593731
1593732
1593733
1593734
1593735
1593736
1593737
1593738
1593739
1593740
1593741
1593742
1593743
1593744
1593745
1593746
1593747
1593748
1593749
1593750
1593751
1593752
1593753
1593754
1593755
1593756
1593757
1593758
1593759
1593760
1593761
1593762
1593763
1593764
1593765
1593766
1593767
1593768
1593769
1593770
1593771
1593772
1593773
1593774
1593775
1593776
1593777
1593778
1593779
1593780
1593781
1593782
1593783
1593784
1593785
1593786
1593787
1593788
1593789
1593790
1593791
1593792
1593793
1593794
1593795
1593796
1593797
1593798
1593799
1593800
1593801
1593802
1593803
1593804
1593805
1593806
1593807
1593808
1593809
1593810
1593811
1593812
1593813
1593814
1593815
1593816
1593817
1593818
1593819
1593820
1593821
1593822
1593823
1593824
1593825
1593826
1593827
1593828
1593829
1593830
1593831
1593832
1593833
1593834
1593835
1593836
1593837
1593838
1593839
1593840
1593841
1593842
1593843
1593844
1593845
1593846
1593847
1593848
1593849
1593850
1593851
1593852
1593853
1593854
1593855
1593856
1593857
1593858
1593859
1593860
1593861
1593862
1593863
1593864
1593865
1593866
1593867
1593868
1593869
1593870
1593871
1593872
1593873
1593874
1593875
1593876
1593877
1593878
1593879
1593880
1593881
1593882
1593883
1593884
1593885
1593886
1593887
1593888
1593889
1593890
1593891
1593892
1593893
1593894
1593895
1593896
1593897
1593898
1593899
1593900
1593901
1593902
1593903
1593904
1593905
1593906
1593907
1593908
1593909
1593910
1593911
1593912
1593913
1593914
1593915
1593916
1593917
1593918
1593919
1593920
1593921
1593922
1593923
1593924
1593925
1593926
1593927
1593928
1593929
1593930
1593931
1593932
1593933
1593934
1593935
1593936
1593937
1593938
1593939
1593940
1593941
1593942
1593943
1593944
1593945
1593946
1593947
1593948
1593949
1593950
1593951
1593952
1593953
1593954
1593955
1593956
1593957
1593958
1593959
1593960
1593961
1593962
1593963
1593964
1593965
1593966
1593967
1593968
1593969
1593970
1593971
1593972
1593973
1593974
1593975
1593976
1593977
1593978
1593979
1593980
1593981
1593982
1593983
1593984
1593985
1593986
1593987
1593988
1593989
1593990
1593991
1593992
1593993
1593994
1593995
1593996
1593997
1593998
1593999
1594000
1594001
1594002
1594003
1594004
1594005
1594006
1594007
1594008
1594009
1594010
1594011
1594012
1594013
1594014
1594015
1594016
1594017
1594018
1594019
1594020
1594021
1594022
1594023
1594024
1594025
1594026
1594027
1594028
1594029
1594030
1594031
1594032
1594033
1594034
1594035
1594036
1594037
1594038
1594039
1594040
1594041
1594042
1594043
1594044
1594045
1594046
1594047
1594048
1594049
1594050
1594051
1594052
1594053
1594054
1594055
1594056
1594057
1594058
1594059
1594060
1594061
1594062
1594063
1594064
1594065
1594066
1594067
1594068
1594069
1594070
1594071
1594072
1594073
1594074
1594075
1594076
1594077
1594078
1594079
1594080
1594081
1594082
1594083
1594084
1594085
1594086
1594087
1594088
1594089
1594090
1594091
1594092
1594093
1594094
1594095
1594096
1594097
1594098
1594099
1594100
1594101
1594102
1594103
1594104
1594105
1594106
1594107
1594108
1594109
1594110
1594111
1594112
1594113
1594114
1594115
1594116
1594117
1594118
1594119
1594120
1594121
1594122
1594123
1594124
1594125
1594126
1594127
1594128
1594129
1594130
1594131
1594132
1594133
1594134
1594135
1594136
1594137
1594138
1594139
1594140
1594141
1594142
1594143
1594144
1594145
1594146
1594147
1594148
1594149
1594150
1594151
1594152
1594153
1594154
1594155
1594156
1594157
1594158
1594159
1594160
1594161
1594162
1594163
1594164
1594165
1594166
1594167
1594168
1594169
1594170
1594171
1594172
1594173
1594174
1594175
1594176
1594177
1594178
1594179
1594180
1594181
1594182
1594183
1594184
1594185
1594186
1594187
1594188
1594189
1594190
1594191
1594192
1594193
1594194
1594195
1594196
1594197
1594198
1594199
1594200
1594201
1594202
1594203
1594204
1594205
1594206
1594207
1594208
1594209
1594210
1594211
1594212
1594213
1594214
1594215
1594216
1594217
1594218
1594219
1594220
1594221
1594222
1594223
1594224
1594225
1594226
1594227
1594228
1594229
1594230
1594231
1594232
1594233
1594234
1594235
1594236
1594237
1594238
1594239
1594240
1594241
1594242
1594243
1594244
1594245
1594246
1594247
1594248
1594249
1594250
1594251
1594252
1594253
1594254
1594255
1594256
1594257
1594258
1594259
1594260
1594261
1594262
1594263
1594264
1594265
1594266
1594267
1594268
1594269
1594270
1594271
1594272
1594273
1594274
1594275
1594276
1594277
1594278
1594279
1594280
1594281
1594282
1594283
1594284
1594285
1594286
1594287
1594288
1594289
1594290
1594291
1594292
1594293
1594294
1594295
1594296
1594297
1594298
1594299
1594300
1594301
1594302
1594303
1594304
1594305
1594306
1594307
1594308
1594309
1594310
1594311
1594312
1594313
1594314
1594315
1594316
1594317
1594318
1594319
1594320
1594321
1594322
1594323
1594324
1594325
1594326
1594327
1594328
1594329
1594330
1594331
1594332
1594333
1594334
1594335
1594336
1594337
1594338
1594339
1594340
1594341
1594342
1594343
1594344
1594345
1594346
1594347
1594348
1594349
1594350
1594351
1594352
1594353
1594354
1594355
1594356
1594357
1594358
1594359
1594360
1594361
1594362
1594363
1594364
1594365
1594366
1594367
1594368
1594369
1594370
1594371
1594372
1594373
1594374
1594375
1594376
1594377
1594378
1594379
1594380
1594381
1594382
1594383
1594384
1594385
1594386
1594387
1594388
1594389
1594390
1594391
1594392
1594393
1594394
1594395
1594396
1594397
1594398
1594399
1594400
1594401
1594402
1594403
1594404
1594405
1594406
1594407
1594408
1594409
1594410
1594411
1594412
1594413
1594414
1594415
1594416
1594417
1594418
1594419
1594420
1594421
1594422
1594423
1594424
1594425
1594426
1594427
1594428
1594429
1594430
1594431
1594432
1594433
1594434
1594435
1594436
1594437
1594438
1594439
1594440
1594441
1594442
1594443
1594444
1594445
1594446
1594447
1594448
1594449
1594450
1594451
1594452
1594453
1594454
1594455
1594456
1594457
1594458
1594459
1594460
1594461
1594462
1594463
1594464
1594465
1594466
1594467
1594468
1594469
1594470
1594471
1594472
1594473
1594474
1594475
1594476
1594477
1594478
1594479
1594480
1594481
1594482
1594483
1594484
1594485
1594486
1594487
1594488
1594489
1594490
1594491
1594492
1594493
1594494
1594495
1594496
1594497
1594498
1594499
1594500
1594501
1594502
1594503
1594504
1594505
1594506
1594507
1594508
1594509
1594510
1594511
1594512
1594513
1594514
1594515
1594516
1594517
1594518
1594519
1594520
1594521
1594522
1594523
1594524
1594525
1594526
1594527
1594528
1594529
1594530
1594531
1594532
1594533
1594534
1594535
1594536
1594537
1594538
1594539
1594540
1594541
1594542
1594543
1594544
1594545
1594546
1594547
1594548
1594549
1594550
1594551
1594552
1594553
1594554
1594555
1594556
1594557
1594558
1594559
1594560
1594561
1594562
1594563
1594564
1594565
1594566
1594567
1594568
1594569
1594570
1594571
1594572
1594573
1594574
1594575
1594576
1594577
1594578
1594579
1594580
1594581
1594582
1594583
1594584
1594585
1594586
1594587
1594588
1594589
1594590
1594591
1594592
1594593
1594594
1594595
1594596
1594597
1594598
1594599
1594600
1594601
1594602
1594603
1594604
1594605
1594606
1594607
1594608
1594609
1594610
1594611
1594612
1594613
1594614
1594615
1594616
1594617
1594618
1594619
1594620
1594621
1594622
1594623
1594624
1594625
1594626
1594627
1594628
1594629
1594630
1594631
1594632
1594633
1594634
1594635
1594636
1594637
1594638
1594639
1594640
1594641
1594642
1594643
1594644
1594645
1594646
1594647
1594648
1594649
1594650
1594651
1594652
1594653
1594654
1594655
1594656
1594657
1594658
1594659
1594660
1594661
1594662
1594663
1594664
1594665
1594666
1594667
1594668
1594669
1594670
1594671
1594672
1594673
1594674
1594675
1594676
1594677
1594678
1594679
1594680
1594681
1594682
1594683
1594684
1594685
1594686
1594687
1594688
1594689
1594690
1594691
1594692
1594693
1594694
1594695
1594696
1594697
1594698
1594699
1594700
1594701
1594702
1594703
1594704
1594705
1594706
1594707
1594708
1594709
1594710
1594711
1594712
1594713
1594714
1594715
1594716
1594717
1594718
1594719
1594720
1594721
1594722
1594723
1594724
1594725
1594726
1594727
1594728
1594729
1594730
1594731
1594732
1594733
1594734
1594735
1594736
1594737
1594738
1594739
1594740
1594741
1594742
1594743
1594744
1594745
1594746
1594747
1594748
1594749
1594750
1594751
1594752
1594753
1594754
1594755
1594756
1594757
1594758
1594759
1594760
1594761
1594762
1594763
1594764
1594765
1594766
1594767
1594768
1594769
1594770
1594771
1594772
1594773
1594774
1594775
1594776
1594777
1594778
1594779
1594780
1594781
1594782
1594783
1594784
1594785
1594786
1594787
1594788
1594789
1594790
1594791
1594792
1594793
1594794
1594795
1594796
1594797
1594798
1594799
1594800
1594801
1594802
1594803
1594804
1594805
1594806
1594807
1594808
1594809
1594810
1594811
1594812
1594813
1594814
1594815
1594816
1594817
1594818
1594819
1594820
1594821
1594822
1594823
1594824
1594825
1594826
1594827
1594828
1594829
1594830
1594831
1594832
1594833
1594834
1594835
1594836
1594837
1594838
1594839
1594840
1594841
1594842
1594843
1594844
1594845
1594846
1594847
1594848
1594849
1594850
1594851
1594852
1594853
1594854
1594855
1594856
1594857
1594858
1594859
1594860
1594861
1594862
1594863
1594864
1594865
1594866
1594867
1594868
1594869
1594870
1594871
1594872
1594873
1594874
1594875
1594876
1594877
1594878
1594879
1594880
1594881
1594882
1594883
1594884
1594885
1594886
1594887
1594888
1594889
1594890
1594891
1594892
1594893
1594894
1594895
1594896
1594897
1594898
1594899
1594900
1594901
1594902
1594903
1594904
1594905
1594906
1594907
1594908
1594909
1594910
1594911
1594912
1594913
1594914
1594915
1594916
1594917
1594918
1594919
1594920
1594921
1594922
1594923
1594924
1594925
1594926
1594927
1594928
1594929
1594930
1594931
1594932
1594933
1594934
1594935
1594936
1594937
1594938
1594939
1594940
1594941
1594942
1594943
1594944
1594945
1594946
1594947
1594948
1594949
1594950
1594951
1594952
1594953
1594954
1594955
1594956
1594957
1594958
1594959
1594960
1594961
1594962
1594963
1594964
1594965
1594966
1594967
1594968
1594969
1594970
1594971
1594972
1594973
1594974
1594975
1594976
1594977
1594978
1594979
1594980
1594981
1594982
1594983
1594984
1594985
1594986
1594987
1594988
1594989
1594990
1594991
1594992
1594993
1594994
1594995
1594996
1594997
1594998
1594999
1595000
1595001
1595002
1595003
1595004
1595005
1595006
1595007
1595008
1595009
1595010
1595011
1595012
1595013
1595014
1595015
1595016
1595017
1595018
1595019
1595020
1595021
1595022
1595023
1595024
1595025
1595026
1595027
1595028
1595029
1595030
1595031
1595032
1595033
1595034
1595035
1595036
1595037
1595038
1595039
1595040
1595041
1595042
1595043
1595044
1595045
1595046
1595047
1595048
1595049
1595050
1595051
1595052
1595053
1595054
1595055
1595056
1595057
1595058
1595059
1595060
1595061
1595062
1595063
1595064
1595065
1595066
1595067
1595068
1595069
1595070
1595071
1595072
1595073
1595074
1595075
1595076
1595077
1595078
1595079
1595080
1595081
1595082
1595083
1595084
1595085
1595086
1595087
1595088
1595089
1595090
1595091
1595092
1595093
1595094
1595095
1595096
1595097
1595098
1595099
1595100
1595101
1595102
1595103
1595104
1595105
1595106
1595107
1595108
1595109
1595110
1595111
1595112
1595113
1595114
1595115
1595116
1595117
1595118
1595119
1595120
1595121
1595122
1595123
1595124
1595125
1595126
1595127
1595128
1595129
1595130
1595131
1595132
1595133
1595134
1595135
1595136
1595137
1595138
1595139
1595140
1595141
1595142
1595143
1595144
1595145
1595146
1595147
1595148
1595149
1595150
1595151
1595152
1595153
1595154
1595155
1595156
1595157
1595158
1595159
1595160
1595161
1595162
1595163
1595164
1595165
1595166
1595167
1595168
1595169
1595170
1595171
1595172
1595173
1595174
1595175
1595176
1595177
1595178
1595179
1595180
1595181
1595182
1595183
1595184
1595185
1595186
1595187
1595188
1595189
1595190
1595191
1595192
1595193
1595194
1595195
1595196
1595197
1595198
1595199
1595200
1614880
1614881
1614882
1614883
1614884
1614885
1614886
1614887
1614888
1614889
1614890
1614891
1614892
1614893
1614894
1614895
1614896
1614897
1614898
1614899
1614900
1614930
1614931
1614932
1614933
1614934
1614935
1614936
1614937
1614938
1614939
1614940
1614941
1614942
1614943
1614944
1614945
1614946
1614947
1614948
1614949
1614950
1614979
1614980
1614981
1614982
1614983
1614984
1614985
1614986
1614987
1614988
1614989
1614990
1614991
1614992
1614993
1614994
1614995
1614996
1614997
1614998
1614999
1615000
1615029
1615030
1615031
1615032
1615033
1615034
1615035
1615036
1615037
1615038
1615039
1615040
1615041
1615042
1615043
1615044
1615045
1615046
1615047
1615048
1615049
1615050
1615079
1615080
1615081
1615082
1615083
1615084
1615085
1615086
1615087
1615088
1615089
1615090
1615091
1615092
1615093
1615094
1615095
1615096
1615097
1615098
1615099
1615100
1615129
1615130
1615131
1615132
1615133
1615134
1615135
1615136
1615137
1615138
1615139
1615140
1615141
1615142
1615143
1615144
1615145
1615146
1615147
1615148
1615149
1615150
1615179
1615180
1615181
1615182
1615183
1615184
1615185
1615186
1615187
1615188
1615189
1615190
1615191
1615192
1615193
1615194
1615195
1615196
1615197
1615198
1615199
1615200
1615229
1615230
1615231
1615232
1615233
1615234
1615235
1615236
1615237
1615238
1615239
1615240
1615241
1615242
1615243
1615244
1615245
1615246
1615247
1615248
1615249
1615250
1615279
1615280
1615281
1615282
1615283
1615284
1615285
1615286
1615287
1615288
1615289
1615290
1615291
1615292
1615293
1615294
1615295
1615296
1615297
1615298
1615299
1615300
1615329
1615330
1615331
1615332
1615333
1615334
1615335
1615336
1615337
1615338
1615339
1615340
1615341
1615342
1615343
1615344
1615345
1615346
1615347
1615348
1615349
1615350
1615378
1615379
1615380
1615381
1615382
1615383
1615384
1615385
1615386
1615387
1615388
1615389
1615390
1615391
1615392
1615393
1615394
1615395
1615396
1615397
1615398
1615399
1615400
1615428
1615429
1615430
1615431
1615432
1615433
1615434
1615435
1615436
1615437
1615438
1615439
1615440
1615441
1615442
1615443
1615444
1615445
1615446
1615447
1615448
1615449
1615450
1615478
1615479
1615480
1615481
1615482
1615483
1615484
1615485
1615486
1615487
1615488
1615489
1615490
1615491
1615492
1615493
1615494
1615495
1615496
1615497
1615498
1615499
1615500
1615528
1615529
1615530
1615531
1615532
1615533
1615534
1615535
1615536
1615537
1615538
1615539
1615540
1615541
1615542
1615543
1615544
1615545
1615546
1615547
1615548
1615549
1615550
1615578
1615579
1615580
1615581
1615582
1615583
1615584
1615585
1615586
1615587
1615588
1615589
1615590
1615591
1615592
1615593
1615594
1615595
1615596
1615597
1615598
1615599
1615600
1615628
1615629
1615630
1615631
1615632
1615633
1615634
1615635
1615636
1615637
1615638
1615639
1615640
1615641
1615642
1615643
1615644
1615645
1615646
1615647
1615648
1615649
1615650
1615678
1615679
1615680
1615681
1615682
1615683
1615684
1615685
1615686
1615687
1615688
1615689
1615690
1615691
1615692
1615693
1615694
1615695
1615696
1615697
1615698
1615699
1615700
1615728
1615729
1615730
1615731
1615732
1615733
1615734
1615735
1615736
1615737
1615738
1615739
1615740
1615741
1615742
1615743
1615744
1615745
1615746
1615747
1615748
1615749
1615750
1615778
1615779
1615780
1615781
1615782
1615783
1615784
1615785
1615786
1615787
1615788
1615789
1615790
1615791
1615792
1615793
1615794
1615795
1615796
1615797
1615798
1615799
1615800
1615828
1615829
1615830
1615831
1615832
1615833
1615834
1615835
1615836
1615837
1615838
1615839
1615840
1615841
1615842
1615843
1615844
1615845
1615846
1615847
1615848
1615849
1615850
1615878
1615879
1615880
1615881
1615882
1615883
1615884
1615885
1615886
1615887
1615888
1615889
1615890
1615891
1615892
1615893
1615894
1615895
1615896
1615897
1615898
1615899
1615900
1615928
1615929
1615930
1615931
1615932
1615933
1615934
1615935
1615936
1615937
1615938
1615939
1615940
1615941
1615942
1615943
1615944
1615945
1615946
1615947
1615948
1615949
1615950
1615978
1615979
1615980
1615981
1615982
1615983
1615984
1615985
1615986
1615987
1615988
1615989
1615990
1615991
1615992
1615993
1615994
1615995
1615996
1615997
1615998
1615999
1616000
1616028
1616029
1616030
1616031
1616032
1616033
1616034
1616035
1616036
1616037
1616038
1616039
1616040
1616041
1616042
1616043
1616044
1616045
1616046
1616047
1616048
1616049
1616050
1616078
1616079
1616080
1616081
1616082
1616083
1616084
1616085
1616086
1616087
1616088
1616089
1616090
1616091
1616092
1616093
1616094
1616095
1616096
1616097
1616098
1616099
1616100
1616128
1616129
1616130
1616131
1616132
1616133
1616134
1616135
1616136
1616137
1616138
1616139
1616140
1616141
1616142
1616143
1616144
1616145
1616146
1616147
1616148
1616149
1616150
1616178
1616179
1616180
1616181
1616182
1616183
1616184
1616185
1616186
1616187
1616188
1616189
1616190
1616191
1616192
1616193
1616194
1616195
1616196
1616197
1616198
1616199
1616200
1616228
1616229
1616230
1616231
1616232
1616233
1616234
1616235
1616236
1616237
1616238
1616239
1616240
1616241
1616242
1616243
1616244
1616245
1616246
1616247
1616248
1616249
1616250
1616278
1616279
1616280
1616281
1616282
1616283
1616284
1616285
1616286
1616287
1616288
1616289
1616290
1616291
1616292
1616293
1616294
1616295
1616296
1616297
1616298
1616299
1616300
1616328
1616329
1616330
1616331
1616332
1616333
1616334
1616335
1616336
1616337
1616338
1616339
1616340
1616341
1616342
1616343
1616344
1616345
1616346
1616347
1616348
1616349
1616350
1616378
1616379
1616380
1616381
1616382
1616383
1616384
1616385
1616386
1616387
1616388
1616389
1616390
1616391
1616392
1616393
1616394
1616395
1616396
1616397
1616398
1616399
1616400
1616428
1616429
1616430
1616431
1616432
1616433
1616434
1616435
1616436
1616437
1616438
1616439
1616440
1616441
1616442
1616443
1616444
1616445
1616446
1616447
1616448
1616449
1616450
1616478
1616479
1616480
1616481
1616482
1616483
1616484
1616485
1616486
1616487
1616488
1616489
1616490
1616491
1616492
1616493
1616494
1616495
1616496
1616497
1616498
1616499
1616500
1616528
1616529
1616530
1616531
1616532
1616533
1616534
1616535
1616536
1616537
1616538
1616539
1616540
1616541
1616542
1616543
1616544
1616545
1616546
1616547
1616548
1616549
1616550
1616578
1616579
1616580
1616581
1616582
1616583
1616584
1616585
1616586
1616587
1616588
1616589
1616590
1616591
1616592
1616593
1616594
1616595
1616596
1616597
1616598
1616599
1616600
1616628
1616629
1616630
1616631
1616632
1616633
1616634
1616635
1616636
1616637
1616638
1616639
1616640
1616641
1616642
1616643
1616644
1616645
1616646
1616647
1616648
1616649
1616650
1616678
1616679
1616680
1616681
1616682
1616683
1616684
1616685
1616686
1616687
1616688
1616689
1616690
1616691
1616692
1616693
1616694
1616695
1616696
1616697
1616698
1616699
1616700
1616728
1616729
1616730
1616731
1616732
1616733
1616734
1616735
1616736
1616737
1616738
1616739
1616740
1616741
1616742
1616743
1616744
1616745
1616746
1616747
1616748
1616749
1616750
1616778
1616779
1616780
1616781
1616782
1616783
1616784
1616785
1616786
1616787
1616788
1616789
1616790
1616791
1616792
1616793
1616794
1616795
1616796
1616797
1616798
1616799
1616800
1616828
1616829
1616830
1616831
1616832
1616833
1616834
1616835
1616836
1616837
1616838
1616839
1616840
1616841
1616842
1616843
1616844
1616845
1616846
1616847
1616848
1616849
1616850
1621400
1621784
1621785
1621786
1621787
1621788
1621789
1621790
1621791
1621792
1621793
1621794
1621795
1621796
1621797
1621798
1621799
1621800
1622751
1622752
1622776
1622777
1622778
1622779
1622780
1622781
1622782
1622783
1622784
1622785
1622786
1622787
1622788
1622789
1622790
1622791
1622792
1622793
1622794
1622795
1622796
1622797
1622798
1622799
1622800
1622801
1622802
1622803
1622804
1622805
1622806
1622807
1622808
1622809
1622810
1622811
1622812
1622813
1622814
1622815
1622816
1622817
1622818
1622819
1622820
1622821
1622822
1622823
1622824
1622825
1622826
1622827
1622828
1622829
1622830
1622831
1622832
1622833
1622834
1622835
1622836
1622837
1622838
1622839
1622840
1622841
1622842
1622843
1622844
1622845
1622846
1622847
1622848
1622849
1622850
1622851
1622852
1622853
1622854
1622855
1622856
1622857
1622858
1622859
1622860
1622861
1622862
1622863
1622864
1622865
1622866
1622867
1622868
1622869
1622870
1622871
1622872
1622873
1622874
1622875
1622876
1622877
1622878
1622879
1622880
1622881
1622882
1622883
1622884
1622885
1622886
1622887
1622888
1622889
1622890
1622891
1622892
1622893
1622894
1622895
1622896
1622897
1622898
1622899
1622900
1622901
1622902
1622903
1622904
1622905
1622906
1622907
1622908
1622909
1622910
1622911
1622912
1622913
1622914
1622915
1622916
1622917
1622918
1622919
1622920
1622921
1622922
1622923
1622924
1622925
1622926
1622927
1622928
1622929
1622930
1622931
1622932
1622933
1622934
1622935
1622936
1622937
1622938
1622939
1622940
1622941
1622942
1622943
1622944
1622945
1622946
1622947
1622948
1622949
1622950
1622951
1622952
1622953
1622954
1622955
1622956
1622957
1622958
1622959
1622960
1622961
1622962
1622963
1622964
1622965
1622966
1622967
1622968
1622969
1622970
1622971
1622972
1622973
1622974
1622975
1622976
1622977
1622978
1622979
1622980
1622981
1622982
1622983
1622984
1622985
1622986
1622987
1622988
1622989
1622990
1622991
1622992
1622993
1622994
1622995
1622996
1622997
1622998
1622999
1623000
1623001
1623002
1623003
1623004
1623005
1623006
1623007
1623008
1623009
1623010
1623011
1623012
1623013
1623014
1623015
1623016
1623017
1623018
1623019
1623020
1623021
1623022
1623023
1623024
1623025
1623026
1623027
1623028
1623029
1623030
1623031
1623032
1623033
1623034
1623035
1623036
1623037
1623038
1623039
1623040
1623041
1623042
1623043
1623044
1623045
1623046
1623047
1623048
1623049
1623050
1623051
1623052
1623053
1623054
1623055
1623056
1623057
1623058
1623059
1623060
1623061
1623062
1623063
1623064
1623065
1623066
1623067
1623068
1623069
1623070
1623071
1623072
1623073
1623074
1623075
1623076
1623077
1623078
1623079
1623080
1623081
1623082
1623083
1623084
1623085
1623086
1623087
1623088
1623089
1623090
1623091
1623092
1623093
1623094
1623095
1623096
1623097
1623098
1623099
1623100
1623101
1623102
1623103
1623104
1623105
1623106
1623107
1623108
1623109
1623110
1623111
1623112
1623113
1623114
1623115
1623116
1623117
1623118
1623119
1623120
1623121
1623122
1623123
1623124
1623125
1623126
1623127
1623128
1623129
1623130
1623131
1623132
1623133
1623134
1623135
1623136
1623137
1623138
1623139
1623140
1623141
1623142
1623143
1623144
1623145
1623146
1623147
1623148
1623149
1623150
1623151
1623152
1623153
1623154
1623155
1623156
1623157
1623158
1623159
1623160
1623161
1623162
1623163
1623164
1623165
1623166
1623167
1623168
1623169
1623170
1623171
1623172
1623173
1623174
1623175
1623176
1623177
1623178
1623179
1623180
1623181
1623182
1623183
1623184
1623185
1623186
1623187
1623188
1623189
1623190
1623191
1623192
1623193
1623194
1623195
1623196
1623197
1623198
1623199
1623200
1623201
1623202
1623203
1623204
1623205
1623206
1623207
1623208
1623209
1623210
1623211
1623212
1623213
1623214
1623215
1623216
1623217
1623218
1623219
1623220
1623221
1623222
1623223
1623224
1623225
1623226
1623227
1623228
1623229
1623230
1623231
1623232
1623233
1623234
1623235
1623236
1623237
1623238
1623239
1623240
1623241
1623242
1623243
1623244
1623245
1623246
1623247
1623248
1623249
1623250
1623251
1623252
1623253
1623254
1623255
1623256
1623257
1623258
1623259
1623260
1623261
1623262
1623263
1623264
1623265
1623266
1623267
1623268
1623269
1623270
1623271
1623272
1623273
1623274
1623275
1623276
1623277
1623278
1623279
1623280
1623281
1623282
1623283
1623284
1623285
1623286
1623287
1623288
1623289
1623290
1623291
1623292
1623293
1623294
1623295
1623296
1623297
1623298
1623299
1623300
1623301
1623302
1623303
1623304
1623305
1623306
1623307
1623308
1623309
1623310
1623311
1623312
1623313
1623314
1623315
1623316
1623317
1623318
1623319
1623320
1623321
1623322
1623323
1623324
1623325
1623326
1623327
1623328
1623329
1623330
1623331
1623332
1623333
1623334
1623335
1623336
1623337
1623338
1623339
1623340
1623341
1623342
1623343
1623344
1623345
1623346
1623347
1623348
1623349
1623350
1623351
1623352
1623353
1623354
1623355
1623356
1623357
1623358
1623359
1623360
1623361
1623362
1623363
1623364
1623365
1623366
1623367
1623368
1623369
1623370
1623371
1623372
1623373
1623374
1623375
1623376
1623377
1623378
1623379
1623380
1623381
1623382
1623383
1623384
1623385
1623386
1623387
1623388
1623389
1623390
1623391
1623392
1623393
1623394
1623395
1623396
1623397
1623398
1623399
1623400
1623401
1623402
1623403
1623404
1623405
1623406
1623407
1623408
1623409
1623410
1623411
1623412
1623413
1623414
1623415
1623416
1623417
1623418
1623419
1623420
1623421
1623422
1623423
1623424
1623425
1623426
1623427
1623428
1623429
1623430
1623431
1623432
1623433
1623434
1623435
1623436
1623437
1623438
1623439
1623440
1623441
1623442
1623443
1623444
1623445
1623446
1623447
1623448
1623449
1623450
1623451
1623452
1623453
1623454
1623455
1623456
1623457
1623458
1623459
1623460
1623461
1623462
1623463
1623464
1623465
1623466
1623467
1623468
1623469
1623470
1623471
1623472
1623473
1623474
1623475
1623476
1623477
1623478
1623479
1623480
1623481
1623482
1623483
1623484
1623485
1623486
1623487
1623488
1623489
1623490
1623491
1623492
1623493
1623494
1623495
1623496
1623497
1623498
1623499
1623500
1623501
1623502
1623503
1623504
1623505
1623506
1623507
1623508
1623509
1623510
1623511
1623512
1623513
1623514
1623515
1623516
1623517
1623518
1623519
1623520
1623521
1623522
1623523
1623524
1623525
1623526
1623527
1623528
1623529
1623530
1623531
1623532
1623533
1623534
1623535
1623536
1623537
1623538
1623539
1623540
1623541
1623542
1623543
1623544
1623545
1623546
1623547
1623548
1623549
1623550
1623551
1623552
1623553
1623554
1623555
1623556
1623557
1623558
1623559
1623560
1623561
1623562
1623563
1623564
1623565
1623566
1623567
1623568
1623569
1623570
1623571
1623572
1623573
1623574
1623575
1623576
1623577
1623578
1623579
1623580
1623581
1623582
1623583
1623584
1623585
1623586
1623587
1623588
1623589
1623590
1623591
1623592
1623593
1623594
1623595
1623596
1623597
1623598
1623599
1623600
1623601
1623602
1623603
1623604
1623605
1623606
1623607
1623608
1623609
1623610
1623611
1623612
1623613
1623614
1623615
1623616
1623617
1623618
1623619
1623620
1623621
1623622
1623623
1623624
1623625
1623626
1623627
1623628
1623629
1623630
1623631
1623632
1623633
1623634
1623635
1623636
1623637
1623638
1623639
1623640
1623641
1623642
1623643
1623644
1623645
1623646
1623647
1623648
1623649
1623650
1623651
1623652
1623653
1623654
1623655
1623656
1623657
1623658
1623659
1623660
1623661
1623662
1623663
1623664
1623665
1623666
1623667
1623668
1623669
1623670
1623671
1623672
1623673
1623674
1623675
1623676
1623677
1623678
1623679
1623680
1623681
1623682
1623683
1623684
1623685
1623686
1623687
1623688
1623689
1623690
1623691
1623692
1623693
1623694
1623695
1623696
1623697
1623698
1623699
1623700
1623701
1623702
1623703
1623704
1623705
1623706
1623707
1623708
1623709
1623710
1623711
1623712
1623713
1623714
1623715
1623716
1623717
1623718
1623719
1623720
1623721
1623722
1623723
1623724
1623725
1623726
1623727
1623728
1623729
1623730
1623731
1623732
1623733
1623734
1623735
1623736
1623737
1623738
1623739
1623740
1623741
1623742
1623743
1623744
1623745
1623746
1623747
1623748
1623749
1623750
1623751
1623752
1623753
1623754
1623755
1623756
1623757
1623758
1623759
1623760
1623761
1623762
1623763
1623764
1623765
1623766
1623767
1623768
1623769
1623770
1623771
1623772
1623773
1623774
1623775
1625551
1625552
1625553
1625554
1625555
1625556
1625557
1625558
1625559
1625560
1625561
1625562
1625563
1625564
1625565
1625566
1625567
1625568
1625569
1625570
1625571
1625572
1625573
1625574
1625575
1625576
1625577
1625578
1625579
1625580
1625581
1625582
1625583
1625584
1625585
1625586
1625587
1625588
1625589
1625590
1625591
1625592
1625593
1625594
1625595
1625596
1625597
1625598
1625599
1625600
1625601
1625602
1625603
1625604
1625605
1625606
1625607
1625608
1625609
1625610
1625611
1625612
1625613
1625614
1625615
1625616
1625617
1625618
1625619
1625620
1625621
1625622
1625623
1625624
1625625
1625626
1625627
1625628
1625629
1625630
1625631
1625632
1625633
1625634
1625635
1625636
1625637
1625638
1625639
1625640
1625641
1625642
1625643
1625644
1625645
1625646
1625647
1625648
1625649
1625650
1625651
1625652
1625653
1625654
1625655
1625656
1625657
1625658
1625659
1625660
1625661
1625662
1625663
1625664
1625665
1625666
1625667
1625668
1625669
1625670
1625671
1625672
1625673
1625674
1625675
1625676
1625677
1625678
1625679
1625680
1625681
1625682
1625683
1625684
1625685
1625686
1625687
1625688
1625689
1625690
1625691
1625692
1625693
1625694
1625695
1625696
1625697
1625698
1625699
1625700
1625701
1625702
1625703
1625704
1625705
1625706
1625707
1625708
1625709
1625710
1625711
1625712
1625713
1625714
1625715
1625716
1625717
1625718
1625719
1625720
1625721
1625722
1625723
1625724
1625725
1625726
1625727
1625728
1625729
1625730
1625731
1625732
1625733
1625734
1625735
1625736
1625737
1625738
1625739
1625740
1625741
1625742
1625743
1625744
1625745
1625746
1625747
1625748
1625749
1625750
1625751
1625752
1625753
1625754
1625755
1625756
1625757
1625758
1625759
1625760
1625761
1625762
1625763
1625764
1625765
1625766
1625767
1625768
1625769
1625770
1625771
1625772
1625773
1625774
1625775
1625776
1625777
1625778
1625779
1625780
1625781
1625782
1625783
1625784
1625785
1625786
1625787
1625788
1625789
1625790
1625791
1625792
1625793
1625794
1625795
1625796
1625797
1625798
1625799
1625800
1625801
1625802
1625803
1625804
1625805
1625806
1625807
1625808
1625809
1625810
1625811
1625812
1625813
1625814
1625815
1625816
1625817
1625818
1625819
1625820
1625821
1625822
1625823
1625824
1625825
1625826
1625827
1625828
1625829
1625830
1625832
1625833
1625834
1625835
1625836
1625837
1625838
1625839
1625840
1625844
1625845
1625846
1625847
1625848
1625849
1626575
1626600
1626625
1626650
1626675
1626700
1626725
1626750
1626775
1626800
1626825
1626850
1626875
1626900
1626925
1626950
1626975
1627000
1627025
1627050
1627075
1627100
1627125
1627150
1627175
1627200
1627225
1629075
1629100
1629125
1629150
1629175
1629200
1629225
1629250
1629275
1629300
1629301
1629302
1629303
1629304
1629305
1629306
1629307
1629308
1629309
1629310
1629311
1629312
1629313
1629314
1629315
1629316
1629317
1629318
1629319
1629320
1629321
1629322
1629323
1629324
1629325
1629326
1629327
1629328
1629329
1629330
1629331
1629332
1629333
1629334
1629335
1629336
1629337
1629338
1629339
1629340
1629341
1629342
1629343
1629344
1629345
1629346
1629347
1629348
1629349
1629350
1629351
1629352
1629353
1629354
1629355
1629356
1629357
1629358
1629359
1629360
1629361
1629362
1629363
1629364
1629365
1629366
1629367
1629368
1629369
1629370
1629371
1629372
1629373
1629374
1629375
1629376
1629377
1629378
1629379
1629380
1629381
1629382
1629383
1629384
1629385
1629386
1629387
1629388
1629389
1629390
1629391
1629392
1629393
1629394
1629395
1629396
1629397
1629398
1629399
1629400
829592
829593
829959
830258
830557
830856
831155
831454
831753
832052
832351
832636
832639
832642
832645
832648
832650
832651
837067
837068
837434
837733
838032
838331
838630
838929
839228
839527
839826
840111
840114
840117
840120
840123
840125
840126
844542
844543
844544
844909
845208
845507
845806
846105
846404
846703
847002
847301
847586
847589
847592
847595
847598
847600
847601
-847886
-848185
852013
-852020
852384
852683
852982
853281
853580
853879
854178
854477
854776
855064
855067
855070
855073
855075
855076
855359
-855364
-855367
-855370
-855373
-855376
855658
855659
-855663
-855666
-855669
-855672
-855675
-855959
-855962
-855965
-855968
-855971
-855974
-856258
-856261
-856264
-856267
-856270
-856273
-856557
-856560
-856563
-856566
-856569
-856572
-856856
-856859
-856862
-856865
-856868
-856871
-857155
-857158
-857161
-857164
-857167
-857170
-857454
-857457
-857460
-857463
-857466
-857469
-857753
-857756
-857759
-857762
-857765
-857768
-858052
-858055
-858058
-858061
-858064
-858067
-858351
-858354
-858357
-858360
-858363
-858366
-858650
-858653
-858656
-858659
-858662
-858665
-858949
-858952
-858955
-858958
-858961
-858964
-859224
-859226
-859228
-859230
-859232
-859234
859488
-859495
859859
860158
860457
860756
861055
861354
861653
861952
862251
862550
862849
863148
863447
863746
864045
864344
864643
864942
865241
865540
865839
866138
866437
866708
866963
-866970
867334
867633
867932
868231
868530
868829
869128
869427
869726
870025
870324
870623
870922
871221
871520
871819
872118
872417
872716
873015
873314
873613
873912
874183
874438
-874445
874809
875108
875407
875706
876005
876304
876603
876902
877201
877500
877799
878098
878397
878696
878995
879294
879593
879892
880191
880490
880789
881088
881387
881658
881913
-881920
882284
882583
882882
883181
883480
883779
884078
884377
884676
884975
885274
885573
885872
886171
886470
886769
887068
887367
887666
887965
888264
888563
888862
889133
889388
-889395
889759
890058
890357
890656
890955
891254
891553
891852
892151
892450
892749
893048
893347
893646
893945
894244
894543
894842
895141
895440
895739
896038
896337
896608
896863
-896870
897234
897533
897832
898131
898430
898729
899028
899327
899626
899925
900224
900523
900822
901121
901420
901719
902018
902317
902616
902915
903214
903513
903812
904083
904338
-904345
904709
905008
905307
905606
905905
906204
906503
906802
907101
907400
907699
907998
908297
908596
908895
909194
909493
909792
910091
910390
910689
910988
911287
911558
911813
-911820
912184
912483
912782
913081
913380
913679
913978
914277
914576
914875
915174
915473
915772
916071
916370
916669
916968
917267
917566
917865
918164
918463
918762
919033
919288
-919295
919659
919958
920257
920556
920855
921154
921453
921752
922051
922350
922649
922948
923247
923546
923845
924144
924443
924742
925041
925340
925639
925938
926237
926508
926763
-926770
927134
927433
927732
928031
928330
928629
928928
929227
929526
929825
930124
930423
930722
931021
931320
931619
931918
932217
932516
932815
933114
933413
933712
933983
934238
-934245
934609
934908
935207
935506
935805
936104
936403
936702
937001
937300
937599
937898
938197
938496
938795
939094
939393
939692
939991
940290
940589
940888
941187
941458
941713
-941720
942084
942383
942682
942981
943280
943579
943878
944177
944476
944775
945074
945373
945672
945971
946270
946569
946868
947167
947466
947765
948064
948363
948662
948933
949188
949559
949858
950157
950456
950755
951054
951353
951652
951951
952250
952549
952848
953147
953446
953745
954044
954343
954642
954941
955240
955539
955838
956137
956408
956663
957034
957333
957632
957931
958230
958529
958828
959127
959426
959725
960024
960323
960622
960921
961220
961519
961818
962117
962416
962715
963014
963313
963612
963883
964138
964509
964808
965107
965406
965705
966004
966303
966602
966901
967200
967499
967798
968097
968396
968695
968994
969293
969592
969891
970190
970489
970788
971087
971358
971613
971984
972283
972582
972881
973180
973479
973778
974077
974376
974675
974974
975273
975572
975871
976170
976469
976768
977067
977366
977665
977964
978263
978562
978833
979088
979459
979758
980057
980356
980655
980954
981253
981552
981851
982150
982449
982748
983047
983346
983645
983944
984243
984542
984841
985140
985439
985738
986037
986308
986563
986934
987233
987532
987831
988130
988429
988728
989027
989326
989625
989924
990223
990522
990821
991120
991419
991718
992017
992316
992615
992914
993213
993512
993783
994038
994409
994708
995007
995306
995605
995904
996203
996502
996801
997100
997399
997698
997997
998296
998595
998894
999193
999492
999791
1000090
1000389
1000688
1000987
1001258
1001513
1001884
1002183
1002482
1002781
1003080
1003379
1003678
1003977
1004276
1004575
1004874
1005173
1005472
1005771
1006070
1006369
1006668
1006967
1007266
1007565
1007864
1008163
1008462
1008733
1008988
1009359
1009658
1009957
1010256
1010555
1010854
1011153
1011452
1011751
1012050
1012349
1012648
1012947
1013246
1013545
1013844
1014143
1014442
1014741
1015040
1015339
1015638
1015937
1016208
1016463
1016834
1017133
1017432
1017731
1018030
1018329
1018628
1018927
1019226
1019525
1019824
1020123
1020422
1020721
1021020
1021319
1021618
1021917
1022216
1022515
1022814
1023113
1023412
1023683
1023910
1024181
1024380
1024579
1024778
1024977
1025176
1025375
1025574
1025773
1025972
1026171
1026370
1026569
1026768
1026967
1027166
1027365
1027564
1027763
1027962
1028161
1028360
1028559
1028730
1096789
1097089
1097389
1097660
1099789
1100089
1100389
1100660
1102789
1103089
1103389
1103660
1105789
1106089
1106389
1106660
1108789
1109089
1109389
1109660
1111789
1112089
1112389
1112660
1114789
1115089
1115389
1115660
1117789
1118089
1118389
1118660
1120789
1121089
1121389
1121660
1123789
1124089
1124389
1124660
1126789
1127089
1127389
1127660
1129789
1130089
1130389
1130660
1132789
1133089
1133389
1133660
1135789
1136089
1136389
1136660
1138789
1139089
1139389
1139660
1141789
1142089
1142389
1142660
1144789
1145089
1145389
1145660
1145661
1147789
1148089
1148389
1148390
1148658
1150789
1151089
1151389
1151390
1151658
1153789
1154089
1154389
1154390
1154658
1156789
1157089
1157389
1157390
1157658
1159789
1160089
1160389
1160390
1160658
1162789
1163089
1163389
1163390
1163658
1165789
1166089
1166389
1166390
1166658
1168789
1169089
1169389
1169390
1169658
1171789
1172089
1172389
1172390
1172658
1174789
1175089
1175389
1175390
1175658
1177160
1177360
1177560
1177561
1177730
-814612
-814616
-814620
-814624
-814628
-814990
-814993
-814996
822098
822101
822102
-822107
-822108
-822111
-822112
-822115
-822116
-822119
-822120
822464
822467
822469
822470
-822474
-822477
-822480
-822483
-822486
-822764
-822767
-822770
-822773
-822776
-822779
-822782
-822785
-823063
-823066
-823069
-823072
-823075
-823078
-823081
-823084
-823362
-823365
-823368
-823371
-823374
-823377
-823380
-823383
-823661
-823664
-823667
-823670
-823673
-823676
-823679
-823682
-823960
-823963
-823966
-823969
-823972
-823975
-823978
-823981
-824259
-824262
-824265
-824268
-824271
-824274
-824277
-824280
-824558
-824561
-824564
-824567
-824570
-824573
-824576
-824579
-824857
-824860
-824863
-824866
-824869
-824872
-824875
-824878
-825156
-825159
-825162
-825165
-825168
-825171
-825174
-825177
-1093167
-1093170
-1093173
-1093176
-1093179
-1093182
-1093185
-1093467
-1093470
-1093473
-1093476
-1093479
-1093482
-1093485
-1093767
-1093770
-1093773
-1093776
-1093779
-1093782
-1093785
-1093788
-1093791
-1094067
-1094070
-1094073
-1094076
-1094079
-1094082
-1094085
-1094088
-1094091
-1094367
-1094370
-1094373
-1094376
-1094379
-1094382
-1094385
-1094388
-1094391
-1094645
-1094647
-1094649
-1094651
-1094653
-1094655
-1094657
-1094659
-1094661
1096183
1096483
-1096487
-1096490
1099183
1099483
-1099487
-1099490
1102183
1102483
-1102487
-1102488
-1102490
1104883
1105183
-1105187
1105486
-1105490
1107883
1108183
-1108187
1108486
-1108490
1110883
-1110888
1111183
-1111187
-1111188
1111486
-1111490
1113886
1114186
1114486
-1114490
1116886
1117186
1117486
-1117490
-1117491
1119886
1120186
-1120190
-1120191
1120489
1122886
-1122890
1123189
1123489
1125886
-1125890
1126189
1126489
1128586
1128886
-1128890
1129189
1129489
1131286
1131586
1131886
-1131890
1132189
1132489
1134286
1134586
1134886
-1134890
1135189
1135489
1137286
1137586
1137886
-1137890
1138189
1138489
1140286
1140586
1140886
-1140890
1141189
1141489
1143286
1143586
1143886
-1143890
1144189
1144489
1146286
1146586
1146886
-1146890
1147189
1147489
1148914
1149286
1149586
1149886
-1149890
1150189
1150489
1151914
1152286
1152586
1152886
-1152890
1153189
1153489
1154914
1155286
1155586
1155886
-1155890
1156189
1156489
1157914
1158286
1158586
1158886
-1158890
1159189
1159489
1160914
1161286
1161586
1161886
-1161890
-1161891
1162189
1162489
1163912
1163914
1163916
1164286
1164586
-1164590
1164889
1165189
1165489
1166906
-1166911
-1166915
1167286
1167586
-1167590
1167889
1168189
1168489
1169906
-1169911
-1169912
-1169915
1170286
1170586
-1170590
1170889
1171189
1171489
1172910
1172913
-1172915
1173286
1173586
-1173590
1173889
1174189
1174489
1175883
1175885
-1175887
1176158
1176358
-1176361
1176560
1176760
1176960
1510658
1518057
1518058
1518059
1525454
1532854
1540254
1545228
-445735
-445855
-445975
-446095
-446935
-447055
-447175
-447295
-447895
-448015
-448135
-448255
-448375
-448495
-449095
-449215
-449335
-449455
-449575
-449695
-450295
-450415
-450535
-450655
-450775
-450895
-451495
-451615
-451735
-451855
-451975
-452095
-452695
-452697
-452815
-452817
-452935
-452937
-453055
-453057
-453175
-453177
-453295
-453892
-453894
-454012
-454014
-454132
-454134
-454252
-454372
454376
-454495
-454496
-455089
-455209
-455329
455333
-455452
-455572
-455692
455697
-456289
-456409
-456529
456533
-456652
-456654
-456772
-456774
-456892
-457489
-457609
-457729
-457849
-457969
457973
-458092
-458689
-458809
-458929
-459049
-459169
459173
-459292
-459293
-459889
-460009
-460129
-460249
-460369
-460489
460494
-461089
-461209
-461329
-461449
-461569
-461689
461693
461694
-462289
462294
-462409
462414
-462529
462534
-462649
462654
-462769
462773
462774
-462892
-463492
-463612
-463732
-463852
-463972
-464092
-464692
-464812
-464932
-465052
-465172
-465292
-465892
-466012
-466132
-466252
-466372
-466492
-467092
-467212
-467332
-467452
-467572
-467692
-468292
-468412
-468532
-468652
-468772
-468892
-469492
-469612
-469732
-469852
-469972
-470092
-470692
-470812
-470932
-471052
-471172
-471292
-471892
-472012
-472132
-472252
-472372
-472492
-472895
-472975
-473055
-473135
-473215
-473295
-550375
-550495
-550615
-550735
-550855
-550975
-551095
-551215
-551335
-551455
-553335
-553455
-553575
-553695
-553815
-553935
-554055
-554175
-554295
-554415
-554535
-556295
-556415
-556535
-556655
-556775
-556895
-557015
-557135
-557255
-557375
-557495
-557615
-557735
-559255
-559375
-559495
-559615
-559735
-559855
-559975
-560095
-560215
-560335
-560455
-560575
-560695
-560815
-560935
-561055
-561175
-561295
-561415
-561535
-561655
-561775
-561895
-562015
-562097
-562215
-562335
-562455
-562575
-562695
-562815
-562935
-563055
-563175
-563295
-563415
-563535
-563655
-563775
-563895
-564015
-564135
-564255
-564375
-564495
-564615
-564735
-564855
-564975
-565057
-565175
-565295
-565415
-565535
-565655
-565775
-565895
-566015
-566135
-566255
-566375
-566495
-566615
-566735
-566855
-566975
-567095
-567215
-567335
-567455
-567575
-567695
-567815
-567935
-568017
-568135
-568255
-568375
-568495
-568615
-568735
-568855
-568975
-569095
-569215
-569335
-569455
-569575
-569695
-569815
-569935
-570055
-570175
-570295
-570415
-570535
-570655
-570775
-570895
-570977
-571095
-571215
-571335
-571455
-571575
-571695
-571815
-571935
-572055
-572175
-572295
-572415
-572535
-572655
-572775
-572895
-573015
-573135
-573255
-573375
-573495
-573615
-573735
-573855
-573937
-574055
-574057
-574175
-574295
-574415
-574535
-574655
-574775
-574895
-575015
-575135
-575255
-575375
-575495
-575615
-575735
-575855
-575975
-576095
-576215
-576335
-576455
-576575
-576695
-576815
-576897
-577012
577016
-577135
-577137
-577255
-577375
-577495
-577615
-577735
-577855
-577975
-578095
-578215
-578335
-578455
-578575
-578695
-578815
-578935
-579055
-579175
-579295
-579415
-579535
-579655
-579775
-579857
-579972
-580092
580096
-580215
-580335
-580455
-580575
-580695
-580815
-580935
-581055
-581175
-581295
-581415
-581535
-581655
-581775
-581895
-582015
-582135
-582255
-582375
-582495
-582615
-582735
-582817
-582932
-583052
583056
-583175
-583295
-583415
-583535
-583655
-583775
-583895
-584015
-584135
-584255
-584375
-584495
-584615
-584735
-584855
-584975
-585095
-585215
-585335
-585455
-585575
-585695
-585777
-585892
-586012
586016
-586135
-586255
-586375
-586495
-586615
-586735
-586855
-586975
-587095
-587215
-587335
-587455
-587575
-587695
-587815
-587935
-588055
-588175
-588295
-588415
-588535
-588655
-588737
-588852
-588972
588976
-589095
-589215
-589335
-589455
-589575
-589695
-589815
-589935
-590055
-590175
-590295
-590415
-590535
-590655
-590775
-590895
-591015
-591135
-591255
-591375
-591495
-591615
-591697
-591812
-591932
591936
-592055
-592175
-592295
-592415
-592535
-592655
-592775
-592895
-593015
-593135
-593255
-593375
-593495
-593615
-593735
-593855
-593975
-594095
-594215
-594335
-594455
-594575
-594657
-594772
-594892
594896
-595015
-595135
-595255
-595375
-595495
-595615
-595735
-595855
-595975
-596095
-596215
-596335
-596455
-596575
-596695
-596815
-596935
-597055
-597175
-597295
-597415
-597535
-597617
-597732
-597852
597856
-597975
-598095
-598215
-598335
-598455
-598575
-598695
-598815
-598935
-599055
-599175
-599295
-599415
-599535
-599655
-599775
-599895
-600015
-600135
-600255
-600375
-600495
-600577
-600692
-600812
600816
-600935
-601055
-601175
-601295
-601415
-601535
-601655
-601775
-601895
-602015
-602135
-602255
-602375
-602495
-602615
-602735
-602855
-602975
-603095
-603215
-603335
-603455
-603537
-603652
-603772
603776
-603895
-604015
-604135
-604255
-604375
-604495
-604615
-604735
-604855
-604975
-605095
-605215
-605335
-605455
-605575
-605695
-605815
-605935
-606055
-606175
-606295
-606415
-606497
-606612
-606732
606736
-606855
-606975
-607095
-607215
-607335
-607455
-607575
-607695
-607815
-607935
-608055
-608175
-608295
-608415
-608535
-608655
-608775
-608895
-609015
-609135
-609255
-609375
-609457
-609572
-609692
609696
-609815
-609935
-610055
-610175
-610295
-610415
-610535
-610655
-610775
-610895
-611015
-611135
-611255
-611375
-611495
-611615
-611735
-611855
-611975
-612095
-612215
-612335
-612417
-612532
-612652
612656
-612775
-612895
-613015
-613135
-613255
-613375
-613495
-613615
-613735
-613855
-613975
-614095
-614215
-614335
-614455
-614575
-614695
-614815
-614935
-615055
-615175
-615295
-615377
-615492
-615612
615616
-615735
-615855
-615975
-616095
-616215
-616335
-616455
-616575
-616695
-616815
-616935
-617055
-617175
-617295
-617415
-617535
-617655
-617775
-617895
-618015
-618135
-618255
-618337
-618415
-618495
618498
-618577
-618657
-618737
-618817
-618897
-618977
-619057
-619137
-619217
-619297
-619377
-619457
-619537
-619617
-619697
-619777
-619857
-619937
-620017
-620097
-620177
-620257
-620299
-390695
-393695
-396695
-399695
-402695
-405695
-408695
-411695
-413697
-444055
-444175
-444295
-444415
-445255
-445375
-445495
-445615
-446455
-446575
-446695
-446815
-447655
-447775
-448855
-448975
-450055
-450175
-451255
-451375
-452455
-452575
-453655
-453775
-453776
-454735
-454855
-454973
-454975
-454976
-455935
-456055
-456173
-456175
-456176
-456177
-457135
-457255
-457256
-457372
-457373
-458335
-458455
-458456
-458572
-458573
-459535
-459655
-459656
-459772
-459773
-460615
-460735
-460855
-460856
-460972
-460973
-461815
-461935
-462055
-462056
-462172
-462173
-463015
-463135
-463255
-463256
-463372
-464215
-464335
-464455
-464456
-464572
-465415
-465535
-465655
-465656
-465772
-466615
-466735
-466855
-466856
-466972
-467815
-467935
-468055
-468056
-468172
-469015
-469135
-469255
-469256
-469372
-470215
-470335
-470455
-470456
-470572
-471415
-471535
-471655
-471656
-471772
-472577
-472657
-472737
-472738
-472815
-1093149
-1093152
-1093155
-1093158
-1093161
-1093164
-1096144
-1098503
-1098507
-1098510
-1098513
-1098516
-1098519
-1098522
-1098525
-1098528
-1098531
-1098534
-1098537
-1098540
-1098543
-1098803
-1098807
-1098810
-1098813
-1098816
-1098819
-1098822
-1098825
-1098828
-1098831
-1098834
-1098837
-1098840
-1098843
-1098846
-1099103
-1099107
-1099110
-1099113
-1099116
-1099119
-1099122
-1099125
-1099128
-1099131
-1099134
-1099137
-1099140
-1099143
-1099144
-1099146
-1587804
-1587807
-1587810
-1587813
-1587816
-1587819
-1587822
-1587825
-1587827
-1587833
-1587836
-1587839
-1587842
-1587845
-1587848
-1587851
-1587854
-1587856
-1587862
-1587865
-1587868
-1587871
-1587874
-1587877
-1587880
-1587883
-1587885
-442979
-443099
-443219
-443339
-443459
-443579
-443698
-444535
-444655
-444775
-444895
444899
-547419
-547539
-547659
-547779
-547899
-548019
-548139
-548259
-548379
-548499
551458
-551579
554538
-554659
-554779
557738
-557859
-557979
-558099
-558219
-558339
-558459
-558579
-558699
-558819
-558939
-559059
-559139
-638311
-638315
-638319
-638323
-638327
-638331
-638335
-638338
-638358
-638361
-638364
-638367
-638369
-638397
-638399
-638427
-638429
-638459
-638489
-639053
-639054
-639055
-639057
-639058
639060
639064
639068
-639093
-639096
-639099
-639102
-639103
-639105
639107
639110
639113
-639123
-639126
-639129
-639132
-639135
-639138
-639141
-639142
-639144
-639153
-639156
-639159
-639162
-639165
-639168
-639171
-639172
-639174
639176
-639183
-639186
-639189
-639192
-639195
-639198
-639201
-639204
-639205
-639207
-639213
-639216
-639219
-639222
-639225
-639228
-639231
-639234
-639235
-639237
639238
-639243
-639246
-639249
-639252
-639255
-639258
-639261
-639264
-639267
-639269
-639270
-639273
-639276
-639279
-639282
-639285
-639288
-639291
-639294
-639297
-639299
-639303
-639306
-639309
-639312
-639315
-639318
-639321
-639324
-639327
-639329
-639333
-639342
-639345
-639348
-639351
-639354
-639357
-639359
-639389
640055
640058
640081
640082
-640086
-640087
-640089
640091
640094
640097
640100
640103
640106
-640113
-640116
-640119
-640122
-640125
-640128
-640131
-640134
-640135
-640137
640138
-640164
-640167
-640169
-640194
-640197
-640199
-640227
-640229
-640259
-640289
-640319
-640349
-640379
-640409
-640439
-640469
-640499
-640529
-640549
640862
640865
640868
640871
640874
640877
640880
-640893
-640896
-640899
-640902
-640905
-640908
-640909
-640911
-640923
-640926
-640929
-640932
-640935
-640938
-640939
-640941
640943
-640956
-640959
-640962
-640965
-640968
-640971
-640972
-640974
640976
-640986
-640989
-640992
-640995
-640998
-641001
-641004
-641005
-641007
-641016
-641019
-641022
-641025
-641028
-641031
-641034
-641035
-641037
-641046
-641049
-641052
-641055
-641058
-641061
-641064
-641065
-641067
-641076
-641079
-641082
-641085
-641088
-641091
-641094
-641095
-641097
-641106
-641109
-641112
-641115
-641118
-641121
-641124
-641125
-641127
-641136
-641139
-641142
-641145
-641148
-641151
-641154
-641155
-641157
-641166
-641169
-641172
-641175
-641178
-641181
-641184
-641185
-641187
-641196
-641199
-641202
-641205
-641208
-641211
-641214
-641215
-641217
-641226
-641229
-641232
-641235
-641238
-641241
-641244
-641245
-641247
-641256
-641259
-641262
-641265
-641268
-641271
-641274
-641275
-641277
-641284
-641286
-641288
-641290
-641292
-641294
-641296
-641297
-641298
641672
-641701
-641703
-641731
-641733
-641761
-641763
-641791
-641793
-641821
-641823
-641851
-641853
-641881
-641883
-641911
-641913
-641941
-641943
-641971
-641973
-642001
-642003
-642031
-642032
-814596
-814600
-814604
-814608
-814981
-814984
-814987
-822063
-822065
-822067
822070
-822447
-822450
-822451
-822453
822455
822458
822461
-822746
-822749
-822752
-822755
-822758
-822761
-823045
-823048
-823051
-823054
-823057
-823060
-823353
-823356
-823359
-823655
-823658
-829482
-829486
-829490
-829494
-829498
-829502
-829506
-829510
-829514
-829518
-829522
-829526
-829530
-829532
-829534
-829880
-829883
-829886
-829889
-829892
-829895
-829898
-829901
-829904
-829907
-829910
-829913
-829916
-829917
-829919
-830179
-830182
-830185
-830188
-830191
-830194
-830197
-830200
-830203
-830206
-830209
-830212
-830215
-830216
-830218
-830481
-830484
-830487
-830490
-830493
-830496
-830499
-830502
-830505
-830508
-830511
-830514
-830515
-830517
830519
830522
830525
-830780
-830783
-830786
-830789
-830792
-830795
-830798
-830801
-830804
-830807
-830810
-830813
-830816
-830819
-830822
-830823
-830825
830827
-831082
-831085
-831088
-831091
-831094
-831097
-831100
-831103
-831106
-831109
-831112
-831115
-831118
-831121
-831124
-831125
-831127
831129
831132
-831420
-831423
-831426
-831429
-831430
-831432
-831725
-831728
-831729
-831731
-832028
-832030
-832327
-832329
-832626
-832628
832630
832633
-836951
-836953
-836954
-837350
-837352
-837649
-837651
837653
-837950
-837951
-837953
-838249
-838250
-838252
838254
-838548
-838551
-838552
-838554
838556
838559
838562
838565
838568
838571
838574
838577
838580
838583
838586
838589
838592
-838847
-838850
-838853
-838856
-838859
-838862
-838865
-838868
-838871
-838874
-838877
-838880
-838883
-838886
-838889
-838890
-838892
838894
838897
-839149
-839152
-839155
-839158
-839161
-839164
-839167
-839170
-839173
-839176
-839179
-839182
-839185
-839188
-839191
-839194
-839195
-839197
839199
839202
-839448
-839451
-839454
-839457
-839460
-839463
-839466
-839469
-839472
-839475
-839478
-839481
-839484
-839487
-839490
-839493
-839496
-839499
-839500
-839502
-839753
-839756
-839759
-839762
-839765
-839768
-839771
-839774
-839777
-839780
-839783
-839786
-839789
-839792
-839795
-839798
-839799
-839801
-840097
-840098
-840100
840102
840105
840108
846321
-846619
-846621
-846918
-846920
846922
846925
-847219
-847222
-847223
-847225
847227
847230
847233
847236
847239
847242
847245
847248
847251
847254
847257
847260
847263
847266
847269
-847518
-847521
-847524
-847527
-847530
-847533
-847536
-847539
-847542
-847545
-847548
-847551
-847554
-847557
-847560
-847563
-847566
-847567
-847569
847571
847574
847577
847580
847583
-847820
-847823
-847826
-847829
-847832
-847835
-847838
-847841
-847844
-847847
-847850
-847853
-847856
-847859
-847862
-847865
-847868
-847871
-847874
-847877
-847880
-847883
-848167
-848170
-848173
-848176
-848179
-848182
854992
-855290
-855292
855294
855297
855300
855303
855306
855309
855312
855315
855318
855321
855324
855327
855330
855333
855336
855339
-855591
-855594
-855597
-855600
-855603
-855606
-855609
-855612
-855615
-855618
-855621
-855624
-855627
-855630
-855633
-855636
-855637
-855639
855641
855644
855647
855650
855653
855656
-855890
-855893
-855896
-855899
-855902
-855905
-855908
-855911
-855914
-855917
-855920
-855923
-855926
-855929
-855932
-855935
-855938
-855941
-855944
-855947
-855950
-855953
-855956
-856189
-856192
-856195
-856198
-856201
-856204
-856207
-856210
-856213
-856216
-856219
-856222
-856225
-856228
-856231
-856234
-856237
-856240
-856243
-856246
-856249
-856252
-856255
-856488
-856491
-856494
-856497
-856500
-856503
-856506
-856509
-856512
-856515
-856518
-856521
-856524
-856527
-856530
-856533
-856536
-856539
-856542
-856545
-856548
-856551
-856554
-856787
-856790
-856793
-856796
-856799
-856802
-856805
-856808
-856811
-856814
-856817
-856820
-856823
-856826
-856829
-856832
-856835
-856838
-856841
-856844
-856847
-856850
-856853
-857086
-857089
-857092
-857095
-857098
-857101
-857104
-857107
-857110
-857113
-857116
-857119
-857122
-857125
-857128
-857131
-857134
-857137
-857140
-857143
-857146
-857149
-857152
-857385
-857388
-857391
-857394
-857397
-857400
-857403
-857406
-857409
-857412
-857415
-857418
-857421
-857424
-857427
-857430
-857433
-857436
-857439
-857442
-857445
-857448
-857451
-857684
-857687
-857690
-857693
-857696
-857699
-857702
-857705
-857708
-857711
-857714
-857717
-857720
-857723
-857726
-857729
-857732
-857735
-857738
-857741
-857744
-857747
-857750
-857983
-857986
-857989
-857992
-857995
-857998
-858001
-858004
-858007
-858010
-858013
-858016
-858019
-858022
-858025
-858028
-858031
-858034
-858037
-858040
-858043
-858046
-858049
-858282
-858285
-858288
-858291
-858294
-858297
-858300
-858303
-858306
-858309
-858312
-858315
-858318
-858321
-858324
-858327
-858330
-858333
-858336
-858339
-858342
-858345
-858348
-858581
-858584
-858587
-858590
-858593
-858596
-858599
-858602
-858605
-858608
-858611
-858614
-858617
-858620
-858623
-858626
-858629
-858632
-858635
-858638
-858641
-858644
-858647
-858880
-858883
-858886
-858889
-858892
-858895
-858898
-858901
-858904
-858907
-858910
-858913
-858916
-858919
-858922
-858925
-858928
-858931
-858934
-858937
-858940
-858943
-858946
-859178
-859180
-859182
-859184
-859186
-859188
-859190
-859192
-859194
-859196
-859198
-859200
-859202
-859204
-859206
-859208
-859210
-859212
-859214
-859216
-859218
-859220
-859222
-1093449
-1093452
-1093455
-1093458
-1093461
-1093464
-1093749
-1093752
-1093755
-1093758
-1093761
-1093764
-1094049
-1094052
-1094055
-1094058
-1094061
-1094064
-1094349
-1094352
-1094355
-1094358
-1094361
-1094364
-1094637
-1094639
-1094641
-1094643
-1096444
-1096744
-1097044
-1097344
1097348
1097351
-1097633
-1097634
-1097635
-1099403
-1099407
-1099410
-1099413
-1099416
-1099419
-1099422
-1099425
-1099428
-1099431
-1099434
-1099437
-1099440
-1099443
-1099444
-1099446
-1099703
-1099707
-1099710
-1099713
-1099716
-1099719
-1099722
-1099725
-1099728
-1099731
-1099734
-1099737
-1099740
-1099743
-1099744
-1099746
-1100003
-1100007
-1100010
-1100013
-1100016
-1100019
-1100022
-1100025
-1100028
-1100031
-1100034
-1100037
-1100040
-1100043
-1100044
-1100046
-1100303
-1100307
-1100310
-1100313
-1100316
-1100319
-1100322
-1100325
-1100328
-1100331
-1100334
-1100337
-1100340
-1100343
-1100344
-1100346
-1100602
-1100605
-1100607
-1100609
-1100611
-1100613
-1100615
-1100617
-1100619
-1100621
-1100623
-1100625
-1100627
-1100629
-1100630
-1100631
1103603
-1587891
-1587894
-1587897
-1587900
-1587903
-1587906
-1587909
-1587912
-1587914
-1587920
-1587923
-1587926
-1587929
-1587932
-1587935
-1587938
-1587941
-1587943
-1587949
-1587952
-1587955
-1587958
-1587961
-1587964
-1587967
-1587970
-1587972
-1587984
-1587987
-1587990
-1587993
-1587996
-1587999
-1588001
-1588108
-1588110
-1588137
-1588139
-1588166
-1588168
-1588195
-1588197
-1588224
-1588226
1588228
1588231
-1588255
-1588258
-1588259
-1588261
1588263
1588266
1588269
1588272
1588275
1588278
1588280
-1588283
-1588285
-1588287
-1588289
-1588291
-1588293
-1588295
-1588297
-1588299
-1588300
-384699
-387698
-387699
-390578
-393578
-396578
-399578
-402578
-405578
-408578
-411578
-413619
-442859
-443938
-445138
-446338
-447538
-448738
-449938
-451138
-452338
-453538
-453539
-454618
-455818
-457018
-458218
-459418
-459419
-1095848
-1095851
-1095854
-1095857
-1095860
-1095863
-1095866
-1095869
-1095872
-1095875
-1095878
-1095881
-1095884
-1098848
-1098851
-1098854
-1098857
-1098860
-1098863
-1098866
-1098869
-1098872
-1098875
-1098878
-1098881
-1098884
-1101202
-1101206
-1101209
-1101212
-1101215
-1101218
-1101221
-1101224
-1101227
-1101230
-1101233
-1101236
-1101239
-1101242
1101541
-1101545
1101844
-1101848
-1101849
-1101851
-1101852
-1101854
-1101855
-1101857
-1101858
-1101860
-1101861
-1101863
-1101864
-1101866
-1101867
-1101869
-1101870
-1101872
-1101873
-1101875
-1101876
-1101878
-1101879
-1101881
-1101882
-1101884
-1101885
-1104202
-1104206
-1104209
-1104212
-1104215
-1104218
-1104221
-1104224
-1104227
-1104230
-1104233
-1104236
-1104239
-1104242
1104541
-1104545
-1104548
-1104551
-1104554
-1104557
-1104560
-1104563
-1104566
-1104569
-1104572
-1104575
-1104578
-1104581
-1104584
-1107202
-1107206
-1107209
-1107212
-1107215
-1107218
-1107221
-1107224
-1107227
-1107230
-1107233
-1107236
-1107239
-1107242
1107541
-1107545
-1107546
-1107548
-1107551
-1107554
-1107557
-1107560
-1107563
-1107566
-1107569
-1107572
-1107575
-1107578
-1107581
-1107584
-1110202
-1110206
-1110209
-1110212
-1110215
-1110218
-1110221
-1110224
-1110227
-1110230
-1110233
-1110236
-1110239
-1110242
-1110245
1110544
-1110548
-1110551
-1110554
-1110557
-1110560
-1110563
-1110566
-1110569
-1110572
-1110575
-1110578
-1110581
-1110584
-1113202
-1113206
-1113209
-1113212
-1113215
-1113218
-1113221
-1113224
-1113227
-1113230
-1113233
-1113236
-1113239
-1113242
-1113245
1113544
-1113548
-1113551
-1113554
-1113557
-1113560
-1113563
-1113566
-1113569
-1113572
-1113575
-1113578
-1113581
-1113584
-1113587
-1116202
-1116206
-1116209
-1116212
-1116215
-1116218
-1116221
-1116224
-1116227
-1116230
-1116233
-1116236
-1116239
-1116242
-1116245
1116544
-1116548
-1116551
-1116554
-1116557
-1116560
-1116563
-1116566
-1116569
-1116572
-1116575
-1116578
-1116581
-1116584
-1116587
-1119202
-1119206
-1119209
-1119212
-1119215
-1119218
-1119221
-1119224
-1119227
-1119230
-1119233
-1119236
-1119239
-1119242
-1119245
1119544
-1119548
-1119549
-1119551
-1119552
-1119554
-1119555
-1119557
-1119558
-1119560
-1119561
-1119563
-1119566
-1119569
-1119572
-1119575
-1119578
-1119581
-1119584
-1119587
-1122202
-1122206
-1122209
-1122212
-1122215
-1122218
-1122221
-1122224
-1122227
-1122230
-1122233
-1122236
-1122239
-1122242
-1122245
-1122248
-1122251
-1122254
-1122257
-1122260
1122559
-1122563
-1122566
-1122569
-1122572
-1122575
-1122578
-1122581
-1122584
-1122587
-1125202
-1125206
-1125209
-1125212
-1125215
-1125218
-1125221
-1125224
-1125227
-1125230
-1125233
-1125236
-1125239
-1125242
-1125245
-1125248
-1125251
-1125254
-1125257
-1125260
1125559
-1125563
-1125564
-1125566
-1125567
-1125569
-1125570
-1125572
-1125573
-1125575
-1125576
-1125578
-1125579
-1125581
-1125582
-1125584
-1125585
-1125587
-1125588
-1128202
-1128203
-1128206
-1128207
-1128209
-1128210
-1128212
-1128213
-1128215
-1128216
-1128218
-1128219
-1128221
-1128222
-1128224
-1128225
-1128227
-1128228
-1128230
-1128231
-1128233
-1128234
-1128236
-1128237
-1128239
-1128240
-1128242
-1128243
-1128245
-1128246
-1128248
-1128249
-1128251
-1128252
-1128254
-1128255
-1128257
-1128258
-1128260
-1128261
-1128263
-1128266
-1128269
-1128272
-1128275
-1128278
-1128279
-1128281
-1128282
-1128284
-1128285
-1128287
-1128288
-1130802
-1130807
-1130811
-1130815
-1130819
-1130823
-1130827
-1130831
-1130835
-1130839
-1130843
-1130847
-1130851
-1130855
-1130859
-1130863
-1130867
-1130871
-1130875
-1130879
-1130903
-1130907
-1130911
-1130915
1131259
-1131263
-1131264
-1131266
-1131267
-1131269
-1131270
-1131272
-1131273
-1131274
-1131275
-1131276
-1133802
-1133807
-1133811
-1133815
-1133819
-1133823
-1133827
-1133831
-1133835
-1133839
-1133843
-1133847
-1133851
-1133855
-1133859
-1133863
-1133867
-1133871
-1133875
-1133879
-1133883
-1133887
-1133891
-1133895
-1133899
-1133903
-1133907
-1133911
-1133915
-1136802
-1136807
-1136811
-1136815
-1136819
-1136823
-1136827
-1136831
-1136835
-1136839
-1136843
-1136847
-1136851
-1136855
-1136859
-1136863
-1136867
-1136871
-1136875
-1136879
-1136883
-1136887
-1136891
-1136895
-1136899
-1136903
-1136907
-1136911
-1136915
-1139802
-1139807
-1139811
-1139815
-1139819
-1139823
-1139827
-1139831
-1139835
-1139839
-1139843
-1139847
-1139851
-1139855
-1139859
-1139863
-1139867
-1139871
-1139875
-1139879
-1139883
-1139887
-1139891
-1139895
-1139899
-1139903
-1139907
-1139911
-1139915
-1142802
-1142803
-1142807
-1142811
-1142815
-1142819
-1142823
-1142827
-1142831
-1142835
-1142839
-1142843
-1142847
-1142851
-1142855
-1142859
-1142863
-1142867
-1142871
-1142875
-1142879
-1142883
-1142887
-1142891
-1142895
-1142899
-1142903
-1142907
-1142911
-1142915
1145801
1145804
-1145807
-1145808
-1145811
-1145812
-1145815
-1145816
-1145819
-1145820
-1145823
-1145824
-1145827
-1145828
-1145831
-1145832
-1145835
-1145836
-1145839
-1145840
-1145843
-1145844
-1145847
-1145848
-1145851
-1145852
-1145855
-1145856
-1145859
-1145860
-1145863
-1145864
-1145867
-1145868
-1145871
-1145872
-1145875
-1145876
-1145879
-1145880
-1145883
-1145884
-1145887
-1145888
-1145891
-1145892
-1145895
-1145896
-1145899
-1145900
-1145903
-1145904
-1145907
-1145908
-1145911
-1145912
-1145915
-1145916
1148804
1148809
1148813
1148817
1148821
1148825
1148829
1148833
1148837
1148841
1148845
1148849
1148853
1148857
1148861
1148865
1148869
1148873
1148877
1148881
1148885
1148889
1148893
1148897
1148901
1148905
1148909
1148913
1148917
1151804
1151809
1151813
1151817
1151821
1151825
1151829
1151833
1151837
1151841
1151845
1151849
1151853
1151857
1151861
1151865
1151869
1151873
1151877
1151881
1151885
1151889
1151893
1151897
1151901
1151905
1151909
1151913
1151917
1154813
1154817
1154821
1154825
1154829
1154833
1154837
1154841
1154845
1154849
1154853
1154857
1154861
1154865
1154869
1154873
1154877
1154881
1154885
1154889
1154893
1154897
1154901
1154905
1154909
1154913
1154917
1157813
1157817
1157821
1157825
1157829
1157833
1157837
1157841
1157845
1157849
1157853
1157857
1157861
1157865
1157869
1157873
1157877
1157881
1157885
1157889
1157893
1157897
1157901
1157905
1157909
1157913
1157917
-1488402
-1488405
-1495502
-1495506
1495804
-1502902
-1502906
1503204
-1503207
-1503209
-1503211
-1503213
-1503215
-1503217
-1503219
-1503221
-1503223
-1503225
-1503227
-1503229
-1503231
-1503233
-1503235
-1503237
-1503239
-1503241
-1503243
-1503245
-1503247
-1503249
-1503251
-1503253
-1503255
-1503257
-1503259
-1510302
-1510306
-1510309
-1510312
-1510315
-1510318
-1510321
-1510324
-1510327
-1510330
-1510333
-1510336
-1510339
-1510342
-1510345
-1510348
-1510351
-1510354
-1510357
-1510360
-1510363
-1510366
-1510369
-1510372
-1510375
-1510378
-1510381
-1510384
-1510387
-1517702
-1517706
-1517709
-1517712
-1517715
-1517718
-1517721
-1517724
-1517727
-1517730
-1517733
-1517736
-1517739
-1517742
-1517745
-1517748
-1517751
-1517754
-1517757
-1517760
-1517763
-1517766
-1517769
-1517772
-1517775
-1517778
-1517781
-1517784
-1517787
-1525102
-1525106
-1525109
-1525112
-1525115
-1525118
-1525121
-1525124
-1525127
-1525130
-1525133
-1525136
-1525139
-1525142
-1525145
-1525148
-1525151
-1525154
-1525157
-1525160
-1525163
-1525166
-1525169
-1525172
-1525175
-1525178
-1525181
-1532502
-1532506
-1532509
-1532512
-1532515
-1532518
-1532521
-1532524
-1532527
-1532530
-1532533
-1532536
-1532539
-1532542
-1532545
-1532548
-1532551
-1532554
-1532557
-1532560
-1532563
-1532566
-1532569
-1532572
-1532575
-1532578
-1532581
-1539902
-1539906
-1539909
-1539912
-1539915
-1539918
-1539921
-1539924
-1539927
-1539930
-1539933
-1539936
-1539939
-1539942
-1539945
-1539948
-1539951
-1539954
-1539957
-1539960
-1539963
-1539966
-1539969
-1539972
-1539975
-1539978
-1539981
-1545002
-1545005
-1545007
-1545009
-1545011
-1545013
-1545015
-1545017
-1545019
-1545021
-1545023
-1545025
-1545027
-1545029
-1545031
-1545033
-1545035
-1545037
-1545039
-1545041
-1545043
-1545045
-1545047
-1545049
-1545051
-1545053
-1545055
-1574274
-1574277
-1574280
-1574283
-1574286
-1574289
-1574292
-1574295
-1574298
-1574300
-1574998
-1574999
-1575001
-1575002
-1575004
-1575005
-1575007
-1575008
-1575010
-1575011
-1575013
-1575014
-1575016
-1575017
-1575019
-1575020
-1575023
-1575025
-1575694
-1575697
-1575700
-1575703
-1575706
-1575709
-1575712
-1575715
1575743
-1575747
-1575748
-1575749
-1575750
-1576419
-1576422
-1576425
-1576428
-1576431
-1576434
-1576437
-1576440
-1576443
-1576445
-1577144
-1577147
-1577150
-1577153
-1577156
-1577159
-1577162
-1577165
-1577168
-1577170
-1577869
-1577872
-1577875
-1577878
-1577881
-1577884
-1577887
-1577890
-1577893
-1577895
-1578594
-1578597
-1578600
-1578603
-1578606
-1578609
-1578612
-1578615
-1578618
-1578620
-1579319
-1579322
-1579325
-1579328
-1579331
-1579334
-1579337
-1579340
-1579343
-1579345
-1580044
-1580047
-1580050
-1580053
-1580056
-1580059
-1580062
-1580065
-1580068
-1580070
-1580769
-1580772
-1580775
-1580778
-1580781
-1580784
-1580787
-1580790
-1580793
-1580795
-1581264
-1581266
-1581268
-1581270
-1581272
-1581274
-1581276
-1581278
-1581280
-1581281
-1588054
-1588057
-1588060
-1588063
-1588066
-1588069
-1588072
-1588075
-1588077
-1588079
-1588081
-1588331
-1588334
-1588337
-1588340
-1588343
-1588346
-1588349
-1588352
-1588355
-1588357
-1588611
-1588614
-1588617
-1588620
-1588623
-1588626
-1588629
-1588632
-1588635
-1588637
-1588891
-1588894
-1588897
-1588900
-1588903
-1588906
-1588909
-1588912
-1588915
-1588917
-1589171
-1589174
-1589177
-1589180
-1589183
-1589186
-1589189
-1589192
-1589195
-1589197
-1589451
-1589454
-1589457
-1589460
-1589463
-1589466
-1589469
-1589472
-1589475
-1589477
-1589731
-1589734
-1589737
-1589740
-1589743
-1589746
-1589749
-1589752
-1589755
-1589757
-1590011
-1590014
-1590017
-1590020
-1590023
-1590026
-1590029
-1590032
-1590035
-1590037
-1590291
-1590294
-1590297
-1590300
-1590303
-1590306
-1590309
-1590312
-1590315
-1590317
-1590571
-1590572
-1590574
-1590575
-1590577
-1590578
-1590580
-1590581
-1590583
-1590584
-1590586
-1590587
-1590589
-1590590
-1590592
-1590593
-1590595
-1590596
-1590597
-1590598
-1590822
-1590825
-1590828
-1590831
-1590834
-1590837
-1590840
-1590843
-1590846
-1590848
-1591102
-1591105
-1591108
-1591111
-1591114
-1591117
-1591120
-1591123
-1591126
-1591128
-1591382
-1591385
-1591388
-1591391
-1591394
-1591397
-1591400
-1591403
-1591406
-1591408
-1591662
-1591665
-1591668
-1591671
-1591674
-1591677
-1591680
-1591683
-1591686
-1591688
-1591942
-1591943
-1591945
-1591946
-1591948
-1591949
-1591951
-1591952
-1591954
-1591955
-1591957
-1591958
-1591960
-1591961
-1591963
-1591964
-1591966
-1591967
-1591968
-1591969
)


// ************************************************************************* //
