/*--------------------------------*- C++ -*----------------------------------*\
| =========                 |                                                 |
| \\      /  F ield         | OpenFOAM: The Open Source CFD Toolbox           |
|  \\    /   O peration     | Version:  2412                                  |
|   \\  /    A nd           | Website:  www.openfoam.com                      |
|    \\/     M anipulation  |                                                 |
\*---------------------------------------------------------------------------*/
FoamFile
{
    version     2.0;
    format      ascii;
    arch        "LSB;label=32;scalar=64";
    class       volScalarField;
    location    "300";
    object      k;
}
// * * * * * * * * * * * * * * * * * * * * * * * * * * * * * * * * * * * * * //

dimensions      [0 2 -2 0 0 0 0];

internalField   nonuniform List<scalar> 
18750
(
0.118647
0.134755
0.148382
0.159731
0.169058
0.176614
0.182637
0.187352
0.190964
0.193653
0.195579
0.196876
0.197661
0.198027
0.198058
0.197818
0.197363
0.196738
0.19598
0.195121
0.194184
0.193191
0.192158
0.191098
0.190023
0.188942
0.187861
0.186787
0.185725
0.184678
0.18365
0.182642
0.181657
0.180696
0.179761
0.178851
0.177968
0.177112
0.176291
0.175502
0.174742
0.17401
0.173303
0.172619
0.171958
0.171317
0.170697
0.170095
0.169512
0.168947
0.168399
0.167866
0.16735
0.16685
0.166364
0.165893
0.165437
0.164995
0.164567
0.164152
0.163751
0.163363
0.162989
0.162628
0.16228
0.161945
0.161623
0.161314
0.161019
0.160737
0.160468
0.160214
0.159973
0.159746
0.159535
0.159338
0.159157
0.158992
0.158843
0.158713
0.158595
0.158493
0.158408
0.158342
0.158296
0.158273
0.158274
0.158302
0.15836
0.158448
0.158572
0.158734
0.158937
0.159186
0.159485
0.159837
0.160245
0.160706
0.161204
0.1617
0.0997598
0.0996626
0.0995686
0.0993733
0.0990337
0.0985525
0.0979522
0.0972611
0.0965069
0.0957156
0.0949098
0.094109
0.0933295
0.0925847
0.0918854
0.0912402
0.0906556
0.0901367
0.0896872
0.0893097
0.0890058
0.0887767
0.0886225
0.0885433
0.0885384
0.0886068
0.0887475
0.0889587
0.0892388
0.0895855
0.0899964
0.0904688
0.0909997
0.0915857
0.0922231
0.0929081
0.0936369
0.0944051
0.0951645
0.0959148
0.0966564
0.0973895
0.098114
0.09883
0.0995375
0.100236
0.100926
0.101608
0.10228
0.102944
0.103598
0.104244
0.104881
0.105509
0.106127
0.106737
0.107338
0.10793
0.108513
0.109087
0.109652
0.110209
0.110756
0.111295
0.111825
0.112347
0.11286
0.113364
0.11386
0.114348
0.114827
0.115298
0.11576
0.116215
0.116661
0.117099
0.117529
0.11795
0.118356
0.118746
0.119123
0.119485
0.119831
0.120158
0.120466
0.120751
0.121012
0.121245
0.121446
0.121612
0.121737
0.121814
0.121833
0.121783
0.121646
0.121398
0.121003
0.120402
0.119498
0.11793
0.0991358
0.0982794
0.0974387
0.0965948
0.0957345
0.0948512
0.0939436
0.0930137
0.0920653
0.0911034
0.0901332
0.0891599
0.0881887
0.0872241
0.0862705
0.0853316
0.0844107
0.0835108
0.0826343
0.0817833
0.0809596
0.0801647
0.0793996
0.0786655
0.0779629
0.0772926
0.0766547
0.0760497
0.0754775
0.0749382
0.0744317
0.0739577
0.073516
0.073106
0.0727273
0.0723794
0.0720616
0.0717732
0.0715107
0.0712726
0.0710574
0.0708638
0.0706904
0.0705361
0.0703996
0.07028
0.0701761
0.0700871
0.070012
0.06995
0.0699002
0.0698619
0.0698343
0.0698168
0.0698086
0.0698093
0.069818
0.0698344
0.0698578
0.0698877
0.0699236
0.0699649
0.0700112
0.070062
0.0701168
0.0701751
0.0702364
0.0703003
0.0703662
0.0704336
0.070502
0.070571
0.0706399
0.0707082
0.0707753
0.07084
0.0709011
0.0709588
0.0710162
0.0710726
0.0711274
0.0711799
0.0712294
0.0712751
0.0713162
0.0713517
0.0713805
0.0714015
0.0714132
0.0714138
0.0714013
0.071373
0.0713259
0.071256
0.0711581
0.0710263
0.0708534
0.0706321
0.0703568
0.0700113
0.0991009
0.0981988
0.0973192
0.0964581
0.0956112
0.0947753
0.0939476
0.0931264
0.0923104
0.0914992
0.0906927
0.0898913
0.0890954
0.0883057
0.0875229
0.0867479
0.0859815
0.0852243
0.0844773
0.0837411
0.0830164
0.0823036
0.0816034
0.0809162
0.0802424
0.0795824
0.0789364
0.0783046
0.0776874
0.0770847
0.0764968
0.0759236
0.0753653
0.0748218
0.074293
0.073779
0.0732797
0.0727949
0.0723244
0.0718679
0.0714254
0.0709963
0.0705806
0.0701777
0.0697876
0.0694097
0.0690439
0.0686897
0.0683469
0.0680151
0.067694
0.0673834
0.0670828
0.066792
0.0665106
0.0662384
0.0659751
0.0657203
0.0654739
0.0652354
0.0650046
0.0647813
0.0645652
0.0643559
0.0641533
0.063957
0.0637668
0.0635824
0.0634036
0.0632301
0.0630616
0.0628978
0.0627386
0.0625838
0.062433
0.0622865
0.0621443
0.0620062
0.0618718
0.0617411
0.0616137
0.0614894
0.061368
0.0612493
0.0611329
0.0610187
0.0609063
0.0607955
0.0606859
0.0605772
0.0604691
0.0603612
0.0602532
0.0601447
0.0600354
0.0599253
0.0598145
0.0597038
0.0595946
0.0594894
0.0990979
0.0981929
0.0973128
0.0964562
0.0956215
0.0948073
0.0940121
0.0932346
0.0924735
0.0917278
0.0909965
0.0902787
0.0895737
0.0888809
0.0881999
0.0875303
0.0868716
0.0862236
0.0855861
0.0849589
0.0843419
0.0837349
0.0831378
0.0825505
0.081973
0.0814052
0.0808471
0.0802985
0.0797594
0.0792297
0.0787094
0.0781985
0.0776968
0.0772043
0.0767209
0.0762465
0.0757811
0.0753245
0.0748767
0.0744376
0.074007
0.073585
0.0731712
0.0727658
0.0723684
0.071979
0.0715976
0.0712238
0.0708577
0.0704991
0.0701478
0.0698038
0.0694669
0.0691369
0.0688137
0.0684973
0.0681874
0.067884
0.0675869
0.0672959
0.067011
0.0667321
0.0664589
0.0661914
0.0659294
0.0656729
0.0654218
0.0651758
0.0649349
0.0646993
0.0644686
0.0642429
0.0640219
0.0638056
0.0635937
0.0633864
0.0631834
0.0629848
0.0627904
0.0626002
0.0624142
0.0622323
0.0620546
0.061881
0.0617116
0.0615464
0.0613854
0.0612289
0.061077
0.0609299
0.0607879
0.0606515
0.060521
0.0603972
0.0602808
0.0601726
0.0600735
0.0599846
0.0599066
0.0598407
0.0990971
0.0981914
0.0973109
0.0964544
0.0956211
0.0948099
0.09402
0.0932504
0.0925004
0.0917691
0.0910557
0.0903594
0.0896797
0.0890157
0.0883668
0.0877326
0.0871123
0.0865055
0.0859116
0.0853303
0.0847611
0.0842035
0.0836572
0.0831219
0.0825972
0.0820827
0.0815782
0.0810834
0.0805981
0.0801219
0.0796547
0.0791962
0.0787462
0.0783045
0.0778709
0.0774453
0.0770274
0.076617
0.0762141
0.0758185
0.0754299
0.0750483
0.0746735
0.0743053
0.0739437
0.0735886
0.0732397
0.0728969
0.0725603
0.0722295
0.0719046
0.0715854
0.0712717
0.0709636
0.0706609
0.0703635
0.0700712
0.0697841
0.069502
0.0692249
0.0689526
0.068685
0.0684222
0.0681639
0.0679102
0.067661
0.0674162
0.0671758
0.0669397
0.0667076
0.0664797
0.0662557
0.0660357
0.0658196
0.0656074
0.065399
0.0651945
0.0649938
0.0647968
0.0646037
0.0644144
0.0642289
0.0640473
0.0638698
0.0636962
0.0635269
0.063362
0.0632016
0.063046
0.0628955
0.0627503
0.062611
0.0624779
0.0623516
0.0622325
0.0621212
0.0620181
0.0619237
0.0618383
0.0617626
0.0990968
0.0981909
0.0973101
0.0964533
0.0956197
0.0948085
0.0940187
0.0932495
0.0925003
0.0917702
0.0910585
0.0903646
0.0896877
0.0890274
0.088383
0.0877539
0.0871396
0.0865395
0.0859532
0.0853802
0.08482
0.0842723
0.0837366
0.0832124
0.0826995
0.0821975
0.081706
0.0812247
0.0807534
0.0802916
0.0798391
0.0793957
0.0789611
0.0785351
0.0781173
0.0777076
0.0773058
0.0769117
0.076525
0.0761456
0.0757732
0.0754078
0.0750491
0.0746969
0.0743512
0.0740118
0.0736784
0.0733511
0.0730296
0.0727138
0.0724036
0.0720988
0.0717994
0.0715053
0.0712163
0.0709323
0.0706532
0.0703789
0.0701094
0.0698445
0.0695842
0.0693283
0.0690768
0.0688297
0.0685868
0.068348
0.0681133
0.0678826
0.0676558
0.0674329
0.0672139
0.0669986
0.066787
0.0665792
0.066375
0.0661744
0.0659775
0.0657842
0.0655945
0.0654084
0.065226
0.0650473
0.0648724
0.0647012
0.064534
0.0643709
0.0642118
0.0640572
0.063907
0.0637616
0.0636212
0.063486
0.0633564
0.0632326
0.063115
0.0630038
0.0628992
0.0628014
0.0627106
0.0626272
0.0990967
0.0981907
0.0973097
0.0964528
0.0956191
0.0948077
0.0940178
0.0932486
0.0924993
0.0917693
0.0910578
0.0903641
0.0896878
0.089028
0.0883844
0.0877562
0.0871431
0.0865444
0.0859598
0.0853886
0.0848306
0.0842853
0.0837522
0.0832309
0.0827212
0.0822226
0.0817348
0.0812574
0.0807902
0.0803328
0.0798849
0.0794463
0.0790167
0.0785958
0.0781833
0.0777792
0.077383
0.0769946
0.0766139
0.0762404
0.0758742
0.075515
0.0751625
0.0748168
0.0744774
0.0741444
0.0738175
0.0734966
0.0731816
0.0728723
0.0725686
0.0722703
0.0719773
0.0716896
0.0714069
0.0711292
0.0708563
0.0705883
0.0703249
0.070066
0.0698117
0.0695617
0.069316
0.0690745
0.0688372
0.0686038
0.0683745
0.0681491
0.0679275
0.0677098
0.0674957
0.0672853
0.0670786
0.0668755
0.0666759
0.0664798
0.0662873
0.0660983
0.0659128
0.0657308
0.0655523
0.0653774
0.065206
0.0650384
0.0648745
0.0647144
0.0645582
0.0644061
0.0642582
0.0641146
0.0639756
0.0638414
0.0637121
0.0635879
0.0634691
0.0633557
0.063248
0.0631459
0.0630495
0.0629592
0.0990967
0.0981907
0.0973096
0.0964527
0.0956189
0.0948074
0.0940175
0.0932483
0.092499
0.091769
0.0910575
0.090364
0.0896877
0.0890281
0.0883847
0.0877569
0.0871441
0.0865458
0.0859617
0.0853912
0.0848338
0.0842892
0.083757
0.0832368
0.0827281
0.0822307
0.0817442
0.0812682
0.0808025
0.0803468
0.0799007
0.0794639
0.0790363
0.0786175
0.0782073
0.0778054
0.0774116
0.0770257
0.0766475
0.0762768
0.0759133
0.0755569
0.0752074
0.0748645
0.0745282
0.0741983
0.0738746
0.0735569
0.0732451
0.0729391
0.0726387
0.0723437
0.0720541
0.0717698
0.0714905
0.0712162
0.0709468
0.0706822
0.0704222
0.0701668
0.0699158
0.0696692
0.0694269
0.0691887
0.0689547
0.0687247
0.0684986
0.0682764
0.068058
0.0678434
0.0676325
0.0674252
0.0672215
0.0670213
0.0668247
0.0666315
0.0664418
0.0662555
0.0660726
0.0658932
0.0657172
0.0655446
0.0653755
0.0652099
0.065048
0.0648896
0.064735
0.0645842
0.0644372
0.0642944
0.0641557
0.0640212
0.0638912
0.0637657
0.0636449
0.0635289
0.0634176
0.0633112
0.0632096
0.0631132
0.0990969
0.098191
0.09731
0.0964531
0.0956194
0.094808
0.0940182
0.0932491
0.0925
0.0917701
0.0910589
0.0903655
0.0896895
0.0890301
0.088387
0.0877594
0.0871469
0.0865489
0.0859651
0.0853949
0.0848379
0.0842938
0.083762
0.0832422
0.082734
0.0822371
0.0817512
0.0812758
0.0808107
0.0803557
0.0799103
0.0794743
0.0790475
0.0786295
0.0782202
0.0778193
0.0774265
0.0770416
0.0766645
0.0762949
0.0759325
0.0755773
0.075229
0.0748875
0.0745525
0.0742239
0.0739016
0.0735853
0.073275
0.0729704
0.0726715
0.0723781
0.0720901
0.0718073
0.0715296
0.071257
0.0709892
0.0707262
0.0704679
0.0702141
0.0699648
0.0697199
0.0694792
0.0692427
0.0690104
0.068782
0.0685576
0.0683371
0.0681204
0.0679074
0.0676981
0.0674923
0.0672902
0.0670916
0.0668964
0.0667047
0.0665164
0.0663315
0.06615
0.0659718
0.0657969
0.0656255
0.0654574
0.0652927
0.0651315
0.0649738
0.0648196
0.064669
0.0645221
0.0643789
0.0642396
0.0641043
0.0639729
0.0638457
0.0637226
0.0636037
0.0634891
0.0633788
0.0632727
0.0631711
0.0990975
0.0981917
0.0973108
0.0964541
0.0956207
0.0948096
0.09402
0.0932512
0.0925024
0.0917729
0.091062
0.090369
0.0896933
0.0890344
0.0883916
0.0877643
0.0871522
0.0865546
0.0859712
0.0854013
0.0848447
0.0843009
0.0837695
0.0832501
0.0827423
0.0822457
0.0817602
0.0812852
0.0808205
0.0803658
0.0799208
0.0794852
0.0790588
0.0786413
0.0782324
0.0778319
0.0774395
0.0770551
0.0766785
0.0763093
0.0759475
0.0755928
0.075245
0.074904
0.0745696
0.0742416
0.0739198
0.0736041
0.0732944
0.0729905
0.0726922
0.0723994
0.0721121
0.0718299
0.0715529
0.0712809
0.0710138
0.0707515
0.0704939
0.0702408
0.0699922
0.069748
0.069508
0.0692722
0.0690406
0.0688129
0.0685892
0.0683694
0.0681533
0.067941
0.0677323
0.0675272
0.0673257
0.0671277
0.0669331
0.0667419
0.0665541
0.0663697
0.0661885
0.0660107
0.0658362
0.065665
0.0654971
0.0653325
0.0651712
0.0650133
0.0648588
0.0647077
0.0645602
0.0644162
0.0642757
0.064139
0.0640059
0.0638767
0.0637512
0.0636296
0.0635118
0.0633978
0.0632878
0.0631816
0.0990983
0.0981925
0.0973119
0.0964555
0.0956223
0.0948115
0.0940223
0.0932539
0.0925055
0.0917763
0.0910658
0.0903732
0.0896979
0.0890393
0.0883969
0.08777
0.0871582
0.086561
0.0859779
0.0854084
0.0848521
0.0843086
0.0837775
0.0832583
0.0827508
0.0822546
0.0817693
0.0812945
0.0808301
0.0803757
0.0799309
0.0794956
0.0790694
0.0786521
0.0782434
0.0778431
0.077451
0.0770668
0.0766904
0.0763214
0.0759598
0.0756053
0.0752578
0.074917
0.0745828
0.074255
0.0739334
0.073618
0.0733085
0.0730048
0.0727067
0.0724142
0.072127
0.0718451
0.0715683
0.0712965
0.0710297
0.0707676
0.0705101
0.0702573
0.0700089
0.0697649
0.0695251
0.0692895
0.069058
0.0688306
0.068607
0.0683874
0.0681714
0.0679593
0.0677507
0.0675457
0.0673443
0.0671463
0.0669518
0.0667606
0.0665728
0.0663883
0.0662071
0.0660291
0.0658544
0.0656829
0.0655147
0.0653496
0.0651879
0.0650294
0.0648741
0.0647222
0.0645736
0.0644284
0.0642866
0.0641482
0.0640134
0.063882
0.0637542
0.0636299
0.0635092
0.063392
0.0632784
0.0631683
0.0990989
0.0981932
0.0973127
0.0964564
0.0956233
0.0948127
0.0940237
0.0932555
0.0925072
0.0917783
0.0910679
0.0903755
0.0897004
0.089042
0.0883997
0.087773
0.0871613
0.0865643
0.0859813
0.0854119
0.0848558
0.0843124
0.0837814
0.0832623
0.0827549
0.0822588
0.0817736
0.0812989
0.0808346
0.0803802
0.0799355
0.0795003
0.0790741
0.0786569
0.0782483
0.0778481
0.077456
0.0770719
0.0766955
0.0763266
0.0759651
0.0756106
0.0752631
0.0749224
0.0745882
0.0742604
0.0739389
0.0736235
0.073314
0.0730104
0.0727123
0.0724198
0.0721327
0.0718508
0.071574
0.0713022
0.0710354
0.0707733
0.0705158
0.070263
0.0700145
0.0697705
0.0695307
0.0692951
0.0690635
0.068836
0.0686124
0.0683926
0.0681766
0.0679642
0.0677556
0.0675504
0.0673488
0.0671506
0.0669559
0.0667644
0.0665763
0.0663915
0.0662099
0.0660315
0.0658563
0.0656843
0.0655155
0.0653498
0.0651873
0.065028
0.0648718
0.0647189
0.0645691
0.0644226
0.0642793
0.0641394
0.0640027
0.0638693
0.0637393
0.0636125
0.0634892
0.0633691
0.0632523
0.0631389
0.0990983
0.0981925
0.0973119
0.0964555
0.0956223
0.0948115
0.0940223
0.0932539
0.0925055
0.0917763
0.0910658
0.0903732
0.0896979
0.0890393
0.0883969
0.08777
0.0871582
0.086561
0.0859779
0.0854084
0.0848521
0.0843086
0.0837775
0.0832583
0.0827508
0.0822546
0.0817692
0.0812945
0.0808301
0.0803756
0.0799309
0.0794955
0.0790693
0.078652
0.0782433
0.077843
0.0774509
0.0770667
0.0766902
0.0763212
0.0759596
0.0756051
0.0752575
0.0749167
0.0745824
0.0742546
0.073933
0.0736175
0.0733079
0.0730041
0.072706
0.0724134
0.0721261
0.0718441
0.0715672
0.0712954
0.0710284
0.0707661
0.0705085
0.0702555
0.0700069
0.0697627
0.0695227
0.0692869
0.0690551
0.0688274
0.0686035
0.0683835
0.0681672
0.0679546
0.0677456
0.0675401
0.0673382
0.0671396
0.0669444
0.0667526
0.066564
0.0663787
0.0661966
0.0660176
0.0658418
0.0656691
0.0654995
0.0653331
0.0651697
0.0650094
0.0648522
0.0646981
0.0645471
0.0643993
0.0642545
0.0641129
0.0639745
0.0638392
0.063707
0.063578
0.0634522
0.0633295
0.06321
0.0630934
0.0990975
0.0981917
0.0973108
0.0964541
0.0956207
0.0948096
0.09402
0.0932512
0.0925024
0.0917729
0.091062
0.090369
0.0896933
0.0890344
0.0883915
0.0877643
0.0871522
0.0865546
0.0859711
0.0854013
0.0848447
0.0843009
0.0837695
0.08325
0.0827422
0.0822457
0.0817601
0.0812851
0.0808204
0.0803657
0.0799207
0.0794851
0.0790587
0.0786411
0.0782322
0.0778317
0.0774393
0.0770549
0.0766782
0.076309
0.0759471
0.0755923
0.0752445
0.0749034
0.0745689
0.0742408
0.073919
0.0736032
0.0732934
0.0729893
0.0726909
0.072398
0.0721104
0.0718281
0.0715509
0.0712786
0.0710113
0.0707487
0.0704907
0.0702373
0.0699883
0.0697437
0.0695033
0.069267
0.0690348
0.0688066
0.0685822
0.0683617
0.0681449
0.0679317
0.0677222
0.0675161
0.0673135
0.0671143
0.0669185
0.0667259
0.0665366
0.0663505
0.0661676
0.0659878
0.0658111
0.0656375
0.0654669
0.0652994
0.0651349
0.0649735
0.064815
0.0646596
0.0645071
0.0643577
0.0642113
0.0640679
0.0639276
0.0637903
0.063656
0.0635247
0.0633964
0.0632711
0.0631488
0.0630293
0.0990969
0.098191
0.09731
0.0964531
0.0956194
0.094808
0.0940182
0.0932491
0.0925
0.0917701
0.0910589
0.0903655
0.0896895
0.0890301
0.0883869
0.0877594
0.0871468
0.0865489
0.0859651
0.0853949
0.0848379
0.0842937
0.0837619
0.0832421
0.0827339
0.082237
0.0817511
0.0812757
0.0808106
0.0803555
0.0799101
0.0794741
0.0790473
0.0786293
0.0782199
0.077819
0.0774261
0.0770412
0.076664
0.0762943
0.075932
0.0755767
0.0752283
0.0748866
0.0745515
0.0742228
0.0739004
0.073584
0.0732735
0.0729687
0.0726696
0.072376
0.0720877
0.0718046
0.0715266
0.0712536
0.0709854
0.070722
0.0704632
0.0702089
0.069959
0.0697135
0.0694721
0.0692349
0.0690018
0.0687725
0.0685472
0.0683256
0.0681077
0.0678935
0.0676828
0.0674756
0.0672718
0.0670715
0.0668744
0.0666806
0.06649
0.0663026
0.0661183
0.0659371
0.065759
0.0655839
0.0654118
0.0652426
0.0650765
0.0649133
0.0647531
0.0645958
0.0644414
0.0642899
0.0641414
0.0639958
0.0638531
0.0637134
0.0635765
0.0634426
0.0633115
0.0631833
0.0630579
0.0629352
0.0990967
0.0981907
0.0973096
0.0964527
0.0956189
0.0948074
0.0940175
0.0932483
0.092499
0.091769
0.0910575
0.090364
0.0896877
0.0890281
0.0883847
0.0877568
0.0871441
0.0865458
0.0859617
0.0853911
0.0848338
0.0842892
0.083757
0.0832367
0.082728
0.0822306
0.0817441
0.0812681
0.0808024
0.0803466
0.0799005
0.0794637
0.079036
0.0786172
0.0782069
0.077805
0.0774112
0.0770252
0.0766469
0.0762761
0.0759125
0.075556
0.0752064
0.0748634
0.074527
0.0741969
0.0738729
0.073555
0.073243
0.0729367
0.072636
0.0723408
0.0720508
0.071766
0.0714863
0.0712116
0.0709416
0.0706764
0.0704157
0.0701596
0.0699078
0.0696603
0.0694171
0.0691779
0.0689427
0.0687115
0.0684841
0.0682604
0.0680404
0.0678241
0.0676113
0.0674019
0.067196
0.0669934
0.0667941
0.066598
0.0664052
0.0662154
0.0660288
0.0658452
0.0656646
0.065487
0.0653124
0.0651408
0.064972
0.0648062
0.0646432
0.0644831
0.0643259
0.0641715
0.06402
0.0638713
0.0637255
0.0635824
0.0634422
0.0633048
0.0631701
0.0630383
0.0629091
0.0627825
0.0990967
0.0981907
0.0973097
0.0964528
0.0956191
0.0948077
0.0940178
0.0932486
0.0924993
0.0917693
0.0910578
0.0903641
0.0896877
0.089028
0.0883843
0.0877562
0.0871431
0.0865444
0.0859597
0.0853886
0.0848306
0.0842852
0.0837521
0.0832309
0.0827211
0.0822225
0.0817346
0.0812572
0.08079
0.0803325
0.0798846
0.079446
0.0790163
0.0785954
0.0781829
0.0777787
0.0773824
0.076994
0.0766131
0.0762396
0.0758732
0.0755138
0.0751612
0.0748153
0.0744757
0.0741425
0.0738154
0.0734942
0.0731789
0.0728692
0.0725651
0.0722663
0.0719729
0.0716846
0.0714013
0.0711229
0.0708494
0.0705805
0.0703162
0.0700563
0.0698009
0.0695497
0.0693027
0.0690598
0.0688208
0.0685858
0.0683547
0.0681273
0.0679035
0.0676834
0.0674668
0.0672537
0.067044
0.0668376
0.0666345
0.0664346
0.0662379
0.0660444
0.0658539
0.0656665
0.0654821
0.0653006
0.0651221
0.0649466
0.0647739
0.0646041
0.0644371
0.064273
0.0641117
0.0639533
0.0637976
0.0636447
0.0634946
0.0633473
0.0632027
0.0630608
0.0629216
0.0627852
0.0626514
0.06252
0.0990968
0.0981909
0.0973101
0.0964533
0.0956197
0.0948085
0.0940187
0.0932495
0.0925003
0.0917702
0.0910585
0.0903645
0.0896877
0.0890274
0.088383
0.0877539
0.0871395
0.0865395
0.0859532
0.0853802
0.08482
0.0842722
0.0837365
0.0832123
0.0826994
0.0821974
0.0817058
0.0812245
0.0807531
0.0802913
0.0798388
0.0793954
0.0789607
0.0785346
0.0781167
0.077707
0.0773051
0.0769108
0.076524
0.0761444
0.0757719
0.0754062
0.0750473
0.0746949
0.0743489
0.0740092
0.0736755
0.0733477
0.0730258
0.0727095
0.0723988
0.0720934
0.0717933
0.0714984
0.0712086
0.0709237
0.0706436
0.0703682
0.0700974
0.0698311
0.0695693
0.0693118
0.0690585
0.0688094
0.0685643
0.0683231
0.0680859
0.0678525
0.0676228
0.0673968
0.0671743
0.0669554
0.0667399
0.0665279
0.0663191
0.0661137
0.0659115
0.0657124
0.0655165
0.0653237
0.0651339
0.0649472
0.0647634
0.0645826
0.0644047
0.0642297
0.0640575
0.0638883
0.0637218
0.0635582
0.0633974
0.0632394
0.0630842
0.0629317
0.062782
0.062635
0.0624907
0.0623491
0.0622102
0.0620736
0.0990971
0.0981914
0.0973109
0.0964544
0.0956211
0.0948099
0.09402
0.0932504
0.0925004
0.0917691
0.0910557
0.0903594
0.0896796
0.0890156
0.0883668
0.0877325
0.0871122
0.0865054
0.0859116
0.0853302
0.084761
0.0842034
0.0836571
0.0831218
0.082597
0.0820825
0.081578
0.0810832
0.0805978
0.0801215
0.0796543
0.0791957
0.0787456
0.0783039
0.0778702
0.0774444
0.0770264
0.0766159
0.0762128
0.0758169
0.0754281
0.0750463
0.0746712
0.0743027
0.0739408
0.0735852
0.0732359
0.0728927
0.0725555
0.0722241
0.0718985
0.0715786
0.0712642
0.0709552
0.0706515
0.070353
0.0700596
0.0697712
0.0694878
0.0692091
0.0689352
0.0686658
0.068401
0.0681407
0.0678847
0.0676329
0.0673854
0.067142
0.0669026
0.0666672
0.0664357
0.066208
0.065984
0.0657638
0.0655472
0.0653341
0.0651246
0.0649186
0.0647159
0.0645167
0.0643208
0.0641281
0.0639388
0.0637526
0.0635697
0.0633898
0.0632132
0.0630396
0.0628691
0.0627017
0.0625373
0.0623759
0.0622175
0.0620621
0.0619096
0.06176
0.0616133
0.0614695
0.0613285
0.06119
0.0990979
0.0981929
0.0973128
0.0964562
0.0956215
0.0948073
0.0940121
0.0932346
0.0924735
0.0917278
0.0909964
0.0902786
0.0895736
0.0888809
0.0881999
0.0875302
0.0868715
0.0862235
0.085586
0.0849588
0.0843417
0.0837347
0.0831376
0.0825503
0.0819727
0.0814049
0.0808467
0.080298
0.0797588
0.0792291
0.0787088
0.0781977
0.0776959
0.0772033
0.0767198
0.0762452
0.0757796
0.0753229
0.0748749
0.0744356
0.0740048
0.0735824
0.0731684
0.0727626
0.0723649
0.0719752
0.0715933
0.0712191
0.0708526
0.0704934
0.0701416
0.069797
0.0694595
0.0691289
0.0688051
0.068488
0.0681774
0.0678732
0.0675753
0.0672836
0.066998
0.0667182
0.0664443
0.066176
0.0659134
0.0656562
0.0654044
0.0651578
0.0649164
0.06468
0.0644487
0.0642222
0.0640005
0.0637835
0.0635711
0.0633633
0.0631599
0.062961
0.0627664
0.0625761
0.06239
0.062208
0.0620301
0.0618563
0.0616865
0.0615206
0.0613587
0.0612006
0.0610463
0.0608957
0.0607489
0.0606058
0.0604663
0.0603304
0.0601981
0.0600693
0.0599439
0.059822
0.0597034
0.0595881
0.0991009
0.0981988
0.0973192
0.0964581
0.0956112
0.0947753
0.0939476
0.0931263
0.0923103
0.0914991
0.0906926
0.0898912
0.0890952
0.0883055
0.0875227
0.0867477
0.0859812
0.0852241
0.084477
0.0837408
0.083016
0.0823032
0.0816029
0.0809157
0.0802419
0.0795818
0.0789357
0.0783039
0.0776866
0.0770839
0.0764959
0.0759227
0.0753643
0.0748207
0.0742919
0.0737779
0.0732785
0.0727936
0.0723231
0.0718667
0.0714241
0.0709951
0.0705794
0.0701767
0.0697866
0.069409
0.0690434
0.0686896
0.0683472
0.068016
0.0676956
0.0673857
0.0670861
0.0667965
0.0665165
0.0662459
0.0659845
0.065732
0.0654882
0.0652527
0.0650255
0.0648061
0.0645946
0.0643905
0.0641938
0.0640042
0.0638216
0.0636458
0.0634766
0.0633139
0.0631575
0.0630072
0.0628629
0.0627245
0.0625918
0.0624647
0.0623431
0.0622269
0.062116
0.0620103
0.0619096
0.0618139
0.0617232
0.0616372
0.0615559
0.0614794
0.0614074
0.0613399
0.0612768
0.0612181
0.0611637
0.0611135
0.0610674
0.0610255
0.0609875
0.0609535
0.0609234
0.0608971
0.0608746
0.0608557
0.0991358
0.0982794
0.0974387
0.0965948
0.0957345
0.0948511
0.0939435
0.0930135
0.0920651
0.0911031
0.0901329
0.0891595
0.0881883
0.0872236
0.08627
0.085331
0.0844101
0.0835102
0.0826337
0.0817827
0.080959
0.080164
0.079399
0.0786649
0.0779623
0.077292
0.0766543
0.0760493
0.0754773
0.0749381
0.0744318
0.073958
0.0735165
0.0731069
0.0727286
0.0723812
0.0720639
0.0717761
0.0715144
0.0712772
0.071063
0.0708706
0.0706985
0.0705458
0.0704112
0.0702937
0.0701922
0.070106
0.070034
0.0699756
0.0699299
0.0698963
0.069874
0.0698624
0.069861
0.0698692
0.0698865
0.0699123
0.0699464
0.0699882
0.0700373
0.0700934
0.0701562
0.0702252
0.0703002
0.0703809
0.070467
0.0705582
0.0706542
0.0707548
0.0708599
0.070969
0.0710821
0.071199
0.0713195
0.0714433
0.0715705
0.0717008
0.0718342
0.0719705
0.0721097
0.0722516
0.0723962
0.0725435
0.0726933
0.0728456
0.0730005
0.0731577
0.0733173
0.0734792
0.0736434
0.0738098
0.0739784
0.0741491
0.0743219
0.0744967
0.0746734
0.0748521
0.0750327
0.0752154
0.0997599
0.0996628
0.0995688
0.0993734
0.0990337
0.0985525
0.0979521
0.0972609
0.0965067
0.0957153
0.0949094
0.0941086
0.0933291
0.0925843
0.091885
0.0912398
0.0906553
0.0901365
0.0896871
0.0893098
0.0890062
0.0887773
0.0886234
0.0885444
0.0885398
0.0886087
0.0887498
0.0889615
0.0892421
0.0895894
0.090001
0.0904742
0.0910058
0.0915925
0.0922308
0.0929167
0.0936464
0.0944155
0.0951759
0.0959274
0.0966703
0.0974047
0.0981306
0.0988482
0.0995573
0.100258
0.10095
0.101633
0.102308
0.102974
0.103631
0.10428
0.10492
0.105551
0.106173
0.106787
0.107392
0.107988
0.108576
0.109155
0.109726
0.110289
0.110843
0.111389
0.111926
0.112456
0.112978
0.113491
0.113997
0.114495
0.114986
0.115469
0.115944
0.116413
0.116874
0.117328
0.117775
0.118215
0.118649
0.119076
0.119496
0.11991
0.120317
0.120718
0.121113
0.121501
0.121883
0.122259
0.122628
0.122991
0.123348
0.123699
0.124044
0.124382
0.124714
0.12504
0.12536
0.125674
0.125981
0.126283
0.118648
0.134758
0.148386
0.159735
0.169063
0.176618
0.182642
0.187357
0.190968
0.193657
0.195582
0.196879
0.197663
0.19803
0.198059
0.197819
0.197363
0.196738
0.19598
0.19512
0.194183
0.193189
0.192155
0.191095
0.190019
0.188936
0.187855
0.18678
0.185716
0.184668
0.183637
0.182628
0.181641
0.180677
0.179739
0.178826
0.177939
0.177079
0.176253
0.175459
0.174693
0.173954
0.173239
0.172547
0.171876
0.171225
0.170592
0.169978
0.16938
0.168798
0.168231
0.167679
0.16714
0.166614
0.166101
0.1656
0.16511
0.164631
0.164162
0.163703
0.163253
0.162811
0.162378
0.161952
0.161534
0.161122
0.160716
0.160316
0.159922
0.159532
0.159146
0.158764
0.158386
0.15801
0.157637
0.157265
0.156895
0.156526
0.156158
0.155789
0.155421
0.155051
0.154681
0.154308
0.153934
0.153558
0.153178
0.152796
0.152411
0.152022
0.151629
0.151232
0.15083
0.150424
0.150013
0.149598
0.149177
0.148752
0.148321
0.147885
0.159246
0.149908
0.137629
0.124543
0.112021
0.100663
0.095036
0.0902153
0.086064
0.0824508
0.0792787
0.0764774
0.0739944
0.0717909
0.0698342
0.0680955
0.0665498
0.0651762
0.0639557
0.0628702
0.061904
0.0610453
0.060284
0.0596131
0.0590213
0.115742
0.112641
0.10858
0.103453
0.0972297
0.0900846
0.0861208
0.0824869
0.0792244
0.0763201
0.0737491
0.0714847
0.069499
0.0677635
0.0662504
0.0649328
0.0637856
0.0627855
0.0619117
0.0611459
0.0604725
0.0598797
0.0593578
0.0588984
0.0584892
0.0695892
0.0690243
0.0683238
0.0674679
0.0664234
0.0651721
0.0644668
0.0638
0.0631713
0.0625861
0.0620447
0.0615467
0.0610912
0.0606764
0.0602993
0.0599567
0.0596446
0.0593592
0.0590967
0.0588539
0.058628
0.0584172
0.0582199
0.0580336
0.0578538
0.0593899
0.059278
0.0591496
0.0590052
0.0588584
0.0587071
0.0586361
0.0585906
0.0585539
0.0585291
0.058514
0.0585044
0.058497
0.0584893
0.0584789
0.0584641
0.0584432
0.0584152
0.0583794
0.0583355
0.0582835
0.0582236
0.0581561
0.0580804
0.0579953
0.0597883
0.0597415
0.0596985
0.0596618
0.05964
0.0596009
0.0595857
0.0595909
0.0595902
0.0595891
0.0595865
0.0595793
0.0595661
0.059546
0.0595186
0.0594837
0.059441
0.0593905
0.0593322
0.0592663
0.059193
0.0591123
0.0590244
0.0589289
0.0588255
0.0616971
0.0616307
0.0615601
0.0614846
0.0614055
0.061285
0.0612139
0.0611589
0.0610961
0.0610324
0.0609684
0.0609024
0.0608333
0.0607606
0.060684
0.060603
0.0605171
0.060426
0.0603296
0.0602277
0.0601203
0.0600071
0.0598883
0.0597636
0.059633
0.0625508
0.0624676
0.062375
0.0622728
0.0621625
0.0620092
0.0619186
0.0618429
0.0617603
0.0616767
0.0615922
0.0615051
0.0614144
0.0613197
0.0612205
0.0611168
0.0610083
0.060895
0.0607769
0.0606539
0.0605262
0.0603939
0.060257
0.0601154
0.0599695
0.0628738
0.0627775
0.0626666
0.0625406
0.0624006
0.062216
0.0621074
0.0620127
0.0619126
0.0618122
0.0617118
0.0616099
0.0615057
0.0613987
0.0612887
0.0611753
0.0610584
0.0609377
0.0608131
0.0606845
0.060552
0.0604155
0.0602751
0.0601306
0.0599824
0.0630201
0.0629126
0.0627867
0.0626409
0.0624762
0.062266
0.0621431
0.062034
0.0619212
0.0618092
0.061698
0.0615864
0.0614733
0.0613584
0.0612412
0.0611214
0.0609987
0.0608729
0.0607438
0.0606114
0.0604756
0.0603364
0.0601937
0.0600476
0.0598982
0.0630716
0.062955
0.0628166
0.0626544
0.0624684
0.0622359
0.0621003
0.0619782
0.0618536
0.0617305
0.061609
0.061488
0.0613664
0.0612439
0.06112
0.0609945
0.0608669
0.0607369
0.0606045
0.0604695
0.0603317
0.0601911
0.0600476
0.0599012
0.059752
0.0630767
0.0629524
0.0628037
0.0626277
0.0624239
0.0621722
0.0620256
0.0618922
0.0617573
0.0616247
0.0614943
0.061365
0.0612361
0.061107
0.0609773
0.0608466
0.0607145
0.0605809
0.0604453
0.0603077
0.0601679
0.0600258
0.0598812
0.0597342
0.0595847
0.0630587
0.062928
0.0627706
0.0625829
0.0623638
0.0620954
0.0619391
0.0617956
0.0616514
0.0615099
0.0613712
0.0612342
0.0610982
0.0609626
0.060827
0.060691
0.0605544
0.0604166
0.0602775
0.0601369
0.0599945
0.0598502
0.0597039
0.0595555
0.059405
0.0630253
0.062889
0.0627242
0.0625266
0.0622944
0.0620111
0.0618462
0.0616935
0.0615408
0.0613911
0.0612444
0.0610999
0.0609568
0.0608147
0.060673
0.0605315
0.0603897
0.0602473
0.0601039
0.0599595
0.0598136
0.0596662
0.0595172
0.0593663
0.0592137
0.0629763
0.0628352
0.0626639
0.0624576
0.0622137
0.0619169
0.061744
0.0615828
0.0614219
0.0612642
0.0611097
0.0609577
0.0608074
0.0606583
0.0605101
0.0603624
0.0602148
0.0600669
0.0599184
0.0597691
0.0596188
0.0594672
0.0593142
0.0591596
0.0590035
0.0629088
0.0627631
0.0625857
0.0623712
0.0621162
0.0618064
0.0616255
0.0614559
0.0612868
0.0611208
0.0609583
0.0607982
0.0606401
0.0604834
0.0603278
0.060173
0.0600184
0.0598638
0.059709
0.0595535
0.0593972
0.0592399
0.0590813
0.0589214
0.0587602
0.0628111
0.0626606
0.0624768
0.0622538
0.0619873
0.0616634
0.0614741
0.0612954
0.0611173
0.0609423
0.0607707
0.0606016
0.0604344
0.0602689
0.0601046
0.0599411
0.0597781
0.0596152
0.0594523
0.0592889
0.0591248
0.05896
0.0587941
0.058627
0.0584587
0.0626542
0.0624981
0.0623069
0.0620742
0.0617948
0.0614549
0.0612556
0.0610667
0.0608783
0.0606929
0.0605107
0.060331
0.0601533
0.0599773
0.0598026
0.0596288
0.0594557
0.0592829
0.0591102
0.0589373
0.058764
0.05859
0.0584153
0.0582396
0.0580629
0.0623866
0.062224
0.0620244
0.0617808
0.0614871
0.0611294
0.0609194
0.0607193
0.0605198
0.0603232
0.0601297
0.0599388
0.05975
0.059563
0.0593774
0.0591931
0.0590096
0.0588267
0.0586442
0.0584618
0.0582793
0.0580966
0.0579135
0.0577298
0.0575456
0.0619348
0.0617653
0.0615569
0.0613021
0.0609943
0.0606194
0.0603992
0.0601889
0.0599794
0.059773
0.0595699
0.0593697
0.0591719
0.0589762
0.0587825
0.0585905
0.0583999
0.0582104
0.0580219
0.0578341
0.0576469
0.05746
0.0572734
0.0570869
0.0569005
0.0610494
0.0608777
0.060667
0.0604098
0.0600997
0.0597236
0.0595036
0.0592937
0.0590854
0.0588808
0.0586802
0.0584832
0.0582894
0.0580986
0.0579107
0.0577252
0.0575421
0.0573611
0.057182
0.0570046
0.0568288
0.0566544
0.0564812
0.0563091
0.0561382
0.0594721
0.0593319
0.0591621
0.0589585
0.0587188
0.0584359
0.0582747
0.058125
0.0579795
0.05784
0.0577067
0.0575794
0.0574577
0.0573413
0.0572299
0.0571234
0.0570215
0.056924
0.0568306
0.0567412
0.0566554
0.0565733
0.0564945
0.0564189
0.0563465
0.0608404
0.060827
0.060818
0.0608187
0.0608387
0.0608856
0.0609246
0.0609773
0.0610378
0.0611072
0.0611854
0.0612722
0.0613669
0.0614691
0.0615784
0.0616944
0.0618166
0.0619445
0.0620779
0.0622162
0.0623591
0.0625062
0.0626573
0.0628119
0.0629699
0.0754068
0.0756502
0.0759603
0.0763567
0.0768649
0.0775122
0.0779054
0.0783102
0.0787207
0.0791367
0.0795578
0.079983
0.0804115
0.0808422
0.0812742
0.0817067
0.0821388
0.0825697
0.0829985
0.0834245
0.083847
0.0842655
0.0846794
0.0850881
0.0854913
0.126588
0.126961
0.127415
0.127961
0.128613
0.129379
0.12982
0.13025
0.130662
0.131056
0.13143
0.131786
0.132123
0.132439
0.132736
0.133012
0.133268
0.133505
0.133721
0.133917
0.134094
0.134251
0.13439
0.13451
0.134613
0.14743
0.146853
0.146121
0.145185
0.143979
0.142368
0.141351
0.140276
0.139166
0.138028
0.13686
0.135661
0.134435
0.133183
0.131906
0.130609
0.129293
0.12796
0.126614
0.125257
0.123892
0.12252
0.121146
0.11977
0.118396
0.058484
0.0579901
0.0575359
0.0571197
0.056738
0.0563867
0.0560627
0.0557628
0.0554844
0.0552249
0.0549821
0.054754
0.0545387
0.0543348
0.0541408
0.0539554
0.0537776
0.0536064
0.0534409
0.0532804
0.0531242
0.0529717
0.0528224
0.0526759
0.0525317
0.0523895
0.0522489
0.0521098
0.0519718
0.0518348
0.0516985
0.0515629
0.0514277
0.0512929
0.0511583
0.0510239
0.0508895
0.0507551
0.0506207
0.0504862
0.0503515
0.0502167
0.0500816
0.0499463
0.0498108
0.049675
0.0495389
0.0494025
0.0492659
0.0491289
0.0489917
0.0488542
0.0487164
0.0485783
0.04844
0.0483014
0.0481625
0.0480234
0.047884
0.0477445
0.0476047
0.0474647
0.0473245
0.0471841
0.0470436
0.0469029
0.046762
0.0466211
0.04648
0.0463387
0.0461974
0.046056
0.0459146
0.045773
0.0456314
0.0454898
0.0453482
0.0452065
0.0450648
0.0449231
0.0447815
0.0446398
0.0444982
0.0443566
0.0442151
0.0440737
0.0439323
0.043791
0.0436498
0.0435087
0.0433676
0.0432268
0.043086
0.0429453
0.0428048
0.0426645
0.0425243
0.0423842
0.0422444
0.0421047
0.0419651
0.0418258
0.0416866
0.0415477
0.0414089
0.0412704
0.041132
0.0409939
0.040856
0.0407184
0.0405809
0.0404437
0.0403068
0.0401701
0.0400336
0.0398974
0.0397614
0.0396257
0.0394903
0.0393551
0.0392202
0.0390856
0.0389513
0.0388172
0.0386831
0.0581082
0.0577502
0.0574142
0.0571005
0.0568078
0.0565339
0.0562771
0.0560354
0.0558071
0.0555908
0.0553849
0.0551882
0.0549995
0.0548179
0.0546424
0.0544722
0.0543066
0.0541451
0.053987
0.053832
0.0536795
0.0535292
0.0533808
0.053234
0.0530885
0.0529441
0.0528007
0.052658
0.0525158
0.0523742
0.0522329
0.0520919
0.051951
0.0518102
0.0516694
0.0515287
0.0513878
0.0512469
0.0511058
0.0509645
0.0508231
0.0506814
0.0505396
0.0503975
0.0502552
0.0501126
0.0499698
0.0498268
0.0496835
0.04954
0.0493963
0.0492524
0.0491082
0.0489638
0.0488193
0.0486745
0.0485296
0.0483845
0.0482393
0.0480939
0.0479484
0.0478027
0.047657
0.0475111
0.0473651
0.0472191
0.047073
0.0469269
0.0467807
0.0466345
0.0464882
0.0463419
0.0461957
0.0460494
0.0459032
0.045757
0.0456108
0.0454647
0.0453186
0.0451726
0.0450267
0.0448809
0.0447352
0.0445896
0.044444
0.0442986
0.0441534
0.0440083
0.0438633
0.0437184
0.0435738
0.0434293
0.0432849
0.0431408
0.0429968
0.042853
0.0427094
0.042566
0.0424229
0.0422799
0.0421372
0.0419947
0.0418524
0.0417103
0.0415685
0.041427
0.0412856
0.0411446
0.0410038
0.0408632
0.0407229
0.0405829
0.0404432
0.0403037
0.0401645
0.0400256
0.039887
0.0397486
0.0396106
0.0394729
0.0393354
0.0391983
0.0390614
0.0389248
0.0387883
0.0576723
0.0574886
0.0573041
0.0571208
0.0569397
0.0567612
0.0565854
0.0564124
0.0562421
0.0560745
0.0559092
0.0557461
0.0555851
0.0554258
0.0552682
0.0551119
0.0549569
0.054803
0.05465
0.0544978
0.0543463
0.0541953
0.0540449
0.0538947
0.0537449
0.0535953
0.0534459
0.0532966
0.0531474
0.0529981
0.0528489
0.0526996
0.0525502
0.0524008
0.0522512
0.0521016
0.0519518
0.0518018
0.0516517
0.0515014
0.051351
0.0512004
0.0510497
0.0508988
0.0507478
0.0505967
0.0504453
0.0502939
0.0501423
0.0499907
0.0498389
0.049687
0.049535
0.0493829
0.0492308
0.0490786
0.0489263
0.048774
0.0486217
0.0484694
0.048317
0.0481646
0.0480122
0.0478599
0.0477075
0.0475552
0.047403
0.0472508
0.0470986
0.0469465
0.0467945
0.0466426
0.0464908
0.0463391
0.0461875
0.046036
0.0458847
0.0457335
0.0455824
0.0454315
0.0452807
0.0451301
0.0449797
0.0448295
0.0446794
0.0445295
0.0443799
0.0442304
0.0440811
0.0439321
0.0437833
0.0436347
0.0434863
0.0433382
0.0431903
0.0430427
0.0428953
0.0427481
0.0426012
0.0424546
0.0423083
0.0421622
0.0420164
0.0418709
0.0417256
0.0415806
0.041436
0.0412916
0.0411475
0.0410037
0.0408602
0.0407171
0.0405742
0.0404316
0.0402894
0.0401474
0.0400058
0.0398645
0.0397236
0.0395829
0.0394426
0.0393026
0.0391629
0.0390236
0.0388842
0.0578979
0.0577892
0.0576713
0.0575462
0.0574156
0.0572806
0.0571421
0.0570008
0.0568573
0.0567119
0.0565649
0.0564167
0.0562673
0.056117
0.0559658
0.0558139
0.0556612
0.0555079
0.0553541
0.0551997
0.0550449
0.0548896
0.0547339
0.0545778
0.0544213
0.0542645
0.0541074
0.05395
0.0537923
0.0536343
0.0534761
0.0533177
0.0531591
0.0530002
0.0528412
0.052682
0.0525227
0.0523632
0.0522036
0.0520438
0.051884
0.0517241
0.0515641
0.051404
0.0512439
0.0510837
0.0509235
0.0507633
0.0506031
0.0504429
0.0502827
0.0501225
0.0499624
0.0498022
0.0496422
0.0494822
0.0493223
0.0491624
0.0490027
0.048843
0.0486834
0.048524
0.0483647
0.0482055
0.0480465
0.0478875
0.0477288
0.0475702
0.0474118
0.0472535
0.0470954
0.0469376
0.0467799
0.0466224
0.0464651
0.046308
0.0461511
0.0459945
0.0458381
0.0456819
0.045526
0.0453703
0.0452148
0.0450596
0.0449047
0.04475
0.0445956
0.0444414
0.0442875
0.0441339
0.0439806
0.0438276
0.0436748
0.0435224
0.0433702
0.0432183
0.0430668
0.0429155
0.0427646
0.0426139
0.0424636
0.0423136
0.0421639
0.0420145
0.0418655
0.0417167
0.0415684
0.0414203
0.0412726
0.0411252
0.0409781
0.0408314
0.0406851
0.040539
0.0403934
0.0402481
0.0401031
0.0399585
0.0398143
0.0396704
0.0395268
0.0393837
0.0392409
0.0390984
0.038956
0.0587122
0.0585907
0.0584622
0.058328
0.0581891
0.0580465
0.0579006
0.0577522
0.0576015
0.0574489
0.0572946
0.0571389
0.0569819
0.0568237
0.0566645
0.0565043
0.0563434
0.0561816
0.0560191
0.055856
0.0556923
0.055528
0.0553633
0.0551981
0.0550325
0.0548665
0.0547002
0.0545336
0.0543667
0.0541996
0.0540322
0.0538647
0.0536969
0.0535291
0.0533611
0.053193
0.0530248
0.0528566
0.0526883
0.05252
0.0523517
0.0521834
0.0520151
0.0518468
0.0516786
0.0515104
0.0513423
0.0511743
0.0510064
0.0508385
0.0506708
0.0505032
0.0503358
0.0501685
0.0500013
0.0498343
0.0496674
0.0495008
0.0493343
0.049168
0.0490019
0.048836
0.0486703
0.0485048
0.0483396
0.0481746
0.0480098
0.0478452
0.0476809
0.0475169
0.0473531
0.0471895
0.0470262
0.0468632
0.0467005
0.046538
0.0463758
0.0462139
0.0460522
0.0458909
0.0457299
0.0455691
0.0454087
0.0452485
0.0450887
0.0449292
0.0447699
0.044611
0.0444525
0.0442942
0.0441363
0.0439787
0.0438214
0.0436645
0.0435079
0.0433516
0.0431957
0.0430401
0.0428848
0.0427299
0.0425754
0.0424212
0.0422674
0.0421139
0.0419608
0.041808
0.0416556
0.0415036
0.041352
0.0412007
0.0410498
0.0408993
0.0407491
0.0405993
0.04045
0.040301
0.0401524
0.0400042
0.0398563
0.0397089
0.0395619
0.0394152
0.039269
0.0391231
0.0389773
0.0594948
0.0593507
0.0592018
0.0590486
0.058892
0.0587325
0.0585706
0.0584067
0.0582412
0.0580743
0.0579062
0.0577372
0.0575674
0.0573968
0.0572255
0.0570538
0.0568815
0.0567088
0.0565357
0.0563623
0.0561886
0.0560147
0.0558405
0.0556661
0.0554915
0.0553168
0.0551419
0.0549669
0.0547918
0.0546167
0.0544415
0.0542662
0.054091
0.0539157
0.0537405
0.0535652
0.05339
0.0532149
0.0530398
0.0528647
0.0526898
0.0525149
0.0523402
0.0521656
0.0519911
0.0518167
0.0516425
0.0514684
0.0512945
0.0511207
0.0509472
0.0507738
0.0506006
0.0504276
0.0502547
0.0500821
0.0499098
0.0497376
0.0495657
0.0493939
0.0492225
0.0490512
0.0488802
0.0487095
0.048539
0.0483688
0.0481988
0.0480291
0.0478597
0.0476906
0.0475217
0.0473531
0.0471848
0.0470168
0.0468491
0.0466817
0.0465146
0.0463478
0.0461813
0.0460151
0.0458492
0.0456837
0.0455184
0.0453535
0.0451889
0.0450247
0.0448607
0.0446971
0.0445339
0.044371
0.0442085
0.0440463
0.0438844
0.0437229
0.0435618
0.043401
0.0432406
0.0430805
0.0429208
0.0427615
0.0426026
0.042444
0.0422858
0.042128
0.0419706
0.0418136
0.0416569
0.0415007
0.0413448
0.0411894
0.0410343
0.0408797
0.0407254
0.0405716
0.0404182
0.0402652
0.0401127
0.0399606
0.0398089
0.0396576
0.0395067
0.0393563
0.0392064
0.0390568
0.0389074
0.0598174
0.0596609
0.059501
0.059338
0.0591723
0.0590045
0.0588349
0.0586637
0.0584914
0.058318
0.0581438
0.0579689
0.0577934
0.0576174
0.0574409
0.0572641
0.0570869
0.0569095
0.0567318
0.0565539
0.0563759
0.0561976
0.0560193
0.0558408
0.0556623
0.0554837
0.055305
0.0551262
0.0549475
0.0547687
0.0545899
0.0544111
0.0542323
0.0540536
0.0538749
0.0536962
0.0535176
0.053339
0.0531606
0.0529822
0.0528039
0.0526257
0.0524476
0.0522696
0.0520917
0.051914
0.0517364
0.0515589
0.0513816
0.0512044
0.0510274
0.0508506
0.0506739
0.0504974
0.0503211
0.050145
0.049969
0.0497933
0.0496178
0.0494425
0.0492674
0.0490925
0.0489178
0.0487434
0.0485692
0.0483952
0.0482215
0.0480481
0.0478749
0.0477019
0.0475292
0.0473568
0.0471847
0.0470128
0.0468412
0.0466699
0.0464988
0.0463281
0.0461577
0.0459875
0.0458177
0.0456481
0.0454789
0.04531
0.0451414
0.0449732
0.0448053
0.0446377
0.0444705
0.0443036
0.044137
0.0439708
0.043805
0.0436395
0.0434744
0.0433097
0.0431453
0.0429813
0.0428177
0.0426545
0.0424917
0.0423293
0.0421673
0.0420057
0.0418445
0.0416837
0.0415233
0.0413634
0.0412039
0.0410449
0.0408862
0.0407281
0.0405704
0.0404131
0.0402563
0.0401
0.0399441
0.0397887
0.0396338
0.0394794
0.0393254
0.039172
0.0390191
0.0388666
0.0387143
0.0598285
0.0596709
0.0595103
0.0593468
0.0591809
0.0590129
0.0588432
0.058672
0.0584996
0.0583261
0.0581518
0.0579767
0.057801
0.0576247
0.057448
0.0572708
0.0570933
0.0569155
0.0567374
0.0565591
0.0563806
0.0562018
0.056023
0.0558439
0.0556648
0.0554856
0.0553062
0.0551268
0.0549473
0.0547678
0.0545882
0.0544086
0.0542289
0.0540493
0.0538696
0.05369
0.0535103
0.0533307
0.0531511
0.0529716
0.0527921
0.0526127
0.0524333
0.052254
0.0520747
0.0518956
0.0517165
0.0515376
0.0513587
0.05118
0.0510013
0.0508228
0.0506444
0.0504662
0.0502881
0.0501102
0.0499324
0.0497547
0.0495773
0.0494
0.0492228
0.0490459
0.0488691
0.0486926
0.0485162
0.0483401
0.0481642
0.0479884
0.047813
0.0476377
0.0474627
0.0472879
0.0471133
0.0469391
0.046765
0.0465913
0.0464178
0.0462446
0.0460716
0.045899
0.0457267
0.0455546
0.0453829
0.0452114
0.0450403
0.0448695
0.0446991
0.0445289
0.0443592
0.0441897
0.0440206
0.0438519
0.0436836
0.0435156
0.043348
0.0431807
0.0430139
0.0428475
0.0426815
0.0425158
0.0423506
0.0421858
0.0420215
0.0418576
0.0416941
0.0415311
0.0413685
0.0412064
0.0410447
0.0408835
0.0407228
0.0405626
0.0404029
0.0402437
0.040085
0.0399268
0.0397691
0.0396119
0.0394553
0.0392992
0.0391436
0.0389886
0.0388342
0.0386802
0.0385265
0.0597437
0.059586
0.0594256
0.0592627
0.0590975
0.0589305
0.0587618
0.0585917
0.0584204
0.058248
0.0580747
0.0579006
0.0577259
0.0575505
0.0573746
0.0571982
0.0570215
0.0568443
0.0566668
0.056489
0.0563109
0.0561325
0.0559539
0.0557752
0.0555962
0.055417
0.0552377
0.0550582
0.0548786
0.0546989
0.054519
0.0543391
0.054159
0.0539789
0.0537987
0.0536184
0.053438
0.0532577
0.0530773
0.0528969
0.0527164
0.0525359
0.0523555
0.052175
0.0519946
0.0518141
0.0516337
0.0514534
0.0512731
0.0510928
0.0509126
0.0507325
0.0505524
0.0503725
0.0501926
0.0500128
0.0498332
0.0496536
0.0494742
0.0492949
0.0491158
0.0489368
0.0487579
0.0485792
0.0484007
0.0482224
0.0480442
0.0478663
0.0476885
0.047511
0.0473337
0.0471565
0.0469797
0.046803
0.0466266
0.0464505
0.0462746
0.046099
0.0459237
0.0457487
0.0455739
0.0453995
0.0452253
0.0450515
0.044878
0.0447048
0.044532
0.0443595
0.0441874
0.0440156
0.0438442
0.0436732
0.0435026
0.0433324
0.0431626
0.0429932
0.0428242
0.0426557
0.0424875
0.0423199
0.0421527
0.0419859
0.0418196
0.0416538
0.0414885
0.0413237
0.0411594
0.0409956
0.0408323
0.0406696
0.0405074
0.0403457
0.0401846
0.0400241
0.0398641
0.0397047
0.0395459
0.0393877
0.0392301
0.0390731
0.0389168
0.038761
0.0386059
0.0384514
0.0382972
0.0595981
0.0594413
0.0592822
0.0591208
0.0589573
0.058792
0.058625
0.0584567
0.0582871
0.0581163
0.0579446
0.057772
0.0575986
0.0574246
0.0572498
0.0570745
0.0568987
0.0567224
0.0565456
0.0563684
0.0561909
0.0560129
0.0558347
0.0556561
0.0554773
0.0552981
0.0551187
0.0549391
0.0547592
0.0545791
0.0543987
0.0542182
0.0540375
0.0538567
0.0536757
0.0534945
0.0533132
0.0531318
0.0529503
0.0527686
0.0525869
0.0524051
0.0522232
0.0520413
0.0518593
0.0516773
0.0514953
0.0513132
0.0511311
0.050949
0.050767
0.050585
0.050403
0.050221
0.0500391
0.0498573
0.0496755
0.0494938
0.0493122
0.0491307
0.0489493
0.0487681
0.048587
0.048406
0.0482251
0.0480445
0.047864
0.0476836
0.0475035
0.0473236
0.0471438
0.0469643
0.046785
0.046606
0.0464272
0.0462487
0.0460704
0.0458925
0.0457148
0.0455374
0.0453603
0.0451836
0.0450071
0.044831
0.0446553
0.0444799
0.0443049
0.0441303
0.0439561
0.0437823
0.0436089
0.0434359
0.0432634
0.0430913
0.0429197
0.0427485
0.0425778
0.0424076
0.0422379
0.0420687
0.0419001
0.0417319
0.0415643
0.0413973
0.0412308
0.0410649
0.0408996
0.0407349
0.0405708
0.0404073
0.0402445
0.0400822
0.0399207
0.0397598
0.0395995
0.0394399
0.0392811
0.0391229
0.0389654
0.0388087
0.0386526
0.0384973
0.0383428
0.0381889
0.0380356
0.0594309
0.0592746
0.0591162
0.0589556
0.0587931
0.0586289
0.0584631
0.0582958
0.0581273
0.0579575
0.0577867
0.0576149
0.0574422
0.0572688
0.0570945
0.0569196
0.056744
0.0565679
0.0563912
0.0562139
0.0560362
0.055858
0.0556794
0.0555004
0.0553209
0.0551411
0.0549609
0.0547803
0.0545995
0.0544183
0.0542368
0.0540551
0.0538731
0.0536908
0.0535084
0.0533257
0.0531428
0.0529597
0.0527764
0.052593
0.0524094
0.0522257
0.0520418
0.0518579
0.0516738
0.0514897
0.0513055
0.0511212
0.0509368
0.0507525
0.0505681
0.0503837
0.0501993
0.0500149
0.0498306
0.0496462
0.049462
0.0492778
0.0490936
0.0489096
0.0487257
0.0485419
0.0483582
0.0481746
0.0479912
0.047808
0.0476249
0.047442
0.0472594
0.0470769
0.0468947
0.0467127
0.046531
0.0463495
0.0461684
0.0459875
0.0458069
0.0456267
0.0454467
0.0452672
0.0450879
0.0449091
0.0447306
0.0445526
0.0443749
0.0441977
0.0440209
0.0438446
0.0436687
0.0434934
0.0433185
0.0431441
0.0429702
0.0427969
0.0426241
0.0424519
0.0422803
0.0421092
0.0419388
0.0417689
0.0415997
0.0414312
0.0412632
0.041096
0.0409294
0.0407636
0.0405984
0.040434
0.0402703
0.0401073
0.0399451
0.0397837
0.0396231
0.0394632
0.0393042
0.039146
0.0389886
0.0388321
0.0386764
0.0385216
0.0383677
0.0382147
0.0380625
0.0379112
0.0377606
0.0592505
0.0590937
0.0589349
0.0587742
0.0586117
0.0584475
0.0582818
0.0581145
0.057946
0.0577762
0.0576052
0.0574332
0.0572602
0.0570863
0.0569116
0.0567361
0.0565598
0.0563829
0.0562052
0.056027
0.0558481
0.0556687
0.0554888
0.0553083
0.0551274
0.054946
0.0547641
0.0545818
0.0543991
0.0542161
0.0540326
0.0538489
0.0536647
0.0534803
0.0532956
0.0531106
0.0529253
0.0527398
0.0525541
0.0523681
0.0521819
0.0519956
0.0518091
0.0516225
0.0514357
0.0512488
0.0510618
0.0508747
0.0506876
0.0505004
0.0503132
0.0501259
0.0499386
0.0497514
0.0495642
0.049377
0.0491899
0.0490028
0.0488159
0.0486291
0.0484423
0.0482558
0.0480693
0.0478831
0.047697
0.0475112
0.0473256
0.0471402
0.046955
0.0467701
0.0465856
0.0464013
0.0462173
0.0460337
0.0458504
0.0456675
0.045485
0.0453029
0.0451212
0.04494
0.0447592
0.0445788
0.044399
0.0442196
0.0440408
0.0438625
0.0436848
0.0435077
0.0433311
0.0431551
0.0429798
0.0428051
0.042631
0.0424577
0.042285
0.042113
0.0419417
0.0417712
0.0416015
0.0414325
0.0412643
0.0410969
0.0409303
0.0407646
0.0405997
0.0404357
0.0402726
0.0401104
0.0399491
0.0397887
0.0396293
0.0394708
0.0393134
0.0391569
0.0390014
0.0388469
0.0386935
0.0385411
0.0383898
0.0382395
0.0380903
0.0379423
0.0377953
0.0376494
0.0375043
0.0590572
0.0588986
0.0587383
0.0585762
0.0584123
0.0582468
0.0580798
0.0579113
0.0577414
0.0575703
0.0573979
0.0572245
0.05705
0.0568745
0.056698
0.0565207
0.0563426
0.0561636
0.0559839
0.0558035
0.0556224
0.0554407
0.0552584
0.0550754
0.0548919
0.0547078
0.0545233
0.0543382
0.0541527
0.0539667
0.0537803
0.0535935
0.0534064
0.0532189
0.053031
0.0528428
0.0526544
0.0524656
0.0522767
0.0520874
0.051898
0.0517084
0.0515186
0.0513287
0.0511386
0.0509484
0.0507582
0.0505678
0.0503775
0.0501871
0.0499966
0.0498062
0.0496159
0.0494255
0.0492353
0.0490452
0.0488551
0.0486652
0.0484755
0.0482859
0.0480965
0.0479074
0.0477184
0.0475298
0.0473414
0.0471533
0.0469655
0.0467781
0.046591
0.0464043
0.046218
0.0460321
0.0458467
0.0456617
0.0454772
0.0452933
0.0451098
0.0449269
0.0447446
0.0445628
0.0443817
0.0442012
0.0440213
0.0438421
0.0436636
0.0434858
0.0433088
0.0431325
0.042957
0.0427823
0.0426084
0.0424353
0.0422631
0.0420918
0.0419213
0.0417518
0.0415832
0.0414156
0.041249
0.0410834
0.0409188
0.0407552
0.0405927
0.0404312
0.0402709
0.0401117
0.0399536
0.0397966
0.0396408
0.0394862
0.0393329
0.0391807
0.0390298
0.0388801
0.0387317
0.0385846
0.0384387
0.0382942
0.0381511
0.0380092
0.0378687
0.0377296
0.0375919
0.0374554
0.0373202
0.0588437
0.058682
0.0585186
0.0583536
0.0581869
0.0580186
0.0578488
0.0576775
0.0575048
0.0573308
0.0571556
0.0569792
0.0568017
0.0566232
0.0564436
0.0562631
0.0560817
0.0558994
0.0557163
0.0555325
0.0553479
0.0551626
0.0549766
0.05479
0.0546028
0.054415
0.0542266
0.0540378
0.0538484
0.0536586
0.0534684
0.0532777
0.0530867
0.0528953
0.0527036
0.0525116
0.0523193
0.0521268
0.0519341
0.0517411
0.051548
0.0513548
0.0511614
0.0509679
0.0507744
0.0505808
0.0503872
0.0501936
0.0500001
0.0498066
0.0496132
0.0494199
0.0492267
0.0490337
0.0488408
0.0486482
0.0484558
0.0482637
0.0480719
0.0478803
0.0476892
0.0474983
0.0473079
0.0471179
0.0469283
0.0467391
0.0465505
0.0463624
0.0461748
0.0459878
0.0458013
0.0456155
0.0454304
0.0452459
0.0450621
0.044879
0.0446966
0.0445151
0.0443343
0.0441543
0.0439752
0.043797
0.0436196
0.0434432
0.0432677
0.0430932
0.0429197
0.0427473
0.0425758
0.0424055
0.0422362
0.0420681
0.0419011
0.0417353
0.0415706
0.0414072
0.0412451
0.0410842
0.0409245
0.0407662
0.0406093
0.0404537
0.0402994
0.0401466
0.0399952
0.0398452
0.0396967
0.0395497
0.0394042
0.0392602
0.0391178
0.0389769
0.0388376
0.0386999
0.0385638
0.0384293
0.0382965
0.0381653
0.0380358
0.037908
0.0377819
0.0376575
0.0375348
0.0374137
0.0372942
0.0585953
0.0584286
0.0582605
0.0580907
0.0579194
0.0577465
0.0575721
0.0573963
0.0572191
0.0570406
0.0568609
0.05668
0.0564979
0.0563148
0.0561307
0.0559455
0.0557595
0.0555726
0.0553849
0.0551964
0.0550072
0.0548173
0.0546267
0.0544355
0.0542437
0.0540514
0.0538586
0.0536653
0.0534715
0.0532774
0.0530829
0.052888
0.0526928
0.0524974
0.0523017
0.0521059
0.0519098
0.0517136
0.0515173
0.0513209
0.0511244
0.050928
0.0507315
0.0505351
0.0503388
0.0501426
0.0499465
0.0497506
0.0495548
0.0493594
0.0491641
0.0489692
0.0487746
0.0485803
0.0483865
0.048193
0.048
0.0478075
0.0476155
0.047424
0.0472331
0.0470428
0.0468531
0.0466641
0.0464758
0.0462882
0.0461014
0.0459153
0.0457301
0.0455457
0.0453623
0.0451797
0.044998
0.0448174
0.0446377
0.0444591
0.0442816
0.0441051
0.0439298
0.0437556
0.0435826
0.0434108
0.0432403
0.0430711
0.0429031
0.0427365
0.0425713
0.0424075
0.0422451
0.0420841
0.0419246
0.0417667
0.0416103
0.0414554
0.0413022
0.0411505
0.0410005
0.0408522
0.0407056
0.0405607
0.0404176
0.0402762
0.0401367
0.0399989
0.039863
0.039729
0.0395969
0.0394667
0.0393384
0.039212
0.0390877
0.0389653
0.0388449
0.0387265
0.0386102
0.0384959
0.0383836
0.0382735
0.0381654
0.0380594
0.0379555
0.0378537
0.037754
0.0376564
0.0375608
0.0582868
0.0581134
0.0579386
0.0577624
0.0575846
0.0574055
0.0572249
0.057043
0.0568599
0.0566755
0.0564899
0.0563032
0.0561155
0.0559268
0.0557371
0.0555465
0.0553551
0.055163
0.0549701
0.0547765
0.0545823
0.0543875
0.0541922
0.0539964
0.0538001
0.0536034
0.0534064
0.053209
0.0530113
0.0528134
0.0526153
0.0524171
0.0522187
0.0520202
0.0518217
0.0516232
0.0514246
0.0512262
0.0510279
0.0508297
0.0506317
0.0504339
0.0502364
0.0500391
0.0498422
0.0496457
0.0494496
0.0492539
0.0490587
0.048864
0.0486699
0.0484763
0.0482834
0.0480912
0.0478997
0.0477089
0.0475189
0.0473297
0.0471413
0.0469539
0.0467674
0.0465818
0.0463973
0.0462137
0.0460313
0.04585
0.0456698
0.0454908
0.0453131
0.0451366
0.0449614
0.0447875
0.0446151
0.044444
0.0442743
0.0441062
0.0439395
0.0437745
0.0436109
0.0434491
0.0432888
0.0431303
0.0429735
0.0428185
0.0426652
0.0425138
0.0423643
0.0422166
0.0420709
0.0419271
0.0417853
0.0416455
0.0415078
0.0413722
0.0412386
0.0411073
0.040978
0.040851
0.0407262
0.0406036
0.0404833
0.0403653
0.0402496
0.0401363
0.0400253
0.0399167
0.0398105
0.0397067
0.0396053
0.0395064
0.03941
0.039316
0.0392245
0.0391355
0.039049
0.038965
0.0388835
0.0388045
0.0387281
0.0386542
0.0385828
0.0385139
0.0384475
0.0383836
0.0383221
0.0578829
0.0577015
0.057519
0.0573353
0.0571503
0.0569642
0.0567769
0.0565885
0.056399
0.0562085
0.0560171
0.0558247
0.0556316
0.0554376
0.055243
0.0550476
0.0548517
0.0546553
0.0544583
0.0542609
0.0540631
0.053865
0.0536666
0.053468
0.0532692
0.0530703
0.0528713
0.0526723
0.0524732
0.0522742
0.0520754
0.0518766
0.0516781
0.0514798
0.0512818
0.0510841
0.0508868
0.05069
0.0504936
0.0502977
0.0501023
0.0499076
0.0497135
0.0495201
0.0493274
0.0491355
0.0489444
0.0487542
0.0485649
0.0483766
0.0481892
0.0480029
0.0478177
0.0476336
0.0474507
0.0472691
0.0470887
0.0469096
0.0467318
0.0465555
0.0463806
0.0462071
0.0460352
0.0458649
0.0456962
0.0455292
0.0453638
0.0452002
0.0450384
0.0448784
0.0447203
0.0445641
0.0444098
0.0442576
0.0441073
0.0439592
0.0438131
0.0436693
0.0435276
0.0433881
0.0432509
0.043116
0.0429835
0.0428533
0.0427256
0.0426003
0.0424775
0.0423571
0.0422394
0.0421242
0.0420116
0.0419017
0.0417944
0.0416898
0.0415879
0.0414888
0.0413925
0.0412989
0.0412081
0.0411202
0.0410351
0.0409529
0.0408735
0.0407971
0.0407235
0.0406529
0.0405852
0.0405204
0.0404585
0.0403996
0.0403437
0.0402906
0.0402405
0.0401933
0.0401491
0.0401077
0.0400693
0.0400337
0.040001
0.0399712
0.0399441
0.0399199
0.0398985
0.0398798
0.0398639
0.0573583
0.05717
0.0569811
0.0567914
0.0566009
0.0564096
0.0562175
0.0560248
0.0558314
0.0556374
0.0554428
0.0552478
0.0550523
0.0548565
0.0546604
0.054464
0.0542674
0.0540706
0.0538739
0.0536771
0.0534803
0.0532836
0.0530871
0.0528908
0.0526948
0.0524991
0.0523038
0.0521089
0.0519144
0.0517205
0.0515272
0.0513346
0.0511426
0.0509514
0.050761
0.0505714
0.0503827
0.050195
0.0500083
0.0498227
0.0496381
0.0494548
0.0492726
0.0490917
0.0489122
0.048734
0.0485572
0.048382
0.0482082
0.0480361
0.0478655
0.0476967
0.0475296
0.0473642
0.0472007
0.0470391
0.0468795
0.0467218
0.0465662
0.0464126
0.0462612
0.046112
0.045965
0.0458203
0.0456779
0.0455379
0.0454003
0.0452652
0.0451326
0.0450025
0.0448751
0.0447502
0.0446281
0.0445087
0.0443921
0.0442782
0.0441672
0.0440591
0.0439539
0.0438517
0.0437524
0.0436562
0.043563
0.0434728
0.0433858
0.0433019
0.0432212
0.0431437
0.0430693
0.0429982
0.0429303
0.0428657
0.0428044
0.0427464
0.0426916
0.0426402
0.0425921
0.0425474
0.0425059
0.0424678
0.0424331
0.0424016
0.0423735
0.0423487
0.0423272
0.042309
0.042294
0.0422824
0.0422739
0.0422687
0.0422667
0.0422678
0.0422721
0.0422795
0.0422899
0.0423034
0.0423198
0.0423392
0.0423615
0.0423866
0.0424146
0.0424452
0.0424786
0.0425146
0.0425533
0.0567116
0.0565225
0.0563334
0.0561442
0.0559548
0.0557653
0.0555757
0.055386
0.0551963
0.0550067
0.0548171
0.0546277
0.0544385
0.0542495
0.0540608
0.0538725
0.0536847
0.0534973
0.0533105
0.0531243
0.0529388
0.052754
0.0525701
0.052387
0.0522048
0.0520236
0.0518435
0.0516644
0.0514866
0.0513099
0.0511346
0.0509606
0.050788
0.0506169
0.0504473
0.0502793
0.050113
0.0499483
0.0497855
0.0496245
0.0494653
0.0493081
0.049153
0.0489999
0.0488489
0.0487001
0.0485535
0.0484093
0.0482674
0.0481279
0.0479909
0.0478564
0.0477245
0.0475952
0.0474686
0.0473447
0.0472237
0.0471054
0.0469901
0.0468777
0.0467682
0.0466618
0.0465585
0.0464583
0.0463613
0.0462674
0.0461768
0.0460895
0.0460055
0.0459249
0.0458476
0.0457738
0.0457034
0.0456364
0.045573
0.0455131
0.0454568
0.045404
0.0453548
0.0453093
0.0452673
0.045229
0.0451943
0.0451633
0.0451359
0.0451122
0.0450921
0.0450757
0.045063
0.0450539
0.0450484
0.0450465
0.0450483
0.0450536
0.0450625
0.045075
0.0450909
0.0451104
0.0451333
0.0451597
0.0451894
0.0452224
0.0452588
0.0452985
0.0453413
0.0453873
0.0454364
0.0454885
0.0455437
0.0456017
0.0456627
0.0457264
0.0457928
0.0458619
0.0459336
0.0460078
0.0460844
0.0461633
0.0462445
0.0463278
0.0464133
0.0465008
0.0465901
0.0466813
0.0467744
0.055966
0.0557947
0.0556244
0.0554551
0.0552867
0.0551191
0.0549526
0.054787
0.0546225
0.0544591
0.0542967
0.0541356
0.0539757
0.0538171
0.0536599
0.0535042
0.0533499
0.0531972
0.0530461
0.0528968
0.0527492
0.0526035
0.0524597
0.0523179
0.0521782
0.0520406
0.0519052
0.0517721
0.0516413
0.0515129
0.051387
0.0512637
0.051143
0.051025
0.0509097
0.0507973
0.0506877
0.0505811
0.0504776
0.0503771
0.0502797
0.0501856
0.0500947
0.0500072
0.049923
0.0498423
0.0497651
0.0496914
0.0496214
0.0495549
0.0494922
0.0494332
0.0493781
0.0493267
0.0492792
0.0492356
0.049196
0.0491603
0.0491286
0.049101
0.0490774
0.0490579
0.0490425
0.0490312
0.049024
0.049021
0.0490221
0.0490274
0.0490368
0.0490504
0.0490681
0.0490899
0.0491159
0.049146
0.0491802
0.0492184
0.0492607
0.049307
0.0493573
0.0494116
0.0494697
0.0495318
0.0495976
0.0496673
0.0497406
0.0498176
0.0498983
0.0499825
0.0500701
0.0501612
0.0502557
0.0503534
0.0504543
0.0505583
0.0506653
0.0507752
0.0508881
0.0510036
0.0511219
0.0512427
0.0513659
0.0514916
0.0516195
0.0517495
0.0518816
0.0520157
0.0521515
0.0522891
0.0524283
0.0525689
0.052711
0.0528542
0.0529986
0.053144
0.0532903
0.0534374
0.0535851
0.0537333
0.053882
0.0540309
0.05418
0.0543291
0.0544781
0.0546269
0.0547758
0.0562763
0.056209
0.0561447
0.0560833
0.0560248
0.0559692
0.0559163
0.0558664
0.0558193
0.0557752
0.0557339
0.0556956
0.0556604
0.0556282
0.0555992
0.0555733
0.0555507
0.0555313
0.0555153
0.0555028
0.0554937
0.0554882
0.0554863
0.055488
0.0554935
0.0555028
0.0555159
0.0555329
0.0555538
0.0555788
0.0556078
0.0556409
0.0556781
0.0557195
0.0557651
0.055815
0.0558691
0.0559275
0.0559902
0.0560572
0.0561286
0.0562043
0.0562843
0.0563687
0.0564574
0.0565504
0.0566477
0.0567493
0.0568551
0.0569652
0.0570794
0.0571977
0.0573202
0.0574466
0.0575771
0.0577114
0.0578496
0.0579915
0.0581371
0.0582864
0.0584391
0.0585952
0.0587547
0.0589173
0.0590831
0.0592519
0.0594235
0.0595979
0.0597749
0.0599544
0.0601363
0.0603204
0.0605066
0.0606948
0.0608848
0.0610764
0.0612696
0.0614641
0.0616598
0.0618565
0.0620542
0.0622526
0.0624515
0.0626509
0.0628505
0.0630502
0.0632498
0.0634492
0.0636482
0.0638466
0.0640444
0.0642412
0.064437
0.0646316
0.0648249
0.0650167
0.0652068
0.0653951
0.0655815
0.0657658
0.0659479
0.0661276
0.0663048
0.0664794
0.0666513
0.0668203
0.0669862
0.0671491
0.0673087
0.0674651
0.0676179
0.0677673
0.067913
0.068055
0.0681932
0.0683276
0.0684579
0.0685842
0.0687065
0.0688245
0.0689383
0.0690478
0.0691529
0.0692535
0.0693501
0.0631331
0.0632991
0.0634679
0.0636392
0.063813
0.063989
0.0641671
0.0643474
0.0645297
0.064714
0.0649003
0.0650885
0.0652786
0.0654707
0.0656647
0.0658606
0.0660585
0.0662583
0.06646
0.0666637
0.0668694
0.067077
0.0672866
0.0674981
0.0677115
0.0679268
0.068144
0.068363
0.0685838
0.0688064
0.0690307
0.0692565
0.069484
0.0697129
0.0699432
0.0701748
0.0704077
0.0706416
0.0708766
0.0711124
0.071349
0.0715862
0.0718239
0.0720619
0.0723002
0.0725385
0.0727767
0.0730146
0.0732521
0.0734891
0.0737252
0.0739605
0.0741946
0.0744275
0.0746589
0.0748886
0.0751165
0.0753424
0.0755662
0.0757876
0.0760064
0.0762225
0.0764358
0.0766459
0.0768528
0.0770563
0.0772562
0.0774524
0.0776447
0.0778329
0.0780169
0.0781966
0.0783717
0.0785422
0.078708
0.0788688
0.0790246
0.0791753
0.0793208
0.0794609
0.0795955
0.0797246
0.0798481
0.0799658
0.0800778
0.080184
0.0802842
0.0803785
0.0804668
0.0805491
0.0806252
0.0806953
0.0807592
0.080817
0.0808687
0.0809142
0.0809535
0.0809867
0.0810138
0.0810347
0.0810496
0.0810584
0.0810612
0.081058
0.0810489
0.0810339
0.081013
0.0809864
0.0809541
0.0809161
0.0808725
0.0808234
0.0807688
0.0807089
0.0806437
0.0805733
0.0804977
0.0804171
0.0803316
0.0802411
0.0801459
0.0800459
0.0799411
0.0798317
0.079718
0.0858937
0.0862897
0.0866791
0.0870618
0.0874376
0.0878064
0.0881682
0.0885229
0.0888707
0.0892115
0.0895454
0.0898724
0.0901926
0.0905062
0.0908131
0.0911134
0.0914072
0.0916945
0.0919755
0.09225
0.0925183
0.0927802
0.0930357
0.093285
0.0935279
0.0937645
0.0939946
0.0942184
0.0944356
0.0946463
0.0948505
0.0950479
0.0952386
0.0954224
0.0955994
0.0957693
0.0959322
0.0960878
0.0962362
0.0963772
0.0965108
0.0966368
0.0967552
0.0968658
0.0969686
0.0970636
0.0971505
0.0972294
0.0973002
0.0973628
0.0974172
0.0974633
0.097501
0.0975303
0.0975513
0.0975638
0.0975678
0.0975633
0.0975504
0.0975289
0.097499
0.0974607
0.0974139
0.0973586
0.097295
0.0972231
0.0971429
0.0970544
0.0969578
0.0968531
0.0967404
0.0966198
0.0964913
0.0963551
0.0962112
0.0960598
0.095901
0.0957348
0.0955615
0.0953811
0.0951937
0.0949996
0.0947988
0.0945914
0.0943777
0.0941578
0.0939318
0.0936998
0.0934621
0.0932187
0.0929699
0.0927157
0.0924565
0.0921922
0.0919231
0.0916493
0.091371
0.0910884
0.0908016
0.0905108
0.0902161
0.0899177
0.0896158
0.0893105
0.0890019
0.0886903
0.0883758
0.0880585
0.0877386
0.0874163
0.0870916
0.0867647
0.0864358
0.086105
0.0857725
0.0854383
0.0851027
0.0847657
0.0844275
0.0840882
0.0837478
0.0834065
0.0830643
0.0827211
0.0823774
0.134698
0.134766
0.134817
0.134852
0.134871
0.134874
0.134862
0.134835
0.134795
0.13474
0.134672
0.134591
0.134497
0.13439
0.134271
0.13414
0.133997
0.133842
0.133676
0.133499
0.13331
0.13311
0.1329
0.132678
0.132446
0.132203
0.13195
0.131687
0.131413
0.131129
0.130835
0.130531
0.130218
0.129894
0.129561
0.129218
0.128866
0.128504
0.128133
0.127753
0.127364
0.126966
0.126559
0.126144
0.12572
0.125288
0.124848
0.124399
0.123943
0.123479
0.123007
0.122528
0.122041
0.121548
0.121048
0.120541
0.120027
0.119507
0.118981
0.11845
0.117912
0.117369
0.116821
0.116267
0.115709
0.115146
0.114579
0.114007
0.113431
0.112852
0.112269
0.111683
0.111093
0.1105
0.109905
0.109308
0.108707
0.108105
0.107501
0.106896
0.106289
0.10568
0.105071
0.104461
0.10385
0.103238
0.102627
0.102015
0.101404
0.100792
0.100181
0.0995712
0.0989618
0.0983533
0.097746
0.09714
0.0965355
0.0959325
0.0953313
0.094732
0.0941347
0.0935396
0.0929468
0.0923564
0.0917685
0.0911833
0.0906009
0.0900214
0.0894448
0.0888714
0.0883012
0.0877342
0.0871707
0.0866106
0.0860541
0.0855012
0.084952
0.0844067
0.0838652
0.0833276
0.0827941
0.0822646
0.0817392
0.0812179
0.0807013
0.117009
0.115627
0.114254
0.112889
0.111536
0.110195
0.108869
0.107558
0.106263
0.104985
0.103725
0.102484
0.101262
0.10006
0.0988771
0.0977147
0.0965727
0.0954509
0.0943495
0.0932684
0.0922074
0.0911664
0.0901453
0.0891437
0.0881615
0.0871983
0.0862539
0.0853279
0.08442
0.0835299
0.0826572
0.0818015
0.0809625
0.0801399
0.0793332
0.0785421
0.0777663
0.0770053
0.0762588
0.0755264
0.0748079
0.0741028
0.0734107
0.0727315
0.0720646
0.0714099
0.0707669
0.0701354
0.069515
0.0689054
0.0683064
0.0677177
0.0671389
0.0665698
0.0660102
0.0654596
0.064918
0.0643851
0.0638605
0.0633442
0.0628357
0.062335
0.0618418
0.0613559
0.0608771
0.0604051
0.0599399
0.0594812
0.0590288
0.0585826
0.0581424
0.057708
0.0572794
0.0568562
0.0564385
0.056026
0.0556187
0.0552163
0.0548188
0.0544261
0.054038
0.0536545
0.0532754
0.0529007
0.0525302
0.0521638
0.0518016
0.0514433
0.051089
0.0507385
0.0503917
0.0500487
0.0497093
0.0493735
0.0490413
0.0487125
0.0483872
0.0480652
0.0477466
0.0474313
0.0471192
0.0468104
0.0465048
0.0462023
0.045903
0.0456068
0.0453137
0.0450236
0.0447366
0.0444526
0.0441717
0.0438937
0.0436188
0.0433468
0.0430777
0.0428117
0.0425486
0.0422885
0.0420313
0.0417771
0.0415258
0.0412776
0.0410323
0.0407902
0.0405515
0.0385373
0.0383933
0.0382519
0.0381128
0.0379761
0.0378418
0.0377097
0.0375798
0.0374521
0.0373266
0.0372032
0.0370819
0.0369627
0.0368454
0.0367301
0.0366168
0.0365053
0.0363957
0.0362879
0.036182
0.0360778
0.0359753
0.0358745
0.0357754
0.0356779
0.0355821
0.0354878
0.035395
0.0353038
0.0352141
0.0351258
0.035039
0.0349536
0.0348696
0.0347869
0.0347055
0.0346255
0.0345468
0.0344693
0.034393
0.034318
0.0342441
0.0341714
0.0340999
0.0340295
0.0339602
0.033892
0.0338248
0.0337587
0.0336936
0.0336295
0.0335665
0.0335043
0.0334432
0.033383
0.0333237
0.0332653
0.0332078
0.0331512
0.0330954
0.0330405
0.0329864
0.0329332
0.0328808
0.0328291
0.0327783
0.0327282
0.0326789
0.0326303
0.0325825
0.0325355
0.0324891
0.0324435
0.0323984
0.0323531
0.0386398
0.0384932
0.0383493
0.0382078
0.0380687
0.0379319
0.0377976
0.0376655
0.0375356
0.037408
0.0372825
0.0371592
0.0370379
0.0369187
0.0368016
0.0366863
0.0365731
0.0364617
0.0363523
0.0362446
0.0361388
0.0360347
0.0359323
0.0358317
0.0357328
0.0356354
0.0355397
0.0354456
0.035353
0.035262
0.0351724
0.0350843
0.0349977
0.0349124
0.0348286
0.0347461
0.0346649
0.0345851
0.0345065
0.0344292
0.0343531
0.0342783
0.0342046
0.0341322
0.0340608
0.0339906
0.0339216
0.0338536
0.0337866
0.0337207
0.0336559
0.033592
0.0335292
0.0334673
0.0334064
0.0333465
0.0332874
0.0332293
0.0331721
0.0331157
0.0330603
0.0330057
0.0329519
0.0328989
0.0328468
0.0327955
0.032745
0.0326953
0.0326463
0.0325981
0.0325507
0.032504
0.0324581
0.0324126
0.032367
0.0387328
0.0385833
0.0384365
0.0382923
0.0381505
0.0380112
0.0378742
0.0377396
0.0376074
0.0374774
0.0373496
0.037224
0.0371006
0.0369792
0.03686
0.0367428
0.0366275
0.0365142
0.0364029
0.0362934
0.0361857
0.0360799
0.0359759
0.0358736
0.035773
0.0356741
0.0355769
0.0354813
0.0353872
0.0352948
0.0352038
0.0351144
0.0350264
0.0349399
0.0348548
0.0347711
0.0346888
0.0346078
0.0345281
0.0344497
0.0343726
0.0342967
0.0342221
0.0341486
0.0340764
0.0340053
0.0339353
0.0338664
0.0337987
0.033732
0.0336663
0.0336018
0.0335382
0.0334756
0.033414
0.0333534
0.0332937
0.033235
0.0331772
0.0331203
0.0330643
0.0330092
0.0329549
0.0329015
0.0328489
0.0327972
0.0327462
0.0326961
0.0326468
0.0325982
0.0325505
0.0325035
0.0324572
0.0324115
0.0323655
0.0388012
0.0386485
0.0384985
0.0383512
0.0382064
0.0380642
0.0379244
0.037787
0.0376521
0.0375195
0.0373892
0.0372611
0.0371352
0.0370115
0.03689
0.0367705
0.0366531
0.0365377
0.0364243
0.0363128
0.0362032
0.0360955
0.0359896
0.0358855
0.0357832
0.0356826
0.0355837
0.0354864
0.0353908
0.0352968
0.0352044
0.0351135
0.0350242
0.0349363
0.0348499
0.0347649
0.0346813
0.0345991
0.0345183
0.0344388
0.0343606
0.0342836
0.034208
0.0341335
0.0340603
0.0339883
0.0339174
0.0338477
0.0337791
0.0337116
0.0336452
0.0335799
0.0335156
0.0334523
0.0333901
0.0333288
0.0332686
0.0332093
0.0331509
0.0330935
0.033037
0.0329814
0.0329266
0.0328728
0.0328198
0.0327677
0.0327164
0.0326659
0.0326163
0.0325674
0.0325193
0.0324721
0.0324255
0.0323796
0.0323333
0.0388189
0.0386626
0.0385092
0.0383585
0.0382104
0.038065
0.0379221
0.0377817
0.0376438
0.0375083
0.0373752
0.0372444
0.0371159
0.0369897
0.0368656
0.0367438
0.036624
0.0365063
0.0363906
0.036277
0.0361653
0.0360555
0.0359477
0.0358417
0.0357375
0.0356351
0.0355344
0.0354355
0.0353382
0.0352426
0.0351486
0.0350562
0.0349654
0.0348761
0.0347884
0.0347021
0.0346172
0.0345338
0.0344518
0.0343711
0.0342918
0.0342138
0.0341371
0.0340617
0.0339875
0.0339145
0.0338428
0.0337722
0.0337028
0.0336346
0.0335674
0.0335014
0.0334364
0.0333725
0.0333097
0.0332479
0.0331871
0.0331272
0.0330684
0.0330105
0.0329535
0.0328975
0.0328424
0.0327882
0.0327349
0.0326825
0.0326309
0.0325801
0.0325302
0.0324811
0.0324329
0.0323854
0.0323387
0.0322926
0.0322461
0.038745
0.0385849
0.0384278
0.0382734
0.0381219
0.037973
0.0378268
0.0376832
0.0375422
0.0374037
0.0372676
0.037134
0.0370027
0.0368738
0.0367472
0.0366228
0.0365006
0.0363805
0.0362626
0.0361468
0.0360329
0.0359211
0.0358113
0.0357033
0.0355973
0.0354931
0.0353907
0.0352901
0.0351912
0.0350941
0.0349986
0.0349048
0.0348126
0.034722
0.0346329
0.0345454
0.0344594
0.0343748
0.0342917
0.03421
0.0341297
0.0340507
0.0339731
0.0338968
0.0338219
0.0337481
0.0336756
0.0336044
0.0335343
0.0334654
0.0333977
0.0333311
0.0332656
0.0332012
0.0331379
0.0330757
0.0330144
0.0329542
0.0328951
0.0328369
0.0327796
0.0327234
0.032668
0.0326136
0.0325601
0.0325075
0.0324558
0.032405
0.032355
0.0323058
0.0322575
0.03221
0.0321632
0.0321171
0.0320706
0.0385489
0.0383858
0.0382258
0.0380688
0.0379147
0.0377633
0.0376148
0.0374689
0.0373257
0.0371852
0.0370472
0.0369117
0.0367787
0.0366481
0.0365199
0.036394
0.0362704
0.036149
0.0360299
0.0359128
0.0357979
0.0356851
0.0355743
0.0354655
0.0353586
0.0352537
0.0351506
0.0350493
0.0349499
0.0348522
0.0347563
0.0346621
0.0345695
0.0344786
0.0343892
0.0343015
0.0342153
0.0341306
0.0340474
0.0339656
0.0338853
0.0338063
0.0337288
0.0336525
0.0335776
0.033504
0.0334317
0.0333606
0.0332908
0.0332222
0.0331547
0.0330884
0.0330232
0.0329592
0.0328962
0.0328343
0.0327735
0.0327138
0.032655
0.0325973
0.0325405
0.0324847
0.0324299
0.032376
0.032323
0.0322709
0.0322197
0.0321694
0.0321199
0.0320713
0.0320236
0.0319766
0.0319304
0.0318849
0.0318389
0.0383597
0.0381952
0.038034
0.0378758
0.0377206
0.0375682
0.0374187
0.037272
0.0371281
0.0369868
0.0368482
0.0367122
0.0365787
0.0364477
0.0363191
0.0361929
0.0360691
0.0359476
0.0358283
0.0357112
0.0355963
0.0354834
0.0353727
0.035264
0.0351573
0.0350525
0.0349497
0.0348487
0.0347496
0.0346523
0.0345567
0.0344629
0.0343708
0.0342803
0.0341915
0.0341042
0.0340185
0.0339344
0.0338517
0.0337706
0.0336908
0.0336125
0.0335356
0.03346
0.0333858
0.0333129
0.0332413
0.0331709
0.0331018
0.0330339
0.0329671
0.0329016
0.0328372
0.0327739
0.0327117
0.0326506
0.0325905
0.0325315
0.0324736
0.0324166
0.0323606
0.0323056
0.0322516
0.0321984
0.0321462
0.0320949
0.0320445
0.031995
0.0319463
0.0318984
0.0318514
0.0318052
0.0317598
0.0317149
0.0316697
0.0381298
0.0379651
0.0378036
0.0376452
0.0374899
0.0373376
0.0371883
0.0370418
0.0368982
0.0367573
0.0366191
0.0364836
0.0363507
0.0362204
0.0360925
0.0359671
0.0358442
0.0357235
0.0356052
0.0354891
0.0353752
0.0352635
0.0351539
0.0350464
0.0349409
0.0348374
0.0347358
0.0346361
0.0345383
0.0344424
0.0343482
0.0342558
0.034165
0.034076
0.0339886
0.0339028
0.0338186
0.0337359
0.0336548
0.0335751
0.0334969
0.0334201
0.0333447
0.0332707
0.033198
0.0331266
0.0330565
0.0329877
0.0329201
0.0328537
0.0327885
0.0327244
0.0326615
0.0325997
0.032539
0.0324794
0.0324209
0.0323633
0.0323068
0.0322513
0.0321968
0.0321432
0.0320906
0.0320388
0.031988
0.0319381
0.031889
0.0318408
0.0317935
0.0317469
0.0317012
0.0316562
0.031612
0.0315683
0.0315244
0.0378692
0.0377055
0.0375453
0.0373883
0.0372345
0.0370838
0.0369361
0.0367914
0.0366496
0.0365106
0.0363745
0.036241
0.0361103
0.0359822
0.0358566
0.0357336
0.035613
0.0354948
0.035379
0.0352654
0.0351541
0.035045
0.0349381
0.0348332
0.0347304
0.0346297
0.0345308
0.0344339
0.0343389
0.0342458
0.0341544
0.0340647
0.0339768
0.0338906
0.0338061
0.0337231
0.0336417
0.0335618
0.0334835
0.0334066
0.0333312
0.0332572
0.0331846
0.0331133
0.0330433
0.0329747
0.0329073
0.0328411
0.0327762
0.0327124
0.0326499
0.0325884
0.0325281
0.0324689
0.0324107
0.0323536
0.0322976
0.0322425
0.0321884
0.0321353
0.0320832
0.032032
0.0319816
0.0319322
0.0318837
0.031836
0.0317891
0.031743
0.0316978
0.0316533
0.0316096
0.0315667
0.0315244
0.0314827
0.0314407
0.0375974
0.037437
0.0372802
0.0371268
0.0369767
0.0368297
0.0366859
0.0365452
0.0364075
0.0362727
0.0361408
0.0360117
0.0358854
0.0357617
0.0356407
0.0355222
0.0354062
0.0352927
0.0351815
0.0350727
0.0349662
0.0348618
0.0347597
0.0346596
0.0345616
0.0344657
0.0343717
0.0342796
0.0341894
0.034101
0.0340144
0.0339296
0.0338464
0.0337649
0.0336851
0.0336068
0.0335301
0.0334549
0.0333812
0.0333089
0.033238
0.0331685
0.0331004
0.0330335
0.032968
0.0329037
0.0328406
0.0327788
0.0327181
0.0326585
0.0326001
0.0325428
0.0324866
0.0324314
0.0323772
0.032324
0.0322718
0.0322206
0.0321703
0.0321209
0.0320725
0.0320249
0.0319781
0.0319322
0.0318871
0.0318428
0.0317993
0.0317566
0.0317146
0.0316733
0.0316327
0.0315928
0.0315535
0.0315147
0.0314757
0.0373474
0.0371936
0.0370435
0.0368969
0.0367536
0.0366137
0.0364771
0.0363436
0.0362132
0.0360858
0.0359614
0.0358398
0.0357211
0.035605
0.0354917
0.0353809
0.0352727
0.0351669
0.0350635
0.0349625
0.0348637
0.0347671
0.0346727
0.0345804
0.0344902
0.0344019
0.0343156
0.0342312
0.0341486
0.0340678
0.0339887
0.0339114
0.0338357
0.0337616
0.033689
0.033618
0.0335485
0.0334805
0.0334138
0.0333486
0.0332847
0.033222
0.0331607
0.0331006
0.0330417
0.032984
0.0329275
0.0328721
0.0328178
0.0327645
0.0327123
0.0326611
0.032611
0.0325617
0.0325135
0.0324661
0.0324197
0.0323741
0.0323294
0.0322856
0.0322425
0.0322003
0.0321588
0.032118
0.032078
0.0320388
0.0320002
0.0319623
0.031925
0.0318884
0.0318523
0.0318169
0.031782
0.0317475
0.0317129
0.0371743
0.0370316
0.0368928
0.0367577
0.036626
0.0364977
0.0363728
0.0362512
0.0361327
0.0360173
0.0359048
0.0357953
0.0356886
0.0355846
0.0354833
0.0353846
0.0352885
0.0351947
0.0351033
0.0350143
0.0349274
0.0348427
0.0347602
0.0346796
0.0346011
0.0345245
0.0344497
0.0343767
0.0343055
0.034236
0.0341682
0.0341019
0.0340372
0.033974
0.0339123
0.0338519
0.033793
0.0337354
0.0336791
0.0336241
0.0335703
0.0335176
0.0334662
0.0334158
0.0333666
0.0333184
0.0332712
0.0332251
0.0331799
0.0331356
0.0330923
0.0330499
0.0330084
0.0329677
0.0329278
0.0328887
0.0328505
0.0328129
0.0327761
0.0327401
0.0327047
0.03267
0.0326359
0.0326025
0.0325697
0.0325374
0.0325058
0.0324747
0.0324441
0.032414
0.0323845
0.0323553
0.0323266
0.0322982
0.0322698
0.0371658
0.0370409
0.03692
0.0368028
0.0366891
0.036579
0.0364722
0.0363687
0.0362683
0.0361711
0.0360768
0.0359854
0.0358967
0.0358108
0.0357275
0.0356467
0.0355683
0.0354923
0.0354185
0.0353469
0.0352775
0.0352101
0.0351446
0.0350811
0.0350194
0.0349595
0.0349012
0.0348446
0.0347896
0.0347362
0.0346842
0.0346336
0.0345844
0.0345366
0.03449
0.0344446
0.0344005
0.0343575
0.0343156
0.0342747
0.0342349
0.0341961
0.0341583
0.0341214
0.0340854
0.0340503
0.034016
0.0339826
0.0339499
0.033918
0.0338868
0.0338563
0.0338265
0.0337974
0.033769
0.0337411
0.0337139
0.0336872
0.0336611
0.0336356
0.0336105
0.033586
0.033562
0.0335384
0.0335152
0.0334925
0.0334702
0.0334483
0.0334267
0.0334055
0.0333846
0.0333639
0.0333436
0.0333234
0.0333032
0.0374589
0.0373606
0.0372662
0.0371756
0.0370886
0.0370049
0.0369246
0.0368475
0.0367735
0.0367024
0.0366342
0.0365687
0.0365058
0.0364455
0.0363875
0.0363319
0.0362785
0.0362273
0.0361781
0.0361308
0.0360854
0.0360418
0.0359999
0.0359597
0.035921
0.0358838
0.0358481
0.0358136
0.0357805
0.0357487
0.035718
0.0356885
0.03566
0.0356326
0.0356062
0.0355807
0.035556
0.0355323
0.0355094
0.0354872
0.0354658
0.0354451
0.0354251
0.0354057
0.035387
0.0353688
0.0353512
0.0353342
0.0353177
0.0353016
0.0352861
0.035271
0.0352563
0.035242
0.0352281
0.0352146
0.0352015
0.0351887
0.0351762
0.035164
0.0351521
0.0351405
0.0351292
0.0351181
0.0351072
0.0350965
0.035086
0.0350757
0.0350655
0.0350555
0.0350455
0.0350357
0.0350259
0.0350162
0.0350064
0.0382579
0.0381972
0.0381403
0.038087
0.038037
0.0379902
0.0379464
0.0379055
0.0378674
0.0378319
0.037799
0.0377684
0.03774
0.0377138
0.0376897
0.0376674
0.037647
0.0376282
0.0376111
0.0375955
0.0375813
0.0375684
0.0375568
0.0375464
0.0375371
0.0375288
0.0375216
0.0375152
0.0375096
0.0375049
0.0375008
0.0374975
0.0374948
0.0374926
0.037491
0.0374899
0.0374893
0.0374891
0.0374893
0.0374898
0.0374907
0.0374919
0.0374933
0.037495
0.037497
0.0374991
0.0375015
0.037504
0.0375066
0.0375094
0.0375123
0.0375153
0.0375184
0.0375216
0.0375248
0.0375281
0.0375315
0.0375348
0.0375382
0.0375416
0.037545
0.0375484
0.0375518
0.0375551
0.0375584
0.0375616
0.0375648
0.0375679
0.0375708
0.0375737
0.0375765
0.0375791
0.0375815
0.0375837
0.037586
0.0398497
0.0398385
0.0398307
0.0398258
0.0398237
0.0398241
0.0398269
0.039832
0.0398392
0.0398484
0.0398593
0.0398719
0.0398861
0.0399017
0.0399186
0.0399367
0.0399559
0.0399761
0.0399971
0.0400189
0.0400415
0.0400646
0.0400883
0.0401125
0.0401371
0.040162
0.0401872
0.0402127
0.0402383
0.040264
0.0402898
0.0403156
0.0403415
0.0403673
0.040393
0.0404187
0.0404442
0.0404695
0.0404947
0.0405197
0.0405445
0.040569
0.0405934
0.0406174
0.0406412
0.0406647
0.040688
0.0407109
0.0407335
0.0407559
0.0407779
0.0407996
0.040821
0.0408421
0.0408629
0.0408834
0.0409035
0.0409233
0.0409428
0.0409619
0.0409808
0.0409993
0.0410174
0.0410353
0.0410528
0.0410699
0.0410868
0.0411032
0.0411194
0.0411351
0.0411505
0.0411655
0.0411801
0.0411944
0.0412086
0.0425984
0.0426457
0.0426952
0.0427464
0.0427992
0.0428534
0.0429088
0.0429653
0.0430227
0.0430809
0.0431397
0.043199
0.0432588
0.0433188
0.0433789
0.0434392
0.0434994
0.0435595
0.0436194
0.0436791
0.0437384
0.0437974
0.0438559
0.0439139
0.0439713
0.0440282
0.0440845
0.0441401
0.044195
0.0442492
0.0443026
0.0443553
0.0444072
0.0444583
0.0445087
0.0445582
0.0446069
0.0446548
0.0447019
0.0447481
0.0447935
0.0448381
0.0448819
0.0449249
0.0449671
0.0450085
0.0450492
0.045089
0.0451281
0.0451664
0.045204
0.0452409
0.0452771
0.0453125
0.0453473
0.0453813
0.0454147
0.0454475
0.0454796
0.0455111
0.0455419
0.0455722
0.0456018
0.0456308
0.0456593
0.0456871
0.0457144
0.0457412
0.0457673
0.0457929
0.045818
0.0458425
0.0458664
0.0458898
0.0459131
0.046878
0.046982
0.0470862
0.0471903
0.0472941
0.0473975
0.0475003
0.0476024
0.0477037
0.0478041
0.0479035
0.0480018
0.048099
0.0481949
0.0482895
0.0483827
0.0484746
0.048565
0.0486539
0.0487413
0.0488272
0.0489116
0.0489943
0.0490755
0.0491551
0.0492332
0.0493096
0.0493845
0.0494577
0.0495295
0.0495996
0.0496683
0.0497354
0.049801
0.0498652
0.0499279
0.0499891
0.050049
0.0501074
0.0501645
0.0502203
0.0502748
0.0503279
0.0503799
0.0504306
0.0504801
0.0505285
0.0505758
0.0506219
0.050667
0.050711
0.050754
0.050796
0.0508371
0.0508772
0.0509164
0.0509547
0.0509922
0.0510288
0.0510646
0.0510997
0.0511339
0.0511674
0.0512002
0.0512323
0.0512637
0.0512944
0.0513245
0.0513539
0.0513827
0.0514109
0.0514384
0.0514654
0.0514917
0.0515179
0.0549379
0.0550972
0.0552535
0.0554065
0.0555562
0.0557026
0.0558455
0.0559851
0.0561212
0.056254
0.0563834
0.0565094
0.056632
0.0567514
0.0568675
0.0569804
0.05709
0.0571965
0.0573
0.0574004
0.0574978
0.0575923
0.0576839
0.0577727
0.0578588
0.0579422
0.058023
0.0581013
0.0581771
0.0582504
0.0583215
0.0583902
0.0584567
0.0585211
0.0585834
0.0586437
0.058702
0.0587585
0.0588131
0.0588659
0.058917
0.0589664
0.0590143
0.0590606
0.0591055
0.0591489
0.0591909
0.0592316
0.059271
0.0593092
0.0593462
0.0593821
0.0594169
0.0594506
0.0594833
0.0595151
0.059546
0.0595759
0.059605
0.0596333
0.0596609
0.0596876
0.0597137
0.0597391
0.0597638
0.0597879
0.0598114
0.0598343
0.0598567
0.0598785
0.0598999
0.0599207
0.0599411
0.059961
0.0599804
0.0694501
0.0695432
0.0696293
0.0697086
0.0697815
0.0698483
0.0699092
0.0699646
0.0700147
0.0700597
0.0700999
0.0701355
0.0701668
0.070194
0.0702172
0.0702366
0.0702526
0.0702652
0.0702746
0.070281
0.0702845
0.0702854
0.0702837
0.0702797
0.0702734
0.070265
0.0702546
0.0702423
0.0702283
0.0702127
0.0701955
0.070177
0.0701571
0.070136
0.0701137
0.0700904
0.0700662
0.070041
0.0700151
0.0699884
0.069961
0.0699331
0.0699046
0.0698756
0.0698462
0.0698164
0.0697864
0.069756
0.0697255
0.0696947
0.0696639
0.0696329
0.0696019
0.0695709
0.06954
0.0695091
0.0694782
0.0694475
0.069417
0.0693866
0.0693564
0.0693265
0.0692968
0.0692674
0.0692382
0.0692094
0.0691809
0.0691527
0.0691249
0.0690974
0.0690703
0.0690436
0.0690173
0.0689912
0.0689646
0.0795896
0.0794583
0.0793241
0.0791871
0.0790479
0.0789068
0.078764
0.0786199
0.0784746
0.0783284
0.0781814
0.0780338
0.0778859
0.0777376
0.0775893
0.077441
0.077293
0.0771452
0.0769979
0.0768511
0.0767049
0.0765595
0.0764149
0.0762713
0.0761286
0.075987
0.0758465
0.0757073
0.0755692
0.0754325
0.0752971
0.0751631
0.0750305
0.0748993
0.0747696
0.0746413
0.0745146
0.0743894
0.0742657
0.0741436
0.0740231
0.0739042
0.0737869
0.0736711
0.073557
0.0734446
0.0733337
0.0732245
0.0731169
0.073011
0.0729067
0.072804
0.072703
0.0726036
0.0725058
0.0724097
0.0723152
0.0722223
0.0721309
0.0720412
0.071953
0.0718665
0.0717814
0.0716979
0.071616
0.0715355
0.0714565
0.071379
0.0713029
0.0712282
0.071155
0.0710831
0.0710124
0.0709429
0.0708728
0.0820023
0.0816319
0.081266
0.080905
0.0805493
0.080199
0.0798541
0.0795147
0.0791807
0.0788521
0.078529
0.0782113
0.0778989
0.0775919
0.0772902
0.0769937
0.0767025
0.0764164
0.0761355
0.0758597
0.0755888
0.075323
0.075062
0.0748059
0.0745546
0.074308
0.0740661
0.0738288
0.0735961
0.0733678
0.0731439
0.0729243
0.072709
0.0724977
0.0722905
0.0720873
0.0718879
0.0716925
0.0715008
0.0713129
0.0711286
0.070948
0.0707709
0.0705974
0.0704273
0.0702606
0.0700973
0.0699372
0.0697804
0.0696268
0.0694764
0.069329
0.0691847
0.0690434
0.0689049
0.0687694
0.0686367
0.0685068
0.0683796
0.0682552
0.0681333
0.068014
0.0678973
0.067783
0.0676712
0.0675618
0.0674547
0.0673499
0.0672473
0.0671469
0.0670485
0.0669522
0.0668579
0.0667653
0.0666727
0.0801417
0.0795929
0.0790562
0.078532
0.0780204
0.077521
0.0770335
0.0765578
0.0760936
0.0756405
0.0751984
0.0747669
0.0743459
0.0739349
0.0735339
0.0731426
0.0727606
0.0723879
0.0720241
0.0716691
0.0713226
0.0709844
0.0706544
0.0703322
0.0700178
0.0697109
0.0694113
0.0691189
0.0688335
0.0685548
0.0682816
0.0680137
0.0677511
0.0674939
0.067242
0.0669955
0.0667543
0.0665185
0.0662879
0.0660625
0.0658423
0.0656271
0.0654169
0.0652117
0.0650113
0.0648155
0.0646245
0.064438
0.0642559
0.0640782
0.0639047
0.0637354
0.0635702
0.063409
0.0632516
0.063098
0.0629482
0.0628019
0.0626592
0.0625199
0.0623839
0.0622513
0.0621218
0.0619954
0.0618721
0.0617517
0.0616342
0.0615196
0.0614077
0.0612984
0.0611917
0.0610876
0.0609858
0.0608863
0.060788
0.0402941
0.0400442
0.0398006
0.0395629
0.0393313
0.0391057
0.0388861
0.0386724
0.0384646
0.0382625
0.038066
0.037875
0.0376894
0.0375091
0.037334
0.0371638
0.0369986
0.0368382
0.0366824
0.0365312
0.0363844
0.0362419
0.0361035
0.0359693
0.035839
0.0357125
0.0355898
0.0354708
0.0353552
0.0352431
0.0351339
0.0350275
0.0349239
0.0348229
0.0347246
0.0346289
0.0345358
0.0344451
0.0343569
0.0342712
0.0341877
0.0341066
0.0340278
0.0339512
0.0338767
0.0338044
0.0337341
0.0336659
0.0335996
0.0335352
0.0334727
0.0334121
0.0333532
0.033296
0.0332406
0.0331867
0.0331345
0.0330838
0.0330346
0.0329868
0.0329405
0.0328956
0.0328521
0.0328098
0.0327688
0.0327291
0.0326905
0.0326532
0.032617
0.0325819
0.0325479
0.0325151
0.0324832
0.0324525
0.0324228
0.0322899
0.0322222
0.0321517
0.0320782
0.0320016
0.0319217
0.0318385
0.0317517
0.0316614
0.0315672
0.0314692
0.0313671
0.0312609
0.0311504
0.0310354
0.0309159
0.0307916
0.0306626
0.0305286
0.0303895
0.0302453
0.0300958
0.029941
0.0297809
0.0296173
0.0295171
0.0294203
0.0293252
0.0292318
0.0291403
0.029051
0.0289641
0.0288799
0.028799
0.0287218
0.0286489
0.0285811
0.0285194
0.0284648
0.0284188
0.0283832
0.0283601
0.0283521
0.0283626
0.0283956
0.0284559
0.0285496
0.0286838
0.0288673
0.0291105
0.0294255
0.0298266
0.0303297
0.030953
0.0317158
0.0326383
0.0337409
0.0350425
0.0365594
0.0383033
0.0402806
0.0424901
0.0449229
0.0475615
0.0503787
0.0533401
0.0564057
0.0595325
0.062677
0.0657969
0.0688528
0.0718093
0.0746336
0.0772828
0.0796242
0.0818422
0.0839231
0.0857973
0.0874672
0.0889518
0.0902725
0.0914499
0.0925034
0.0934521
0.0943144
0.0951071
0.0958454
0.096543
0.0972139
0.0978705
0.098524
0.0991841
0.0998593
0.100558
0.101293
0.102073
0.1029
0.103753
0.104551
0.105045
0.0323032
0.032235
0.0321639
0.0320898
0.0320125
0.031932
0.0318481
0.0317606
0.0316696
0.0315747
0.0314759
0.0313731
0.0312661
0.0311548
0.031039
0.0309187
0.0307936
0.0306637
0.0305289
0.030389
0.0302439
0.0300936
0.0299379
0.0297769
0.0296125
0.0295117
0.0294145
0.0293188
0.0292248
0.0291327
0.0290426
0.0289549
0.0288699
0.0287879
0.0287095
0.0286352
0.0285658
0.0285021
0.0284452
0.0283964
0.0283575
0.0283305
0.0283179
0.0283229
0.0283492
0.0284016
0.0284859
0.028609
0.0287795
0.0290075
0.0293049
0.0296856
0.0301659
0.0307635
0.0314982
0.0323908
0.0334623
0.0347329
0.0362205
0.0379388
0.0398964
0.0420945
0.0445269
0.0471783
0.050023
0.0530276
0.0561531
0.0593568
0.0625949
0.0658241
0.069004
0.0720972
0.0750686
0.0778714
0.0803629
0.0827819
0.0850338
0.0870889
0.0889467
0.090623
0.0921366
0.0935061
0.0947484
0.0958813
0.0969219
0.0978863
0.0987871
0.0996361
0.100449
0.101239
0.102018
0.102797
0.103583
0.104386
0.105218
0.106088
0.106998
0.107923
0.108784
0.109314
0.0323012
0.0322324
0.0321607
0.032086
0.032008
0.0319268
0.0318422
0.031754
0.0316622
0.0315665
0.0314669
0.0313633
0.0312554
0.0311432
0.0310265
0.0309053
0.0307792
0.0306484
0.0305125
0.0303715
0.0302254
0.0300739
0.029917
0.0297548
0.0295891
0.0294873
0.029389
0.029292
0.0291966
0.0291029
0.029011
0.0289212
0.0288337
0.0287488
0.0286669
0.0285886
0.0285142
0.0284447
0.0283807
0.0283236
0.0282745
0.0282351
0.0282076
0.0281944
0.0281987
0.0282244
0.0282764
0.0283604
0.0284837
0.0286549
0.0288844
0.0291844
0.0295693
0.0300557
0.0306619
0.0314082
0.0323159
0.0334066
0.0347008
0.0362169
0.0379698
0.0399699
0.0422177
0.044705
0.0474147
0.050321
0.0533908
0.0565851
0.0598626
0.0631809
0.0664975
0.0697709
0.0729613
0.076014
0.0787699
0.0815114
0.084105
0.0865182
0.0887444
0.0907925
0.0926752
0.0944048
0.0959921
0.0974514
0.0987981
0.100047
0.101209
0.102297
0.103327
0.104316
0.105277
0.106223
0.107167
0.108117
0.109083
0.110067
0.111066
0.112056
0.112959
0.113514
0.0322685
0.0321991
0.0321269
0.0320516
0.031973
0.0318912
0.0318059
0.031717
0.0316244
0.031528
0.0314277
0.0313232
0.0312145
0.0311014
0.0309839
0.0308617
0.0307347
0.0306029
0.030466
0.030324
0.0301767
0.0300241
0.0298661
0.0297026
0.0295355
0.0294326
0.0293329
0.0292345
0.0291374
0.0290417
0.0289475
0.028855
0.0287644
0.0286758
0.0285896
0.028506
0.0284254
0.0283483
0.0282754
0.0282073
0.0281451
0.0280897
0.0280428
0.028006
0.0279815
0.0279721
0.0279812
0.0280131
0.0280729
0.028167
0.0283031
0.0284908
0.0287412
0.0290677
0.0294857
0.0300128
0.0306685
0.0314748
0.0324547
0.0336318
0.0350268
0.0366572
0.0385353
0.0406666
0.0430486
0.0456699
0.0485104
0.0515406
0.054721
0.0580128
0.0613792
0.0647809
0.0681726
0.0714903
0.0745546
0.0777099
0.0807551
0.0836504
0.0863804
0.0889436
0.0913422
0.0935768
0.0956463
0.0975634
0.0993415
0.100995
0.102537
0.103982
0.105346
0.106643
0.107886
0.109087
0.110256
0.111403
0.112531
0.113643
0.114731
0.115769
0.11669
0.11725
0.0321808
0.0321111
0.0320384
0.0319626
0.0318836
0.0318012
0.0317154
0.031626
0.0315329
0.031436
0.031335
0.03123
0.0311207
0.031007
0.0308888
0.030766
0.0306384
0.0305059
0.0303684
0.0302257
0.0300778
0.0299245
0.0297657
0.0296015
0.0294336
0.0293299
0.0292292
0.0291296
0.0290312
0.0289339
0.0288378
0.0287431
0.0286498
0.028558
0.0284679
0.0283797
0.0282935
0.0282097
0.0281287
0.0280507
0.0279764
0.0279064
0.0278416
0.0277829
0.0277317
0.0276895
0.0276585
0.0276411
0.0276405
0.0276607
0.0277065
0.027784
0.0279007
0.0280656
0.0282897
0.0285867
0.0289728
0.0294665
0.0300882
0.0308604
0.0318067
0.032951
0.0343155
0.0359198
0.0377787
0.0399003
0.0422847
0.0449245
0.0477975
0.0508691
0.0541022
0.0574601
0.0608997
0.0643611
0.0676608
0.0711999
0.0747031
0.0781165
0.0814109
0.0845682
0.0875735
0.0904106
0.0930739
0.0955707
0.0979082
0.100096
0.102143
0.104063
0.105866
0.107566
0.109173
0.110699
0.112152
0.113539
0.114862
0.116115
0.117286
0.118354
0.119277
0.11984
0.0320051
0.0319352
0.0318624
0.0317865
0.0317073
0.0316249
0.0315389
0.0314494
0.0313562
0.0312592
0.0311582
0.0310532
0.0309439
0.0308303
0.0307122
0.0305895
0.0304621
0.0303299
0.0301927
0.0300504
0.0299029
0.0297501
0.029592
0.0294285
0.0292613
0.0291578
0.0290572
0.0289576
0.0288589
0.0287612
0.0286646
0.0285689
0.0284744
0.028381
0.0282888
0.0281979
0.0281084
0.0280204
0.0279341
0.0278497
0.0277673
0.0276874
0.0276103
0.0275365
0.0274667
0.0274016
0.0273422
0.0272899
0.0272463
0.0272134
0.0271939
0.0271911
0.0272093
0.0272543
0.0273329
0.0274537
0.027627
0.0278658
0.0281851
0.0286029
0.0291397
0.0298187
0.030665
0.0317049
0.0329642
0.0344673
0.0362341
0.0382787
0.0406075
0.043214
0.0460814
0.0491838
0.0524848
0.0559232
0.0593149
0.0631057
0.0669626
0.070814
0.0746144
0.0783276
0.0819251
0.0853798
0.088671
0.0917825
0.0947111
0.0974621
0.100043
0.102462
0.104729
0.106853
0.108844
0.110709
0.112455
0.114085
0.115593
0.116968
0.118208
0.11931
0.120241
0.120815
0.0317742
0.0317051
0.0316332
0.0315582
0.0314801
0.0313987
0.031314
0.0312258
0.0311339
0.0310383
0.0309389
0.0308355
0.0307281
0.0306164
0.0305004
0.0303799
0.0302549
0.0301252
0.0299907
0.0298513
0.029707
0.0295575
0.0294029
0.0292432
0.0290799
0.0289787
0.0288802
0.0287825
0.0286856
0.0285897
0.0284946
0.0284004
0.0283071
0.0282147
0.0281233
0.0280328
0.0279434
0.0278551
0.027768
0.0276822
0.0275978
0.027515
0.0274341
0.0273554
0.0272792
0.0272061
0.0271368
0.0270721
0.0270131
0.0269613
0.0269186
0.0268875
0.0268711
0.0268736
0.0269
0.0269568
0.027052
0.0271958
0.0274005
0.0276812
0.0280558
0.0285454
0.0291738
0.0299678
0.0309558
0.0321669
0.0336286
0.0353649
0.0373937
0.0397239
0.0423536
0.045269
0.0484417
0.0518144
0.0552027
0.059073
0.0630722
0.067111
0.0711346
0.0750974
0.0789616
0.0826949
0.0862673
0.089651
0.0928312
0.0958167
0.0986151
0.101234
0.103682
0.105967
0.108093
0.110069
0.111896
0.113577
0.115109
0.116485
0.117697
0.118735
0.119581
0.120099
0.031606
0.0315381
0.0314674
0.0313937
0.0313169
0.031237
0.0311538
0.0310672
0.0309771
0.0308834
0.0307859
0.0306846
0.0305794
0.0304701
0.0303566
0.0302388
0.0301166
0.0299899
0.0298586
0.0297227
0.0295819
0.0294363
0.0292857
0.0291302
0.0289714
0.0288726
0.0287763
0.0286808
0.0285861
0.0284921
0.0283989
0.0283064
0.0282146
0.0281236
0.0280333
0.0279437
0.027855
0.027767
0.0276799
0.0275936
0.0275084
0.0274242
0.0273413
0.0272599
0.0271802
0.0271026
0.0270276
0.0269558
0.0268881
0.0268256
0.0267698
0.0267225
0.0266861
0.0266639
0.0266598
0.0266789
0.0267277
0.0268146
0.0269496
0.0271457
0.0274181
0.0277857
0.0282703
0.0288972
0.0296944
0.030692
0.0319209
0.0334103
0.0351853
0.0372639
0.0396546
0.0423532
0.0453403
0.0485665
0.051859
0.055699
0.0597082
0.0637952
0.0679
0.0719704
0.0759619
0.0798342
0.0835451
0.0870583
0.0903684
0.0934811
0.0964005
0.0991324
0.101682
0.104054
0.106253
0.108282
0.110142
0.111832
0.11335
0.11469
0.115846
0.116812
0.117573
0.118035
0.0314624
0.0313965
0.0313278
0.0312563
0.0311819
0.0311044
0.0310237
0.0309399
0.0308526
0.0307619
0.0306677
0.0305697
0.030468
0.0303625
0.030253
0.0301394
0.0300216
0.0298996
0.0297733
0.0296426
0.0295074
0.0293675
0.0292231
0.029074
0.0289218
0.0288267
0.0287339
0.0286416
0.0285501
0.0284591
0.0283687
0.0282789
0.0281896
0.0281008
0.0280125
0.0279246
0.0278372
0.0277503
0.0276637
0.0275777
0.0274921
0.0274071
0.0273227
0.0272391
0.0271564
0.0270749
0.026995
0.026917
0.0268417
0.0267699
0.0267026
0.0266411
0.0265873
0.0265435
0.0265127
0.026499
0.0265073
0.0265442
0.0266177
0.0267383
0.0269186
0.0271744
0.0275247
0.0279919
0.0286018
0.0293835
0.030368
0.0315871
0.0330708
0.0348443
0.0369254
0.0393206
0.0420217
0.0449918
0.0480792
0.051764
0.0556615
0.0596803
0.0637573
0.0678347
0.0718621
0.075794
0.0795867
0.083195
0.0865976
0.0897931
0.0927893
0.0955907
0.0982015
0.100624
0.102858
0.104906
0.106767
0.108441
0.109922
0.111205
0.11228
0.113148
0.113813
0.114211
0.0313815
0.0313187
0.0312534
0.0311853
0.0311145
0.0310409
0.0309643
0.0308846
0.0308019
0.0307159
0.0306266
0.0305339
0.0304377
0.0303379
0.0302345
0.0301273
0.0300163
0.0299014
0.0297826
0.0296597
0.0295327
0.0294016
0.0292662
0.0291266
0.0289842
0.0288946
0.0288068
0.0287196
0.0286328
0.0285464
0.0284604
0.0283748
0.0282893
0.0282041
0.0281191
0.0280342
0.0279493
0.0278645
0.0277796
0.0276947
0.0276097
0.0275246
0.0274395
0.0273544
0.0272694
0.0271848
0.0271006
0.0270174
0.0269355
0.0268554
0.0267778
0.0267037
0.0266343
0.0265715
0.0265173
0.0264748
0.0264477
0.026441
0.0264608
0.0265152
0.0266143
0.0267707
0.027
0.0273209
0.0277558
0.0283306
0.0290745
0.0300185
0.0311943
0.0326318
0.0343557
0.0363824
0.0387157
0.0413339
0.044114
0.0475197
0.0511783
0.0550036
0.0589316
0.0629014
0.0668574
0.0707501
0.0745346
0.0781708
0.0816247
0.0848798
0.0879335
0.0907823
0.0934243
0.0958619
0.0980971
0.100128
0.10195
0.103562
0.104963
0.106152
0.107127
0.107893
0.108464
0.108804
0.0314209
0.0313628
0.0313025
0.0312397
0.0311744
0.0311065
0.031036
0.0309628
0.0308867
0.0308078
0.0307259
0.0306409
0.0305529
0.0304617
0.0303673
0.0302696
0.0301685
0.030064
0.0299561
0.0298447
0.0297297
0.0296111
0.0294889
0.029363
0.0292348
0.0291531
0.0290729
0.0289931
0.0289134
0.0288339
0.0287545
0.0286751
0.0285957
0.028516
0.0284362
0.028356
0.0282755
0.0281944
0.0281127
0.0280304
0.0279474
0.0278635
0.0277789
0.0276934
0.0276072
0.0275204
0.0274333
0.0273458
0.0272582
0.0271708
0.027084
0.0269985
0.0269152
0.0268353
0.0267602
0.0266922
0.0266339
0.026589
0.0265621
0.0265591
0.0265877
0.0266575
0.0267808
0.0269724
0.0272505
0.0276368
0.0281565
0.0288377
0.0297107
0.0308063
0.0321531
0.0337748
0.0356857
0.0378799
0.0402674
0.0432797
0.0465773
0.0500839
0.0537386
0.0574802
0.0612504
0.0649957
0.0686685
0.0722275
0.0756384
0.0788761
0.0819239
0.0847698
0.0874043
0.0898246
0.0920303
0.0940191
0.0957876
0.0973339
0.0986586
0.0997632
0.100652
0.101337
0.101833
0.102123
0.0316645
0.0316134
0.0315603
0.0315051
0.0314478
0.0313883
0.0313266
0.0312626
0.0311963
0.0311275
0.0310562
0.0309825
0.0309062
0.0308272
0.0307457
0.0306614
0.0305745
0.0304848
0.0303924
0.0302971
0.0301991
0.0300982
0.0299944
0.0298878
0.0297794
0.029709
0.0296397
0.0295703
0.0295009
0.0294314
0.0293615
0.0292914
0.0292207
0.0291495
0.0290775
0.0290047
0.0289309
0.0288559
0.0287797
0.0287021
0.028623
0.0285423
0.0284598
0.0283757
0.02829
0.0282028
0.028114
0.0280235
0.0279314
0.0278378
0.0277429
0.0276473
0.0275513
0.0274558
0.0273618
0.0272708
0.0271847
0.0271059
0.0270379
0.026985
0.0269526
0.026948
0.0269802
0.0270604
0.0272027
0.0274242
0.0277451
0.0281891
0.0287827
0.0295543
0.0305328
0.0317452
0.033213
0.034944
0.036881
0.0394081
0.0422394
0.0453132
0.0485764
0.0519717
0.0554412
0.0589297
0.0623864
0.0657671
0.069034
0.0721568
0.0751118
0.0778809
0.0804507
0.0828122
0.0849593
0.0868883
0.0885966
0.0900833
0.0913495
0.0923977
0.0932339
0.09387
0.0943222
0.0945841
0.0322304
0.032189
0.032146
0.0321015
0.0320554
0.0320077
0.0319582
0.0319071
0.0318541
0.0317994
0.0317429
0.0316846
0.0316244
0.0315624
0.0314985
0.0314327
0.031365
0.0312955
0.0312241
0.0311509
0.0310758
0.0309988
0.0309199
0.0308392
0.0307575
0.0307026
0.030648
0.0305931
0.0305378
0.030482
0.0304255
0.0303682
0.0303099
0.0302505
0.0301898
0.0301276
0.0300637
0.029998
0.0299302
0.0298601
0.0297876
0.0297126
0.0296349
0.0295546
0.0294719
0.0293864
0.0292978
0.029206
0.0291109
0.0290126
0.028911
0.0288064
0.028699
0.0285894
0.028478
0.028366
0.0282545
0.0281454
0.0280409
0.027944
0.0278586
0.02779
0.0277444
0.0277303
0.0277577
0.0278396
0.0279913
0.0282313
0.028581
0.0290645
0.0297076
0.0305368
0.0315763
0.0328426
0.0343076
0.0362935
0.0385834
0.0411341
0.0439046
0.0468469
0.049908
0.0530342
0.0561739
0.0592804
0.0623128
0.0652363
0.0680224
0.0706485
0.0730967
0.0753541
0.0774112
0.0792618
0.0809023
0.0823314
0.0835497
0.0845603
0.0853688
0.085986
0.0864248
0.0866793
0.033276
0.0332475
0.0332181
0.0331878
0.0331566
0.0331244
0.0330912
0.033057
0.0330218
0.0329857
0.0329486
0.0329105
0.0328714
0.0328315
0.0327905
0.0327488
0.0327061
0.0326627
0.0326184
0.0325734
0.0325277
0.0324814
0.0324342
0.0323864
0.0323384
0.0323033
0.0322678
0.0322316
0.0321946
0.0321566
0.0321174
0.0320769
0.0320348
0.0319911
0.0319453
0.0318973
0.0318469
0.0317938
0.0317377
0.0316785
0.0316158
0.0315497
0.0314799
0.0314068
0.0313298
0.0312484
0.0311624
0.0310714
0.0309754
0.0308742
0.0307676
0.0306557
0.0305385
0.0304162
0.0302893
0.0301583
0.0300239
0.0298873
0.0297502
0.0296145
0.029483
0.0293592
0.0292477
0.0291542
0.0290861
0.0290524
0.0290645
0.0291359
0.0292828
0.0295239
0.0298805
0.030375
0.0310308
0.0318676
0.0328781
0.0343127
0.0360292
0.0380035
0.0402105
0.042616
0.0451774
0.047847
0.0505766
0.0533195
0.0560335
0.058681
0.0612298
0.0636533
0.06593
0.0680432
0.0699804
0.071733
0.0732953
0.0746647
0.0758409
0.0768259
0.0776247
0.0782454
0.0786955
0.078961
0.0349944
0.0349821
0.0349697
0.0349571
0.0349444
0.0349314
0.0349184
0.0349052
0.0348919
0.0348785
0.0348652
0.0348518
0.0348385
0.0348253
0.0348122
0.0347994
0.0347868
0.0347745
0.0347626
0.0347511
0.0347402
0.0347297
0.0347197
0.0347102
0.0347014
0.0346897
0.0346767
0.0346626
0.0346471
0.0346301
0.0346114
0.0345909
0.0345682
0.0345431
0.0345153
0.0344845
0.0344505
0.0344129
0.0343715
0.0343259
0.0342761
0.0342219
0.0341634
0.0341003
0.0340315
0.0339567
0.0338756
0.0337878
0.0336931
0.0335912
0.0334818
0.0333648
0.03324
0.0331077
0.0329677
0.0328205
0.0326664
0.0325063
0.0323411
0.0321723
0.0320015
0.0318314
0.031665
0.0315063
0.0313604
0.0312338
0.0311341
0.0310712
0.0310566
0.031104
0.0312293
0.0314502
0.0317858
0.0322548
0.0328621
0.0337826
0.0349425
0.0363347
0.0379505
0.0397722
0.0417716
0.0439126
0.0461546
0.0484559
0.0507759
0.053077
0.0553251
0.0574909
0.0595497
0.0614814
0.0632704
0.0649051
0.0663774
0.0676823
0.0688178
0.0697844
0.0705848
0.0712245
0.0717043
0.0719957
0.0375913
0.0375975
0.0376043
0.0376117
0.0376198
0.0376285
0.037638
0.0376482
0.0376592
0.0376711
0.0376839
0.0376977
0.0377125
0.0377283
0.0377454
0.0377636
0.0377831
0.037804
0.0378263
0.03785
0.0378752
0.0379019
0.03793
0.0379596
0.0379906
0.0380029
0.0380131
0.0380217
0.0380284
0.0380331
0.0380355
0.0380355
0.0380327
0.0380269
0.0380177
0.0380048
0.037988
0.0379668
0.037941
0.0379104
0.0378749
0.0378347
0.0377891
0.0377369
0.0376778
0.0376112
0.0375369
0.0374543
0.0373632
0.0372632
0.0371538
0.037035
0.0369063
0.0367678
0.0366192
0.0364608
0.0362926
0.0361151
0.0359289
0.0357349
0.0355343
0.0353287
0.0351202
0.0349116
0.0347063
0.0345087
0.0343243
0.0341596
0.0340227
0.0339231
0.0338719
0.0338816
0.0339665
0.0341411
0.0344148
0.0348906
0.0355519
0.0364045
0.0374527
0.0386936
0.0401148
0.0416942
0.0434035
0.0452099
0.0470792
0.0489771
0.0508708
0.0527304
0.0545293
0.0562447
0.0578581
0.0593545
0.0607228
0.0619551
0.0630467
0.0639953
0.0648012
0.0654664
0.0659842
0.0663095
0.0412309
0.041255
0.0412804
0.0413072
0.0413352
0.0413646
0.0413955
0.0414278
0.0414616
0.0414971
0.0415341
0.0415729
0.0416133
0.0416555
0.0416996
0.0417455
0.0417932
0.0418429
0.0418946
0.0419483
0.0420039
0.0420615
0.0421209
0.0421823
0.0422451
0.0422774
0.0423067
0.0423339
0.0423587
0.042381
0.0424005
0.042417
0.0424303
0.0424401
0.042446
0.0424477
0.0424451
0.0424377
0.0424254
0.0424081
0.0423861
0.0423584
0.0423237
0.0422818
0.0422321
0.0421743
0.0421079
0.0420324
0.0419475
0.0418526
0.0417474
0.0416316
0.0415047
0.0413664
0.0412166
0.0410551
0.0408819
0.0406971
0.040501
0.0402939
0.0400767
0.0398503
0.039616
0.0393757
0.0391316
0.0388867
0.0386443
0.0384091
0.0381863
0.0379821
0.037804
0.0376603
0.0375603
0.0375141
0.0375303
0.0376492
0.0378952
0.0382824
0.0388221
0.0395205
0.0403772
0.0413853
0.0425314
0.0437967
0.0451584
0.0465911
0.0480685
0.0495642
0.0510532
0.0525128
0.0539225
0.0552649
0.0565256
0.057693
0.0587581
0.0597146
0.060558
0.061286
0.0618853
0.0622787
0.0459478
0.045985
0.0460239
0.0460644
0.0461066
0.0461505
0.0461961
0.0462435
0.0462927
0.0463437
0.0463965
0.0464512
0.0465077
0.0465661
0.0466264
0.0466885
0.0467525
0.0468183
0.0468859
0.0469553
0.0470264
0.0470992
0.0471737
0.0472498
0.0473267
0.0473687
0.047407
0.0474427
0.0474757
0.0475059
0.0475331
0.0475571
0.0475778
0.0475948
0.0476081
0.0476173
0.0476226
0.0476235
0.0476202
0.047613
0.0476002
0.0475811
0.0475554
0.0475226
0.0474824
0.0474343
0.0473777
0.0473124
0.0472377
0.0471532
0.0470584
0.0469529
0.0468363
0.046708
0.0465678
0.0464154
0.0462506
0.0460732
0.0458833
0.045681
0.0454665
0.0452405
0.0450037
0.044757
0.0445019
0.0442401
0.0439737
0.0437055
0.0434386
0.043177
0.0429253
0.042689
0.0424745
0.0422894
0.0421448
0.0420362
0.0420083
0.0420697
0.0422311
0.0425023
0.0428896
0.0433946
0.0440153
0.0447454
0.0455754
0.0464926
0.0474816
0.0485255
0.0496065
0.0507066
0.0518085
0.0528961
0.0539545
0.0549708
0.0559339
0.0568343
0.0576644
0.0584188
0.0590892
0.0595941
0.0515557
0.0515961
0.051638
0.0516814
0.0517263
0.0517726
0.0518204
0.0518696
0.0519203
0.0519724
0.0520258
0.0520806
0.0521367
0.0521941
0.0522526
0.0523123
0.0523731
0.0524349
0.0524976
0.0525612
0.0526255
0.0526905
0.0527562
0.0528225
0.0528884
0.0529252
0.0529583
0.0529886
0.0530162
0.053041
0.0530631
0.0530826
0.0530993
0.0531131
0.053124
0.0531318
0.0531369
0.0531403
0.0531408
0.053137
0.0531285
0.0531148
0.0530956
0.0530704
0.0530388
0.0530003
0.0529545
0.0529009
0.052839
0.0527683
0.0526885
0.0525991
0.0524997
0.0523898
0.0522691
0.0521374
0.0519944
0.0518399
0.0516739
0.0514963
0.0513074
0.0511073
0.0508966
0.0506758
0.0504458
0.0502075
0.0499624
0.049712
0.0494583
0.0492034
0.0489502
0.0487016
0.0484613
0.0482336
0.048026
0.0478072
0.0476359
0.0475175
0.0474592
0.0474691
0.0475541
0.0477184
0.047964
0.0482908
0.0486968
0.0491777
0.0497273
0.0503376
0.050999
0.0517011
0.052433
0.0531835
0.0539417
0.0546972
0.0554405
0.0561628
0.0568563
0.0575148
0.0581299
0.058633
0.0600073
0.0600357
0.0600648
0.0600942
0.0601237
0.0601534
0.060183
0.0602125
0.0602419
0.0602709
0.0602994
0.0603274
0.0603546
0.0603809
0.0604062
0.0604302
0.0604528
0.0604738
0.0604928
0.0605098
0.0605245
0.0605367
0.0605462
0.0605532
0.0605576
0.0605609
0.0605623
0.0605626
0.0605617
0.0605598
0.0605568
0.0605532
0.0605486
0.060543
0.060536
0.0605276
0.060517
0.0605031
0.0604858
0.0604648
0.06044
0.060411
0.0603778
0.0603399
0.0602973
0.0602495
0.0601964
0.0601377
0.0600731
0.0600023
0.0599251
0.0598412
0.0597503
0.0596523
0.0595469
0.0594339
0.0593131
0.0591845
0.0590478
0.0589031
0.0587503
0.0585896
0.058421
0.0582448
0.0580611
0.0578706
0.0576735
0.0574705
0.0572625
0.0570503
0.056835
0.0566179
0.0564004
0.0561846
0.0559746
0.055714
0.055478
0.0552689
0.0550895
0.0549444
0.054838
0.0547739
0.0547541
0.0547804
0.0548535
0.0549731
0.0551383
0.055347
0.0555963
0.0558825
0.0562013
0.0565481
0.0569179
0.0573056
0.0577061
0.0581144
0.0585259
0.0589365
0.0593396
0.0596815
0.068924
0.0688806
0.0688348
0.0687861
0.0687345
0.0686799
0.068622
0.0685605
0.0684953
0.0684262
0.0683527
0.0682748
0.0681921
0.0681042
0.068011
0.067912
0.067807
0.0676956
0.0675776
0.0674525
0.0673201
0.0671801
0.0670323
0.0668765
0.0667129
0.0666149
0.0665169
0.0664185
0.06632
0.0662211
0.0661216
0.0660208
0.065919
0.065816
0.0657119
0.0656067
0.0655
0.065392
0.0652829
0.0651726
0.0650613
0.0649491
0.0648361
0.0647223
0.0646077
0.0644924
0.0643765
0.0642599
0.0641426
0.0640247
0.0639062
0.063787
0.0636671
0.0635464
0.063425
0.0633027
0.0631796
0.0630554
0.0629302
0.0628038
0.0626761
0.0625471
0.0624164
0.062284
0.0621497
0.0620135
0.0618746
0.0617334
0.0615902
0.0614453
0.0612989
0.0611514
0.061003
0.0608543
0.0607057
0.0604821
0.0602787
0.0600952
0.0599314
0.0597889
0.0596701
0.0595768
0.0595103
0.0594714
0.0594606
0.0594779
0.0595233
0.059596
0.059695
0.0598188
0.0599654
0.0601328
0.0603184
0.0605199
0.0607345
0.0609598
0.061193
0.0614322
0.0616729
0.061875
0.0707689
0.0706593
0.0705446
0.0704243
0.0702983
0.0701665
0.0700285
0.069884
0.0697329
0.0695747
0.0694092
0.0692361
0.0690551
0.068866
0.0686685
0.0684623
0.068247
0.0680223
0.0677873
0.0675411
0.0672828
0.067012
0.0667285
0.0664328
0.0661247
0.0659379
0.0657523
0.0655683
0.0653861
0.0652054
0.065026
0.0648482
0.064672
0.0644978
0.0643257
0.064156
0.0639888
0.0638244
0.0636629
0.0635045
0.0633495
0.0631979
0.0630501
0.0629063
0.0627666
0.0626312
0.0625004
0.0623743
0.062253
0.0621368
0.0620258
0.0619201
0.0618198
0.061725
0.0616358
0.0615523
0.0614744
0.0614021
0.0613355
0.0612744
0.0612187
0.0611683
0.0611231
0.0610828
0.0610472
0.061016
0.0609891
0.0609659
0.0609464
0.06093
0.0609164
0.060905
0.0608952
0.0608861
0.0608754
0.0607998
0.0607438
0.0607015
0.0606695
0.0606492
0.0606425
0.0606506
0.0606739
0.0607117
0.0607625
0.0608261
0.0609034
0.0609948
0.0611002
0.0612193
0.0613513
0.061495
0.0616494
0.0618128
0.0619839
0.0621608
0.0623419
0.0625258
0.06271
0.0628628
0.0665358
0.0663923
0.0662425
0.0660864
0.0659237
0.0657543
0.065578
0.0653945
0.0652037
0.0650054
0.0647993
0.0645852
0.0643628
0.0641313
0.0638901
0.0636385
0.0633761
0.0631022
0.0628169
0.0625202
0.0622118
0.0618914
0.061559
0.0612155
0.0608605
0.0606471
0.0604372
0.0602312
0.060029
0.0598302
0.0596348
0.0594429
0.0592548
0.0590705
0.0588902
0.0587142
0.0585427
0.058376
0.0582143
0.0580578
0.0579069
0.0577617
0.0576227
0.0574901
0.0573642
0.0572454
0.0571341
0.0570304
0.0569347
0.0568473
0.0567686
0.0566988
0.0566381
0.0565869
0.0565453
0.0565135
0.0564918
0.0564801
0.0564788
0.0564877
0.056507
0.0565365
0.0565763
0.0566262
0.0566861
0.0567557
0.0568347
0.0569229
0.0570199
0.0571251
0.0572379
0.0573575
0.0574829
0.0576128
0.0577439
0.0578441
0.0579581
0.0580778
0.0582
0.0583265
0.0584597
0.0586007
0.0587495
0.0589056
0.0590689
0.0592393
0.059417
0.0596021
0.0597944
0.0599935
0.0601991
0.0604103
0.0606263
0.0608459
0.0610678
0.0612904
0.0615116
0.0617293
0.0619427
0.0621221
0.0606425
0.060491
0.0603335
0.0601698
0.0600001
0.0598243
0.0596421
0.0594524
0.0592548
0.0590488
0.058834
0.0586101
0.0583766
0.0581336
0.0578813
0.0576194
0.0573479
0.0570665
0.0567755
0.0564752
0.0561662
0.0558488
0.0555238
0.0551922
0.0548531
0.0546519
0.0544554
0.0542643
0.0540784
0.0538971
0.0537206
0.0535491
0.0533825
0.053221
0.0530646
0.0529135
0.0527681
0.0526285
0.0524949
0.0523676
0.0522467
0.0521325
0.0520255
0.0519258
0.0518338
0.0517499
0.0516743
0.0516075
0.0515498
0.0515016
0.0514632
0.051435
0.0514173
0.0514105
0.0514149
0.0514309
0.0514588
0.0514987
0.051551
0.051616
0.0516937
0.0517845
0.0518883
0.0520054
0.0521358
0.0522794
0.0524362
0.052606
0.0527884
0.0529828
0.0531876
0.0534004
0.0536206
0.0538484
0.0540818
0.0543303
0.054589
0.0548526
0.05512
0.0553929
0.0556725
0.0559586
0.0562509
0.0565488
0.0568518
0.0571597
0.057472
0.0577886
0.0581092
0.0584335
0.0587609
0.0590911
0.0594234
0.0597573
0.0600917
0.0604255
0.0607572
0.0610843
0.0614054
0.0616994
0.0323777
0.0323319
0.0322856
0.0322388
0.0321916
0.0321441
0.0320964
0.0320499
0.0320046
0.0319604
0.0319175
0.0318757
0.0318352
0.0317958
0.0317577
0.031721
0.0316859
0.0316524
0.0316207
0.0315909
0.0315631
0.0315374
0.0315138
0.0314918
0.0314699
0.0314601
0.0314527
0.0314473
0.031444
0.0314425
0.0314427
0.0314446
0.0314485
0.0314545
0.0314626
0.0314728
0.0314851
0.0314997
0.0315166
0.031536
0.0315582
0.0315831
0.0316109
0.0316419
0.0316762
0.031714
0.0317555
0.0318011
0.0318509
0.0319053
0.0319646
0.032029
0.0320989
0.0321747
0.0322566
0.032345
0.0324403
0.0325428
0.032653
0.0327712
0.0328978
0.0330331
0.0331776
0.0333316
0.0334953
0.0336693
0.0338536
0.0340485
0.0342543
0.0344709
0.0346985
0.0349367
0.0351864
0.0354491
0.0357269
0.0361247
0.0365626
0.0370326
0.0375194
0.0380111
0.0385024
0.0389911
0.0394755
0.0399537
0.0404236
0.0408831
0.0413309
0.0417658
0.042187
0.042594
0.0429864
0.0433641
0.0437272
0.0440758
0.0444105
0.0447323
0.0450423
0.0453429
0.0456372
0.0459308
6.31233e-05
5.13461e-05
0.000349154
0.00158059
0.0050024
0.0122432
0.020475
0.027555
0.0345709
0.0411846
0.0472377
0.052697
0.0575824
0.0619219
0.065845
0.0694818
0.072866
0.0760206
0.07897
0.0817091
0.0842226
0.086517
0.0886256
0.0906362
0.0924244
0.000503205
0.000979874
0.00855777
0.0355011
0.0665054
0.0849779
0.0931225
0.0984503
0.102968
0.10697
0.110569
0.113829
0.1168
0.119541
0.122135
0.124581
0.1268
0.128738
0.130375
0.13171
0.132733
0.133455
0.133954
0.134472
0.13531
0.00185011
0.00760786
0.0488282
0.0834866
0.0997326
0.109813
0.115187
0.118948
0.122303
0.125596
0.128963
0.132242
0.135334
0.138204
0.14083
0.143163
0.145112
0.146673
0.147873
0.14867
0.149055
0.149061
0.148685
0.148237
0.148265
0.00614876
0.0366174
0.0943727
0.112879
0.123376
0.13024
0.13443
0.137707
0.140949
0.144108
0.147097
0.14984
0.152247
0.154304
0.156042
0.157417
0.158386
0.158949
0.159112
0.158857
0.158144
0.156968
0.155399
0.153773
0.152746
0.0176394
0.0911872
0.121237
0.133844
0.140796
0.145731
0.14927
0.152263
0.155047
0.157649
0.1599
0.16175
0.163223
0.16426
0.164865
0.165095
0.164892
0.164015
0.162652
0.16093
0.158864
0.156487
0.153916
0.151426
0.149517
0.0384707
0.132738
0.144564
0.151971
0.156413
0.159772
0.162454
0.164941
0.167128
0.168797
0.169896
0.17053
0.17069
0.169899
0.16859
0.166866
0.164657
0.162107
0.15931
0.156315
0.153149
0.149848
0.146446
0.143146
0.140305
0.055036
0.148494
0.155959
0.161697
0.165727
0.16918
0.171197
0.172661
0.173489
0.173817
0.173105
0.171624
0.16948
0.166652
0.163275
0.15953
0.15557
0.151551
0.147467
0.143353
0.139253
0.135207
0.131266
0.127552
0.124317
0.0652699
0.154339
0.159589
0.165104
0.170398
0.172868
0.17381
0.174484
0.174201
0.173041
0.170911
0.167862
0.164087
0.159755
0.155087
0.150283
0.145508
0.140807
0.136213
0.131754
0.127448
0.123314
0.119382
0.11574
0.112573
0.0758992
0.161306
0.165744
0.170368
0.174325
0.175453
0.175328
0.174526
0.172807
0.169932
0.166031
0.161365
0.156178
0.150681
0.145156
0.139772
0.134641
0.129733
0.125065
0.120639
0.116459
0.112524
0.108843
0.105476
0.102552
0.0852369
0.168054
0.171579
0.175734
0.178284
0.177661
0.175195
0.172861
0.169327
0.164616
0.159053
0.152984
0.146713
0.140529
0.134628
0.129119
0.12398
0.119184
0.114716
0.110558
0.106691
0.103103
0.0997904
0.0967845
0.0941752
0.0933407
0.174352
0.176515
0.180103
0.181335
0.178089
0.173556
0.169375
0.163866
0.157392
0.150435
0.143402
0.136581
0.130191
0.124329
0.119003
0.114121
0.109647
0.105543
0.101773
0.0983081
0.0951259
0.0922119
0.0895738
0.0872807
0.100531
0.1809
0.181631
0.18484
0.18343
0.177096
0.1702
0.16397
0.156618
0.148756
0.140914
0.133439
0.126559
0.120371
0.114842
0.109895
0.105429
0.101389
0.0977192
0.0943789
0.0913321
0.08854
0.0859784
0.0836797
0.0816762
0.107704
0.18864
0.186796
0.1891
0.183844
0.174445
0.165043
0.15688
0.148095
0.139387
0.131211
0.123808
0.117268
0.111543
0.106503
0.102039
0.0980468
0.094464
0.0912315
0.0883023
0.0856164
0.0831477
0.080889
0.078879
0.0771439
0.114954
0.197573
0.192063
0.191762
0.182994
0.170114
0.158253
0.148571
0.138938
0.129973
0.121978
0.115032
0.109072
0.103924
0.0994289
0.0954616
0.0919351
0.0887796
0.0859339
0.0833339
0.0809447
0.0787522
0.0767557
0.0749871
0.0734744
0.121753
0.206205
0.196332
0.191928
0.180358
0.164129
0.150265
0.139664
0.129802
0.121103
0.113667
0.107402
0.102099
0.0975375
0.0935669
0.0900586
0.086944
0.0841396
0.0815953
0.079268
0.0771335
0.075181
0.0734093
0.071844
0.0705076
0.128495
0.215209
0.200268
0.191136
0.176029
0.156776
0.141646
0.130768
0.121225
0.113179
0.106515
0.100986
0.0963071
0.0922812
0.0887708
0.0856498
0.082854
0.08033
0.0780368
0.0759448
0.07403
0.0722831
0.0707024
0.0693084
0.0681162
0.135231
0.224845
0.204247
0.189099
0.170167
0.148456
0.132941
0.122394
0.113586
0.106404
0.100558
0.0956999
0.0915644
0.0879891
0.0848399
0.0820205
0.0794863
0.0771988
0.0751228
0.0732321
0.0715051
0.0699328
0.0685133
0.0672629
0.066191
0.141502
0.233432
0.206823
0.185171
0.162822
0.139645
0.124639
0.11491
0.107076
0.100802
0.0956854
0.0913851
0.0876822
0.0844519
0.081594
0.0790294
0.0767182
0.0746314
0.0727403
0.0710202
0.069452
0.0680267
0.0667421
0.0656117
0.0646397
0.14581
0.238118
0.206325
0.178898
0.154202
0.130903
0.117154
0.108531
0.101716
0.0962454
0.0917074
0.0878395
0.0844824
0.0815345
0.0789193
0.0765769
0.0744499
0.0725309
0.0707946
0.0692177
0.0677825
0.0664799
0.0653077
0.0642766
0.0633872
0.147296
0.23811
0.202586
0.17053
0.144861
0.122841
0.110758
0.103295
0.0973713
0.0925363
0.088454
0.084935
0.0818586
0.0791427
0.0767259
0.0745596
0.0725944
0.0708152
0.0692066
0.0677487
0.0664238
0.065223
0.0641437
0.0631945
0.0623729
0.147368
0.237393
0.196387
0.160805
0.135609
0.11594
0.105486
0.0990521
0.0938763
0.0895413
0.0858203
0.0825786
0.0797253
0.0771944
0.074935
0.0729081
0.0710794
0.069414
0.0679099
0.06655
0.0653158
0.0641989
0.0631961
0.0623137
0.0615477
0.144771
0.233672
0.187409
0.150541
0.127299
0.110356
0.101395
0.0957775
0.091147
0.0871816
0.0837295
0.0806951
0.0780096
0.0756186
0.0734791
0.0715592
0.0698323
0.0682685
0.066849
0.065569
0.0644089
0.0633606
0.0624204
0.0615927
0.0608722
0.138981
0.222035
0.175533
0.140785
0.120462
0.106054
0.0983929
0.0933538
0.0890861
0.0853715
0.0821031
0.0792116
0.0766431
0.0743515
0.0722987
0.0704585
0.068809
0.0673254
0.0659781
0.0647627
0.0636625
0.0626699
0.061781
0.0609981
0.0603152
0.140786
0.197381
0.160024
0.132306
0.115209
0.102899
0.0962208
0.091532
0.0874993
0.0839522
0.0808108
0.0780202
0.0755362
0.0733181
0.0713309
0.0695536
0.0679656
0.0665429
0.065261
0.064097
0.0630451
0.0620979
0.0612512
0.0605052
0.059853
0.207367
0.156738
0.138635
0.124587
0.111815
0.100781
0.0947979
0.0902191
0.0862705
0.0828108
0.0797486
0.0770281
0.0746065
0.0724488
0.0705162
0.0687919
0.0672556
0.065883
0.0646525
0.063537
0.0625261
0.0616176
0.0608068
0.0600914
0.0594641
0.0892765
0.0912282
0.0919337
0.0910737
0.0899758
0.0888788
0.0877762
0.0866811
0.085613
0.0845782
0.0835757
0.0826029
0.0816572
0.080736
0.0798366
0.0789568
0.0780949
0.0772493
0.0764188
0.0756023
0.074799
0.0740082
0.0732295
0.0724622
0.0717062
0.070961
0.0702264
0.0695021
0.068788
0.0680837
0.0673893
0.0667045
0.066029
0.0653629
0.064706
0.064058
0.0634189
0.0627886
0.0621668
0.0615535
0.0609486
0.0603519
0.0597632
0.0591826
0.0586097
0.0580446
0.0574871
0.056937
0.0563943
0.0558588
0.0553304
0.0548089
0.0542944
0.0537867
0.0532856
0.052791
0.0523028
0.051821
0.0513453
0.0508758
0.0504123
0.0499547
0.0495029
0.0490568
0.0486163
0.0481813
0.0477516
0.0473271
0.0469078
0.0464936
0.0460842
0.0456797
0.04528
0.0448849
0.0444943
0.0441081
0.043726
0.0433455
0.0429665
0.0425895
0.042215
0.0418432
0.0414745
0.041109
0.040747
0.0403884
0.0400334
0.039682
0.0393342
0.03899
0.0386494
0.0383123
0.0379786
0.0376484
0.0373215
0.036998
0.0366777
0.0363605
0.0360465
0.0357355
0.0354274
0.0351223
0.03482
0.0345205
0.0342237
0.0339294
0.0336378
0.0333487
0.0330619
0.0327776
0.0324955
0.0322157
0.0319381
0.0316625
0.031389
0.0311175
0.0308478
0.0305801
0.0303141
0.0300499
0.0297874
0.0295266
0.0292675
0.0290106
0.0287571
0.141073
0.138077
0.134857
0.132537
0.130575
0.128787
0.127201
0.125791
0.124518
0.123351
0.122265
0.121239
0.120261
0.119319
0.118406
0.117517
0.116646
0.115793
0.114955
0.114129
0.113317
0.112515
0.111725
0.110946
0.110177
0.109417
0.108668
0.107928
0.107197
0.106475
0.105762
0.105058
0.104363
0.103676
0.102997
0.102327
0.101664
0.101009
0.100362
0.0997221
0.0990896
0.0984644
0.0978462
0.0972349
0.0966304
0.0960326
0.0954413
0.0948563
0.0942776
0.0937051
0.0931386
0.0925779
0.0920231
0.0914739
0.0909304
0.0903922
0.0898595
0.089332
0.0888097
0.0882924
0.0877801
0.0872725
0.0867695
0.086271
0.0857769
0.085287
0.0848012
0.0843194
0.0838416
0.0833677
0.0828976
0.0824312
0.0819686
0.0815096
0.0810542
0.0806025
0.0801545
0.0797045
0.0792539
0.0788043
0.0783572
0.0779134
0.0774735
0.0770377
0.0766062
0.0761792
0.0757566
0.0753384
0.0749245
0.0745148
0.0741092
0.0737075
0.0733097
0.0729155
0.072525
0.072138
0.0717543
0.0713739
0.0709967
0.0706225
0.0702513
0.069883
0.0695175
0.0691546
0.0687945
0.0684368
0.0680817
0.067729
0.0673786
0.0670304
0.0666845
0.0663407
0.065999
0.0656592
0.0653214
0.0649855
0.0646513
0.0643189
0.0639881
0.0636589
0.0633312
0.0630049
0.0626798
0.0623557
0.0620319
0.150209
0.145136
0.140568
0.137053
0.134136
0.131628
0.129469
0.127594
0.125942
0.124468
0.123135
0.121917
0.12079
0.119739
0.118751
0.117815
0.116925
0.116073
0.115255
0.114467
0.113706
0.112968
0.112252
0.111556
0.110879
0.110218
0.109573
0.108943
0.108327
0.107724
0.107134
0.106555
0.105988
0.105431
0.104884
0.104348
0.10382
0.103301
0.102791
0.102289
0.101795
0.101308
0.100829
0.100357
0.0998918
0.099433
0.0989805
0.0985342
0.0980937
0.097659
0.0972299
0.096806
0.0963874
0.0959738
0.0955651
0.0951612
0.0947618
0.0943669
0.0939763
0.0935899
0.0932073
0.0928284
0.092453
0.092081
0.0917122
0.0913464
0.0909837
0.0906239
0.090267
0.0899129
0.0895616
0.089213
0.0888671
0.0885238
0.0881831
0.087845
0.0875096
0.0871764
0.0868453
0.0865161
0.0861889
0.0858638
0.0855409
0.0852202
0.0849018
0.0845859
0.0842725
0.0839615
0.0836531
0.0833471
0.0830436
0.0827426
0.0824439
0.0821476
0.0818537
0.081562
0.0812725
0.0809851
0.0806999
0.0804166
0.0801354
0.079856
0.0795785
0.0793028
0.0790288
0.0787565
0.0784858
0.0782167
0.0779491
0.0776829
0.0774182
0.0771548
0.0768927
0.0766319
0.0763722
0.0761137
0.0758563
0.0755998
0.0753444
0.0750898
0.074836
0.0745829
0.0743303
0.0740783
0.0738271
0.153026
0.148939
0.1449
0.141526
0.138565
0.135927
0.133585
0.131501
0.129633
0.127948
0.126417
0.125018
0.123731
0.122541
0.121434
0.1204
0.119428
0.118513
0.117646
0.116824
0.116041
0.115294
0.114579
0.113894
0.113235
0.112601
0.11199
0.111401
0.110831
0.110279
0.109744
0.109226
0.108722
0.108233
0.107757
0.107294
0.106842
0.106402
0.105973
0.105554
0.105145
0.104745
0.104353
0.103971
0.103596
0.103229
0.102869
0.102517
0.102171
0.101831
0.101498
0.101171
0.100849
0.100533
0.100222
0.0999169
0.0996162
0.0993203
0.0990289
0.0987418
0.0984587
0.0981793
0.0979034
0.0976308
0.0973614
0.0970951
0.0968318
0.0965715
0.0963139
0.0960592
0.0958072
0.0955578
0.095311
0.0950667
0.094825
0.0945856
0.0943487
0.0941138
0.093881
0.0936499
0.0934206
0.093193
0.0929669
0.0927424
0.0925196
0.0922984
0.0920788
0.0918608
0.0916445
0.0914299
0.0912169
0.0910056
0.090796
0.0905879
0.0903815
0.0901767
0.0899735
0.0897717
0.0895715
0.0893728
0.0891755
0.0889796
0.0887851
0.088592
0.0884002
0.0882097
0.0880204
0.0878324
0.0876455
0.0874598
0.0872753
0.0870917
0.0869093
0.0867278
0.0865473
0.0863677
0.086189
0.0860111
0.085834
0.0856576
0.0854819
0.0853067
0.0851319
0.0849576
0.0847842
0.149027
0.146039
0.142913
0.140162
0.137624
0.13526
0.133078
0.131071
0.129222
0.127518
0.125943
0.124485
0.123131
0.121871
0.120694
0.119593
0.11856
0.117588
0.116672
0.115806
0.114986
0.114208
0.113469
0.112765
0.112095
0.111454
0.110842
0.110255
0.109694
0.109155
0.108637
0.108139
0.10766
0.107199
0.106754
0.106326
0.105912
0.105512
0.105125
0.104752
0.10439
0.104039
0.1037
0.103371
0.103052
0.102742
0.102442
0.10215
0.101866
0.101591
0.101322
0.101062
0.100808
0.100561
0.10032
0.100085
0.0998567
0.0996339
0.0994167
0.099204
0.0989949
0.0987895
0.0985877
0.0983897
0.0981953
0.0980047
0.0978176
0.0976342
0.0974543
0.0972778
0.0971047
0.096935
0.0967685
0.0966051
0.0964449
0.0962876
0.0961334
0.095982
0.0958334
0.0956875
0.0955442
0.0954033
0.0952649
0.0951288
0.094995
0.0948634
0.0947342
0.0946072
0.0944822
0.0943591
0.0942381
0.094119
0.0940018
0.0938864
0.0937729
0.0936613
0.0935514
0.0934429
0.0933363
0.0932314
0.0931282
0.0930268
0.092927
0.0928289
0.0927325
0.0926376
0.0925444
0.0924528
0.0923627
0.0922742
0.0921872
0.0921017
0.0920177
0.0919352
0.0918541
0.0917745
0.0916963
0.0916196
0.0915442
0.0914701
0.0913975
0.0913261
0.0912559
0.0911871
0.09112
0.139071
0.136858
0.134519
0.132368
0.130343
0.128414
0.126583
0.124852
0.123218
0.121675
0.12022
0.118848
0.117553
0.11633
0.115174
0.114082
0.113047
0.112067
0.111137
0.110253
0.109414
0.108614
0.107853
0.107127
0.106434
0.105772
0.10514
0.104534
0.103955
0.103399
0.102867
0.102356
0.101865
0.101394
0.100941
0.100505
0.100086
0.0996833
0.0992951
0.0989211
0.0985608
0.0982135
0.0978786
0.0975556
0.0972441
0.0969434
0.0966532
0.096373
0.0961025
0.0958412
0.0955889
0.0953452
0.0951097
0.0948822
0.0946624
0.09445
0.0942447
0.0940464
0.0938548
0.0936696
0.0934905
0.0933173
0.0931497
0.0929877
0.0928309
0.0926792
0.0925326
0.0923908
0.0922537
0.0921211
0.0919931
0.0918694
0.09175
0.0916347
0.0915235
0.0914162
0.0913128
0.0912132
0.0911173
0.091025
0.0909363
0.090851
0.0907692
0.0906906
0.0906154
0.0905433
0.0904743
0.0904085
0.0903456
0.0902858
0.0902289
0.0901748
0.0901236
0.0900752
0.0900296
0.0899868
0.0899466
0.0899091
0.0898743
0.0898421
0.0898124
0.0897854
0.089761
0.0897391
0.0897198
0.0897031
0.0896889
0.0896772
0.0896681
0.0896615
0.0896575
0.089656
0.0896569
0.0896605
0.0896666
0.0896753
0.0896865
0.0897004
0.0897169
0.089736
0.0897578
0.0897822
0.0898092
0.0898391
0.089872
0.123501
0.12206
0.120394
0.118788
0.117237
0.115727
0.114267
0.112862
0.111512
0.110219
0.108982
0.107799
0.106669
0.10559
0.104559
0.103575
0.102635
0.101736
0.100877
0.100056
0.0992697
0.0985171
0.0977961
0.0971052
0.0964426
0.0958069
0.0951967
0.0946106
0.0940475
0.0935062
0.0929856
0.0924848
0.0920026
0.0915384
0.0910913
0.0906604
0.0902451
0.0898447
0.0894585
0.089086
0.0887266
0.0883797
0.0880448
0.0877216
0.0874094
0.087108
0.0868169
0.0865357
0.0862641
0.0860017
0.0857482
0.0855034
0.0852668
0.0850384
0.0848177
0.0846046
0.0843988
0.0842001
0.0840083
0.0838232
0.0836445
0.0834721
0.0833057
0.0831451
0.0829903
0.0828411
0.0826972
0.0825586
0.0824251
0.0822966
0.082173
0.0820541
0.0819399
0.0818303
0.0817251
0.0816244
0.0815279
0.0814356
0.0813475
0.0812635
0.0811834
0.0811073
0.0810351
0.0809666
0.080902
0.080841
0.0807837
0.0807299
0.0806798
0.0806332
0.08059
0.0805503
0.0805141
0.0804813
0.0804518
0.0804258
0.080403
0.0803836
0.0803674
0.0803546
0.080345
0.0803387
0.0803356
0.0803358
0.0803392
0.0803459
0.0803558
0.0803695
0.0803864
0.0804066
0.0804302
0.080457
0.0804872
0.0805209
0.080558
0.0805985
0.0806426
0.0806902
0.0807415
0.0807964
0.0808549
0.0809173
0.0809835
0.0810535
0.0811279
0.111632
0.110429
0.109076
0.107754
0.106464
0.105199
0.103966
0.102768
0.101608
0.100488
0.0994076
0.098367
0.0973657
0.0964028
0.0954771
0.0945876
0.0937328
0.0929114
0.0921219
0.0913629
0.0906331
0.0899312
0.0892559
0.0886059
0.0879801
0.0873775
0.0867968
0.0862372
0.0856976
0.0851773
0.0846753
0.0841908
0.0837231
0.0832715
0.0828352
0.0824137
0.0820064
0.0816126
0.0812319
0.0808637
0.0805075
0.0801629
0.0798295
0.0795068
0.0791945
0.0788922
0.0785995
0.0783161
0.0780417
0.0777761
0.0775188
0.0772696
0.0770284
0.0767948
0.0765686
0.0763495
0.0761375
0.0759322
0.0757336
0.0755413
0.0753553
0.0751753
0.0750012
0.0748329
0.0746701
0.0745128
0.0743608
0.074214
0.0740723
0.0739355
0.0738035
0.0736763
0.0735537
0.0734357
0.0733221
0.0732129
0.073108
0.0730073
0.0729108
0.0728183
0.0727299
0.0726455
0.072565
0.0724883
0.0724155
0.0723464
0.072281
0.0722193
0.0721613
0.0721068
0.072056
0.0720087
0.0719653
0.0719253
0.0718889
0.0718558
0.0718262
0.0718001
0.0717774
0.0717582
0.0717424
0.0717301
0.0717213
0.071716
0.0717141
0.0717157
0.0717208
0.0717294
0.0717417
0.0717576
0.0717772
0.0718004
0.0718274
0.0718581
0.0718927
0.0719311
0.0719734
0.0720198
0.0720701
0.0721246
0.0721833
0.0722462
0.0723134
0.0723852
0.0724617
0.101409
0.100197
0.0989337
0.0977248
0.096563
0.0954356
0.094341
0.0932804
0.0922538
0.0912608
0.0903011
0.0893742
0.0884794
0.0876161
0.0867832
0.0859806
0.0852067
0.0844603
0.0837403
0.0830457
0.0823754
0.0817284
0.0811039
0.0805009
0.0799185
0.0793558
0.0788121
0.0782866
0.0777785
0.077287
0.0768116
0.0763516
0.0759063
0.0754751
0.0750576
0.0746531
0.0742612
0.0738813
0.0735131
0.0731561
0.0728098
0.0724739
0.0721481
0.0718318
0.0715249
0.071227
0.0709377
0.0706569
0.0703841
0.0701192
0.0698619
0.069612
0.0693692
0.0691332
0.068904
0.0686813
0.0684649
0.0682547
0.0680504
0.0678519
0.0676591
0.0674718
0.0672898
0.067113
0.0669414
0.0667747
0.0666129
0.0664558
0.0663033
0.0661554
0.0660119
0.0658728
0.0657379
0.0656072
0.0654806
0.065358
0.0652394
0.0651246
0.0650136
0.0649064
0.0648032
0.0647035
0.0646073
0.0645147
0.0644256
0.0643399
0.0642577
0.0641788
0.0641033
0.0640311
0.0639623
0.0638967
0.0638343
0.0637753
0.0637194
0.0636668
0.0636175
0.0635714
0.0635285
0.0634889
0.0634525
0.0634193
0.0633894
0.0633627
0.0633394
0.0633193
0.0633025
0.0632888
0.0632785
0.0632716
0.0632682
0.0632682
0.0632717
0.0632789
0.0632896
0.0633041
0.0633223
0.0633444
0.0633702
0.0634
0.0634338
0.0634717
0.0635138
0.0635601
0.0636114
0.0929741
0.0917611
0.0905482
0.089397
0.0883027
0.0872523
0.08624
0.0852638
0.0843222
0.0834138
0.0825371
0.0816911
0.0808746
0.0800866
0.079326
0.0785899
0.0778783
0.0771905
0.0765258
0.0758834
0.0752626
0.0746624
0.074082
0.0735207
0.0729776
0.0724521
0.0719435
0.0714509
0.0709739
0.0705118
0.0700639
0.0696298
0.0692088
0.0688005
0.0684043
0.0680198
0.0676466
0.0672841
0.066932
0.06659
0.0662575
0.0659344
0.0656202
0.0653146
0.0650173
0.0647281
0.0644466
0.0641726
0.0639059
0.0636461
0.0633931
0.0631467
0.0629066
0.0626726
0.0624446
0.0622224
0.0620058
0.0617946
0.0615888
0.061388
0.0611923
0.0610014
0.0608153
0.0606338
0.0604569
0.0602843
0.060116
0.0599519
0.0597918
0.0596358
0.0594837
0.0593356
0.0591912
0.0590504
0.0589133
0.0587796
0.0586495
0.0585227
0.0583993
0.0582793
0.0581624
0.0580488
0.0579383
0.057831
0.0577268
0.0576256
0.0575275
0.0574324
0.0573403
0.0572511
0.0571648
0.0570814
0.0570007
0.056923
0.0568481
0.0567761
0.056707
0.0566408
0.0565775
0.0565171
0.0564595
0.0564048
0.056353
0.0563041
0.0562581
0.0562151
0.056175
0.0561379
0.0561038
0.0560727
0.0560446
0.0560197
0.0559979
0.0559793
0.0559639
0.0559518
0.0559431
0.0559377
0.0559357
0.0559371
0.0559422
0.055951
0.0559636
0.05598
0.0559998
0.0860939
0.0849284
0.0837724
0.0826681
0.0816181
0.0806125
0.0796476
0.0787216
0.0778323
0.0769772
0.0761545
0.0753625
0.0745996
0.0738645
0.0731557
0.0724708
0.071809
0.0711696
0.0705517
0.0699545
0.0693772
0.068819
0.068279
0.0677565
0.0672508
0.0667611
0.0662869
0.0658273
0.065382
0.0649501
0.0645312
0.0641248
0.0637302
0.0633472
0.0629751
0.0626135
0.062262
0.0619202
0.0615878
0.0612643
0.0609495
0.0606429
0.0603443
0.0600534
0.0597699
0.0594934
0.0592239
0.058961
0.0587045
0.0584541
0.0582097
0.057971
0.0577379
0.0575102
0.0572877
0.0570702
0.0568576
0.0566498
0.0564465
0.0562477
0.0560532
0.055863
0.0556768
0.0554947
0.0553165
0.055142
0.0549712
0.0548039
0.0546402
0.0544799
0.0543229
0.0541692
0.0540186
0.0538713
0.053727
0.0535857
0.0534474
0.053312
0.0531794
0.0530497
0.0529225
0.0527982
0.0526765
0.0525575
0.0524412
0.0523274
0.0522163
0.0521077
0.0520016
0.051898
0.0517968
0.0516982
0.0516019
0.0515081
0.0514168
0.0513278
0.0512413
0.0511571
0.0510754
0.0509961
0.0509192
0.0508448
0.0507728
0.0507032
0.0506361
0.0505715
0.0505094
0.0504498
0.0503927
0.0503381
0.0502862
0.0502368
0.0501902
0.0501462
0.0501049
0.0500664
0.0500307
0.0499979
0.0499679
0.049941
0.0499171
0.0498963
0.0498786
0.0498642
0.049853
0.0805345
0.0794232
0.0783004
0.0772348
0.0762238
0.0752571
0.0743322
0.0734474
0.0726004
0.0717885
0.0710097
0.0702619
0.0695433
0.0688523
0.0681874
0.0675469
0.0669293
0.0663336
0.0657586
0.0652035
0.0646673
0.0641492
0.0636483
0.0631639
0.0626952
0.0622414
0.061802
0.0613762
0.0609635
0.0605632
0.0601748
0.0597978
0.0594317
0.059076
0.0587302
0.0583939
0.0580668
0.0577484
0.0574383
0.0571362
0.0568418
0.0565548
0.0562749
0.0560017
0.0557351
0.0554747
0.0552203
0.0549717
0.0547287
0.054491
0.0542585
0.054031
0.0538083
0.0535902
0.0533765
0.0531672
0.0529622
0.0527611
0.0525639
0.0523705
0.0521808
0.0519947
0.0518119
0.0516325
0.0514564
0.0512834
0.0511135
0.0509467
0.0507827
0.0506216
0.0504633
0.0503075
0.0501545
0.050004
0.0498562
0.0497108
0.0495679
0.0494274
0.0492892
0.0491533
0.0490197
0.0488884
0.0487592
0.0486322
0.0485073
0.0483846
0.048264
0.0481454
0.0480289
0.0479144
0.0478019
0.0476914
0.0475829
0.0474764
0.0473719
0.0472693
0.0471687
0.04707
0.0469733
0.0468785
0.0467857
0.0466949
0.046606
0.0465191
0.0464342
0.0463513
0.0462704
0.0461915
0.0461146
0.0460399
0.0459672
0.0458966
0.0458282
0.0457619
0.0456978
0.045636
0.0455765
0.0455192
0.0454644
0.0454119
0.0453619
0.0453143
0.0452693
0.0452269
0.0451873
0.0760691
0.0749877
0.0738987
0.0728719
0.0719013
0.070976
0.0700931
0.0692507
0.0684463
0.0676773
0.0669414
0.0662365
0.0655609
0.0649126
0.0642903
0.0636921
0.0631168
0.0625629
0.0620294
0.0615152
0.0610192
0.0605405
0.0600783
0.0596316
0.0591998
0.058782
0.0583777
0.057986
0.0576065
0.0572384
0.0568813
0.0565347
0.0561979
0.0558706
0.0555523
0.0552425
0.054941
0.0546472
0.0543609
0.0540817
0.0538093
0.0535434
0.0532837
0.0530299
0.0527819
0.0525392
0.0523018
0.0520694
0.0518417
0.0516187
0.0514001
0.0511857
0.0509754
0.050769
0.0505663
0.0503673
0.0501718
0.0499797
0.0497908
0.0496051
0.0494225
0.0492428
0.0490659
0.0488917
0.0487202
0.0485514
0.048385
0.0482211
0.0480596
0.0479005
0.0477435
0.0475888
0.0474362
0.0472857
0.0471373
0.0469908
0.0468463
0.0467038
0.0465631
0.0464243
0.0462872
0.046152
0.0460185
0.0458867
0.0457567
0.0456283
0.0455016
0.0453765
0.045253
0.0451312
0.0450109
0.0448922
0.0447751
0.0446595
0.0445455
0.0444331
0.0443222
0.0442128
0.0441049
0.0439986
0.0438938
0.0437906
0.0436889
0.0435887
0.0434901
0.0433931
0.0432977
0.0432038
0.0431115
0.0430209
0.0429319
0.0428445
0.0427588
0.0426748
0.0425925
0.0425119
0.0424331
0.0423561
0.0422809
0.0422076
0.0421362
0.0420667
0.0419991
0.0419336
0.0418702
0.0724684
0.0714207
0.0703775
0.0693955
0.0684696
0.0675895
0.0667519
0.0659547
0.0651953
0.0644709
0.0637794
0.0631186
0.0624867
0.0618817
0.0613021
0.0607463
0.0602129
0.0597005
0.0592078
0.0587338
0.0582774
0.0578376
0.0574134
0.057004
0.0566085
0.0562262
0.0558565
0.0554985
0.0551517
0.0548155
0.0544894
0.0541727
0.053865
0.0535658
0.0532748
0.0529914
0.0527153
0.0524461
0.0521835
0.0519271
0.0516767
0.051432
0.0511927
0.0509585
0.0507291
0.0505045
0.0502843
0.0500684
0.0498565
0.0496485
0.0494443
0.0492435
0.0490462
0.0488522
0.0486613
0.0484734
0.0482883
0.0481061
0.0479265
0.0477495
0.047575
0.0474028
0.047233
0.0470654
0.0469
0.0467367
0.0465754
0.046416
0.0462586
0.046103
0.0459492
0.0457971
0.0456467
0.045498
0.0453509
0.0452054
0.0450615
0.044919
0.044778
0.0446385
0.0445004
0.0443636
0.0442283
0.0440943
0.0439616
0.0438302
0.0437001
0.0435713
0.0434438
0.0433175
0.0431924
0.0430686
0.042946
0.0428246
0.0427043
0.0425853
0.0424675
0.0423509
0.0422355
0.0421212
0.0420081
0.0418963
0.0417856
0.0416761
0.0415678
0.0414607
0.0413548
0.0412501
0.0411467
0.0410445
0.0409435
0.0408438
0.0407454
0.0406482
0.0405524
0.0404579
0.0403647
0.0402729
0.0401824
0.0400934
0.0400058
0.0399196
0.039835
0.0397518
0.0396702
0.0695553
0.0685583
0.067571
0.0666407
0.0657642
0.064933
0.0641437
0.0633941
0.0626816
0.0620035
0.0613576
0.0607418
0.0601542
0.0595929
0.0590563
0.0585428
0.058051
0.0575795
0.057127
0.0566924
0.0562746
0.0558724
0.0554851
0.0551116
0.0547512
0.0544031
0.0540666
0.0537409
0.0534255
0.0531197
0.052823
0.0525349
0.0522549
0.0519824
0.0517172
0.0514588
0.0512068
0.0509609
0.0507207
0.050486
0.0502564
0.0500317
0.0498116
0.0495959
0.0493844
0.0491768
0.0489729
0.0487727
0.0485758
0.0483821
0.0481915
0.0480039
0.0478191
0.0476369
0.0474573
0.0472802
0.0471054
0.0469328
0.0467625
0.0465941
0.0464278
0.0462634
0.0461008
0.04594
0.0457809
0.0456234
0.0454675
0.0453132
0.0451604
0.045009
0.0448591
0.0447105
0.0445632
0.0444172
0.0442725
0.044129
0.0439866
0.0438455
0.0437055
0.0435666
0.0434288
0.0432921
0.0431564
0.0430218
0.0428882
0.0427557
0.0426241
0.0424935
0.0423638
0.0422351
0.0421074
0.0419806
0.0418548
0.0417299
0.0416059
0.0414828
0.0413607
0.0412395
0.0411191
0.0409997
0.0408812
0.0407636
0.0406469
0.0405312
0.0404163
0.0403024
0.0401894
0.0400773
0.0399662
0.039856
0.0397468
0.0396385
0.0395311
0.0394248
0.0393194
0.039215
0.0391117
0.0390093
0.038908
0.0388078
0.0387086
0.0386106
0.0385136
0.0384177
0.038323
0.0672075
0.0662678
0.0653411
0.0644665
0.0636425
0.0628623
0.0621228
0.0614218
0.0607569
0.0601256
0.0595255
0.0589547
0.0584112
0.0578932
0.057399
0.0569271
0.0564759
0.0560441
0.0556304
0.0552336
0.0548527
0.0544865
0.0541341
0.0537947
0.0534673
0.0531512
0.0528457
0.0525501
0.0522638
0.0519862
0.0517168
0.051455
0.0512004
0.0509525
0.0507109
0.0504753
0.0502453
0.0500205
0.0498007
0.0495856
0.0493749
0.0491682
0.0489655
0.0487665
0.048571
0.0483787
0.0481896
0.0480034
0.04782
0.0476392
0.047461
0.0472851
0.0471116
0.0469401
0.0467708
0.0466034
0.0464378
0.0462741
0.0461121
0.0459516
0.0457928
0.0456355
0.0454796
0.045325
0.0451718
0.0450199
0.0448693
0.0447198
0.0445715
0.0444243
0.0442782
0.0441331
0.0439891
0.043846
0.0437038
0.0435627
0.0434224
0.043283
0.0431445
0.0430069
0.0428701
0.0427341
0.0425989
0.0424646
0.042331
0.0421982
0.0420661
0.0419348
0.0418043
0.0416745
0.0415454
0.041417
0.0412894
0.0411625
0.0410363
0.0409108
0.040786
0.0406619
0.0405385
0.0404158
0.0402938
0.0401725
0.0400519
0.039932
0.0398129
0.0396945
0.0395768
0.0394597
0.0393434
0.0392278
0.0391129
0.0389987
0.0388853
0.0387727
0.0386608
0.0385496
0.0384392
0.0383296
0.0382208
0.0381128
0.0380057
0.0378993
0.0377938
0.0376891
0.0375852
0.0653236
0.0644408
0.0635742
0.0627558
0.0619847
0.0612555
0.0605656
0.0599129
0.0592951
0.0587097
0.0581547
0.0576278
0.0571273
0.0566512
0.056198
0.0557659
0.0553536
0.0549596
0.0545827
0.0542216
0.0538753
0.0535426
0.0532227
0.0529147
0.0526178
0.0523311
0.052054
0.0517858
0.0515259
0.0512738
0.0510288
0.0507907
0.0505588
0.0503328
0.0501123
0.0498969
0.0496863
0.0494801
0.0492782
0.0490803
0.048886
0.0486952
0.0485077
0.0483232
0.0481415
0.0479626
0.0477861
0.0476121
0.0474404
0.0472708
0.0471031
0.0469374
0.0467735
0.0466113
0.0464508
0.0462917
0.0461341
0.0459779
0.0458231
0.0456695
0.045517
0.0453658
0.0452156
0.0450666
0.0449185
0.0447714
0.0446252
0.04448
0.0443358
0.0441924
0.0440496
0.0439075
0.0437663
0.0436258
0.0434861
0.0433471
0.0432088
0.0430712
0.0429343
0.0427979
0.0426623
0.0425272
0.0423928
0.042259
0.0421258
0.0419931
0.0418611
0.0417296
0.0415987
0.0414683
0.0413386
0.0412093
0.0410807
0.0409526
0.040825
0.040698
0.0405715
0.0404456
0.0403202
0.0401954
0.0400711
0.0399474
0.0398242
0.0397016
0.0395797
0.0394583
0.0393374
0.039217
0.039097
0.0389776
0.0388588
0.0387406
0.0386231
0.0385061
0.0383897
0.0382738
0.0381586
0.038044
0.0379301
0.0378167
0.037704
0.0375919
0.0374804
0.0373696
0.0372594
0.0638145
0.062986
0.0621767
0.0614122
0.0606923
0.0600126
0.0593707
0.0587648
0.0581925
0.0576515
0.0571397
0.0566551
0.0561957
0.0557596
0.0553451
0.0549507
0.0545749
0.0542162
0.0538735
0.0535454
0.0532309
0.0529291
0.0526388
0.0523594
0.0520899
0.0518297
0.051578
0.0513343
0.0510979
0.0508683
0.0506451
0.0504277
0.0502157
0.0500088
0.0498066
0.0496087
0.0494149
0.0492248
0.0490383
0.0488551
0.0486749
0.0484975
0.048323
0.0481507
0.0479807
0.047813
0.0476473
0.0474835
0.0473214
0.0471611
0.0470023
0.0468451
0.0466892
0.0465346
0.0463813
0.0462291
0.046078
0.045928
0.045779
0.045631
0.0454838
0.0453376
0.0451921
0.0450474
0.0449035
0.0447603
0.0446178
0.0444759
0.0443345
0.0441938
0.0440539
0.0439146
0.0437758
0.0436376
0.0434999
0.0433627
0.043226
0.0430899
0.0429542
0.042819
0.0426843
0.04255
0.0424162
0.0422829
0.04215
0.0420175
0.0418855
0.041754
0.0416229
0.0414922
0.041362
0.0412321
0.0411028
0.0409738
0.0408453
0.0407172
0.0405896
0.0404623
0.0403355
0.0402092
0.0400832
0.0399577
0.0398327
0.039708
0.0395837
0.0394597
0.0393363
0.0392135
0.0390913
0.0389694
0.038848
0.038727
0.0386065
0.0384864
0.0383668
0.0382476
0.038129
0.0380108
0.0378931
0.0377759
0.0376593
0.0375431
0.0374274
0.0373122
0.0371975
0.0626049
0.0618273
0.0610711
0.0603573
0.0596859
0.0590531
0.058457
0.0578956
0.0573667
0.0568679
0.0563973
0.0559525
0.0555318
0.0551332
0.054755
0.0543956
0.0540536
0.0537275
0.0534161
0.0531181
0.0528326
0.0525586
0.052295
0.0520412
0.0517962
0.0515595
0.0513303
0.0511081
0.0508923
0.0506824
0.0504779
0.0502786
0.0500837
0.0498932
0.0497066
0.0495236
0.0493441
0.0491676
0.0489941
0.0488232
0.0486548
0.0484886
0.0483244
0.0481625
0.0480023
0.0478438
0.0476869
0.0475314
0.0473773
0.0472245
0.0470729
0.0469223
0.0467729
0.0466244
0.0464768
0.0463301
0.0461842
0.0460391
0.0458947
0.045751
0.0456079
0.0454655
0.0453236
0.0451823
0.0450416
0.0449013
0.0447616
0.0446223
0.0444834
0.044345
0.044207
0.0440695
0.0439324
0.0437957
0.0436594
0.0435234
0.0433878
0.0432526
0.0431178
0.0429833
0.0428491
0.0427153
0.0425819
0.0424488
0.042316
0.0421836
0.0420515
0.0419197
0.0417883
0.0416572
0.0415265
0.0413961
0.041266
0.0411363
0.0410069
0.0408779
0.0407492
0.0406208
0.0404928
0.0403651
0.0402378
0.0401109
0.0399842
0.039858
0.0397321
0.0396065
0.0394813
0.0393565
0.0392321
0.039108
0.0389844
0.0388611
0.0387382
0.0386157
0.0384936
0.0383719
0.0382505
0.0381296
0.0380091
0.037889
0.0377693
0.03765
0.0375312
0.0374127
0.0372946
0.0616325
0.0609021
0.0601949
0.0595281
0.058902
0.0583135
0.0577606
0.0572413
0.0567534
0.0562945
0.0558625
0.0554552
0.0550706
0.0547068
0.0543621
0.054035
0.0537239
0.0534274
0.0531444
0.0528737
0.0526142
0.052365
0.0521252
0.051894
0.0516706
0.0514545
0.0512449
0.0510414
0.0508434
0.0506504
0.0504621
0.0502778
0.0500977
0.0499211
0.0497477
0.0495773
0.0494097
0.0492445
0.0490817
0.048921
0.0487623
0.0486053
0.0484499
0.0482961
0.0481437
0.0479926
0.0478426
0.0476938
0.047546
0.0473991
0.047253
0.0471078
0.0469633
0.0468195
0.0466763
0.0465338
0.0463918
0.0462503
0.0461093
0.0459688
0.0458288
0.0456891
0.0455499
0.045411
0.0452724
0.0451343
0.0449964
0.0448589
0.0447217
0.0445847
0.0444481
0.0443117
0.0441756
0.0440398
0.0439043
0.043769
0.043634
0.0434992
0.0433647
0.0432305
0.0430965
0.0429628
0.0428293
0.0426961
0.0425631
0.0424304
0.0422979
0.0421657
0.0420337
0.0419021
0.0417706
0.0416395
0.0415086
0.041378
0.0412476
0.0411176
0.0409878
0.0408583
0.040729
0.0406001
0.0404714
0.0403431
0.040215
0.0400873
0.0399598
0.0398326
0.0397058
0.0395793
0.039453
0.0393271
0.0392016
0.0390763
0.0389514
0.0388268
0.0387025
0.0385786
0.0384551
0.0383319
0.038209
0.0380865
0.0379643
0.0378425
0.0377211
0.0376
0.0374791
0.0608473
0.0601602
0.0594979
0.0588747
0.0582911
0.0577443
0.0572322
0.0567526
0.0563034
0.0558819
0.055486
0.0551135
0.0547624
0.0544307
0.0541168
0.0538191
0.053536
0.0532664
0.0530089
0.0527625
0.0525261
0.0522989
0.05208
0.0518686
0.0516641
0.0514659
0.0512733
0.0510858
0.050903
0.0507245
0.0505498
0.0503786
0.0502107
0.0500456
0.0498832
0.0497232
0.0495653
0.0494094
0.0492553
0.0491029
0.0489519
0.0488023
0.0486539
0.0485066
0.0483603
0.0482149
0.0480704
0.0479267
0.0477836
0.0476412
0.0474994
0.0473581
0.0472173
0.0470769
0.046937
0.0467974
0.0466582
0.0465193
0.0463807
0.0462424
0.0461044
0.0459666
0.045829
0.0456917
0.0455545
0.0454176
0.0452809
0.0451444
0.045008
0.0448718
0.0447358
0.0446
0.0444644
0.0443289
0.0441936
0.0440584
0.0439235
0.0437887
0.043654
0.0435196
0.0433853
0.0432512
0.0431173
0.0429836
0.0428501
0.0427167
0.0425836
0.0424506
0.0423178
0.0421853
0.0420529
0.0419208
0.0417889
0.0416572
0.0415257
0.0413945
0.0412634
0.0411327
0.0410021
0.0408718
0.0407417
0.0406119
0.0404824
0.0403531
0.040224
0.0400953
0.0399668
0.0398385
0.0397106
0.0395829
0.0394555
0.0393284
0.0392016
0.0390751
0.0389489
0.038823
0.0386974
0.0385721
0.0384471
0.0383225
0.0381981
0.0380741
0.0379504
0.037827
0.0377038
0.060209
0.0595616
0.0589406
0.0583583
0.0578149
0.0573075
0.056834
0.0563921
0.0559792
0.0555928
0.0552305
0.0548903
0.0545699
0.0542677
0.0539818
0.0537107
0.0534529
0.0532073
0.0529726
0.0527477
0.0525318
0.0523239
0.0521232
0.0519291
0.0517409
0.051558
0.0513799
0.0512061
0.0510362
0.0508698
0.0507066
0.0505462
0.0503884
0.0502329
0.0500794
0.0499278
0.0497778
0.0496294
0.0494823
0.0493363
0.0491915
0.0490476
0.0489046
0.0487623
0.0486207
0.0484797
0.0483393
0.0481993
0.0480598
0.0479206
0.0477818
0.0476433
0.0475051
0.0473671
0.0472293
0.0470917
0.0469543
0.0468171
0.0466799
0.046543
0.0464061
0.0462693
0.0461327
0.0459961
0.0458596
0.0457233
0.045587
0.0454508
0.0453146
0.0451786
0.0450426
0.0449068
0.044771
0.0446353
0.0444997
0.0443642
0.0442288
0.0440935
0.0439583
0.0438233
0.0436883
0.0435535
0.0434188
0.0432842
0.0431497
0.0430154
0.0428813
0.0427473
0.0426134
0.0424797
0.0423462
0.0422128
0.0420796
0.0419466
0.0418138
0.0416812
0.0415488
0.0414165
0.0412845
0.0411527
0.0410211
0.0408897
0.0407586
0.0406276
0.040497
0.0403665
0.0402363
0.0401063
0.0399766
0.0398471
0.0397179
0.039589
0.0394603
0.0393319
0.0392038
0.039076
0.0389484
0.0388211
0.0386941
0.0385674
0.038441
0.0383149
0.0381891
0.0380636
0.0379382
0.059686
0.059075
0.0584927
0.0579493
0.0574443
0.0569746
0.0565378
0.0561314
0.0557526
0.0553989
0.0550679
0.0547574
0.0544653
0.0541898
0.0539292
0.0536821
0.053447
0.0532228
0.0530082
0.0528023
0.0526042
0.0524131
0.0522283
0.052049
0.0518747
0.0517049
0.0515391
0.0513768
0.0512177
0.0510614
0.0509077
0.0507561
0.0506066
0.0504588
0.0503125
0.0501676
0.050024
0.0498813
0.0497397
0.0495988
0.0494586
0.0493191
0.04918
0.0490415
0.0489033
0.0487655
0.0486279
0.0484906
0.0483535
0.0482165
0.0480797
0.047943
0.0478064
0.0476698
0.0475333
0.0473969
0.0472604
0.047124
0.0469876
0.0468511
0.0467147
0.0465783
0.0464419
0.0463054
0.046169
0.0460325
0.0458961
0.0457596
0.0456232
0.0454867
0.0453503
0.0452139
0.0450775
0.0449411
0.0448048
0.0446685
0.0445322
0.044396
0.0442599
0.0441238
0.0439878
0.0438519
0.043716
0.0435802
0.0434446
0.043309
0.0431735
0.0430382
0.042903
0.0427679
0.0426329
0.0424981
0.0423634
0.0422289
0.0420946
0.0419604
0.0418264
0.0416925
0.0415588
0.0414254
0.0412921
0.041159
0.0410261
0.0408935
0.040761
0.0406288
0.0404968
0.040365
0.0402334
0.0401021
0.0399711
0.0398402
0.0397097
0.0395794
0.0394493
0.0393195
0.03919
0.0390607
0.0389317
0.038803
0.0386746
0.0385465
0.0384186
0.038291
0.0381635
0.0592533
0.0586762
0.0581312
0.0576255
0.0571576
0.0567241
0.0563223
0.0559494
0.0556026
0.0552793
0.054977
0.0546937
0.0544274
0.0541761
0.0539384
0.0537127
0.0534978
0.0532924
0.0530955
0.0529063
0.0527237
0.0525471
0.0523758
0.0522092
0.0520468
0.051888
0.0517325
0.0515798
0.0514296
0.0512816
0.0511355
0.0509911
0.0508482
0.0507065
0.050566
0.0504263
0.0502875
0.0501493
0.0500117
0.0498746
0.0497378
0.0496014
0.0494653
0.0493293
0.0491934
0.0490577
0.048922
0.0487864
0.0486507
0.0485151
0.0483794
0.0482436
0.0481078
0.0479719
0.0478359
0.0476998
0.0475636
0.0474273
0.0472909
0.0471544
0.0470178
0.0468811
0.0467443
0.0466074
0.0464704
0.0463334
0.0461962
0.046059
0.0459218
0.0457845
0.0456471
0.0455097
0.0453723
0.0452349
0.0450974
0.0449599
0.0448224
0.044685
0.0445475
0.0444101
0.0442727
0.0441354
0.0439981
0.0438609
0.0437237
0.0435866
0.0434496
0.0433127
0.0431759
0.0430391
0.0429025
0.042766
0.0426297
0.0424935
0.0423574
0.0422214
0.0420856
0.04195
0.0418146
0.0416793
0.0415442
0.0414093
0.0412745
0.04114
0.0410057
0.0408715
0.0407376
0.0406039
0.0404705
0.0403372
0.0402042
0.0400714
0.0399389
0.0398066
0.0396745
0.0395428
0.0394112
0.0392799
0.0391489
0.0390182
0.0388877
0.0387575
0.0386276
0.0384979
0.0383683
0.05889
0.0583466
0.057839
0.0573703
0.0569384
0.0565395
0.0561708
0.0558293
0.0555123
0.055217
0.0549412
0.0546827
0.0544396
0.0542101
0.0539928
0.0537861
0.053589
0.0534002
0.0532188
0.0530439
0.0528747
0.0527106
0.0525508
0.0523949
0.0522424
0.0520928
0.0519458
0.051801
0.051658
0.0515167
0.0513768
0.0512381
0.0511003
0.0509634
0.0508272
0.0506915
0.0505562
0.0504213
0.0502867
0.0501522
0.0500178
0.0498835
0.0497492
0.0496148
0.0494804
0.0493459
0.0492113
0.0490765
0.0489415
0.0488064
0.048671
0.0485355
0.0483998
0.0482639
0.0481277
0.0479914
0.0478549
0.0477182
0.0475812
0.0474441
0.0473068
0.0471694
0.0470317
0.0468939
0.046756
0.0466179
0.0464797
0.0463414
0.0462029
0.0460644
0.0459257
0.045787
0.0456482
0.0455094
0.0453705
0.0452315
0.0450925
0.0449535
0.0448145
0.0446755
0.0445365
0.0443975
0.0442585
0.0441196
0.0439807
0.0438419
0.0437031
0.0435644
0.0434258
0.0432873
0.0431489
0.0430105
0.0428723
0.0427342
0.0425963
0.0424584
0.0423208
0.0421832
0.0420458
0.0419086
0.0417716
0.0416347
0.041498
0.0413615
0.0412252
0.0410891
0.0409532
0.0408175
0.040682
0.0405468
0.0404117
0.0402769
0.0401423
0.040008
0.0398739
0.03974
0.0396064
0.0394731
0.03934
0.0392072
0.0390746
0.0389423
0.0388103
0.0386785
0.0385467
0.0284795
0.0282072
0.0279409
0.02768
0.0274245
0.0271742
0.0269288
0.0266882
0.0264521
0.0262205
0.0259931
0.0257698
0.0255506
0.0253352
0.0251236
0.0249156
0.0247111
0.0245101
0.0243124
0.0241179
0.0239265
0.0237382
0.023553
0.0233706
0.023191
0.0230143
0.0228402
0.0226688
0.0224999
0.0223336
0.0221697
0.0220082
0.021849
0.0216921
0.0215375
0.021385
0.0212346
0.0210862
0.0209399
0.0207955
0.020653
0.0205123
0.0203734
0.0202363
0.0201008
0.0199669
0.0198346
0.0197038
0.0195745
0.0194465
0.0193198
0.0191943
0.0190701
0.0189468
0.0188246
0.0187033
0.0185828
0.018463
0.0183438
0.018225
0.0181065
0.0179881
0.0178695
0.0177507
0.0176312
0.0175107
0.0173889
0.0172652
0.0171389
0.0170091
0.0168749
0.0167342
0.0165841
0.0164208
0.01623
0.0616824
0.0613366
0.0609911
0.0606488
0.0603105
0.0599754
0.0596442
0.0593169
0.0589938
0.0586747
0.0583598
0.0580491
0.0577426
0.0574403
0.0571421
0.056848
0.0565579
0.0562719
0.0559899
0.0557118
0.0554377
0.0551675
0.054901
0.0546384
0.0543794
0.0541241
0.0538724
0.0536241
0.0533793
0.0531378
0.0528996
0.0526646
0.0524327
0.0522038
0.0519779
0.0517549
0.0515346
0.0513171
0.0511022
0.0508899
0.05068
0.0504726
0.0502675
0.0500647
0.049864
0.0496654
0.0494689
0.0492742
0.0490814
0.0488904
0.0487011
0.0485134
0.0483272
0.0481425
0.047959
0.0477769
0.0475959
0.0474159
0.047237
0.047059
0.0468817
0.0467053
0.0465296
0.0463547
0.0461805
0.0460069
0.0458343
0.0456628
0.0454933
0.045327
0.0451656
0.0450105
0.0448634
0.0447356
0.0447444
0.0735559
0.0732874
0.0730216
0.0727582
0.0724966
0.0722365
0.0719794
0.0717248
0.0714724
0.0712225
0.0709751
0.0707304
0.0704884
0.0702491
0.0700124
0.0697786
0.0695476
0.0693194
0.0690942
0.0688719
0.0686524
0.0684358
0.0682221
0.0680111
0.0678029
0.0675974
0.0673945
0.0671942
0.0669965
0.0668013
0.0666085
0.0664181
0.06623
0.0660441
0.0658604
0.0656788
0.0654993
0.0653218
0.0651463
0.0649727
0.0648009
0.0646309
0.0644627
0.0642962
0.0641313
0.0639681
0.0638064
0.0636463
0.0634876
0.0633305
0.0631749
0.0630207
0.062868
0.0627168
0.0625671
0.0624189
0.0622724
0.0621276
0.0619846
0.0618436
0.0617048
0.0615687
0.0614353
0.0613052
0.061179
0.0610575
0.0609415
0.0608316
0.0607282
0.0606329
0.0605471
0.0604724
0.0604096
0.0603801
0.0604777
0.0845975
0.084413
0.0842306
0.084051
0.0838742
0.0836997
0.0835254
0.0833509
0.083176
0.0830022
0.0828291
0.0826566
0.0824846
0.0823133
0.0821431
0.0819739
0.0818061
0.0816398
0.0814749
0.0813117
0.0811501
0.0809901
0.0808319
0.0806753
0.0805204
0.0803672
0.0802156
0.0800656
0.0799172
0.0797703
0.0796248
0.0794808
0.0793382
0.0791969
0.079057
0.0789184
0.078781
0.0786448
0.0785099
0.0783761
0.0782434
0.0781119
0.0779815
0.0778522
0.077724
0.0775968
0.0774708
0.0773458
0.0772219
0.077099
0.0769774
0.0768568
0.0767375
0.0766196
0.0765029
0.0763878
0.0762744
0.0761627
0.0760529
0.0759454
0.0758404
0.0757382
0.0756392
0.0755439
0.075453
0.0753669
0.0752857
0.0752071
0.0751292
0.0750524
0.0749765
0.0749011
0.0748266
0.0747693
0.0748161
0.0910488
0.0909797
0.0909126
0.0908479
0.0907854
0.0907252
0.0906671
0.0906109
0.0905565
0.0905022
0.0904479
0.0903933
0.0903381
0.0902823
0.0902258
0.0901686
0.0901107
0.090052
0.0899925
0.0899323
0.0898715
0.0898099
0.0897478
0.0896851
0.0896218
0.0895582
0.0894941
0.0894297
0.0893649
0.0892998
0.0892345
0.0891689
0.089103
0.089037
0.0889707
0.0889043
0.0888377
0.0887709
0.088704
0.088637
0.0885699
0.0885027
0.0884354
0.0883681
0.0883007
0.0882334
0.088166
0.0880988
0.0880317
0.0879648
0.0878981
0.0878317
0.0877656
0.0876999
0.0876346
0.0875699
0.0875058
0.0874423
0.0873797
0.087318
0.0872573
0.0871976
0.0871392
0.0870821
0.0870265
0.0869724
0.0869199
0.0868691
0.08682
0.0867722
0.0867252
0.0866782
0.0866306
0.0865903
0.0866068
0.0899113
0.0899531
0.0899973
0.0900441
0.0900934
0.0901453
0.0901996
0.0902562
0.0903151
0.0903761
0.0904393
0.0905046
0.0905717
0.0906405
0.0907106
0.0907817
0.0908535
0.0909257
0.0909978
0.0910682
0.0911367
0.0912032
0.0912678
0.0913303
0.0913909
0.0914495
0.0915062
0.091561
0.091614
0.0916652
0.0917146
0.0917623
0.0918084
0.0918529
0.0918959
0.0919375
0.0919776
0.0920164
0.0920539
0.0920901
0.0921252
0.0921591
0.0921919
0.0922237
0.0922545
0.0922844
0.0923135
0.0923417
0.0923695
0.0923971
0.092424
0.0924505
0.0924766
0.0925023
0.0925277
0.0925526
0.0925773
0.0926021
0.092627
0.0926523
0.0926779
0.092704
0.0927307
0.092758
0.0927859
0.0928145
0.0928438
0.0928737
0.0929043
0.0929355
0.0929672
0.0929993
0.0930317
0.093066
0.0931066
0.0812133
0.081302
0.081394
0.0814895
0.0815882
0.0816901
0.081795
0.081903
0.082014
0.0821279
0.0822446
0.0823642
0.0824867
0.082612
0.0827403
0.0828715
0.0830055
0.0831423
0.083282
0.0834265
0.0835753
0.0837279
0.0838822
0.0840365
0.0841908
0.084345
0.0844989
0.0846525
0.0848058
0.0849586
0.085111
0.0852628
0.0854141
0.0855649
0.0857151
0.0858647
0.0860138
0.0861623
0.0863102
0.0864576
0.0866044
0.0867506
0.0868963
0.0870414
0.0871861
0.0873302
0.0874738
0.087617
0.0877598
0.0879022
0.0880442
0.088186
0.0883275
0.0884687
0.0886098
0.0887508
0.0888917
0.0890325
0.0891733
0.0893142
0.0894553
0.0895965
0.089738
0.0898798
0.0900218
0.0901642
0.0903068
0.0904498
0.0905931
0.0907365
0.0908801
0.0910237
0.0911669
0.0913093
0.0914419
0.07255
0.0726422
0.0727387
0.0728394
0.0729441
0.0730524
0.0731647
0.0732808
0.0734007
0.0735243
0.0736516
0.0737824
0.0739169
0.0740549
0.0741963
0.0743413
0.0744898
0.0746419
0.0747975
0.0749572
0.0751209
0.075289
0.0754626
0.0756427
0.0758287
0.07602
0.0762135
0.0764084
0.0766047
0.0768023
0.0770013
0.0772015
0.0774029
0.0776053
0.0778088
0.0780133
0.0782188
0.0784252
0.0786326
0.0788408
0.0790499
0.0792598
0.0794705
0.079682
0.0798942
0.0801071
0.0803208
0.0805352
0.0807502
0.080966
0.0811825
0.0813996
0.0816175
0.0818361
0.0820553
0.0822753
0.082496
0.0827174
0.0829395
0.0831623
0.0833859
0.0836101
0.083835
0.0840605
0.0842865
0.084513
0.0847399
0.0849672
0.0851946
0.0854221
0.0856494
0.0858763
0.086102
0.0863249
0.0865271
0.063672
0.0637372
0.063807
0.0638813
0.0639601
0.0640433
0.0641306
0.0642223
0.0643181
0.064418
0.0645221
0.0646302
0.0647423
0.0648583
0.0649783
0.0651021
0.0652299
0.0653614
0.0654968
0.0656361
0.0657792
0.0659261
0.0660772
0.0662327
0.0663928
0.0665577
0.0667298
0.0669093
0.0670956
0.0672883
0.0674841
0.0676827
0.067884
0.0680882
0.0682952
0.0685049
0.0687173
0.0689324
0.0691501
0.0693703
0.0695931
0.0698182
0.0700455
0.0702752
0.0705071
0.0707412
0.0709776
0.0712161
0.0714568
0.0716996
0.0719446
0.0721916
0.0724408
0.0726919
0.0729451
0.0732002
0.0734573
0.0737163
0.073977
0.0742396
0.074504
0.0747701
0.0750383
0.0753082
0.0755797
0.0758524
0.0761264
0.0764017
0.0766781
0.0769555
0.0772337
0.0775127
0.0777917
0.078069
0.078322
0.0560245
0.0560529
0.0560853
0.0561215
0.0561618
0.0562059
0.056254
0.056306
0.0563619
0.0564217
0.056485
0.0565521
0.0566228
0.0566972
0.0567754
0.0568572
0.0569428
0.057032
0.0571249
0.0572215
0.0573218
0.0574257
0.0575333
0.0576446
0.0577595
0.0578783
0.0580011
0.0581282
0.0582599
0.0583963
0.05854
0.0586911
0.0588496
0.0590149
0.0591846
0.059358
0.0595351
0.059716
0.0599006
0.0600889
0.0602807
0.0604762
0.0606753
0.0608779
0.061084
0.0612936
0.0615066
0.0617231
0.0619429
0.0621661
0.0623926
0.0626224
0.0628551
0.0630911
0.0633304
0.0635729
0.0638185
0.0640673
0.0643194
0.0645744
0.0648324
0.0650932
0.0653569
0.0656234
0.0658928
0.0661645
0.0664385
0.0667149
0.0669934
0.0672739
0.0675563
0.0678404
0.0681257
0.0684107
0.0686741
0.0498435
0.0498375
0.0498352
0.0498367
0.0498419
0.0498509
0.0498635
0.0498799
0.0498999
0.0499235
0.0499509
0.0499818
0.0500164
0.0500545
0.0500962
0.0501414
0.0501902
0.0502425
0.0502983
0.0503576
0.0504204
0.0504866
0.0505564
0.0506297
0.0507064
0.0507865
0.0508702
0.0509574
0.0510482
0.0511425
0.0512407
0.0513428
0.0514481
0.0515569
0.0516714
0.0517919
0.0519182
0.0520499
0.0521857
0.0523246
0.0524668
0.0526125
0.0527618
0.0529147
0.0530712
0.0532313
0.0533951
0.0535622
0.053733
0.0539074
0.0540855
0.0542672
0.0544527
0.0546422
0.0548355
0.0550326
0.0552335
0.055438
0.0556463
0.0558582
0.0560736
0.0562924
0.0565143
0.0567395
0.0569682
0.0572003
0.0574352
0.0576731
0.0579138
0.0581573
0.0584034
0.058652
0.0589027
0.0591542
0.0593882
0.0451465
0.045109
0.0450752
0.0450451
0.0450186
0.0449957
0.0449762
0.0449602
0.0449476
0.0449385
0.0449329
0.0449307
0.0449319
0.0449364
0.0449443
0.0449556
0.0449701
0.0449879
0.0450089
0.0450332
0.0450607
0.0450914
0.0451252
0.0451623
0.0452025
0.0452458
0.0452923
0.045342
0.0453948
0.045451
0.0455104
0.045573
0.0456385
0.045707
0.0457786
0.0458536
0.0459322
0.0460145
0.0461018
0.0461949
0.0462934
0.0463971
0.0465052
0.0466164
0.0467309
0.0468487
0.0469699
0.0470945
0.0472222
0.0473532
0.0474875
0.047625
0.047766
0.0479096
0.0480558
0.0482048
0.0483567
0.0485114
0.048669
0.0488296
0.0489931
0.0491596
0.0493287
0.0495008
0.049676
0.0498544
0.0500357
0.0502198
0.0504068
0.0505965
0.0507889
0.050984
0.0511815
0.05138
0.0515642
0.041803
0.0417387
0.041678
0.0416207
0.0415667
0.0415161
0.0414687
0.0414245
0.0413835
0.0413457
0.0413109
0.0412793
0.0412507
0.0412251
0.0412026
0.041183
0.0411664
0.0411528
0.041142
0.0411342
0.0411293
0.0411271
0.0411278
0.0411312
0.0411376
0.0411468
0.0411588
0.0411736
0.0411913
0.041212
0.0412356
0.0412621
0.0412914
0.0413236
0.0413585
0.0413963
0.0414369
0.0414805
0.0415271
0.0415768
0.0416297
0.041686
0.0417463
0.0418117
0.0418818
0.0419564
0.0420355
0.0421179
0.0422034
0.0422921
0.0423838
0.0424787
0.0425765
0.0426771
0.0427804
0.0428864
0.0429951
0.0431065
0.0432206
0.0433372
0.0434566
0.0435785
0.0437028
0.0438296
0.043959
0.0440911
0.0442258
0.0443628
0.0445022
0.0446437
0.0447874
0.0449332
0.0450809
0.0452299
0.045369
0.0395827
0.0394977
0.0394161
0.0393375
0.039262
0.0391895
0.03912
0.0390535
0.0389898
0.038929
0.038871
0.0388158
0.0387634
0.0387137
0.0386667
0.0386224
0.0385808
0.0385418
0.0385054
0.0384716
0.0384403
0.0384116
0.0383854
0.0383618
0.0383406
0.0383219
0.0383057
0.038292
0.0382807
0.0382718
0.0382654
0.0382614
0.0382598
0.0382604
0.0382635
0.038269
0.0382769
0.0382872
0.0382999
0.0383151
0.0383328
0.0383529
0.0383757
0.0384011
0.0384293
0.0384603
0.0384942
0.0385322
0.0385742
0.0386202
0.03867
0.0387231
0.0387789
0.0388374
0.0388987
0.0389625
0.0390289
0.0390979
0.0391693
0.0392432
0.0393196
0.0393982
0.0394791
0.0395622
0.0396475
0.0397351
0.039825
0.0399169
0.0400108
0.0401067
0.0402047
0.0403045
0.0404061
0.0405091
0.0406062
0.0382208
0.0381209
0.038024
0.0379299
0.0378387
0.0377502
0.0376644
0.0375813
0.0375008
0.037423
0.0373477
0.0372749
0.0372047
0.0371369
0.0370716
0.0370087
0.0369481
0.03689
0.0368341
0.0367806
0.0367294
0.0366805
0.0366338
0.0365893
0.036547
0.0365069
0.036469
0.0364333
0.0363997
0.0363682
0.0363388
0.0363115
0.0362862
0.0362631
0.036242
0.0362229
0.036206
0.036191
0.0361781
0.0361673
0.0361584
0.0361516
0.0361467
0.0361438
0.0361428
0.0361438
0.0361469
0.0361521
0.0361595
0.0361692
0.0361812
0.0361957
0.0362134
0.036234
0.0362576
0.0362839
0.0363128
0.0363438
0.036377
0.0364123
0.0364496
0.036489
0.0365304
0.0365737
0.0366189
0.036666
0.036715
0.0367659
0.0368185
0.0368728
0.036929
0.0369868
0.0370463
0.0371072
0.0371646
0.0374727
0.0373623
0.0372547
0.0371498
0.0370474
0.0369476
0.0368503
0.0367555
0.0366631
0.0365732
0.0364856
0.0364003
0.0363173
0.0362366
0.0361581
0.0360818
0.0360077
0.0359358
0.035866
0.0357983
0.0357327
0.0356691
0.0356076
0.035548
0.0354904
0.0354348
0.0353811
0.0353293
0.0352794
0.0352313
0.0351851
0.0351408
0.0350983
0.0350576
0.0350187
0.0349816
0.0349463
0.0349127
0.0348809
0.0348508
0.0348223
0.0347956
0.0347705
0.0347471
0.0347254
0.0347053
0.0346868
0.0346699
0.0346547
0.0346411
0.0346292
0.0346189
0.0346103
0.0346035
0.0345983
0.034595
0.0345933
0.0345939
0.0345965
0.0346013
0.0346082
0.034617
0.0346274
0.0346395
0.0346532
0.0346684
0.0346851
0.0347034
0.0347231
0.0347443
0.0347668
0.0347907
0.0348159
0.0348421
0.0348653
0.0371397
0.0370221
0.0369071
0.0367946
0.0366845
0.0365768
0.0364715
0.0363686
0.0362679
0.0361695
0.0360733
0.0359793
0.0358874
0.0357977
0.03571
0.0356244
0.0355408
0.0354592
0.0353796
0.0353019
0.0352261
0.0351522
0.0350802
0.03501
0.0349416
0.034875
0.0348101
0.034747
0.0346856
0.0346259
0.0345679
0.0345115
0.0344568
0.0344037
0.0343521
0.0343022
0.0342538
0.0342069
0.0341616
0.0341178
0.0340754
0.0340346
0.0339951
0.0339572
0.0339206
0.0338854
0.0338517
0.0338194
0.0337884
0.0337588
0.0337305
0.0337035
0.0336778
0.0336534
0.0336303
0.0336085
0.0335879
0.0335687
0.0335507
0.0335341
0.0335187
0.0335047
0.0334921
0.0334811
0.0334716
0.0334634
0.0334567
0.0334513
0.0334472
0.0334443
0.0334424
0.0334415
0.0334415
0.0334421
0.0334402
0.0370728
0.03695
0.0368297
0.0367119
0.0365964
0.0364831
0.0363722
0.0362635
0.036157
0.0360527
0.0359504
0.0358503
0.0357522
0.0356561
0.035562
0.0354699
0.0353797
0.0352914
0.0352049
0.0351203
0.0350375
0.0349566
0.0348772
0.0347996
0.0347236
0.0346494
0.0345768
0.0345058
0.0344364
0.0343686
0.0343024
0.0342377
0.0341744
0.0341127
0.0340524
0.0339935
0.0339361
0.0338801
0.0338254
0.0337721
0.0337202
0.0336695
0.0336202
0.0335721
0.0335253
0.0334798
0.0334354
0.0333923
0.0333504
0.0333097
0.0332701
0.0332316
0.0331943
0.033158
0.0331228
0.0330887
0.0330557
0.0330237
0.0329927
0.0329627
0.0329338
0.0329058
0.0328788
0.0328528
0.0328277
0.0328036
0.0327805
0.0327583
0.0327372
0.0327171
0.032698
0.0326799
0.0326629
0.0326465
0.0326301
0.0371661
0.0370395
0.0369153
0.0367935
0.036674
0.0365567
0.0364417
0.0363288
0.036218
0.0361094
0.0360028
0.0358982
0.0357957
0.0356951
0.0355964
0.0354996
0.0354046
0.0353115
0.0352202
0.0351306
0.0350427
0.0349565
0.0348721
0.0347894
0.0347082
0.0346287
0.0345507
0.0344743
0.0343993
0.0343259
0.0342539
0.0341834
0.0341143
0.0340466
0.0339802
0.0339152
0.0338516
0.0337892
0.0337281
0.0336683
0.0336098
0.0335524
0.0334963
0.0334413
0.0333875
0.0333349
0.0332835
0.033233
0.0331837
0.0331354
0.0330881
0.0330419
0.0329967
0.0329525
0.0329093
0.032867
0.0328256
0.0327852
0.0327457
0.032707
0.0326693
0.0326323
0.0325963
0.032561
0.0325265
0.0324929
0.03246
0.0324279
0.0323965
0.032366
0.0323361
0.0323071
0.0322787
0.032251
0.0322234
0.0373476
0.037218
0.0370908
0.0369658
0.0368432
0.0367227
0.0366045
0.0364884
0.0363743
0.0362624
0.0361525
0.0360446
0.0359386
0.0358346
0.0357325
0.0356322
0.0355338
0.0354371
0.0353422
0.035249
0.0351576
0.0350678
0.0349796
0.034893
0.0348081
0.0347246
0.0346428
0.0345624
0.0344835
0.034406
0.0343299
0.0342553
0.034182
0.0341101
0.0340395
0.0339702
0.0339022
0.0338354
0.0337698
0.0337055
0.0336424
0.0335804
0.0335196
0.0334599
0.0334013
0.0333437
0.0332872
0.0332317
0.0331774
0.033124
0.0330716
0.0330202
0.0329697
0.0329202
0.0328715
0.0328238
0.0327769
0.0327308
0.0326857
0.0326413
0.0325977
0.032555
0.032513
0.0324718
0.0324313
0.0323915
0.0323525
0.0323141
0.0322765
0.0322396
0.0322032
0.0321676
0.0321326
0.0320981
0.0320637
0.0375697
0.0374374
0.0373076
0.0371801
0.0370548
0.0369317
0.0368108
0.036692
0.0365753
0.0364607
0.0363481
0.0362375
0.0361288
0.036022
0.0359172
0.0358142
0.035713
0.0356135
0.0355158
0.0354199
0.0353256
0.0352329
0.0351419
0.0350525
0.0349646
0.0348783
0.0347935
0.0347102
0.0346283
0.0345478
0.0344688
0.0343911
0.0343148
0.0342398
0.0341661
0.0340937
0.0340225
0.0339525
0.0338838
0.0338162
0.0337498
0.0336846
0.0336204
0.0335574
0.0334954
0.0334345
0.0333746
0.0333157
0.0332579
0.0332009
0.033145
0.03309
0.0330359
0.0329827
0.0329304
0.0328789
0.0328283
0.0327785
0.0327295
0.0326814
0.032634
0.0325873
0.0325415
0.0324963
0.0324519
0.0324081
0.0323651
0.0323227
0.032281
0.0322399
0.0321995
0.0321598
0.0321207
0.0320821
0.0320434
0.0378018
0.0376671
0.0375349
0.037405
0.0372773
0.0371518
0.0370286
0.0369075
0.0367884
0.0366715
0.0365565
0.0364436
0.0363326
0.0362235
0.0361163
0.036011
0.0359075
0.0358057
0.0357057
0.0356074
0.0355108
0.0354158
0.0353225
0.0352308
0.0351406
0.0350519
0.0349648
0.0348791
0.0347949
0.0347121
0.0346307
0.0345507
0.034472
0.0343946
0.0343186
0.0342438
0.0341702
0.0340979
0.0340267
0.0339568
0.033888
0.0338203
0.0337537
0.0336882
0.0336238
0.0335604
0.0334981
0.0334367
0.0333764
0.033317
0.0332585
0.033201
0.0331443
0.0330886
0.0330337
0.0329797
0.0329266
0.0328742
0.0328227
0.0327719
0.032722
0.0326727
0.0326243
0.0325765
0.0325295
0.0324832
0.0324375
0.0323926
0.0323483
0.0323046
0.0322616
0.0322193
0.0321775
0.0321363
0.032095
0.0380248
0.0378878
0.0377533
0.0376212
0.0374913
0.0373636
0.0372381
0.0371148
0.0369936
0.0368744
0.0367574
0.0366423
0.0365292
0.036418
0.0363087
0.0362012
0.0360956
0.0359918
0.0358897
0.0357894
0.0356908
0.0355938
0.0354984
0.0354047
0.0353125
0.0352219
0.0351327
0.0350451
0.0349589
0.0348742
0.0347908
0.0347089
0.0346282
0.0345489
0.0344709
0.0343942
0.0343187
0.0342445
0.0341714
0.0340996
0.0340289
0.0339593
0.0338908
0.0338234
0.0337571
0.0336919
0.0336277
0.0335644
0.0335022
0.0334409
0.0333806
0.0333213
0.0332628
0.0332052
0.0331485
0.0330927
0.0330377
0.0329835
0.0329302
0.0328776
0.0328259
0.0327749
0.0327246
0.0326751
0.0326264
0.0325783
0.0325309
0.0324843
0.0324383
0.032393
0.0323483
0.0323043
0.0322609
0.032218
0.032175
0.0382273
0.0380881
0.0379513
0.037817
0.0376848
0.037555
0.0374273
0.0373019
0.0371786
0.0370573
0.0369382
0.036821
0.0367059
0.0365927
0.0364814
0.0363719
0.0362644
0.0361586
0.0360546
0.0359524
0.0358518
0.035753
0.0356557
0.0355601
0.0354661
0.0353737
0.0352828
0.0351934
0.0351054
0.0350189
0.0349338
0.0348501
0.0347678
0.0346868
0.0346071
0.0345287
0.0344516
0.0343757
0.034301
0.0342276
0.0341552
0.0340841
0.034014
0.0339451
0.0338773
0.0338105
0.0337447
0.03368
0.0336163
0.0335535
0.0334918
0.0334309
0.033371
0.033312
0.0332539
0.0331967
0.0331404
0.0330848
0.0330301
0.0329763
0.0329232
0.0328709
0.0328194
0.0327687
0.0327187
0.0326694
0.0326208
0.032573
0.0325259
0.0324794
0.0324337
0.0323886
0.0323441
0.0323002
0.0322561
0.0384034
0.0382619
0.0381229
0.0379862
0.0378519
0.0377198
0.03759
0.0374624
0.037337
0.0372136
0.0370924
0.0369732
0.036856
0.0367408
0.0366275
0.0365161
0.0364066
0.0362989
0.036193
0.0360889
0.0359865
0.0358858
0.0357868
0.0356894
0.0355936
0.0354994
0.0354068
0.0353157
0.035226
0.0351379
0.0350511
0.0349658
0.0348819
0.0347993
0.0347181
0.0346381
0.0345595
0.0344821
0.0344059
0.034331
0.0342572
0.0341846
0.0341132
0.0340428
0.0339736
0.0339055
0.0338384
0.0337724
0.0337074
0.0336433
0.0335803
0.0335182
0.0334571
0.033397
0.0333377
0.0332793
0.0332218
0.0331652
0.0331095
0.0330545
0.0330004
0.0329471
0.0328946
0.0328429
0.032792
0.0327418
0.0326924
0.0326437
0.0325957
0.0325485
0.032502
0.0324561
0.032411
0.0323663
0.0323215
0.0174419
0.0182546
0.0188681
0.0193426
0.0197144
0.0200197
0.0202836
0.0205208
0.0207402
0.020947
0.0211443
0.0213338
0.0215166
0.0216935
0.0218649
0.0220308
0.0221916
0.0223472
0.0224979
0.0226441
0.0227862
0.0229244
0.0230594
0.0231915
0.02333
0.0234169
0.023501
0.023582
0.0236607
0.0237378
0.0238137
0.0238887
0.0239632
0.024038
0.0241136
0.02419
0.0242677
0.0243469
0.0244279
0.0245113
0.0245976
0.0246872
0.0247807
0.0248785
0.0249812
0.0250894
0.0252037
0.0253245
0.0254526
0.0255886
0.0257329
0.0258863
0.0260491
0.0262219
0.0264051
0.0265988
0.0268034
0.0270189
0.0272451
0.0274817
0.0277285
0.0279847
0.0282496
0.0285223
0.0288015
0.029086
0.0293744
0.029665
0.0299562
0.0302463
0.0305336
0.0308163
0.0310931
0.031363
0.0316265
0.0319567
0.0322741
0.0325748
0.0328556
0.0331133
0.0333468
0.0335574
0.0337474
0.0339188
0.0340734
0.0342123
0.0343364
0.0344468
0.0345442
0.0346294
0.0347031
0.0347659
0.0348181
0.0348602
0.0348926
0.0349155
0.0349295
0.0349352
0.0349336
0.0349269
0.0459979
0.0469502
0.0475423
0.0479559
0.0482677
0.0485061
0.0486881
0.0488248
0.0489236
0.0489897
0.0490267
0.0490365
0.0490202
0.0489785
0.0489121
0.0488222
0.0487103
0.0485776
0.0484258
0.0482566
0.048072
0.0478739
0.0476643
0.0474462
0.0472176
0.0470817
0.0469496
0.046822
0.046701
0.0465867
0.0464795
0.0463802
0.0462893
0.0462074
0.0461349
0.0460724
0.0460208
0.0459808
0.0459534
0.0459392
0.0459393
0.0459543
0.0459852
0.046033
0.0460986
0.0461829
0.0462866
0.0464107
0.0465557
0.0467221
0.0469104
0.0471206
0.0473527
0.0476063
0.0478808
0.0481751
0.0484881
0.0488178
0.0491624
0.0495193
0.0498858
0.0502586
0.0506344
0.0510095
0.0513799
0.0517416
0.0520906
0.0524226
0.0527336
0.0530196
0.0532769
0.0535019
0.053691
0.053841
0.0539467
0.0539753
0.0539287
0.0538127
0.0536365
0.0534109
0.0531454
0.0528474
0.0525221
0.0521736
0.0518052
0.0514201
0.0510207
0.0506094
0.0501881
0.0497584
0.0493216
0.0488788
0.048431
0.0479788
0.0475228
0.0470633
0.0466004
0.0461341
0.045665
0.0452187
0.0613292
0.0621066
0.0627224
0.0632237
0.0636375
0.0639723
0.0642355
0.0644356
0.0645801
0.0646753
0.0647257
0.0647343
0.0647029
0.0646329
0.0645257
0.0643829
0.0642064
0.0639978
0.0637592
0.0634926
0.0632003
0.0628848
0.0625485
0.062195
0.0618217
0.0615959
0.0613789
0.0611674
0.0609633
0.0607671
0.0605792
0.0604006
0.0602319
0.0600739
0.0599272
0.0597928
0.0596715
0.0595645
0.0594725
0.0593964
0.0593371
0.0592956
0.0592726
0.0592691
0.0592858
0.0593235
0.0593828
0.059464
0.0595676
0.0596936
0.0598417
0.0600116
0.0602026
0.0604135
0.060643
0.0608892
0.06115
0.0614229
0.0617048
0.0619926
0.0622827
0.0625711
0.0628538
0.0631264
0.0633847
0.0636242
0.0638404
0.064029
0.0641859
0.064307
0.0643886
0.0644271
0.0644191
0.0643618
0.0642518
0.0639881
0.0636469
0.0632367
0.062765
0.0622412
0.0616746
0.0610726
0.0604412
0.0597852
0.0591087
0.0584152
0.0577082
0.0569905
0.0562645
0.0555323
0.0547957
0.054056
0.0533145
0.0525722
0.0518299
0.0510882
0.0503476
0.0496088
0.0488764
0.0482187
0.0753436
0.0758756
0.0763564
0.076784
0.0771595
0.0774723
0.0777219
0.0779142
0.0780535
0.0781422
0.0781838
0.0781809
0.0781359
0.0780506
0.077927
0.0777673
0.0775732
0.0773466
0.0770894
0.0768035
0.0764907
0.0761529
0.0757922
0.0754117
0.0750083
0.0747624
0.0745265
0.0742961
0.0740729
0.0738574
0.0736498
0.0734507
0.0732605
0.07308
0.0729101
0.0727516
0.0726056
0.0724727
0.0723538
0.0722495
0.0721606
0.0720876
0.0720313
0.0719922
0.0719706
0.071967
0.0719814
0.0720137
0.0720639
0.0721312
0.0722151
0.0723144
0.0724279
0.072554
0.0726907
0.0728357
0.0729867
0.0731406
0.0732944
0.0734448
0.0735883
0.0737212
0.0738399
0.0739405
0.0740192
0.0740724
0.0740964
0.0740878
0.0740433
0.0739598
0.0738344
0.0736645
0.0734476
0.073182
0.0728678
0.0723598
0.0717787
0.0711361
0.0704392
0.0696963
0.0689148
0.068101
0.0672604
0.0663975
0.0655165
0.0646212
0.063715
0.0628008
0.0618813
0.0609587
0.0600349
0.0591113
0.0581894
0.0572702
0.0563548
0.0554439
0.0545383
0.0536395
0.0527567
0.0519994
0.0868565
0.0871182
0.0873594
0.0875757
0.087766
0.0879303
0.0880684
0.0881793
0.088259
0.0882992
0.0883035
0.0882747
0.0882154
0.0881283
0.0880153
0.0878784
0.0877191
0.0875386
0.0873376
0.087117
0.086877
0.0866182
0.0863409
0.0860462
0.0857293
0.085539
0.0853558
0.0851757
0.0850002
0.0848295
0.0846637
0.0845028
0.084347
0.0841967
0.0840528
0.0839158
0.0837864
0.083665
0.083552
0.0834477
0.0833524
0.0832662
0.0831892
0.0831214
0.0830628
0.083013
0.0829716
0.0829379
0.0829112
0.0828903
0.0828741
0.082861
0.0828495
0.0828378
0.0828237
0.0828052
0.0827798
0.0827452
0.0826989
0.0826384
0.082561
0.0824643
0.0823458
0.0822033
0.0820346
0.0818376
0.0816104
0.0813513
0.0810588
0.0807312
0.0803674
0.0799661
0.0795264
0.0790483
0.0785369
0.0778181
0.0770357
0.0762018
0.0753235
0.0744084
0.0734624
0.0724909
0.0714986
0.0704898
0.0694684
0.0684381
0.0674021
0.0663631
0.0653237
0.064286
0.0632516
0.0622222
0.061199
0.060183
0.0591752
0.0581765
0.0571874
0.0562099
0.055257
0.0544649
0.0931803
0.0932562
0.0933289
0.0933968
0.0934585
0.0935131
0.0935599
0.0935983
0.093628
0.0936487
0.09366
0.0936614
0.0936526
0.0936333
0.093603
0.0935613
0.0935078
0.0934419
0.093363
0.0932707
0.0931642
0.0930431
0.0929068
0.092755
0.0925848
0.0924925
0.0924016
0.0923095
0.0922171
0.0921244
0.0920317
0.0919388
0.0918455
0.0917518
0.0916579
0.0915637
0.0914693
0.0913745
0.091279
0.0911824
0.0910844
0.0909842
0.0908814
0.0907751
0.0906645
0.0905486
0.0904261
0.0902961
0.0901569
0.0900073
0.0898457
0.0896706
0.0894803
0.0892733
0.0890482
0.0888034
0.0885375
0.0882495
0.0879382
0.0876028
0.0872426
0.0868573
0.0864466
0.0860106
0.0855497
0.0850641
0.0845546
0.0840217
0.0834663
0.082889
0.0822905
0.0816712
0.0810318
0.0803737
0.0797063
0.0788464
0.0779371
0.0769758
0.0759788
0.0749568
0.073916
0.0728612
0.0717966
0.0707257
0.0696516
0.0685772
0.067505
0.0664372
0.0653756
0.0643217
0.0632768
0.0622421
0.0612185
0.0602067
0.0592074
0.0582211
0.0572484
0.056291
0.0553634
0.0546055
0.091451
0.0914588
0.0914685
0.0914797
0.0914915
0.0915031
0.0915136
0.0915224
0.0915287
0.091532
0.0915321
0.0915285
0.0915211
0.0915094
0.0914932
0.0914721
0.0914457
0.0914138
0.091376
0.0913317
0.0912806
0.0912222
0.0911559
0.0910813
0.0909948
0.0909611
0.0909267
0.0908897
0.0908501
0.0908077
0.0907621
0.0907127
0.0906588
0.0905997
0.0905347
0.0904631
0.0903843
0.0902973
0.0902011
0.0900946
0.0899767
0.089846
0.0897014
0.0895413
0.0893644
0.0891692
0.0889542
0.088718
0.0884591
0.0881762
0.087868
0.0875335
0.0871717
0.086782
0.086364
0.0859177
0.0854433
0.0849415
0.0844132
0.0838598
0.0832831
0.082685
0.0820679
0.0814344
0.0807872
0.0801293
0.0794634
0.0787922
0.0781184
0.0774441
0.0767712
0.0761014
0.0754356
0.0747754
0.0741296
0.0733359
0.0725306
0.0717093
0.0708598
0.0699842
0.0690914
0.0681876
0.0672769
0.0663626
0.0654475
0.0645339
0.0636236
0.0627182
0.0618191
0.0609274
0.060044
0.0591697
0.0583052
0.057451
0.0566078
0.0557758
0.0549556
0.0541489
0.0533688
0.0527319
0.0865027
0.0864751
0.0864483
0.0864219
0.086396
0.0863703
0.0863448
0.0863195
0.0862944
0.0862694
0.0862448
0.0862208
0.0861975
0.0861749
0.0861534
0.0861327
0.086113
0.086094
0.0860757
0.0860577
0.0860397
0.0860212
0.0860016
0.0859804
0.0859534
0.08596
0.0859649
0.0859661
0.0859629
0.0859546
0.0859406
0.0859197
0.085891
0.0858532
0.0858052
0.0857458
0.0856738
0.0855878
0.0854865
0.0853682
0.0852317
0.0850751
0.0848971
0.0846962
0.0844707
0.0842193
0.0839408
0.0836339
0.0832976
0.0829312
0.0825341
0.0821061
0.0816473
0.0811582
0.0806397
0.080093
0.0795198
0.0789223
0.0783029
0.0776644
0.0770103
0.0763439
0.075669
0.0749896
0.0743097
0.0736331
0.0729638
0.0723053
0.0716609
0.0710334
0.0704244
0.0698349
0.0692656
0.0687167
0.0681941
0.0675694
0.0669389
0.0662963
0.06564
0.0649709
0.0642922
0.063606
0.0629141
0.062218
0.0615194
0.0608195
0.0601195
0.0594204
0.058723
0.0580284
0.057337
0.0566496
0.0559669
0.0552893
0.0546173
0.0539514
0.0532921
0.0526413
0.0520101
0.0514907
0.0782956
0.0782655
0.0782366
0.0782091
0.0781835
0.0781596
0.0781377
0.0781176
0.0780995
0.0780835
0.0780695
0.0780578
0.0780486
0.078042
0.0780382
0.0780373
0.0780396
0.0780449
0.0780534
0.0780651
0.0780796
0.0780968
0.0781162
0.0781372
0.0781562
0.0781926
0.0782263
0.0782556
0.0782791
0.0782958
0.0783049
0.0783051
0.0782953
0.078274
0.0782398
0.0781914
0.0781272
0.0780459
0.0779458
0.0778255
0.0776836
0.0775184
0.0773286
0.0771128
0.07687
0.0765989
0.0762988
0.075969
0.075609
0.0752187
0.0747983
0.0743484
0.07387
0.0733646
0.0728338
0.0722803
0.0717069
0.0711166
0.0705125
0.0698977
0.0692762
0.0686519
0.068029
0.0674117
0.0668044
0.066211
0.0656352
0.0650803
0.0645491
0.0640436
0.0635664
0.0631188
0.0627015
0.062314
0.0619577
0.0615342
0.061114
0.0606937
0.0602726
0.05985
0.0594246
0.0589951
0.0585608
0.0581215
0.057677
0.0572275
0.0567731
0.056314
0.0558506
0.0553833
0.0549124
0.0544386
0.0539621
0.0534836
0.0530036
0.0525224
0.0520406
0.0515606
0.051091
0.050696
0.0686638
0.0686509
0.068639
0.0686289
0.0686207
0.0686148
0.0686113
0.0686103
0.068612
0.0686164
0.0686239
0.0686344
0.0686481
0.0686653
0.068686
0.0687103
0.0687384
0.0687703
0.0688061
0.0688458
0.0688893
0.0689364
0.0689866
0.0690394
0.0690915
0.0691485
0.0692023
0.0692511
0.0692939
0.0693294
0.0693569
0.0693751
0.0693828
0.0693787
0.0693613
0.0693295
0.0692817
0.0692166
0.069133
0.0690293
0.0689043
0.0687569
0.068586
0.0683906
0.0681701
0.0679244
0.0676525
0.0673539
0.0670284
0.0666762
0.0662977
0.0658939
0.0654659
0.0650151
0.0645436
0.0640532
0.0635465
0.0630265
0.0624977
0.0619646
0.0614317
0.0609037
0.0603853
0.0598809
0.0593952
0.0589322
0.0584959
0.0580895
0.0577158
0.0573769
0.0570748
0.0568103
0.0565835
0.0563928
0.0562345
0.0560419
0.0558608
0.0556884
0.0555219
0.0553589
0.0551962
0.0550306
0.0548596
0.0546812
0.0544942
0.0542973
0.0540898
0.0538711
0.0536412
0.0533997
0.053147
0.0528831
0.0526086
0.0523238
0.0520291
0.0517253
0.0514131
0.0510955
0.0507791
0.0504997
0.0593945
0.0593982
0.0594025
0.0594078
0.0594147
0.0594231
0.0594335
0.059446
0.0594609
0.0594782
0.0594984
0.0595214
0.0595476
0.059577
0.0596099
0.0596464
0.0596866
0.0597307
0.0597795
0.0598327
0.0598902
0.0599515
0.0600164
0.0600844
0.0601542
0.0602214
0.060285
0.0603442
0.060398
0.0604455
0.0604856
0.0605173
0.0605396
0.0605514
0.0605515
0.0605386
0.0605117
0.0604696
0.060411
0.0603348
0.0602397
0.0601246
0.0599883
0.0598297
0.0596478
0.0594413
0.0592106
0.0589562
0.0586787
0.0583788
0.0580576
0.0577164
0.0573567
0.0569803
0.0565895
0.0561867
0.0557745
0.0553563
0.0549362
0.0545188
0.0541079
0.0537088
0.0533267
0.0529666
0.0526335
0.0523318
0.0520656
0.0518385
0.0516532
0.0515119
0.0514155
0.0513644
0.0513576
0.051392
0.0514573
0.0515211
0.0516018
0.0516942
0.0517936
0.051896
0.0519971
0.0520923
0.052178
0.0522511
0.0523093
0.0523508
0.052374
0.0523781
0.0523622
0.052326
0.0522695
0.0521927
0.052096
0.0519802
0.0518457
0.0516933
0.0515241
0.0513414
0.0511499
0.0509616
0.0515757
0.0515855
0.051596
0.0516076
0.0516204
0.0516347
0.0516506
0.0516684
0.0516883
0.0517103
0.0517348
0.0517617
0.0517914
0.0518238
0.0518592
0.0518977
0.0519393
0.0519838
0.05203
0.0520783
0.0521289
0.0521819
0.0522375
0.0522955
0.0523537
0.0524097
0.0524633
0.0525133
0.0525585
0.0525984
0.0526322
0.0526589
0.0526778
0.0526878
0.0526879
0.0526773
0.0526549
0.0526198
0.0525709
0.0525074
0.0524283
0.0523326
0.0522195
0.052088
0.0519376
0.0517673
0.0515776
0.051369
0.0511423
0.0508983
0.0506386
0.0503646
0.0500783
0.0497819
0.049478
0.0491697
0.0488601
0.048553
0.0482524
0.0479624
0.0476873
0.0474326
0.047204
0.0470065
0.0468455
0.0467255
0.0466507
0.0466246
0.0466498
0.0467278
0.046859
0.0470426
0.0472764
0.0475554
0.0478615
0.0481965
0.0485507
0.0489152
0.049283
0.0496487
0.0500065
0.0503512
0.0506782
0.0509837
0.0512649
0.0515196
0.0517459
0.0519426
0.0521089
0.0522442
0.0523488
0.0524228
0.0524662
0.0524795
0.0524635
0.05242
0.0523514
0.0522629
0.0521577
0.0520304
0.0453843
0.0453961
0.0454078
0.0454197
0.0454317
0.0454441
0.045457
0.0454703
0.0454844
0.0454992
0.045515
0.0455319
0.0455499
0.0455694
0.0455905
0.0456133
0.045638
0.0456647
0.0456926
0.045722
0.0457529
0.0457855
0.0458196
0.0458551
0.0458892
0.0459253
0.04596
0.0459915
0.0460191
0.0460422
0.0460603
0.0460727
0.0460787
0.0460776
0.0460685
0.0460507
0.0460236
0.0459864
0.0459383
0.0458787
0.0458069
0.0457224
0.0456247
0.0455133
0.0453881
0.045249
0.0450962
0.0449303
0.0447521
0.0445626
0.0443632
0.0441558
0.0439424
0.0437255
0.043508
0.043293
0.043084
0.0428844
0.0426994
0.0425345
0.0423958
0.0422886
0.0422184
0.0421904
0.0422099
0.0422815
0.0424092
0.0425963
0.0428449
0.0431556
0.043528
0.0439596
0.0444465
0.0449811
0.0455362
0.0461473
0.0467761
0.0474094
0.0480377
0.0486541
0.0492519
0.0498251
0.0503685
0.0508782
0.051351
0.0517845
0.0521769
0.0525272
0.0528345
0.0530974
0.0533157
0.0534898
0.0536215
0.0537128
0.0537664
0.0537857
0.0537747
0.0537407
0.0536853
0.0535913
0.0406179
0.0406262
0.0406338
0.0406408
0.0406474
0.0406536
0.0406592
0.0406644
0.0406692
0.0406736
0.0406777
0.0406815
0.0406851
0.0406885
0.040692
0.0406955
0.0406993
0.0407035
0.040708
0.040713
0.0407184
0.0407243
0.0407306
0.0407371
0.0407416
0.0407549
0.0407672
0.0407768
0.0407833
0.0407863
0.0407853
0.0407799
0.0407697
0.0407541
0.0407326
0.0407047
0.0406698
0.0406275
0.0405773
0.0405188
0.0404517
0.0403758
0.0402907
0.0401965
0.0400933
0.0399813
0.039861
0.039733
0.0395983
0.039458
0.0393133
0.0391663
0.0390195
0.0388757
0.0387382
0.0386107
0.0384976
0.0384038
0.0383347
0.038296
0.0382942
0.0383351
0.0384243
0.0385677
0.0387706
0.0390379
0.0393735
0.0397801
0.0402591
0.0408101
0.0414308
0.042117
0.0428622
0.0436555
0.0444594
0.0453411
0.046235
0.0471231
0.0479933
0.0488377
0.049649
0.0504207
0.0511473
0.0518249
0.0524504
0.0530216
0.0535352
0.0539888
0.054382
0.0547159
0.0549926
0.0552148
0.0553858
0.0555098
0.0555911
0.0556348
0.0556469
0.055636
0.0556024
0.0555218
0.0371656
0.0371639
0.0371612
0.0371577
0.0371533
0.0371479
0.0371415
0.037134
0.0371255
0.0371159
0.037105
0.037093
0.0370798
0.0370654
0.0370498
0.0370329
0.0370149
0.0369958
0.0369756
0.0369544
0.0369321
0.0369088
0.0368844
0.0368587
0.0368301
0.0368193
0.0368083
0.0367957
0.036781
0.0367639
0.0367441
0.0367212
0.0366949
0.0366649
0.0366307
0.0365922
0.0365489
0.0365005
0.036447
0.036388
0.0363235
0.0362534
0.0361778
0.0360969
0.0360111
0.0359209
0.0358269
0.0357302
0.0356319
0.0355337
0.0354375
0.0353455
0.0352605
0.0351855
0.0351245
0.0350817
0.0350622
0.035072
0.0351164
0.0352017
0.0353343
0.0355208
0.035768
0.0360821
0.0364691
0.0369338
0.03748
0.0381097
0.0388231
0.0396181
0.0404902
0.0414323
0.0424349
0.0434828
0.0445271
0.0456646
0.0468044
0.0479237
0.0490084
0.0500501
0.0510411
0.0519747
0.0528463
0.0536499
0.0543799
0.0550331
0.0556092
0.0561094
0.056536
0.0568922
0.0571823
0.0574111
0.057584
0.0577069
0.0577859
0.0578278
0.0578405
0.0578334
0.0578048
0.0577262
0.0348541
0.0348394
0.0348235
0.0348063
0.0347877
0.0347678
0.0347465
0.0347235
0.034699
0.0346728
0.0346448
0.0346149
0.0345831
0.0345493
0.0345135
0.0344755
0.0344353
0.034393
0.0343484
0.0343015
0.0342523
0.0342008
0.0341468
0.0340901
0.03403
0.0339966
0.0339638
0.0339301
0.0338952
0.0338589
0.0338209
0.033781
0.0337391
0.0336949
0.0336483
0.033599
0.0335471
0.0334923
0.0334346
0.033374
0.0333107
0.0332447
0.0331765
0.0331065
0.0330351
0.0329633
0.0328919
0.0328223
0.0327561
0.0326952
0.0326421
0.0325994
0.0325703
0.0325583
0.0325678
0.0326036
0.0326713
0.032777
0.0329274
0.0331297
0.0333912
0.0337197
0.0341226
0.034607
0.0351789
0.0358433
0.036603
0.0374591
0.0384097
0.0394504
0.0405735
0.0417686
0.0430223
0.0443147
0.0455846
0.0469555
0.0483147
0.0496355
0.050902
0.0521056
0.0532402
0.054295
0.0552604
0.056132
0.0569088
0.0575916
0.0581828
0.0586861
0.0591064
0.0594494
0.0597213
0.0599291
0.0600801
0.0601818
0.0602421
0.0602695
0.0602732
0.0602631
0.0602346
0.0601556
0.0334173
0.0333902
0.0333615
0.0333312
0.0332991
0.0332652
0.0332293
0.0331915
0.0331515
0.0331094
0.033065
0.0330181
0.0329688
0.0329169
0.0328623
0.0328049
0.0327446
0.0326814
0.0326151
0.0325457
0.0324732
0.0323973
0.0323181
0.0322353
0.0321485
0.0320966
0.0320458
0.0319944
0.0319424
0.0318897
0.0318361
0.0317816
0.0317262
0.0316697
0.0316121
0.0315535
0.0314938
0.031433
0.0313714
0.0313091
0.0312463
0.0311835
0.0311212
0.0310599
0.0310005
0.0309441
0.0308917
0.0308451
0.0308061
0.0307768
0.0307601
0.0307592
0.0307776
0.0308199
0.0308911
0.0309969
0.0311437
0.0313388
0.03159
0.0319055
0.0322941
0.0327642
0.0333243
0.0339817
0.0347426
0.0356111
0.0365892
0.0376756
0.038866
0.0401525
0.0415238
0.0429654
0.0444595
0.0459813
0.0474574
0.0490345
0.0505833
0.0520734
0.0534892
0.0548175
0.0560445
0.0571627
0.0581682
0.0590606
0.0598419
0.0605161
0.0610886
0.0615657
0.0619546
0.0622632
0.0624998
0.0626731
0.0627922
0.0628663
0.0629049
0.0629178
0.0629155
0.0629076
0.0628852
0.0628113
0.0325962
0.0325584
0.0325186
0.0324768
0.0324329
0.0323868
0.0323384
0.0322876
0.0322343
0.0321784
0.0321198
0.0320583
0.0319938
0.0319263
0.0318556
0.0317815
0.0317041
0.0316231
0.0315386
0.0314503
0.0313582
0.0312621
0.031162
0.0310577
0.0309492
0.0308827
0.0308178
0.0307528
0.0306877
0.0306225
0.0305571
0.0304915
0.0304258
0.0303601
0.0302943
0.0302285
0.030163
0.0300978
0.0300333
0.0299697
0.0299075
0.0298472
0.0297895
0.0297352
0.0296853
0.0296411
0.0296042
0.0295763
0.0295598
0.0295572
0.0295719
0.0296077
0.0296689
0.0297609
0.0298896
0.0300618
0.0302853
0.0305684
0.0309204
0.0313508
0.0318695
0.032486
0.0332092
0.0340467
0.0350041
0.0360843
0.037287
0.0386084
0.0400405
0.0415712
0.0431852
0.0448633
0.0465836
0.0483165
0.0499768
0.0517319
0.0534415
0.0550692
0.0565876
0.0579849
0.0592548
0.0603937
0.0614017
0.0622818
0.0630394
0.0636816
0.0642162
0.0646522
0.0649988
0.0652658
0.0654635
0.0656021
0.0656922
0.0657445
0.0657701
0.0657801
0.0657859
0.0657957
0.0657951
0.0657386
0.0321807
0.0321341
0.0320853
0.0320343
0.0319809
0.031925
0.0318664
0.0318052
0.0317411
0.0316741
0.031604
0.0315307
0.0314541
0.031374
0.0312903
0.0312029
0.0311117
0.0310166
0.0309174
0.030814
0.0307063
0.0305942
0.0304776
0.0303563
0.0302308
0.0301532
0.0300775
0.0300022
0.0299272
0.0298526
0.0297783
0.0297045
0.0296312
0.0295586
0.0294867
0.0294158
0.0293461
0.0292778
0.0292114
0.0291472
0.0290858
0.0290279
0.0289743
0.0289261
0.0288845
0.0288511
0.0288277
0.0288165
0.0288202
0.0288422
0.0288861
0.0289566
0.0290591
0.0291998
0.0293858
0.0296253
0.0299273
0.0303018
0.0307594
0.0313111
0.0319679
0.03274
0.0336366
0.0346647
0.0358289
0.0371298
0.0385643
0.0401248
0.0417989
0.0435702
0.0454185
0.0473206
0.0492506
0.0511744
0.0529964
0.0549047
0.0567386
0.0584521
0.0600256
0.0614525
0.062731
0.0638617
0.0648483
0.0656973
0.0664171
0.0670174
0.0675087
0.0679019
0.0682081
0.068439
0.068606
0.0687211
0.0687962
0.0688435
0.0688751
0.0689035
0.0689403
0.0689915
0.0690356
0.069013
0.0320145
0.0319613
0.0319058
0.0318477
0.0317871
0.0317237
0.0316574
0.0315882
0.031516
0.0314405
0.0313616
0.0312793
0.0311934
0.0311038
0.0310102
0.0309127
0.030811
0.030705
0.0305947
0.0304798
0.0303603
0.0302361
0.0301069
0.0299729
0.0298345
0.0297486
0.0296651
0.0295823
0.0295001
0.0294186
0.0293379
0.0292582
0.0291795
0.029102
0.0290259
0.0289515
0.028879
0.0288088
0.0287414
0.0286773
0.0286172
0.028562
0.0285127
0.0284705
0.0284369
0.0284138
0.0284033
0.0284083
0.0284319
0.028478
0.0285512
0.0286571
0.028802
0.0289933
0.0292397
0.0295507
0.0299371
0.0304103
0.0309825
0.031666
0.0324727
0.0334132
0.0344964
0.0357282
0.0371108
0.038642
0.0403148
0.042117
0.0440317
0.0460374
0.0481097
0.0502214
0.0523436
0.0544397
0.0564007
0.0584189
0.0603294
0.062091
0.0636878
0.0651179
0.066384
0.0674906
0.068445
0.0692568
0.0699371
0.0704982
0.0709523
0.0713124
0.0715911
0.0718015
0.0719565
0.0720692
0.0721526
0.0722199
0.0722845
0.0723592
0.0724558
0.0725768
0.0726923
0.0727216
0.0319896
0.0319318
0.0318714
0.0318083
0.0317424
0.0316737
0.0316019
0.0315269
0.0314487
0.031367
0.0312818
0.0311929
0.0311002
0.0310036
0.0309028
0.0307979
0.0306885
0.0305746
0.0304562
0.0303329
0.0302048
0.0300717
0.0299335
0.0297901
0.0296425
0.0295508
0.0294618
0.0293736
0.0292864
0.0292003
0.0291152
0.0290314
0.0289491
0.0288684
0.0287897
0.0287131
0.0286391
0.0285682
0.0285008
0.0284377
0.0283797
0.0283277
0.0282831
0.0282473
0.0282221
0.0282096
0.0282127
0.0282344
0.0282787
0.0283503
0.0284546
0.0285983
0.028789
0.0290356
0.0293481
0.029738
0.0302176
0.0308001
0.0314991
0.0323282
0.0332995
0.0344239
0.0357088
0.0371582
0.0387713
0.0405417
0.042458
0.0445029
0.0466544
0.0488867
0.0511715
0.0534792
0.0557752
0.0580121
0.0600736
0.062164
0.0641206
0.0659046
0.0675045
0.0689232
0.0701674
0.0712456
0.0721681
0.0729474
0.0735971
0.0741312
0.0745641
0.07491
0.0751831
0.0753974
0.0755668
0.0757054
0.075827
0.0759454
0.0760742
0.0762266
0.0764131
0.0766324
0.0768448
0.0769424
0.0320379
0.0319766
0.0319127
0.031846
0.0317764
0.0317037
0.0316279
0.0315488
0.0314663
0.0313802
0.0312904
0.0311969
0.0310993
0.0309977
0.0308918
0.0307815
0.0306667
0.0305472
0.0304229
0.0302938
0.0301595
0.0300202
0.0298755
0.0297256
0.0295716
0.029476
0.0293833
0.0292917
0.0292012
0.029112
0.0290241
0.0289378
0.0288533
0.0287709
0.0286907
0.0286132
0.0285389
0.0284682
0.0284018
0.0283406
0.0282855
0.0282376
0.0281984
0.0281698
0.0281538
0.0281531
0.0281708
0.0282109
0.0282779
0.0283774
0.0285161
0.0287018
0.0289436
0.029252
0.0296388
0.0301173
0.0307017
0.0314069
0.0322478
0.0332386
0.0343917
0.0357169
0.0372197
0.0389009
0.0407557
0.0427732
0.0449365
0.0472233
0.049607
0.0520577
0.0545426
0.0570223
0.059458
0.061804
0.0639403
0.0660772
0.068059
0.0698502
0.0714435
0.0728462
0.074069
0.0751237
0.0760236
0.0767837
0.0774195
0.077947
0.0783819
0.0787397
0.0790355
0.079284
0.0794998
0.0796971
0.07989
0.0800922
0.0803171
0.0805769
0.0808802
0.0812212
0.0815502
0.0817274
0.0321155
0.0320518
0.0319853
0.031916
0.0318436
0.0317682
0.0316895
0.0316074
0.0315218
0.0314326
0.0313396
0.0312426
0.0311416
0.0310365
0.0309269
0.0308129
0.0306943
0.0305708
0.0304426
0.0303092
0.0301708
0.0300271
0.0298781
0.0297237
0.0295653
0.0294672
0.0293722
0.0292785
0.029186
0.029095
0.0290056
0.028918
0.0288325
0.0287493
0.0286689
0.0285915
0.0285178
0.0284483
0.0283838
0.0283254
0.028274
0.0282312
0.0281986
0.0281783
0.0281728
0.0281854
0.0282197
0.0282805
0.0283731
0.0285043
0.0286819
0.0289152
0.029215
0.0295937
0.0300651
0.0306443
0.0313474
0.0321908
0.0331906
0.0343611
0.0357143
0.0372578
0.0389945
0.0409211
0.0430279
0.0452987
0.0477113
0.050238
0.0528483
0.0555025
0.0581601
0.060783
0.0633339
0.0657673
0.0679606
0.070128
0.0721245
0.0739169
0.0755026
0.0768931
0.0781026
0.0791462
0.0800398
0.0808004
0.0814455
0.0819923
0.0824576
0.0828576
0.083208
0.0835236
0.0838189
0.0841078
0.0844037
0.0847196
0.0850674
0.0854577
0.0858964
0.0863729
0.0868284
0.0870901
0.0321949
0.0321294
0.0320611
0.0319899
0.0319156
0.0318381
0.0317573
0.0316731
0.0315853
0.0314938
0.0313985
0.0312992
0.0311958
0.0310881
0.030976
0.0308593
0.030738
0.0306119
0.0304808
0.0303446
0.0302033
0.0300567
0.0299047
0.0297473
0.0295861
0.0294866
0.0293903
0.0292954
0.029202
0.0291102
0.0290202
0.0289322
0.0288466
0.0287636
0.0286837
0.0286073
0.0285351
0.0284677
0.0284061
0.0283513
0.0283048
0.0282681
0.0282432
0.0282327
0.0282395
0.0282673
0.0283207
0.0284051
0.028527
0.0286943
0.0289165
0.0292043
0.0295705
0.0300294
0.0305969
0.0312903
0.0321273
0.0331258
0.0343024
0.0356711
0.0372423
0.0390212
0.0410067
0.0431907
0.0455581
0.0480868
0.0507504
0.0535116
0.0563294
0.0591631
0.0619727
0.0647203
0.0673702
0.0698781
0.0721196
0.0743139
0.0763265
0.0781234
0.0797086
0.0810979
0.0823093
0.0833607
0.0842705
0.0850573
0.0857397
0.0863359
0.086863
0.0873375
0.0877745
0.0881887
0.0885934
0.0890017
0.0894255
0.0898762
0.0903642
0.090898
0.0914803
0.0920964
0.0926793
0.0930245
0.0322591
0.0321923
0.0321227
0.03205
0.0319743
0.0318954
0.0318131
0.0317273
0.0316379
0.0315448
0.0314478
0.0313467
0.0312415
0.0311321
0.0310181
0.0308996
0.0307765
0.0306484
0.0305154
0.0303774
0.0302341
0.0300856
0.0299317
0.0297724
0.0296095
0.0295093
0.0294126
0.0293173
0.0292237
0.0291318
0.029042
0.0289544
0.0288694
0.0287874
0.0287088
0.0286342
0.0285643
0.0284999
0.0284421
0.0283921
0.0283516
0.0283223
0.0283068
0.0283079
0.0283292
0.028375
0.0284507
0.0285627
0.0287188
0.0289283
0.0292022
0.0295533
0.0299962
0.0305475
0.0312252
0.0320485
0.0330368
0.0342089
0.0355814
0.0371674
0.038975
0.0410058
0.0432542
0.0457067
0.0483431
0.0511319
0.0540353
0.0570128
0.060022
0.0630208
0.0659693
0.0688311
0.0715724
0.0741505
0.0764387
0.078678
0.0807039
0.0825128
0.0841128
0.0855222
0.0867615
0.0878505
0.088809
0.0896564
0.0904116
0.0910927
0.0917163
0.0922977
0.0928514
0.0933906
0.0939272
0.0944724
0.0950364
0.0956293
0.0962603
0.0969368
0.0976596
0.0984108
0.0991156
0.0995392
)
;

boundaryField
{
    wallL
    {
        type            kqRWallFunction;
        value           nonuniform List<scalar> 
425
(
0.118648
0.134758
0.148386
0.159735
0.169063
0.176618
0.182642
0.187357
0.190968
0.193657
0.195582
0.196879
0.197663
0.19803
0.198059
0.197819
0.197363
0.196738
0.19598
0.19512
0.194183
0.193189
0.192155
0.191095
0.190019
0.188936
0.187855
0.18678
0.185716
0.184668
0.183637
0.182628
0.181641
0.180677
0.179739
0.178826
0.177939
0.177079
0.176253
0.175459
0.174693
0.173954
0.173239
0.172547
0.171876
0.171225
0.170592
0.169978
0.16938
0.168798
0.168231
0.167679
0.16714
0.166614
0.166101
0.1656
0.16511
0.164631
0.164162
0.163703
0.163253
0.162811
0.162378
0.161952
0.161534
0.161122
0.160716
0.160316
0.159922
0.159532
0.159146
0.158764
0.158386
0.15801
0.157637
0.157265
0.156895
0.156526
0.156158
0.155789
0.155421
0.155051
0.154681
0.154308
0.153934
0.153558
0.153178
0.152796
0.152411
0.152022
0.151629
0.151232
0.15083
0.150424
0.150013
0.149598
0.149177
0.148752
0.148321
0.147885
0.14743
0.146853
0.146121
0.145185
0.143979
0.142368
0.141351
0.140276
0.139166
0.138028
0.13686
0.135661
0.134435
0.133183
0.131906
0.130609
0.129293
0.12796
0.126614
0.125257
0.123892
0.12252
0.121146
0.11977
0.118396
0.117009
0.115627
0.114254
0.112889
0.111536
0.110195
0.108869
0.107558
0.106263
0.104985
0.103725
0.102484
0.101262
0.10006
0.0988771
0.0977147
0.0965727
0.0954509
0.0943495
0.0932684
0.0922074
0.0911664
0.0901453
0.0891437
0.0881615
0.0871983
0.0862539
0.0853279
0.08442
0.0835299
0.0826572
0.0818015
0.0809625
0.0801399
0.0793332
0.0785421
0.0777663
0.0770053
0.0762588
0.0755264
0.0748079
0.0741028
0.0734107
0.0727315
0.0720646
0.0714099
0.0707669
0.0701354
0.069515
0.0689054
0.0683064
0.0677177
0.0671389
0.0665698
0.0660102
0.0654596
0.064918
0.0643851
0.0638605
0.0633442
0.0628357
0.062335
0.0618418
0.0613559
0.0608771
0.0604051
0.0599399
0.0594812
0.0590288
0.0585826
0.0581424
0.057708
0.0572794
0.0568562
0.0564385
0.056026
0.0556187
0.0552163
0.0548188
0.0544261
0.054038
0.0536545
0.0532754
0.0529007
0.0525302
0.0521638
0.0518016
0.0514433
0.051089
0.0507385
0.0503917
0.0500487
0.0497093
0.0493735
0.0490413
0.0487125
0.0483872
0.0480652
0.0477466
0.0474313
0.0471192
0.0468104
0.0465048
0.0462023
0.045903
0.0456068
0.0453137
0.0450236
0.0447366
0.0444526
0.0441717
0.0438937
0.0436188
0.0433468
0.0430777
0.0428117
0.0425486
0.0422885
0.0420313
0.0417771
0.0415258
0.0412776
0.0410323
0.0407902
0.0405515
0.0402941
0.0400442
0.0398006
0.0395629
0.0393313
0.0391057
0.0388861
0.0386724
0.0384646
0.0382625
0.038066
0.037875
0.0376894
0.0375091
0.037334
0.0371638
0.0369986
0.0368382
0.0366824
0.0365312
0.0363844
0.0362419
0.0361035
0.0359693
0.035839
0.0357125
0.0355898
0.0354708
0.0353552
0.0352431
0.0351339
0.0350275
0.0349239
0.0348229
0.0347246
0.0346289
0.0345358
0.0344451
0.0343569
0.0342712
0.0341877
0.0341066
0.0340278
0.0339512
0.0338767
0.0338044
0.0337341
0.0336659
0.0335996
0.0335352
0.0334727
0.0334121
0.0333532
0.033296
0.0332406
0.0331867
0.0331345
0.0330838
0.0330346
0.0329868
0.0329405
0.0328956
0.0328521
0.0328098
0.0327688
0.0327291
0.0326905
0.0326532
0.032617
0.0325819
0.0325479
0.0325151
0.0324832
0.0324525
0.0324228
0.0323777
0.0323319
0.0322856
0.0322388
0.0321916
0.0321441
0.0320964
0.0320499
0.0320046
0.0319604
0.0319175
0.0318757
0.0318352
0.0317958
0.0317577
0.031721
0.0316859
0.0316524
0.0316207
0.0315909
0.0315631
0.0315374
0.0315138
0.0314918
0.0314699
0.0314601
0.0314527
0.0314473
0.031444
0.0314425
0.0314427
0.0314446
0.0314485
0.0314545
0.0314626
0.0314728
0.0314851
0.0314997
0.0315166
0.031536
0.0315582
0.0315831
0.0316109
0.0316419
0.0316762
0.031714
0.0317555
0.0318011
0.0318509
0.0319053
0.0319646
0.032029
0.0320989
0.0321747
0.0322566
0.032345
0.0324403
0.0325428
0.032653
0.0327712
0.0328978
0.0330331
0.0331776
0.0333316
0.0334953
0.0336693
0.0338536
0.0340485
0.0342543
0.0344709
0.0346985
0.0349367
0.0351864
0.0354491
0.0357269
0.0361247
0.0365626
0.0370326
0.0375194
0.0380111
0.0385024
0.0389911
0.0394755
0.0399537
0.0404236
0.0408831
0.0413309
0.0417658
0.042187
0.042594
0.0429864
0.0433641
0.0437272
0.0440758
0.0444105
0.0447323
0.0450423
0.0453429
0.0456372
0.0459308
)
;
    }
    wallR
    {
        type            kqRWallFunction;
        value           nonuniform List<scalar> 
200
(
0.118647
0.134755
0.148382
0.159731
0.169058
0.176614
0.182637
0.187352
0.190964
0.193653
0.195579
0.196876
0.197661
0.198027
0.198058
0.197818
0.197363
0.196738
0.19598
0.195121
0.194184
0.193191
0.192158
0.191098
0.190023
0.188942
0.187861
0.186787
0.185725
0.184678
0.18365
0.182642
0.181657
0.180696
0.179761
0.178851
0.177968
0.177112
0.176291
0.175502
0.174742
0.17401
0.173303
0.172619
0.171958
0.171317
0.170697
0.170095
0.169512
0.168947
0.168399
0.167866
0.16735
0.16685
0.166364
0.165893
0.165437
0.164995
0.164567
0.164152
0.163751
0.163363
0.162989
0.162628
0.16228
0.161945
0.161623
0.161314
0.161019
0.160737
0.160468
0.160214
0.159973
0.159746
0.159535
0.159338
0.159157
0.158992
0.158843
0.158713
0.158595
0.158493
0.158408
0.158342
0.158296
0.158273
0.158274
0.158302
0.15836
0.158448
0.158572
0.158734
0.158937
0.159186
0.159485
0.159837
0.160245
0.160706
0.161204
0.1617
0.0174419
0.0182546
0.0188681
0.0193426
0.0197144
0.0200197
0.0202836
0.0205208
0.0207402
0.020947
0.0211443
0.0213338
0.0215166
0.0216935
0.0218649
0.0220308
0.0221916
0.0223472
0.0224979
0.0226441
0.0227862
0.0229244
0.0230594
0.0231915
0.02333
0.0234169
0.023501
0.023582
0.0236607
0.0237378
0.0238137
0.0238887
0.0239632
0.024038
0.0241136
0.02419
0.0242677
0.0243469
0.0244279
0.0245113
0.0245976
0.0246872
0.0247807
0.0248785
0.0249812
0.0250894
0.0252037
0.0253245
0.0254526
0.0255886
0.0257329
0.0258863
0.0260491
0.0262219
0.0264051
0.0265988
0.0268034
0.0270189
0.0272451
0.0274817
0.0277285
0.0279847
0.0282496
0.0285223
0.0288015
0.029086
0.0293744
0.029665
0.0299562
0.0302463
0.0305336
0.0308163
0.0310931
0.031363
0.0316265
0.0319567
0.0322741
0.0325748
0.0328556
0.0331133
0.0333468
0.0335574
0.0337474
0.0339188
0.0340734
0.0342123
0.0343364
0.0344468
0.0345442
0.0346294
0.0347031
0.0347659
0.0348181
0.0348602
0.0348926
0.0349155
0.0349295
0.0349352
0.0349336
0.0349269
)
;
    }
    wallExpansion
    {
        type            kqRWallFunction;
        value           nonuniform List<scalar> 
225
(
6.31233e-05
0.000503205
0.00185011
0.00614876
0.0176394
0.0384707
0.055036
0.0652699
0.0758992
0.0852369
0.0933407
0.100531
0.107704
0.114954
0.121753
0.128495
0.135231
0.141502
0.14581
0.147296
0.147368
0.144771
0.138981
0.140786
0.207367
0.0892765
0.0912282
0.0919337
0.0910737
0.0899758
0.0888788
0.0877762
0.0866811
0.085613
0.0845782
0.0835757
0.0826029
0.0816572
0.080736
0.0798366
0.0789568
0.0780949
0.0772493
0.0764188
0.0756023
0.074799
0.0740082
0.0732295
0.0724622
0.0717062
0.070961
0.0702264
0.0695021
0.068788
0.0680837
0.0673893
0.0667045
0.066029
0.0653629
0.064706
0.064058
0.0634189
0.0627886
0.0621668
0.0615535
0.0609486
0.0603519
0.0597632
0.0591826
0.0586097
0.0580446
0.0574871
0.056937
0.0563943
0.0558588
0.0553304
0.0548089
0.0542944
0.0537867
0.0532856
0.052791
0.0523028
0.051821
0.0513453
0.0508758
0.0504123
0.0499547
0.0495029
0.0490568
0.0486163
0.0481813
0.0477516
0.0473271
0.0469078
0.0464936
0.0460842
0.0456797
0.04528
0.0448849
0.0444943
0.0441081
0.043726
0.0433455
0.0429665
0.0425895
0.042215
0.0418432
0.0414745
0.041109
0.040747
0.0403884
0.0400334
0.039682
0.0393342
0.03899
0.0386494
0.0383123
0.0379786
0.0376484
0.0373215
0.036998
0.0366777
0.0363605
0.0360465
0.0357355
0.0354274
0.0351223
0.03482
0.0345205
0.0342237
0.0339294
0.0336378
0.0333487
0.0330619
0.0327776
0.0324955
0.0322157
0.0319381
0.0316625
0.031389
0.0311175
0.0308478
0.0305801
0.0303141
0.0300499
0.0297874
0.0295266
0.0292675
0.0290106
0.0287571
0.0284795
0.0282072
0.0279409
0.02768
0.0274245
0.0271742
0.0269288
0.0266882
0.0264521
0.0262205
0.0259931
0.0257698
0.0255506
0.0253352
0.0251236
0.0249156
0.0247111
0.0245101
0.0243124
0.0241179
0.0239265
0.0237382
0.023553
0.0233706
0.023191
0.0230143
0.0228402
0.0226688
0.0224999
0.0223336
0.0221697
0.0220082
0.021849
0.0216921
0.0215375
0.021385
0.0212346
0.0210862
0.0209399
0.0207955
0.020653
0.0205123
0.0203734
0.0202363
0.0201008
0.0199669
0.0198346
0.0197038
0.0195745
0.0194465
0.0193198
0.0191943
0.0190701
0.0189468
0.0188246
0.0187033
0.0185828
0.018463
0.0183438
0.018225
0.0181065
0.0179881
0.0178695
0.0177507
0.0176312
0.0175107
0.0173889
0.0172652
0.0171389
0.0170091
0.0168749
0.0167342
0.0165841
0.0164208
0.01623
)
;
    }
    inlet
    {
        type            fixedValue;
        value           uniform 0.1;
    }
    outlet
    {
        type            zeroGradient;
    }
    twoD
    {
        type            empty;
    }
    collapsedFaces
    {
        type            empty;
    }
}


// ************************************************************************* //
