/*--------------------------------*- C++ -*----------------------------------*\
| =========                 |                                                 |
| \\      /  F ield         | OpenFOAM: The Open Source CFD Toolbox           |
|  \\    /   O peration     | Version:  2412                                  |
|   \\  /    A nd           | Website:  www.openfoam.com                      |
|    \\/     M anipulation  |                                                 |
\*---------------------------------------------------------------------------*/
FoamFile
{
    version     2.0;
    format      ascii;
    arch        "LSB;label=32;scalar=64";
    class       volScalarField;
    location    "3.2/fluid";
    object      T;
}
// * * * * * * * * * * * * * * * * * * * * * * * * * * * * * * * * * * * * * //

dimensions      [0 0 0 1 0 0 0];

internalField   nonuniform List<scalar> 
33664
(
297.892
297.916
297.944
297.976
298.01
298.047
298.085
298.126
298.168
298.212
298.258
298.307
298.359
298.414
298.474
298.54
298.615
298.7
298.802
298.928
299.089
299.259
299.428
299.581
299.74
299.897
300.027
300.114
300.14
300.081
299.912
299.619
299.206
298.689
298.036
297.99
297.986
298.004
298.033
298.071
298.114
298.161
298.211
298.264
298.319
298.375
298.434
298.495
298.558
298.624
298.694
298.77
298.851
298.943
299.053
299.194
299.352
299.499
299.644
299.785
299.928
300.065
300.171
300.231
300.228
300.138
299.943
299.634
299.215
298.71
298.54
298.347
298.252
298.217
298.221
298.247
298.286
298.336
298.394
298.455
298.52
298.587
298.656
298.727
298.8
298.876
298.954
299.034
299.12
299.215
299.341
299.483
299.622
299.757
299.89
300.019
300.141
300.249
300.317
300.327
300.267
300.121
299.877
299.535
299.102
298.603
299.776
299.338
299.04
298.851
298.742
298.689
298.678
298.697
298.737
298.79
298.851
298.918
298.987
299.06
299.137
299.217
299.298
299.382
299.481
299.593
299.724
299.857
299.985
300.106
300.218
300.315
300.394
300.444
300.443
300.379
300.244
300.028
299.729
299.351
298.905
298.413
302.064
301.41
300.868
300.437
300.108
299.868
299.702
299.597
299.541
299.52
299.527
299.552
299.59
299.641
299.706
299.781
299.862
299.961
300.083
300.207
300.318
300.419
300.507
300.578
300.628
300.652
300.644
300.597
300.497
300.339
300.119
299.834
299.486
299.081
298.631
298.153
304.47
303.956
303.442
302.95
302.498
302.097
301.754
301.47
301.242
301.064
300.932
300.837
300.778
300.766
300.791
300.84
300.902
300.961
301.009
301.047
301.07
301.076
301.063
301.028
300.966
300.875
300.75
300.588
300.387
300.141
299.85
299.515
299.137
298.724
298.285
297.833
304.574
304.448
304.291
304.109
303.907
303.695
303.479
303.267
303.063
302.871
302.698
302.545
302.412
302.287
302.171
302.063
301.96
301.86
301.759
301.653
301.54
301.416
301.28
301.127
300.956
300.764
300.549
300.308
300.041
299.746
299.421
299.069
298.692
298.294
297.882
297.466
303.169
303.186
303.19
303.18
303.158
303.123
303.079
303.024
302.952
302.865
302.763
302.651
302.529
302.399
302.261
302.117
301.967
301.81
301.648
301.478
301.301
301.116
300.921
300.715
300.497
300.265
300.019
299.758
299.479
299.181
298.865
298.531
298.18
297.816
297.443
297.069
301.617
301.647
301.671
301.689
301.701
301.705
301.702
301.69
301.675
301.645
301.601
301.543
301.472
301.387
301.291
301.182
301.063
300.933
300.792
300.642
300.481
300.31
300.129
299.937
299.735
299.521
299.295
299.056
298.803
298.535
298.252
297.954
297.642
297.318
296.988
296.656
300.29
300.314
300.334
300.349
300.359
300.364
300.361
300.352
300.336
300.322
300.302
300.272
300.232
300.18
300.117
300.043
299.959
299.864
299.759
299.644
299.519
299.383
299.237
299.081
298.913
298.734
298.543
298.339
298.121
297.889
297.642
297.381
297.106
296.822
296.53
296.238
299.231
299.25
299.265
299.276
299.283
299.286
299.283
299.274
299.26
299.24
299.219
299.197
299.17
299.135
299.093
299.042
298.982
298.913
298.835
298.748
298.65
298.543
298.426
298.299
298.16
298.009
297.846
297.67
297.48
297.276
297.058
296.826
296.583
296.331
296.073
295.816
298.401
298.419
298.433
298.444
298.451
298.454
298.453
298.448
298.438
298.423
298.403
298.381
298.358
298.329
298.294
298.251
298.201
298.144
298.078
298.004
297.92
297.828
297.725
297.613
297.489
297.354
297.207
297.047
296.875
296.69
296.492
296.284
296.066
295.842
295.615
295.389
297.696
297.72
297.739
297.754
297.766
297.773
297.775
297.773
297.766
297.755
297.738
297.716
297.69
297.662
297.626
297.584
297.536
297.48
297.416
297.344
297.264
297.175
297.078
296.97
296.852
296.724
296.586
296.436
296.276
296.105
295.925
295.737
295.543
295.346
295.149
294.956
296.91
296.942
296.969
296.992
297.01
297.024
297.033
297.037
297.036
297.031
297.019
297.003
296.981
296.956
296.924
296.885
296.839
296.786
296.725
296.657
296.58
296.495
296.401
296.298
296.186
296.065
295.935
295.796
295.65
295.496
295.336
295.172
295.006
294.84
294.677
294.519
296.028
296.067
296.102
296.132
296.158
296.179
296.196
296.208
296.214
296.216
296.212
296.202
296.187
296.165
296.137
296.102
296.06
296.011
295.954
295.891
295.819
295.74
295.653
295.559
295.458
295.349
295.234
295.114
294.989
294.859
294.728
294.595
294.464
294.335
294.21
294.092
295.084
295.125
295.162
295.195
295.225
295.25
295.271
295.288
295.3
295.306
295.308
295.304
295.294
295.275
295.251
295.22
295.184
295.141
295.093
295.038
294.978
294.912
294.841
294.764
294.683
294.598
294.509
294.418
294.325
294.23
294.136
294.043
293.952
293.864
293.781
293.702
294.199
294.232
294.263
294.291
294.316
294.338
294.356
294.371
294.383
294.39
294.392
294.388
294.377
294.361
294.342
294.32
294.293
294.263
294.23
294.192
294.152
294.108
294.061
294.012
293.961
293.908
293.853
293.798
293.743
293.687
293.633
293.579
293.528
293.479
293.433
293.39
293.54
293.559
293.577
293.593
293.607
293.62
293.63
293.639
293.644
293.646
293.644
293.639
293.632
293.623
293.613
293.602
293.588
293.573
293.557
293.539
293.52
293.499
293.478
293.455
293.432
293.408
293.383
293.358
293.334
293.31
293.286
293.262
293.24
293.219
293.199
293.18
293.181
293.188
293.195
293.201
293.206
293.21
293.213
293.215
293.215
293.215
293.213
293.212
293.21
293.207
293.204
293.2
293.196
293.192
293.187
293.181
293.175
293.169
293.162
293.155
293.148
293.14
293.132
293.125
293.117
293.109
293.102
293.094
293.087
293.08
293.074
293.067
293.044
293.046
293.047
293.049
293.05
293.05
293.051
293.051
293.051
293.051
293.051
293.051
293.05
293.05
293.049
293.049
293.048
293.047
293.046
293.045
293.044
293.043
293.041
293.04
293.038
293.037
293.035
293.033
293.032
293.03
293.028
293.027
293.025
293.023
293.022
293.02
293.008
293.008
293.008
293.008
293.009
293.009
293.009
293.009
293.009
293.009
293.009
293.009
293.009
293.009
293.009
293.009
293.009
293.009
293.009
293.008
293.008
293.008
293.008
293.008
293.008
293.007
293.007
293.007
293.007
293.006
293.006
293.006
293.006
293.005
293.005
293.005
293.001
293.001
293.001
293.001
293.001
293.001
293.001
293.001
293.001
293.001
293.001
293.001
293.001
293.001
293.001
293.001
293.001
293.001
293.001
293.001
293.001
293.001
293.001
293.001
293.001
293.001
293.001
293.001
293.001
293.001
293.001
293.001
293.001
293.001
293.001
293.001
293
293
293
293
293
293
293
293
293
293
293
293
293
293
293
293
293
293
293
293
293
293
293
293
293
293
293
293
293
293
293
293
293
293
293
293
293
293
293
293
293
293
293
293
293
293
293
293
293
293
293
293
293
293
293
293
293
293
293
293
293
293
293
293
293
293
293
293
293
293
293
293
293
293
293
293
293
293
293
293
293
293
293
293
293
293
293
293
293
293
293
293
293
293
293
293
293
293
293
293
293
293
293
293
293
293
293
293
298.018
298.054
298.092
298.133
298.176
298.221
298.267
298.315
298.365
298.415
298.466
298.517
298.57
298.624
298.68
298.739
298.805
298.876
298.952
299.027
299.106
299.19
299.282
299.383
299.498
299.619
299.751
299.868
299.948
299.969
299.909
299.753
299.496
299.151
298.044
298.061
298.092
298.132
298.178
298.228
298.282
298.338
298.397
298.457
298.518
298.58
298.64
298.7
298.757
298.812
298.865
298.919
298.973
299.027
299.084
299.146
299.211
299.281
299.36
299.447
299.54
299.65
299.79
299.917
300.003
300.027
299.969
299.815
299.565
299.231
298.276
298.243
298.245
298.27
298.31
298.361
298.419
298.483
298.551
298.621
298.693
298.764
298.833
298.899
298.956
299.005
299.048
299.086
299.124
299.164
299.209
299.26
299.318
299.38
299.452
299.526
299.609
299.708
299.841
299.973
300.048
300.054
299.976
299.806
299.548
299.218
298.938
298.771
298.674
298.63
298.622
298.641
298.678
298.73
298.792
298.861
298.933
299.007
299.079
299.146
299.204
299.249
299.283
299.307
299.327
299.355
299.391
299.436
299.492
299.55
299.613
299.679
299.752
299.837
299.947
300.058
300.102
300.068
299.952
299.752
299.477
299.142
300.429
300.083
299.813
299.61
299.468
299.376
299.324
299.307
299.315
299.343
299.385
299.435
299.489
299.545
299.599
299.645
299.677
299.699
299.716
299.728
299.749
299.79
299.836
299.884
299.932
299.98
300.027
300.077
300.133
300.174
300.153
300.056
299.885
299.645
299.345
299.003
302.385
302.024
301.686
301.381
301.115
300.89
300.707
300.563
300.456
300.38
300.33
300.302
300.291
300.293
300.307
300.326
300.346
300.366
300.385
300.41
300.434
300.449
300.458
300.463
300.46
300.449
300.428
300.396
300.349
300.277
300.152
299.971
299.736
299.453
299.132
298.785
303.047
302.91
302.758
302.596
302.43
302.266
302.109
301.963
301.831
301.712
301.608
301.519
301.445
301.383
301.332
301.289
301.252
301.221
301.193
301.166
301.131
301.086
301.031
300.964
300.883
300.785
300.67
300.534
300.376
300.19
299.973
299.723
299.442
299.134
298.806
298.468
301.849
301.899
301.934
301.954
301.96
301.955
301.94
301.917
301.888
301.855
301.818
301.778
301.737
301.695
301.651
301.605
301.547
301.477
301.398
301.308
301.208
301.097
300.975
300.842
300.697
300.538
300.365
300.176
299.97
299.745
299.499
299.234
298.95
298.653
298.346
298.037
299.913
300.022
300.122
300.214
300.297
300.371
300.435
300.492
300.541
300.58
300.611
300.632
300.645
300.649
300.645
300.632
300.61
300.572
300.517
300.447
300.361
300.261
300.148
300.02
299.879
299.725
299.558
299.378
299.185
298.977
298.755
298.521
298.275
298.02
297.76
297.498
298.072
298.182
298.287
298.386
298.48
298.567
298.647
298.721
298.786
298.845
298.895
298.937
298.971
298.997
299.015
299.024
299.028
299.03
299.018
298.993
298.954
298.901
298.835
298.755
298.663
298.557
298.439
298.308
298.166
298.011
297.845
297.668
297.481
297.287
297.086
296.884
296.613
296.706
296.796
296.882
296.965
297.043
297.117
297.186
297.249
297.306
297.357
297.402
297.44
297.471
297.495
297.512
297.523
297.527
297.532
297.531
297.522
297.505
297.479
297.444
297.399
297.344
297.279
297.203
297.117
297.02
296.913
296.796
296.67
296.536
296.395
296.249
295.566
295.641
295.714
295.785
295.853
295.919
295.981
296.04
296.096
296.148
296.195
296.238
296.276
296.309
296.338
296.362
296.381
296.395
296.403
296.411
296.415
296.415
296.409
296.396
296.377
296.351
296.317
296.276
296.227
296.169
296.104
296.03
295.948
295.859
295.763
295.66
294.84
294.899
294.958
295.016
295.072
295.128
295.182
295.234
295.284
295.332
295.377
295.419
295.458
295.494
295.527
295.555
295.58
295.6
295.616
295.628
295.637
295.643
295.644
295.641
295.632
295.619
295.6
295.576
295.545
295.509
295.465
295.416
295.359
295.296
295.226
295.151
294.406
294.451
294.496
294.541
294.585
294.629
294.672
294.714
294.754
294.794
294.832
294.868
294.902
294.934
294.963
294.99
295.014
295.035
295.053
295.067
295.078
295.085
295.089
295.089
295.085
295.077
295.065
295.047
295.024
294.996
294.963
294.923
294.878
294.827
294.77
294.708
294.09
294.128
294.165
294.202
294.239
294.275
294.31
294.345
294.378
294.411
294.443
294.473
294.501
294.528
294.553
294.576
294.596
294.614
294.63
294.642
294.651
294.656
294.658
294.656
294.65
294.641
294.627
294.608
294.585
294.558
294.525
294.488
294.446
294.4
294.349
294.295
293.763
293.795
293.827
293.859
293.89
293.921
293.951
293.981
294.009
294.037
294.063
294.088
294.112
294.134
294.154
294.172
294.188
294.202
294.213
294.221
294.225
294.226
294.223
294.218
294.209
294.197
294.181
294.161
294.138
294.111
294.081
294.047
294.011
293.972
293.931
293.888
293.434
293.458
293.481
293.504
293.527
293.55
293.572
293.594
293.615
293.635
293.655
293.673
293.69
293.706
293.719
293.732
293.742
293.75
293.755
293.758
293.759
293.757
293.754
293.748
293.74
293.729
293.716
293.701
293.684
293.665
293.644
293.621
293.597
293.572
293.545
293.519
293.189
293.201
293.214
293.226
293.239
293.251
293.264
293.276
293.287
293.298
293.309
293.319
293.328
293.336
293.343
293.349
293.353
293.356
293.358
293.359
293.359
293.358
293.356
293.353
293.349
293.343
293.337
293.33
293.322
293.312
293.303
293.292
293.281
293.269
293.257
293.245
293.061
293.066
293.07
293.075
293.08
293.085
293.09
293.094
293.099
293.103
293.107
293.111
293.114
293.117
293.119
293.121
293.123
293.124
293.124
293.125
293.125
293.124
293.124
293.123
293.122
293.12
293.118
293.116
293.114
293.111
293.108
293.105
293.101
293.098
293.094
293.09
293.014
293.016
293.017
293.018
293.02
293.021
293.022
293.023
293.025
293.026
293.027
293.028
293.029
293.029
293.03
293.031
293.031
293.031
293.031
293.031
293.032
293.032
293.032
293.031
293.031
293.031
293.031
293.03
293.03
293.029
293.029
293.028
293.027
293.027
293.026
293.025
293.003
293.003
293.003
293.003
293.003
293.004
293.004
293.004
293.004
293.005
293.005
293.005
293.005
293.005
293.005
293.006
293.006
293.006
293.006
293.006
293.006
293.006
293.006
293.006
293.006
293.006
293.006
293.006
293.006
293.006
293.006
293.006
293.006
293.005
293.005
293.005
293
293
293
293
293
293
293.001
293.001
293.001
293.001
293.001
293.001
293.001
293.001
293.001
293.001
293.001
293.001
293.001
293.001
293.001
293.001
293.001
293.001
293.001
293.001
293.001
293.001
293.001
293.001
293.001
293.001
293.001
293.001
293.001
293.001
293
293
293
293
293
293
293
293
293
293
293
293
293
293
293
293
293
293
293
293
293
293
293
293
293
293
293
293
293
293
293
293
293
293
293
293
293
293
293
293
293
293
293
293
293
293
293
293
293
293
293
293
293
293
293
293
293
293
293
293
293
293
293
293
293
293
293
293
293
293
293
293
293
293
293
293
293
293
293
293
293
293
293
293
293
293
293
293
293
293
293
293
293
293
293
293
293
293
293
293
293
293
293
293
293
293
293
293
298.192
298.238
298.285
298.333
298.381
298.428
298.474
298.518
298.558
298.596
298.63
298.663
298.694
298.725
298.758
298.793
298.831
298.873
298.919
298.969
299.024
299.084
299.148
299.219
299.296
299.383
299.482
299.587
299.674
299.722
299.715
299.64
299.497
299.29
298.168
298.211
298.26
298.313
298.369
298.428
298.486
298.544
298.6
298.651
298.697
298.737
298.77
298.799
298.824
298.847
298.87
298.894
298.92
298.948
298.98
299.014
299.051
299.092
299.137
299.188
299.246
299.314
299.405
299.539
299.662
299.733
299.745
299.687
299.559
299.365
298.297
298.321
298.362
298.413
298.471
298.535
298.601
298.668
298.733
298.793
298.845
298.887
298.917
298.935
298.948
298.957
298.965
298.974
298.984
298.997
299.013
299.031
299.052
299.077
299.107
299.141
299.182
299.233
299.304
299.444
299.596
299.691
299.718
299.671
299.55
299.364
298.66
298.621
298.615
298.633
298.669
298.718
298.776
298.84
298.906
298.97
299.028
299.075
299.105
299.118
299.116
299.108
299.099
299.09
299.083
299.079
299.078
299.079
299.084
299.095
299.111
299.131
299.157
299.193
299.254
299.352
299.524
299.638
299.672
299.624
299.499
299.312
299.562
299.409
299.298
299.224
299.182
299.168
299.175
299.2
299.236
299.28
299.327
299.371
299.408
299.432
299.439
299.426
299.4
299.366
299.331
299.306
299.286
299.263
299.246
299.239
299.239
299.243
299.25
299.268
299.304
299.372
299.502
299.607
299.62
299.548
299.404
299.201
300.905
300.709
300.529
300.372
300.239
300.132
300.05
299.991
299.952
299.93
299.922
299.922
299.928
299.934
299.938
299.937
299.93
299.917
299.899
299.858
299.8
299.733
299.682
299.65
299.622
299.592
299.561
299.536
299.527
299.543
299.589
299.609
299.551
299.422
299.235
299.004
301.465
301.391
301.311
301.225
301.139
301.054
300.974
300.9
300.833
300.776
300.726
300.684
300.65
300.621
300.596
300.574
300.553
300.532
300.511
300.488
300.461
300.431
300.392
300.34
300.267
300.176
300.076
299.972
299.871
299.774
299.674
299.547
299.378
299.169
298.929
298.666
300.439
300.495
300.542
300.582
300.615
300.64
300.66
300.674
300.683
300.689
300.691
300.691
300.689
300.685
300.679
300.671
300.66
300.647
300.63
300.605
300.567
300.514
300.448
300.367
300.272
300.161
300.036
299.894
299.735
299.558
299.359
299.14
298.901
298.647
298.383
298.115
298.494
298.619
298.735
298.843
298.944
299.036
299.12
299.195
299.263
299.324
299.379
299.427
299.47
299.507
299.539
299.564
299.583
299.595
299.6
299.593
299.569
299.529
299.473
299.399
299.309
299.203
299.08
298.941
298.785
298.611
298.421
298.216
297.998
297.773
297.544
297.315
296.519
296.644
296.765
296.882
296.993
297.1
297.2
297.294
297.382
297.463
297.537
297.605
297.665
297.718
297.763
297.801
297.83
297.852
297.864
297.87
297.865
297.848
297.819
297.777
297.721
297.652
297.57
297.475
297.367
297.247
297.115
296.972
296.822
296.667
296.509
296.352
295.006
295.1
295.192
295.283
295.372
295.458
295.542
295.622
295.698
295.77
295.837
295.899
295.956
296.006
296.051
296.089
296.12
296.144
296.16
296.17
296.173
296.169
296.158
296.139
296.112
296.078
296.037
295.989
295.933
295.872
295.804
295.73
295.652
295.571
295.489
295.405
294.057
294.115
294.173
294.231
294.289
294.347
294.403
294.458
294.512
294.563
294.612
294.658
294.701
294.741
294.776
294.808
294.835
294.857
294.874
294.886
294.894
294.9
294.902
294.9
294.896
294.888
294.878
294.864
294.847
294.827
294.805
294.78
294.754
294.726
294.697
294.666
293.589
293.62
293.652
293.684
293.716
293.749
293.782
293.815
293.847
293.879
293.91
293.94
293.969
293.996
294.022
294.046
294.068
294.088
294.106
294.121
294.135
294.148
294.16
294.171
294.181
294.19
294.197
294.204
294.209
294.213
294.216
294.218
294.218
294.217
294.215
294.211
293.408
293.428
293.448
293.469
293.49
293.511
293.532
293.554
293.576
293.598
293.62
293.642
293.663
293.684
293.705
293.725
293.744
293.763
293.781
293.798
293.814
293.83
293.846
293.861
293.875
293.889
293.902
293.914
293.925
293.935
293.943
293.951
293.956
293.96
293.963
293.963
293.313
293.329
293.345
293.362
293.379
293.397
293.414
293.432
293.45
293.468
293.486
293.505
293.523
293.541
293.559
293.577
293.595
293.612
293.629
293.646
293.662
293.677
293.692
293.706
293.72
293.732
293.743
293.753
293.762
293.769
293.775
293.778
293.78
293.781
293.779
293.775
293.216
293.23
293.243
293.257
293.272
293.286
293.301
293.316
293.331
293.347
293.362
293.378
293.393
293.409
293.424
293.439
293.454
293.469
293.483
293.497
293.51
293.522
293.534
293.544
293.554
293.562
293.569
293.575
293.579
293.582
293.583
293.583
293.581
293.577
293.572
293.565
293.118
293.127
293.136
293.146
293.156
293.166
293.176
293.187
293.197
293.208
293.219
293.23
293.241
293.252
293.262
293.273
293.283
293.293
293.302
293.311
293.32
293.327
293.334
293.341
293.346
293.351
293.354
293.357
293.359
293.359
293.359
293.358
293.355
293.352
293.347
293.342
293.048
293.053
293.057
293.062
293.067
293.072
293.077
293.083
293.088
293.094
293.099
293.105
293.111
293.116
293.122
293.127
293.132
293.137
293.141
293.145
293.149
293.153
293.156
293.159
293.162
293.164
293.166
293.167
293.168
293.168
293.168
293.167
293.166
293.165
293.163
293.16
293.015
293.016
293.018
293.019
293.021
293.023
293.025
293.027
293.029
293.031
293.033
293.035
293.037
293.039
293.041
293.043
293.045
293.046
293.048
293.049
293.051
293.052
293.053
293.054
293.055
293.056
293.056
293.057
293.057
293.058
293.058
293.058
293.057
293.057
293.057
293.056
293.003
293.004
293.004
293.004
293.005
293.005
293.006
293.006
293.007
293.007
293.008
293.008
293.009
293.009
293.01
293.01
293.011
293.011
293.012
293.012
293.012
293.013
293.013
293.013
293.013
293.014
293.014
293.014
293.014
293.014
293.014
293.015
293.015
293.015
293.015
293.014
293
293
293.001
293.001
293.001
293.001
293.001
293.001
293.001
293.001
293.001
293.001
293.001
293.002
293.002
293.002
293.002
293.002
293.002
293.002
293.002
293.002
293.002
293.002
293.002
293.002
293.002
293.002
293.003
293.003
293.003
293.003
293.003
293.003
293.003
293.003
293
293
293
293
293
293
293
293
293
293
293
293
293
293
293
293
293
293
293
293
293
293
293
293
293
293
293
293
293
293
293
293
293
293
293
293
293
293
293
293
293
293
293
293
293
293
293
293
293
293
293
293
293
293
293
293
293
293
293
293
293
293
293
293
293
293
293
293
293
293
293
293
293
293
293
293
293
293
293
293
293
293
293
293
293
293
293
293
293
293
293
293
293
293
293
293
293
293
293
293
293
293
293
293
293
293
293
293
293
293
293
293
293
293
293
293
293
293
293
293
293
293
293
293
293
293
293
293
293
293
293
293
293
293
293
293
293
293
293
293
293
293
293
293
298.365
298.409
298.45
298.487
298.519
298.547
298.57
298.59
298.608
298.624
298.64
298.657
298.674
298.693
298.714
298.737
298.763
298.791
298.823
298.858
298.896
298.939
298.987
299.04
299.097
299.16
299.223
299.284
299.338
299.375
299.382
299.335
299.249
299.123
298.378
298.432
298.483
298.532
298.575
298.611
298.641
298.664
298.682
298.696
298.708
298.719
298.73
298.742
298.756
298.771
298.789
298.809
298.831
298.854
298.881
298.911
298.945
298.984
299.028
299.076
299.131
299.192
299.264
299.336
299.385
299.394
299.353
299.269
299.146
298.456
298.51
298.566
298.621
298.67
298.712
298.745
298.768
298.783
298.79
298.794
298.795
298.796
298.798
298.802
298.807
298.813
298.82
298.83
298.842
298.858
298.876
298.898
298.923
298.953
298.988
299.028
299.076
299.136
299.218
299.298
299.319
299.291
299.222
299.11
298.633
298.665
298.708
298.756
298.804
298.849
298.887
298.914
298.929
298.934
298.929
298.918
298.904
298.888
298.87
298.854
298.84
298.829
298.822
298.817
298.816
298.818
298.824
298.833
298.845
298.862
298.884
298.913
298.953
299.013
299.116
299.197
299.194
299.136
299.028
299.1
299.07
299.06
299.065
299.081
299.106
299.133
299.158
299.177
299.189
299.189
299.176
299.151
299.117
299.079
299.035
298.992
298.952
298.915
298.882
298.853
298.829
298.811
298.795
298.783
298.775
298.775
298.784
298.802
298.835
298.949
299.057
299.069
299.009
298.894
299.922
299.84
299.77
299.713
299.67
299.638
299.617
299.605
299.598
299.595
299.592
299.587
299.576
299.556
299.525
299.484
299.435
299.38
299.313
299.229
299.147
299.076
299.027
298.977
298.924
298.873
298.829
298.802
298.801
298.822
298.874
298.94
298.918
298.826
298.679
300.392
300.351
300.31
300.27
300.23
300.193
300.159
300.128
300.102
300.078
300.058
300.04
300.023
300.005
299.984
299.959
299.931
299.897
299.858
299.811
299.757
299.697
299.613
299.515
299.409
299.3
299.197
299.107
299.031
298.966
298.906
298.83
298.703
298.533
298.331
299.666
299.708
299.745
299.778
299.807
299.831
299.852
299.87
299.886
299.899
299.909
299.918
299.924
299.928
299.93
299.929
299.924
299.916
299.904
299.886
299.86
299.819
299.762
299.688
299.598
299.491
299.369
299.229
299.07
298.892
298.695
298.479
298.245
297.999
297.75
297.953
298.057
298.154
298.243
298.326
298.402
298.473
298.538
298.597
298.652
298.701
298.745
298.784
298.818
298.847
298.87
298.889
298.902
298.91
298.908
298.886
298.848
298.794
298.724
298.636
298.533
298.411
298.272
298.113
297.933
297.733
297.518
297.293
297.064
296.838
296.033
296.145
296.252
296.355
296.453
296.546
296.633
296.715
296.791
296.862
296.926
296.984
297.036
297.082
297.121
297.153
297.178
297.196
297.207
297.2
297.182
297.153
297.112
297.06
296.995
296.918
296.828
296.726
296.61
296.482
296.342
296.193
296.038
295.882
295.727
294.541
294.619
294.697
294.774
294.848
294.921
294.991
295.057
295.12
295.18
295.235
295.285
295.331
295.371
295.406
295.435
295.458
295.473
295.476
295.473
295.464
295.449
295.426
295.397
295.362
295.319
295.27
295.213
295.15
295.082
295.008
294.931
294.851
294.771
294.692
294.616
293.663
293.704
293.745
293.786
293.828
293.868
293.908
293.947
293.984
294.02
294.053
294.084
294.112
294.137
294.158
294.176
294.19
294.197
294.201
294.203
294.202
294.199
294.193
294.185
294.174
294.16
294.144
294.125
294.105
294.082
294.058
294.033
294.008
293.982
293.958
293.934
293.273
293.291
293.309
293.327
293.346
293.365
293.383
293.401
293.419
293.436
293.453
293.468
293.483
293.496
293.507
293.517
293.525
293.532
293.538
293.544
293.549
293.554
293.558
293.561
293.564
293.566
293.567
293.568
293.569
293.569
293.57
293.57
293.57
293.57
293.571
293.571
293.135
293.144
293.153
293.162
293.171
293.18
293.19
293.199
293.209
293.218
293.227
293.236
293.245
293.254
293.262
293.27
293.278
293.285
293.293
293.301
293.309
293.316
293.324
293.331
293.339
293.347
293.354
293.361
293.369
293.376
293.383
293.391
293.398
293.405
293.412
293.418
293.087
293.093
293.099
293.105
293.112
293.118
293.125
293.132
293.139
293.146
293.153
293.161
293.168
293.175
293.183
293.191
293.199
293.206
293.214
293.222
293.231
293.239
293.247
293.255
293.263
293.271
293.278
293.286
293.293
293.301
293.308
293.314
293.32
293.326
293.332
293.337
293.057
293.061
293.066
293.07
293.075
293.08
293.086
293.091
293.097
293.103
293.109
293.115
293.121
293.128
293.134
293.141
293.148
293.155
293.161
293.168
293.175
293.182
293.189
293.195
293.202
293.208
293.214
293.219
293.225
293.23
293.234
293.238
293.242
293.245
293.247
293.249
293.03
293.032
293.035
293.038
293.041
293.045
293.048
293.052
293.055
293.059
293.063
293.067
293.072
293.076
293.08
293.085
293.089
293.094
293.098
293.103
293.107
293.112
293.116
293.12
293.124
293.128
293.132
293.135
293.138
293.141
293.143
293.145
293.147
293.148
293.149
293.15
293.011
293.013
293.014
293.015
293.017
293.018
293.02
293.022
293.024
293.025
293.027
293.029
293.031
293.033
293.035
293.038
293.04
293.042
293.044
293.046
293.048
293.05
293.052
293.054
293.056
293.058
293.059
293.061
293.062
293.063
293.065
293.066
293.066
293.067
293.068
293.068
293.003
293.004
293.004
293.004
293.005
293.005
293.006
293.007
293.007
293.008
293.008
293.009
293.01
293.011
293.011
293.012
293.013
293.013
293.014
293.015
293.015
293.016
293.017
293.017
293.018
293.019
293.019
293.02
293.02
293.021
293.021
293.021
293.022
293.022
293.022
293.022
293.001
293.001
293.001
293.001
293.001
293.001
293.001
293.001
293.001
293.002
293.002
293.002
293.002
293.002
293.002
293.003
293.003
293.003
293.003
293.003
293.003
293.004
293.004
293.004
293.004
293.004
293.004
293.005
293.005
293.005
293.005
293.005
293.005
293.005
293.005
293.005
293
293
293
293
293
293
293
293
293
293
293
293
293
293
293
293
293
293
293
293
293
293
293
293.001
293.001
293.001
293.001
293.001
293.001
293.001
293.001
293.001
293.001
293.001
293.001
293.001
293.001
293
293
293
293
293
293
293
293
293
293
293
293
293
293
293
293
293
293
293
293
293
293
293
293
293
293
293
293
293
293
293
293
293
293
293
293
293
293
293
293
293
293
293
293
293
293
293
293
293
293
293
293
293
293
293
293
293
293
293
293
293
293
293
293
293
293
293
293
293
293
293
293
293
293
293
293
293
293
293
293
293
293
293
293
293
293
293
293
293
293
293
293
293
293
293
293
293
293
293
293
293
293
293
293
293
293
293
293
293
293
293
293
293
293
293
293
293
293
293
293
293
293
293
293
293
293
293
293
293
293
293
293
293
293
293
293
293
293
293
293
293
293
293
293
293
293
293
293
298.459
298.482
298.5
298.513
298.523
298.529
298.534
298.539
298.542
298.546
298.549
298.553
298.558
298.563
298.569
298.575
298.583
298.592
298.603
298.616
298.631
298.648
298.668
298.69
298.714
298.74
298.768
298.796
298.821
298.838
298.84
298.815
298.759
298.661
298.488
298.52
298.546
298.564
298.576
298.583
298.587
298.589
298.589
298.59
298.59
298.591
298.592
298.594
298.597
298.601
298.606
298.612
298.62
298.63
298.641
298.653
298.667
298.683
298.7
298.718
298.736
298.756
298.775
298.797
298.816
298.82
298.799
298.738
298.63
298.558
298.595
298.624
298.643
298.653
298.656
298.654
298.649
298.642
298.635
298.629
298.624
298.62
298.618
298.617
298.618
298.621
298.626
298.631
298.637
298.643
298.65
298.659
298.668
298.677
298.686
298.694
298.7
298.704
298.707
298.709
298.709
298.688
298.63
298.537
298.679
298.714
298.744
298.766
298.778
298.778
298.77
298.755
298.736
298.716
298.696
298.678
298.663
298.651
298.642
298.636
298.633
298.63
298.627
298.624
298.623
298.623
298.624
298.624
298.624
298.623
298.618
298.611
298.598
298.582
298.565
298.553
298.54
298.489
298.41
298.962
298.966
298.977
298.989
298.999
299.002
298.996
298.98
298.956
298.924
298.888
298.849
298.809
298.773
298.741
298.715
298.692
298.672
298.652
298.633
298.616
298.602
298.589
298.577
298.565
298.552
298.537
298.518
298.494
298.467
298.438
298.413
298.411
298.37
298.289
299.48
299.446
299.419
299.396
299.377
299.361
299.346
299.33
299.313
299.295
299.273
299.243
299.196
299.14
299.078
299.014
298.952
298.897
298.851
298.803
298.752
298.703
298.657
298.616
298.577
298.54
298.506
298.474
298.442
298.41
298.377
298.339
298.311
298.238
298.118
299.793
299.768
299.745
299.723
299.704
299.685
299.667
299.65
299.634
299.618
299.602
299.584
299.563
299.538
299.507
299.472
299.431
299.388
299.339
299.283
299.215
299.131
299.044
298.958
298.865
298.763
298.665
298.58
298.509
298.448
298.378
298.279
298.16
298.008
297.827
299.122
299.16
299.193
299.223
299.25
299.274
299.295
299.314
299.331
299.345
299.358
299.368
299.375
299.38
299.382
299.381
299.376
299.368
299.356
299.339
299.313
299.272
299.215
299.144
299.059
298.96
298.848
298.725
298.589
298.43
298.242
298.029
297.799
297.558
297.316
297.492
297.586
297.674
297.756
297.833
297.904
297.969
298.029
298.085
298.135
298.18
298.221
298.257
298.288
298.315
298.337
298.354
298.367
298.374
298.369
298.347
298.311
298.262
298.197
298.119
298.026
297.92
297.798
297.658
297.497
297.313
297.108
296.889
296.664
296.441
295.681
295.778
295.873
295.963
296.05
296.132
296.21
296.283
296.351
296.414
296.472
296.525
296.572
296.614
296.649
296.679
296.702
296.719
296.723
296.714
296.695
296.667
296.628
296.578
296.519
296.449
296.368
296.277
296.173
296.058
295.93
295.79
295.644
295.493
295.343
295.196
294.316
294.382
294.447
294.511
294.573
294.633
294.692
294.747
294.8
294.849
294.895
294.937
294.974
295.007
295.035
295.058
295.075
295.082
295.082
295.077
295.066
295.05
295.029
295.001
294.968
294.93
294.885
294.835
294.78
294.718
294.651
294.579
294.503
294.426
294.349
294.274
293.538
293.57
293.603
293.636
293.669
293.7
293.732
293.762
293.79
293.818
293.843
293.866
293.886
293.904
293.919
293.93
293.937
293.94
293.941
293.941
293.938
293.933
293.925
293.915
293.903
293.889
293.872
293.853
293.832
293.808
293.782
293.755
293.727
293.698
293.669
293.641
293.189
293.202
293.215
293.229
293.242
293.255
293.268
293.281
293.293
293.304
293.315
293.325
293.334
293.341
293.347
293.352
293.355
293.358
293.361
293.362
293.363
293.364
293.364
293.363
293.361
293.359
293.356
293.352
293.348
293.343
293.338
293.332
293.326
293.32
293.314
293.309
293.065
293.069
293.074
293.079
293.084
293.089
293.094
293.099
293.104
293.109
293.113
293.117
293.121
293.125
293.128
293.131
293.134
293.136
293.139
293.142
293.144
293.147
293.149
293.151
293.153
293.155
293.157
293.159
293.161
293.163
293.164
293.166
293.167
293.169
293.171
293.173
293.027
293.029
293.031
293.033
293.036
293.038
293.041
293.043
293.046
293.048
293.051
293.053
293.056
293.058
293.061
293.064
293.066
293.069
293.072
293.074
293.077
293.08
293.083
293.086
293.089
293.092
293.095
293.098
293.101
293.103
293.106
293.109
293.112
293.115
293.118
293.12
293.013
293.015
293.016
293.017
293.019
293.02
293.022
293.024
293.025
293.027
293.029
293.031
293.033
293.035
293.037
293.039
293.041
293.044
293.046
293.048
293.051
293.053
293.056
293.058
293.061
293.063
293.066
293.068
293.071
293.073
293.075
293.077
293.08
293.082
293.084
293.085
293.006
293.007
293.008
293.008
293.009
293.01
293.011
293.012
293.013
293.014
293.015
293.016
293.018
293.019
293.02
293.022
293.023
293.025
293.026
293.028
293.029
293.031
293.032
293.034
293.036
293.037
293.039
293.04
293.042
293.043
293.044
293.046
293.047
293.048
293.049
293.05
293.002
293.002
293.003
293.003
293.003
293.004
293.004
293.005
293.005
293.006
293.006
293.007
293.007
293.008
293.008
293.009
293.01
293.01
293.011
293.012
293.012
293.013
293.014
293.014
293.015
293.016
293.017
293.017
293.018
293.019
293.019
293.02
293.02
293.021
293.021
293.022
293
293.001
293.001
293.001
293.001
293.001
293.001
293.001
293.001
293.001
293.002
293.002
293.002
293.002
293.002
293.003
293.003
293.003
293.003
293.003
293.004
293.004
293.004
293.004
293.005
293.005
293.005
293.005
293.005
293.006
293.006
293.006
293.006
293.006
293.007
293.007
293
293
293
293
293
293
293
293
293
293
293
293
293
293
293
293
293
293
293.001
293.001
293.001
293.001
293.001
293.001
293.001
293.001
293.001
293.001
293.001
293.001
293.001
293.001
293.001
293.001
293.001
293.001
293
293
293
293
293
293
293
293
293
293
293
293
293
293
293
293
293
293
293
293
293
293
293
293
293
293
293
293
293
293
293
293
293
293
293
293
293
293
293
293
293
293
293
293
293
293
293
293
293
293
293
293
293
293
293
293
293
293
293
293
293
293
293
293
293
293
293
293
293
293
293
293
293
293
293
293
293
293
293
293
293
293
293
293
293
293
293
293
293
293
293
293
293
293
293
293
293
293
293
293
293
293
293
293
293
293
293
293
293
293
293
293
293
293
293
293
293
293
293
293
293
293
293
293
293
293
293
293
293
293
293
293
293
293
293
293
293
293
293
293
293
293
293
293
293
293
293
293
293
293
293
293
293
293
293
293
293
293
293
293
293
293
293
293
293
293
293
293
293
293
293
293
293
293
293
293
293
293
293
293
293
293
293
298.464
298.47
298.472
298.472
298.47
298.467
298.464
298.461
298.458
298.456
298.455
298.455
298.456
298.458
298.461
298.465
298.469
298.474
298.479
298.485
298.49
298.494
298.494
298.491
298.483
298.47
298.45
298.423
298.387
298.341
298.285
298.22
298.143
298.052
298.508
298.518
298.522
298.521
298.518
298.512
298.506
298.499
298.493
298.488
298.483
298.479
298.476
298.475
298.474
298.473
298.474
298.476
298.479
298.482
298.486
298.489
298.491
298.489
298.484
298.474
298.457
298.433
298.401
298.357
298.302
298.234
298.156
298.068
297.97
298.58
298.592
298.596
298.592
298.583
298.57
298.557
298.544
298.531
298.52
298.51
298.501
298.494
298.488
298.484
298.481
298.479
298.478
298.478
298.48
298.482
298.482
298.481
298.477
298.469
298.455
298.434
298.405
298.366
298.315
298.25
298.173
298.084
297.986
297.88
298.689
298.708
298.716
298.714
298.701
298.682
298.658
298.633
298.608
298.584
298.562
298.543
298.526
298.512
298.5
298.491
298.483
298.478
298.475
298.473
298.471
298.468
298.463
298.455
298.443
298.425
298.4
298.366
298.321
298.264
298.194
298.112
298.02
297.919
297.814
298.887
298.899
298.909
298.915
298.911
298.896
298.871
298.839
298.803
298.763
298.722
298.681
298.641
298.605
298.573
298.546
298.524
298.506
298.491
298.48
298.469
298.457
298.444
298.43
298.412
298.39
298.361
298.324
298.277
298.218
298.147
298.066
297.976
297.872
297.731
299.23
299.217
299.206
299.197
299.187
299.176
299.161
299.144
299.124
299.102
299.075
299.032
298.971
298.906
298.842
298.781
298.726
298.677
298.633
298.592
298.554
298.519
298.483
298.448
298.413
298.378
298.341
298.3
298.253
298.196
298.128
298.049
297.921
297.788
297.649
299.454
299.43
299.41
299.393
299.379
299.366
299.353
299.341
299.33
299.317
299.304
299.288
299.267
299.241
299.21
299.174
299.134
299.09
299.043
298.989
298.926
298.853
298.77
298.676
298.579
298.491
298.413
298.344
298.277
298.207
298.114
297.983
297.816
297.634
297.44
298.824
298.852
298.876
298.898
298.918
298.935
298.95
298.964
298.976
298.985
298.994
299
299.004
299.006
299.006
299.002
298.996
298.987
298.975
298.951
298.916
298.869
298.81
298.739
298.657
298.567
298.467
298.358
298.233
298.086
297.908
297.7
297.469
297.229
296.986
297.266
297.351
297.429
297.501
297.568
297.629
297.685
297.736
297.781
297.822
297.859
297.89
297.918
297.941
297.959
297.973
297.983
297.988
297.982
297.964
297.934
297.893
297.839
297.773
297.697
297.609
297.51
297.399
297.274
297.129
296.962
296.774
296.57
296.357
296.144
295.533
295.622
295.708
295.789
295.867
295.94
296.008
296.072
296.131
296.185
296.234
296.278
296.316
296.348
296.375
296.396
296.411
296.416
296.409
296.394
296.37
296.337
296.296
296.245
296.186
296.119
296.043
295.958
295.863
295.758
295.641
295.514
295.378
295.238
295.097
294.959
294.232
294.291
294.35
294.407
294.463
294.516
294.567
294.616
294.661
294.703
294.742
294.776
294.807
294.833
294.854
294.87
294.878
294.878
294.875
294.866
294.853
294.835
294.812
294.784
294.752
294.714
294.672
294.625
294.573
294.516
294.453
294.387
294.317
294.245
294.172
294.1
293.493
293.522
293.551
293.58
293.609
293.636
293.663
293.689
293.713
293.736
293.756
293.775
293.791
293.804
293.815
293.821
293.824
293.825
293.824
293.822
293.817
293.811
293.802
293.791
293.779
293.764
293.747
293.728
293.707
293.684
293.66
293.633
293.605
293.577
293.548
293.52
293.164
293.175
293.186
293.197
293.208
293.219
293.23
293.24
293.25
293.259
293.267
293.274
293.28
293.285
293.289
293.291
293.293
293.294
293.295
293.295
293.295
293.294
293.292
293.289
293.286
293.283
293.278
293.273
293.267
293.261
293.254
293.246
293.239
293.23
293.222
293.214
293.047
293.05
293.054
293.058
293.061
293.065
293.068
293.071
293.075
293.078
293.08
293.083
293.085
293.087
293.088
293.089
293.09
293.091
293.092
293.093
293.094
293.094
293.095
293.095
293.095
293.095
293.095
293.094
293.094
293.093
293.092
293.091
293.09
293.089
293.088
293.087
293.013
293.014
293.015
293.016
293.017
293.018
293.02
293.021
293.022
293.023
293.024
293.025
293.026
293.027
293.028
293.028
293.029
293.03
293.031
293.032
293.033
293.033
293.034
293.035
293.036
293.037
293.037
293.038
293.039
293.039
293.04
293.04
293.041
293.042
293.042
293.043
293.004
293.004
293.005
293.005
293.006
293.006
293.007
293.007
293.008
293.008
293.009
293.009
293.01
293.01
293.011
293.011
293.012
293.013
293.013
293.014
293.015
293.015
293.016
293.017
293.018
293.018
293.019
293.02
293.02
293.021
293.022
293.023
293.023
293.024
293.024
293.025
293.001
293.001
293.002
293.002
293.002
293.002
293.002
293.003
293.003
293.003
293.003
293.004
293.004
293.004
293.005
293.005
293.005
293.006
293.006
293.007
293.007
293.007
293.008
293.008
293.009
293.009
293.01
293.01
293.011
293.011
293.012
293.012
293.012
293.013
293.013
293.013
293
293
293
293
293.001
293.001
293.001
293.001
293.001
293.001
293.001
293.001
293.001
293.001
293.002
293.002
293.002
293.002
293.002
293.002
293.003
293.003
293.003
293.003
293.003
293.004
293.004
293.004
293.004
293.004
293.005
293.005
293.005
293.005
293.005
293.005
293
293
293
293
293
293
293
293
293
293
293
293
293
293
293
293
293
293
293
293.001
293.001
293.001
293.001
293.001
293.001
293.001
293.001
293.001
293.001
293.001
293.001
293.001
293.001
293.001
293.001
293.002
293
293
293
293
293
293
293
293
293
293
293
293
293
293
293
293
293
293
293
293
293
293
293
293
293
293
293
293
293
293
293
293
293
293
293
293
293
293
293
293
293
293
293
293
293
293
293
293
293
293
293
293
293
293
293
293
293
293
293
293
293
293
293
293
293
293
293
293
293
293
293
293
293
293
293
293
293
293
293
293
293
293
293
293
293
293
293
293
293
293
293
293
293
293
293
293
293
293
293
293
293
293
293
293
293
293
293
293
293
293
293
293
293
293
293
293
293
293
293
293
293
293
293
293
293
293
293
293
293
293
293
293
293
293
293
293
293
293
293
293
293
293
293
293
293
293
293
293
293
293
293
293
293
293
293
293
293
293
293
293
293
293
293
293
293
293
293
293
293
293
293
293
293
293
293
293
293
293
293
293
293
293
293
293
293
293
293
293
293
293
293
293
293
293
293
293
293
293
293
293
293
293
293
293
293
293
293
293
293
293
293
293
293
293
293
293
293
293
293
298.447
298.443
298.437
298.43
298.421
298.412
298.403
298.395
298.387
298.381
298.377
298.376
298.378
298.384
298.393
298.406
298.424
298.445
298.468
298.494
298.52
298.545
298.569
298.591
298.608
298.618
298.619
298.607
298.576
298.523
298.446
298.345
298.222
298.083
298.5
298.5
298.495
298.487
298.477
298.465
298.453
298.442
298.432
298.422
298.415
298.41
298.407
298.407
298.41
298.416
298.426
298.44
298.457
298.476
298.497
298.518
298.539
298.557
298.572
298.583
298.586
298.579
298.557
298.514
298.449
298.358
298.244
298.113
297.972
298.576
298.577
298.571
298.561
298.547
298.531
298.514
298.498
298.482
298.468
298.456
298.447
298.44
298.436
298.435
298.438
298.443
298.452
298.464
298.479
298.494
298.51
298.525
298.537
298.546
298.549
298.545
298.529
298.498
298.446
298.37
298.27
298.15
298.016
297.847
298.685
298.695
298.696
298.686
298.668
298.647
298.625
298.601
298.578
298.556
298.535
298.514
298.496
298.482
298.472
298.467
298.465
298.467
298.472
298.479
298.487
298.495
298.503
298.508
298.509
298.505
298.494
298.471
298.433
298.375
298.294
298.19
298.071
297.91
297.743
298.845
298.856
298.866
298.871
298.869
298.855
298.831
298.8
298.769
298.738
298.71
298.677
298.641
298.606
298.575
298.549
298.53
298.517
298.507
298.5
298.494
298.489
298.484
298.478
298.469
298.456
298.437
298.409
298.368
298.31
298.23
298.12
297.98
297.81
297.652
299.113
299.101
299.092
299.085
299.079
299.071
299.061
299.048
299.035
299.021
299
298.968
298.925
298.877
298.83
298.785
298.743
298.705
298.67
298.636
298.602
298.568
298.532
298.497
298.462
298.429
298.396
298.358
298.311
298.25
298.167
298.033
297.864
297.687
297.5
299.286
299.255
299.229
299.207
299.189
299.173
299.159
299.147
299.136
299.125
299.115
299.103
299.089
299.071
299.049
299.02
298.985
298.945
298.901
298.852
298.797
298.738
298.672
298.601
298.527
298.45
298.372
298.294
298.21
298.112
297.981
297.822
297.633
297.42
297.196
298.551
298.58
298.605
298.626
298.643
298.658
298.671
298.681
298.689
298.695
298.7
298.702
298.703
298.701
298.697
298.692
298.681
298.66
298.63
298.59
298.54
298.481
298.413
298.335
298.249
298.155
298.053
297.941
297.816
297.672
297.502
297.308
297.093
296.864
296.63
296.962
297.043
297.119
297.188
297.251
297.309
297.361
297.407
297.448
297.484
297.515
297.54
297.561
297.577
297.588
297.594
297.594
297.585
297.565
297.535
297.494
297.443
297.381
297.309
297.227
297.136
297.036
296.925
296.802
296.665
296.511
296.342
296.16
295.97
295.778
295.305
295.386
295.464
295.538
295.608
295.674
295.735
295.792
295.844
295.89
295.931
295.967
295.998
296.022
296.041
296.053
296.056
296.052
296.041
296.021
295.994
295.959
295.916
295.866
295.808
295.743
295.67
295.59
295.503
295.406
295.302
295.189
295.069
294.946
294.822
294.701
294.107
294.16
294.211
294.262
294.31
294.357
294.401
294.442
294.481
294.516
294.548
294.575
294.599
294.618
294.632
294.64
294.643
294.642
294.638
294.629
294.615
294.598
294.576
294.55
294.52
294.486
294.447
294.405
294.358
294.308
294.253
294.195
294.133
294.07
294.006
293.944
293.441
293.466
293.491
293.516
293.541
293.564
293.587
293.609
293.629
293.647
293.664
293.678
293.691
293.7
293.707
293.711
293.713
293.713
293.712
293.71
293.705
293.699
293.691
293.681
293.669
293.656
293.641
293.624
293.605
293.585
293.563
293.539
293.515
293.49
293.464
293.438
293.146
293.155
293.165
293.174
293.184
293.193
293.202
293.21
293.218
293.225
293.232
293.237
293.242
293.246
293.248
293.25
293.251
293.252
293.252
293.252
293.251
293.249
293.247
293.245
293.242
293.238
293.233
293.228
293.223
293.217
293.21
293.203
293.195
293.188
293.18
293.171
293.04
293.043
293.046
293.049
293.052
293.055
293.057
293.06
293.063
293.065
293.067
293.069
293.07
293.071
293.072
293.073
293.073
293.074
293.074
293.074
293.075
293.075
293.074
293.074
293.074
293.073
293.072
293.071
293.07
293.069
293.067
293.066
293.064
293.063
293.061
293.059
293.009
293.01
293.011
293.012
293.012
293.013
293.014
293.015
293.015
293.016
293.017
293.017
293.018
293.018
293.018
293.019
293.019
293.019
293.02
293.02
293.02
293.02
293.02
293.021
293.021
293.021
293.021
293.021
293.021
293.021
293.021
293.021
293.02
293.02
293.02
293.02
293.002
293.002
293.002
293.002
293.003
293.003
293.003
293.003
293.004
293.004
293.004
293.004
293.004
293.004
293.005
293.005
293.005
293.005
293.005
293.005
293.006
293.006
293.006
293.006
293.006
293.007
293.007
293.007
293.007
293.007
293.007
293.007
293.007
293.008
293.008
293.008
293
293
293
293
293
293.001
293.001
293.001
293.001
293.001
293.001
293.001
293.001
293.001
293.001
293.001
293.001
293.001
293.002
293.002
293.002
293.002
293.002
293.002
293.002
293.002
293.002
293.002
293.003
293.003
293.003
293.003
293.003
293.003
293.003
293.003
293
293
293
293
293
293
293
293
293
293
293
293
293
293
293
293
293
293
293
293
293
293
293
293.001
293.001
293.001
293.001
293.001
293.001
293.001
293.001
293.001
293.001
293.001
293.001
293.001
293
293
293
293
293
293
293
293
293
293
293
293
293
293
293
293
293
293
293
293
293
293
293
293
293
293
293
293
293
293
293
293
293
293
293
293
293
293
293
293
293
293
293
293
293
293
293
293
293
293
293
293
293
293
293
293
293
293
293
293
293
293
293
293
293
293
293
293
293
293
293
293
293
293
293
293
293
293
293
293
293
293
293
293
293
293
293
293
293
293
293
293
293
293
293
293
293
293
293
293
293
293
293
293
293
293
293
293
293
293
293
293
293
293
293
293
293
293
293
293
293
293
293
293
293
293
293
293
293
293
293
293
293
293
293
293
293
293
293
293
293
293
293
293
293
293
293
293
293
293
293
293
293
293
293
293
293
293
293
293
293
293
293
293
293
293
293
293
293
293
293
293
293
293
293
293
293
293
293
293
293
293
293
293
293
293
293
293
293
293
293
293
293
293
293
293
293
293
293
293
293
293
293
293
293
293
293
293
293
293
293
293
293
293
293
293
293
293
293
293
293
293
293
293
293
293
293
293
293
293
293
293
293
293
293
293
293
293
293
293
293
293
293
293
293
293
293
293
293
293
293
293
298.451
298.446
298.437
298.427
298.416
298.404
298.392
298.38
298.368
298.356
298.345
298.335
298.328
298.325
298.325
298.329
298.338
298.351
298.37
298.396
298.428
298.465
298.505
298.544
298.58
298.611
298.633
298.64
298.622
298.575
298.496
298.386
298.243
298.093
298.51
298.505
298.497
298.487
298.474
298.461
298.448
298.435
298.423
298.411
298.4
298.389
298.379
298.373
298.371
298.372
298.377
298.386
298.399
298.417
298.44
298.468
298.497
298.527
298.554
298.575
298.585
298.575
298.539
298.473
298.377
298.254
298.104
297.956
298.589
298.586
298.58
298.569
298.557
298.542
298.527
298.512
298.498
298.485
298.471
298.458
298.446
298.436
298.428
298.423
298.422
298.425
298.432
298.441
298.453
298.468
298.485
298.502
298.518
298.529
298.53
298.509
298.459
298.378
298.269
298.133
297.983
297.831
298.705
298.704
298.698
298.69
298.679
298.664
298.647
298.63
298.613
298.596
298.578
298.559
298.541
298.524
298.51
298.499
298.489
298.482
298.477
298.474
298.472
298.471
298.471
298.472
298.472
298.468
298.457
298.43
298.377
298.288
298.164
298.02
297.866
297.702
298.86
298.865
298.868
298.866
298.857
298.84
298.82
298.802
298.785
298.766
298.744
298.717
298.689
298.661
298.635
298.613
298.592
298.573
298.554
298.535
298.516
298.495
298.473
298.449
298.423
298.394
298.361
298.319
298.256
298.165
298.043
297.89
297.716
297.53
299.107
299.082
299.064
299.049
299.037
299.025
299.012
298.998
298.982
298.964
298.942
298.914
298.882
298.847
298.81
298.773
298.736
298.699
298.66
298.62
298.577
298.532
298.484
298.433
298.378
298.32
298.255
298.181
298.09
297.975
297.834
297.661
297.465
297.256
299.165
299.135
299.108
299.083
299.061
299.04
299.022
299.005
298.99
298.975
298.959
298.943
298.919
298.891
298.857
298.818
298.774
298.725
298.67
298.61
298.545
298.473
298.397
298.315
298.227
298.133
298.031
297.919
297.79
297.639
297.464
297.262
297.046
296.823
298.245
298.28
298.309
298.333
298.352
298.368
298.38
298.388
298.394
298.396
298.395
298.392
298.388
298.38
298.362
298.334
298.298
298.252
298.197
298.133
298.06
297.979
297.889
297.791
297.686
297.573
297.45
297.316
297.166
296.999
296.813
296.609
296.396
296.183
296.616
296.692
296.763
296.827
296.885
296.938
296.984
297.024
297.059
297.087
297.11
297.127
297.138
297.146
297.145
297.134
297.114
297.085
297.045
296.996
296.938
296.87
296.793
296.708
296.615
296.513
296.403
296.283
296.153
296.012
295.857
295.693
295.527
295.361
295.2
294.978
295.051
295.121
295.188
295.251
295.311
295.366
295.416
295.462
295.502
295.538
295.567
295.591
295.609
295.621
295.626
295.625
295.618
295.604
295.583
295.555
295.521
295.479
295.432
295.378
295.317
295.251
295.178
295.099
295.014
294.922
294.823
294.721
294.616
294.513
294.411
293.926
293.97
294.014
294.056
294.097
294.136
294.173
294.208
294.239
294.268
294.293
294.315
294.332
294.346
294.354
294.359
294.361
294.36
294.355
294.347
294.335
294.32
294.301
294.278
294.252
294.223
294.19
294.154
294.114
294.072
294.025
293.976
293.925
293.873
293.821
293.77
293.363
293.384
293.404
293.425
293.444
293.464
293.482
293.499
293.515
293.529
293.542
293.553
293.562
293.569
293.573
293.576
293.578
293.579
293.578
293.576
293.572
293.567
293.561
293.553
293.543
293.532
293.519
293.505
293.49
293.473
293.455
293.436
293.416
293.395
293.374
293.353
293.119
293.126
293.134
293.142
293.149
293.157
293.164
293.17
293.177
293.182
293.187
293.191
293.195
293.197
293.199
293.201
293.202
293.202
293.203
293.203
293.202
293.201
293.199
293.197
293.194
293.191
293.188
293.184
293.179
293.174
293.168
293.162
293.156
293.15
293.143
293.136
293.032
293.035
293.037
293.039
293.042
293.044
293.046
293.048
293.05
293.052
293.053
293.055
293.056
293.056
293.057
293.058
293.058
293.059
293.059
293.059
293.059
293.059
293.059
293.058
293.058
293.057
293.057
293.056
293.055
293.054
293.052
293.051
293.049
293.048
293.046
293.044
293.007
293.008
293.008
293.009
293.01
293.01
293.011
293.011
293.012
293.012
293.013
293.013
293.013
293.013
293.014
293.014
293.014
293.014
293.014
293.015
293.015
293.015
293.015
293.015
293.015
293.015
293.015
293.015
293.014
293.014
293.014
293.014
293.014
293.013
293.013
293.013
293.001
293.001
293.001
293.002
293.002
293.002
293.002
293.002
293.002
293.002
293.002
293.003
293.003
293.003
293.003
293.003
293.003
293.003
293.003
293.003
293.003
293.003
293.003
293.003
293.003
293.003
293.003
293.003
293.003
293.003
293.003
293.003
293.003
293.003
293.003
293.003
293
293
293
293
293
293
293
293
293
293
293
293
293
293
293
293
293
293
293
293
293.001
293.001
293.001
293.001
293.001
293.001
293.001
293.001
293.001
293.001
293.001
293.001
293.001
293.001
293.001
293.001
293
293
293
293
293
293
293
293
293
293
293
293
293
293
293
293
293
293
293
293
293
293
293
293
293
293
293
293
293
293
293
293
293
293
293
293
293
293
293
293
293
293
293
293
293
293
293
293
293
293
293
293
293
293
293
293
293
293
293
293
293
293
293
293
293
293
293
293
293
293
293
293
293
293
293
293
293
293
293
293
293
293
293
293
293
293
293
293
293
293
293
293
293
293
293
293
293
293
293
293
293
293
293
293
293
293
293
293
293
293
293
293
293
293
293
293
293
293
293
293
293
293
293
293
293
293
293
293
293
293
293
293
293
293
293
293
293
293
293
293
293
293
293
293
293
293
293
293
293
293
293
293
293
293
293
293
293
293
293
293
293
293
293
293
293
293
293
293
293
293
293
293
293
293
293
293
293
293
293
293
293
293
293
293
293
293
293
293
293
293
293
293
293
293
293
293
293
293
293
293
293
293
293
293
293
293
293
293
293
293
293
293
293
293
293
293
293
293
293
293
293
293
293
293
293
293
293
293
293
293
293
293
293
293
293
293
293
293
293
293
293
293
293
293
293
293
293
293
293
293
293
293
293
293
293
293
293
293
293
293
293
293
293
293
293
293
293
293
293
293
293
293
293
293
293
293
293
293
293
293
293
293
293
293
293
293
293
293
298.494
298.494
298.491
298.486
298.479
298.471
298.462
298.452
298.443
298.434
298.425
298.417
298.41
298.405
298.402
298.4
298.401
298.405
298.411
298.42
298.432
298.447
298.464
298.481
298.5
298.515
298.521
298.512
298.48
298.43
298.361
298.272
298.164
298.038
298.559
298.561
298.56
298.556
298.549
298.541
298.532
298.522
298.512
298.502
298.492
298.482
298.472
298.464
298.457
298.452
298.448
298.447
298.447
298.449
298.452
298.457
298.46
298.462
298.461
298.454
298.441
298.415
298.373
298.311
298.229
298.127
298.006
297.868
298.645
298.649
298.649
298.646
298.641
298.633
298.623
298.612
298.602
298.591
298.579
298.567
298.554
298.541
298.529
298.518
298.509
298.5
298.493
298.486
298.48
298.472
298.464
298.452
298.437
298.416
298.386
298.344
298.286
298.207
298.107
297.987
297.848
297.695
298.778
298.776
298.772
298.77
298.766
298.757
298.746
298.734
298.721
298.708
298.693
298.676
298.658
298.639
298.621
298.602
298.584
298.567
298.549
298.53
298.51
298.489
298.465
298.438
298.406
298.369
298.323
298.264
298.188
298.089
297.967
297.824
297.664
297.491
298.999
298.983
298.969
298.954
298.937
298.92
298.903
298.887
298.87
298.852
298.832
298.809
298.784
298.756
298.728
298.699
298.669
298.638
298.605
298.57
298.533
298.492
298.448
298.399
298.346
298.286
298.218
298.137
298.041
297.917
297.767
297.598
297.415
297.222
299.288
299.234
299.188
299.149
299.115
299.085
299.057
299.03
299.002
298.974
298.944
298.913
298.879
298.841
298.801
298.758
298.712
298.663
298.611
298.555
298.494
298.429
298.359
298.284
298.202
298.114
298.016
297.907
297.782
297.631
297.453
297.26
297.056
296.848
298.992
298.978
298.961
298.944
298.925
298.906
298.886
298.866
298.847
298.827
298.803
298.773
298.737
298.695
298.647
298.594
298.536
298.471
298.401
298.325
298.243
298.155
298.06
297.959
297.85
297.734
297.609
297.473
297.322
297.149
296.954
296.75
296.541
296.332
297.668
297.723
297.772
297.814
297.849
297.878
297.901
297.918
297.931
297.938
297.942
297.943
297.935
297.917
297.889
297.851
297.804
297.748
297.682
297.608
297.524
297.433
297.334
297.227
297.113
296.991
296.861
296.721
296.568
296.399
296.218
296.032
295.846
295.662
295.986
296.064
296.135
296.202
296.262
296.316
296.364
296.406
296.442
296.471
296.493
296.51
296.522
296.525
296.52
296.506
296.484
296.452
296.412
296.363
296.306
296.24
296.167
296.086
295.998
295.903
295.8
295.69
295.57
295.441
295.306
295.169
295.032
294.897
294.766
294.604
294.664
294.722
294.776
294.827
294.875
294.918
294.957
294.991
295.02
295.044
295.063
295.077
295.086
295.091
295.089
295.083
295.071
295.053
295.029
295
294.965
294.924
294.878
294.828
294.772
294.711
294.645
294.573
294.497
294.417
294.336
294.254
294.173
294.095
293.731
293.765
293.799
293.831
293.861
293.89
293.917
293.941
293.963
293.982
293.998
294.01
294.02
294.027
294.032
294.034
294.034
294.031
294.025
294.016
294.005
293.99
293.973
293.953
293.93
293.904
293.876
293.845
293.811
293.775
293.738
293.699
293.659
293.62
293.582
293.282
293.298
293.313
293.328
293.342
293.356
293.368
293.38
293.391
293.4
293.407
293.413
293.418
293.422
293.425
293.427
293.428
293.428
293.427
293.425
293.421
293.417
293.411
293.404
293.396
293.387
293.376
293.365
293.352
293.338
293.324
293.309
293.294
293.278
293.263
293.092
293.098
293.103
293.109
293.114
293.119
293.124
293.128
293.132
293.136
293.139
293.141
293.143
293.145
293.146
293.147
293.148
293.148
293.149
293.148
293.148
293.147
293.145
293.143
293.141
293.138
293.135
293.132
293.128
293.124
293.12
293.115
293.11
293.105
293.1
293.025
293.027
293.028
293.03
293.032
293.033
293.035
293.036
293.037
293.038
293.039
293.04
293.041
293.041
293.042
293.042
293.043
293.043
293.043
293.043
293.043
293.043
293.043
293.042
293.042
293.041
293.041
293.04
293.039
293.038
293.037
293.036
293.035
293.034
293.032
293.005
293.006
293.006
293.007
293.007
293.008
293.008
293.008
293.009
293.009
293.009
293.009
293.01
293.01
293.01
293.01
293.01
293.01
293.01
293.01
293.01
293.01
293.01
293.01
293.01
293.01
293.01
293.01
293.01
293.01
293.01
293.009
293.009
293.009
293.009
293.001
293.001
293.001
293.001
293.001
293.001
293.001
293.001
293.002
293.002
293.002
293.002
293.002
293.002
293.002
293.002
293.002
293.002
293.002
293.002
293.002
293.002
293.002
293.002
293.002
293.002
293.002
293.002
293.002
293.002
293.002
293.002
293.002
293.002
293.002
293
293
293
293
293
293
293
293
293
293
293
293
293
293
293
293
293
293
293
293
293
293
293
293
293
293
293
293
293
293
293
293
293
293
293
293
293
293
293
293
293
293
293
293
293
293
293
293
293
293
293
293
293
293
293
293
293
293
293
293
293
293
293
293
293
293
293
293
293
293
293
293
293
293
293
293
293
293
293
293
293
293
293
293
293
293
293
293
293
293
293
293
293
293
293
293
293
293
293
293
293
293
293
293
293
293
293
293
293
293
293
293
293
293
293
293
293
293
293
293
293
293
293
293
293
293
293
293
293
293
293
293
293
293
293
293
293
293
293
293
293
293
293
293
293
293
293
293
293
293
293
293
293
293
293
293
293
293
293
293
293
293
293
293
293
293
293
293
293
293
293
293
293
293
293
293
293
293
293
293
293
293
293
293
293
293
293
293
293
293
293
293
293
293
293
293
293
293
293
293
293
293
293
293
293
293
293
293
293
293
293
293
293
293
293
293
293
293
293
293
293
293
293
293
293
293
293
293
293
293
293
293
293
293
293
293
293
293
293
293
293
293
293
293
293
293
293
293
293
293
293
293
293
293
293
293
293
293
293
293
293
293
293
293
293
293
293
293
293
293
293
293
293
293
293
293
293
293
293
293
293
293
293
293
293
293
293
293
293
293
293
293
293
293
293
293
293
293
293
293
293
293
293
293
293
293
293
293
293
293
293
293
293
293
293
293
293
293
293
293
293
293
293
298.602
298.61
298.616
298.619
298.62
298.619
298.617
298.614
298.61
298.605
298.6
298.595
298.589
298.584
298.579
298.573
298.569
298.564
298.559
298.554
298.549
298.544
298.537
298.529
298.521
298.51
298.493
298.467
298.428
298.373
298.3
298.206
298.093
297.961
298.699
298.705
298.708
298.709
298.709
298.706
298.702
298.696
298.69
298.682
298.674
298.665
298.655
298.645
298.635
298.624
298.613
298.602
298.59
298.577
298.562
298.546
298.527
298.505
298.48
298.45
298.413
298.365
298.303
298.225
298.13
298.017
297.885
297.738
298.849
298.844
298.84
298.835
298.829
298.822
298.813
298.803
298.792
298.78
298.767
298.754
298.738
298.722
298.705
298.687
298.668
298.648
298.626
298.603
298.577
298.548
298.515
298.478
298.436
298.387
298.328
298.256
298.169
298.067
297.948
297.812
297.661
297.497
299.116
299.078
299.049
299.025
299.004
298.984
298.964
298.944
298.924
298.903
298.882
298.859
298.835
298.809
298.782
298.753
298.723
298.69
298.655
298.617
298.576
298.53
298.479
298.424
298.361
298.29
298.208
298.111
297.997
297.868
297.723
297.565
297.394
297.213
299.488
299.416
299.351
299.293
299.24
299.192
299.148
299.108
299.07
299.033
298.996
298.958
298.919
298.879
298.836
298.791
298.744
298.694
298.64
298.582
298.52
298.452
298.379
298.299
298.212
298.117
298.008
297.884
297.742
297.586
297.417
297.238
297.05
296.857
299.498
299.443
299.39
299.339
299.291
299.244
299.199
299.151
299.1
299.048
298.995
298.94
298.884
298.826
298.765
298.701
298.634
298.562
298.486
298.405
298.319
298.227
298.129
298.024
297.911
297.79
297.656
297.508
297.343
297.167
296.983
296.792
296.597
296.4
298.473
298.501
298.522
298.536
298.545
298.547
298.544
298.54
298.534
298.518
298.492
298.458
298.415
298.364
298.306
298.24
298.168
298.088
298.002
297.909
297.809
297.703
297.59
297.47
297.344
297.208
297.063
296.905
296.735
296.558
296.377
296.192
296.008
295.826
296.812
296.887
296.955
297.015
297.068
297.113
297.151
297.182
297.206
297.228
297.241
297.245
297.239
297.223
297.198
297.162
297.116
297.061
296.997
296.923
296.842
296.752
296.654
296.549
296.437
296.317
296.187
296.049
295.904
295.756
295.604
295.452
295.301
295.153
295.249
295.32
295.387
295.449
295.507
295.559
295.606
295.646
295.681
295.709
295.734
295.752
295.764
295.769
295.767
295.757
295.739
295.714
295.68
295.64
295.592
295.537
295.475
295.407
295.333
295.251
295.163
295.069
294.972
294.871
294.768
294.665
294.562
294.461
294.363
294.142
294.189
294.234
294.277
294.318
294.355
294.39
294.421
294.448
294.471
294.49
294.506
294.519
294.528
294.533
294.534
294.53
294.522
294.509
294.492
294.471
294.445
294.414
294.38
294.341
294.298
294.251
294.201
294.148
294.093
294.036
293.979
293.921
293.865
293.81
293.5
293.524
293.548
293.572
293.594
293.615
293.634
293.652
293.667
293.68
293.691
293.701
293.709
293.716
293.72
293.723
293.724
293.723
293.719
293.714
293.706
293.696
293.684
293.67
293.654
293.636
293.616
293.594
293.57
293.546
293.52
293.494
293.468
293.441
293.416
293.188
293.198
293.209
293.219
293.229
293.238
293.247
293.255
293.262
293.268
293.273
293.278
293.282
293.285
293.288
293.29
293.291
293.291
293.291
293.29
293.288
293.285
293.281
293.277
293.271
293.265
293.258
293.25
293.241
293.232
293.223
293.213
293.203
293.193
293.183
293.06
293.064
293.067
293.071
293.075
293.078
293.081
293.084
293.087
293.089
293.091
293.093
293.095
293.096
293.097
293.098
293.099
293.099
293.099
293.099
293.099
293.099
293.098
293.097
293.095
293.094
293.092
293.089
293.087
293.084
293.081
293.078
293.075
293.072
293.069
293.016
293.017
293.018
293.019
293.02
293.021
293.022
293.023
293.024
293.025
293.026
293.026
293.027
293.027
293.027
293.028
293.028
293.028
293.028
293.029
293.029
293.029
293.028
293.028
293.028
293.028
293.027
293.027
293.026
293.026
293.025
293.024
293.023
293.023
293.022
293.003
293.004
293.004
293.004
293.005
293.005
293.005
293.005
293.005
293.006
293.006
293.006
293.006
293.006
293.006
293.006
293.007
293.007
293.007
293.007
293.007
293.007
293.007
293.007
293.007
293.007
293.007
293.007
293.007
293.006
293.006
293.006
293.006
293.006
293.006
293
293.001
293.001
293.001
293.001
293.001
293.001
293.001
293.001
293.001
293.001
293.001
293.001
293.001
293.001
293.001
293.001
293.001
293.001
293.001
293.001
293.001
293.001
293.001
293.001
293.001
293.001
293.001
293.001
293.001
293.001
293.001
293.001
293.001
293.001
293
293
293
293
293
293
293
293
293
293
293
293
293
293
293
293
293
293
293
293
293
293
293
293
293
293
293
293
293
293
293
293
293
293
293
293
293
293
293
293
293
293
293
293
293
293
293
293
293
293
293
293
293
293
293
293
293
293
293
293
293
293
293
293
293
293
293
293
293
293
293
293
293
293
293
293
293
293
293
293
293
293
293
293
293
293
293
293
293
293
293
293
293
293
293
293
293
293
293
293
293
293
293
293
293
293
293
293
293
293
293
293
293
293
293
293
293
293
293
293
293
293
293
293
293
293
293
293
293
293
293
293
293
293
293
293
293
293
293
293
293
293
293
293
293
293
293
293
293
293
293
293
293
293
293
293
293
293
293
293
293
293
293
293
293
293
293
293
293
293
293
293
293
293
293
293
293
293
293
293
293
293
293
293
293
293
293
293
293
293
293
293
293
293
293
293
293
293
293
293
293
293
293
293
293
293
293
293
293
293
293
293
293
293
293
293
293
293
293
293
293
293
293
293
293
293
293
293
293
293
293
293
293
293
293
293
293
293
293
293
293
293
293
293
293
293
293
293
293
293
293
293
293
293
293
293
293
293
293
293
293
293
293
293
293
293
293
293
293
293
293
293
293
293
293
293
293
293
293
293
293
293
293
293
293
293
293
293
293
293
293
293
293
293
293
293
293
293
293
293
293
293
293
293
293
293
293
293
293
293
293
293
293
293
293
293
293
293
293
293
293
293
297.76
297.757
297.753
297.748
297.743
297.738
297.732
297.725
297.718
297.711
297.703
297.695
297.687
297.678
297.67
297.661
297.826
297.824
297.822
297.82
297.817
297.813
297.808
297.804
297.799
297.793
297.788
297.782
297.776
297.77
297.765
297.759
297.753
297.748
297.743
297.738
297.733
297.728
297.812
297.812
297.81
297.808
297.805
297.801
297.797
297.792
297.787
297.782
297.777
297.771
297.766
297.76
297.755
297.75
297.745
297.74
297.735
297.731
297.727
297.723
297.719
297.715
297.711
297.708
297.76
297.757
297.754
297.75
297.746
297.742
297.737
297.731
297.725
297.719
297.712
297.705
297.698
297.69
297.682
297.674
297.666
297.657
297.649
297.64
297.632
297.624
297.616
297.608
297.601
297.595
297.59
297.751
297.75
297.748
297.746
297.744
297.742
297.74
297.738
297.736
297.734
297.732
297.73
297.728
297.726
297.724
297.721
297.718
297.715
297.71
297.703
297.694
297.682
297.666
297.647
297.624
297.598
297.571
297.542
297.509
297.483
297.795
297.801
297.807
297.813
297.819
297.826
297.834
297.843
297.854
297.866
297.88
297.897
297.918
297.943
297.973
298.008
298.051
298.1
298.156
298.22
298.29
298.363
298.436
298.503
298.546
298.531
298.443
298.273
298.04
297.784
297.542
297.837
297.855
297.875
297.895
297.917
297.939
297.962
297.986
298.011
298.038
298.066
298.097
298.13
298.167
298.209
298.257
298.312
298.377
298.454
298.546
298.658
298.795
298.961
299.146
299.354
299.573
299.739
299.813
299.801
299.683
299.447
299.094
298.642
298.129
297.854
297.849
297.843
297.836
297.828
297.82
297.81
297.8
297.788
297.776
297.763
297.75
297.735
297.721
297.705
297.69
297.958
297.957
297.954
297.951
297.947
297.942
297.936
297.929
297.922
297.914
297.906
297.897
297.888
297.879
297.87
297.86
297.851
297.841
297.832
297.823
297.814
297.806
297.946
297.946
297.944
297.942
297.938
297.934
297.929
297.923
297.916
297.909
297.902
297.893
297.885
297.876
297.867
297.858
297.849
297.84
297.832
297.823
297.815
297.808
297.8
297.793
297.787
297.781
297.852
297.85
297.847
297.843
297.838
297.832
297.825
297.818
297.809
297.799
297.789
297.778
297.767
297.754
297.741
297.728
297.714
297.699
297.684
297.669
297.654
297.638
297.623
297.608
297.591
297.576
297.562
297.826
297.826
297.826
297.826
297.825
297.825
297.825
297.824
297.824
297.824
297.824
297.824
297.825
297.827
297.828
297.831
297.833
297.835
297.838
297.839
297.84
297.84
297.838
297.835
297.825
297.796
297.746
297.678
297.596
297.509
297.892
297.902
297.912
297.923
297.934
297.946
297.96
297.975
297.992
298.011
298.033
298.058
298.088
298.122
298.162
298.207
298.26
298.32
298.387
298.46
298.538
298.617
298.692
298.743
298.752
298.709
298.623
298.489
298.31
298.097
297.868
297.956
297.981
298.007
298.034
298.061
298.089
298.118
298.147
298.178
298.21
298.243
298.279
298.317
298.358
298.404
298.454
298.512
298.577
298.652
298.74
298.841
298.956
299.087
299.231
299.383
299.517
299.631
299.701
299.712
299.651
299.506
299.273
298.959
298.583
297.992
297.988
297.982
297.975
298.102
298.102
298.101
298.099
298.095
298.091
298.085
298.079
298.071
298.062
298.052
298.042
298.03
298.018
298.005
297.992
297.978
297.964
297.949
297.935
297.92
297.904
297.89
297.876
297.863
298.095
298.096
298.096
298.095
298.093
298.09
298.086
298.08
298.074
298.066
298.058
298.048
298.038
298.027
298.015
298.002
297.989
297.976
297.963
297.95
297.936
297.923
297.91
297.898
297.886
297.875
298
298
298
297.998
297.995
297.991
297.986
297.98
297.972
297.964
297.955
297.945
297.934
297.923
297.911
297.899
297.886
297.873
297.861
297.848
297.835
297.82
297.803
297.783
297.76
297.735
297.709
297.951
297.955
297.958
297.961
297.964
297.967
297.969
297.971
297.973
297.974
297.976
297.978
297.98
297.982
297.984
297.987
297.989
297.992
297.994
297.997
297.998
297.999
297.998
297.997
297.989
297.969
297.935
297.885
297.821
297.748
298.038
298.053
298.067
298.081
298.096
298.112
298.128
298.146
298.164
298.185
298.208
298.233
298.262
298.293
298.328
298.367
298.411
298.458
298.508
298.561
298.613
298.661
298.7
298.721
298.719
298.7
298.654
298.577
298.467
298.327
298.164
298.118
298.149
298.181
298.212
298.243
298.273
298.303
298.333
298.362
298.391
298.421
298.452
298.484
298.519
298.558
298.6
298.647
298.699
298.758
298.823
298.896
298.977
299.067
299.165
299.267
299.367
299.453
299.508
299.515
299.483
299.401
299.264
299.072
298.832
298.218
298.222
298.226
298.228
298.23
298.23
298.229
298.227
298.223
298.217
298.21
298.202
298.191
298.18
298.167
298.153
298.138
298.122
298.105
298.088
298.071
298.054
298.037
298.021
298.004
298.212
298.217
298.221
298.225
298.228
298.23
298.231
298.23
298.228
298.225
298.22
298.213
298.205
298.196
298.185
298.174
298.162
298.148
298.135
298.121
298.107
298.093
298.079
298.065
298.05
298.035
298.155
298.159
298.162
298.164
298.166
298.166
298.166
298.164
298.161
298.157
298.151
298.145
298.137
298.128
298.117
298.106
298.094
298.081
298.068
298.054
298.04
298.026
298.011
297.995
297.977
297.957
297.936
298.096
298.104
298.111
298.117
298.123
298.128
298.132
298.135
298.138
298.139
298.141
298.141
298.14
298.138
298.134
298.131
298.126
298.121
298.116
298.111
298.106
298.101
298.096
298.092
298.088
298.081
298.066
298.043
298.01
297.97
298.184
298.199
298.213
298.226
298.24
298.254
298.267
298.281
298.296
298.311
298.327
298.344
298.361
298.38
298.401
298.423
298.446
298.471
298.497
298.523
298.549
298.571
298.589
298.598
298.595
298.579
298.553
298.523
298.472
298.4
298.308
298.276
298.306
298.335
298.361
298.385
298.408
298.429
298.449
298.468
298.488
298.508
298.529
298.551
298.575
298.601
298.628
298.658
298.692
298.728
298.768
298.812
298.861
298.914
298.972
299.033
299.094
299.149
299.191
299.212
299.2
299.146
299.07
298.962
298.823
298.257
298.269
298.281
298.294
298.306
298.319
298.33
298.34
298.347
298.353
298.356
298.357
298.354
298.349
298.342
298.331
298.319
298.304
298.288
298.271
298.253
298.234
298.215
298.195
298.174
298.246
298.256
298.267
298.279
298.292
298.305
298.318
298.33
298.341
298.35
298.356
298.361
298.362
298.361
298.358
298.351
298.343
298.332
298.32
298.307
298.293
298.278
298.262
298.245
298.227
298.207
298.246
298.255
298.264
298.272
298.281
298.29
298.299
298.307
298.315
298.321
298.326
298.329
298.33
298.329
298.326
298.32
298.311
298.301
298.288
298.274
298.258
298.241
298.223
298.205
298.185
298.165
298.142
298.21
298.221
298.232
298.242
298.251
298.26
298.268
298.275
298.281
298.287
298.291
298.293
298.295
298.295
298.294
298.29
298.285
298.277
298.267
298.256
298.242
298.227
298.211
298.195
298.179
298.164
298.148
298.13
298.108
298.081
298.274
298.285
298.295
298.304
298.314
298.322
298.331
298.339
298.347
298.355
298.362
298.37
298.377
298.383
298.39
298.397
298.403
298.409
298.415
298.42
298.424
298.427
298.427
298.424
298.416
298.402
298.382
298.355
298.324
298.288
298.238
298.37
298.389
298.405
298.418
298.43
298.44
298.449
298.457
298.464
298.472
298.479
298.487
298.495
298.503
298.511
298.52
298.529
298.54
298.552
298.565
298.581
298.599
298.62
298.644
298.671
298.7
298.728
298.752
298.766
298.765
298.742
298.695
298.625
298.541
298.146
298.164
298.186
298.211
298.24
298.271
298.305
298.338
298.37
298.4
298.427
298.451
298.471
298.486
298.495
298.498
298.497
298.491
298.481
298.468
298.452
298.434
298.413
298.388
298.361
298.13
298.142
298.159
298.181
298.206
298.234
298.265
298.299
298.332
298.365
298.395
298.424
298.449
298.47
298.486
298.496
298.501
298.5
298.495
298.487
298.475
298.461
298.444
298.425
298.403
298.376
298.18
298.187
298.199
298.215
298.235
298.257
298.282
298.309
298.338
298.366
298.395
298.423
298.449
298.473
298.494
298.511
298.523
298.531
298.535
298.534
298.529
298.52
298.507
298.489
298.467
298.439
298.407
298.224
298.23
298.238
298.247
298.257
298.27
298.284
298.301
298.318
298.337
298.356
298.376
298.397
298.418
298.438
298.457
298.474
298.489
298.499
298.506
298.508
298.505
298.498
298.485
298.468
298.446
298.419
298.386
298.345
298.298
298.295
298.3
298.306
298.312
298.318
298.326
298.335
298.345
298.356
298.369
298.382
298.397
298.411
298.426
298.44
298.454
298.466
298.477
298.485
298.49
298.49
298.486
298.476
298.459
298.436
298.407
298.371
298.33
298.283
298.231
298.172
298.387
298.394
298.4
298.404
298.407
298.409
298.41
298.411
298.413
298.416
298.419
298.423
298.429
298.435
298.441
298.449
298.457
298.465
298.473
298.48
298.488
298.493
298.495
298.493
298.487
298.476
298.459
298.435
298.405
298.369
298.324
298.27
298.206
298.131
298.034
298.035
298.039
298.046
298.058
298.078
298.118
298.166
298.218
298.273
298.329
298.388
298.447
298.501
298.545
298.579
298.604
298.619
298.624
298.621
298.612
298.597
298.577
298.551
298.519
298.033
298.031
298.033
298.037
298.045
298.056
298.076
298.113
298.16
298.21
298.264
298.32
298.378
298.437
298.493
298.537
298.571
298.595
298.609
298.613
298.609
298.599
298.583
298.563
298.538
298.507
298.089
298.078
298.071
298.071
298.074
298.08
298.091
298.109
298.136
298.172
298.215
298.263
298.314
298.367
298.424
298.482
298.537
298.586
298.628
298.663
298.691
298.712
298.725
298.731
298.729
298.717
298.693
298.658
298.176
298.168
298.159
298.151
298.145
298.142
298.142
298.147
298.159
298.18
298.208
298.242
298.281
298.324
298.37
298.418
298.469
298.521
298.571
298.617
298.659
298.696
298.726
298.75
298.764
298.769
298.761
298.739
298.699
298.639
298.267
298.262
298.256
298.25
298.244
298.24
298.238
298.238
298.243
298.252
298.268
298.289
298.315
298.346
298.381
298.418
298.458
298.5
298.542
298.583
298.622
298.656
298.686
298.708
298.721
298.722
298.709
298.679
298.631
298.566
298.486
298.371
298.37
298.368
298.364
298.359
298.353
298.347
298.341
298.336
298.333
298.331
298.333
298.338
298.347
298.361
298.379
298.401
298.427
298.455
298.486
298.516
298.547
298.577
298.605
298.628
298.645
298.654
298.651
298.633
298.595
298.537
298.459
298.363
298.255
298.049
298.048
298.049
298.051
298.055
298.061
298.071
298.085
298.104
298.128
298.161
298.206
298.282
298.379
298.461
298.535
298.601
298.652
298.685
298.703
298.708
298.701
298.684
298.658
298.045
298.044
298.045
298.047
298.05
298.055
298.062
298.072
298.086
298.105
298.129
298.161
298.204
298.273
298.372
298.453
298.526
298.59
298.639
298.668
298.682
298.683
298.672
298.653
298.625
298.589
298.095
298.094
298.094
298.096
298.099
298.102
298.106
298.112
298.121
298.132
298.148
298.168
298.194
298.228
298.274
298.345
298.432
298.511
298.585
298.654
298.716
298.768
298.809
298.839
298.858
298.862
298.847
298.813
298.168
298.158
298.149
298.143
298.14
298.141
298.143
298.146
298.151
298.158
298.168
298.181
298.2
298.223
298.253
298.292
298.346
298.413
298.488
298.562
298.634
298.703
298.768
298.826
298.875
298.912
298.934
298.935
298.909
298.848
298.254
298.244
298.233
298.222
298.211
298.201
298.193
298.189
298.189
298.191
298.196
298.205
298.219
298.237
298.263
298.296
298.337
298.388
298.447
298.511
298.576
298.639
298.7
298.756
298.803
298.839
298.859
298.855
298.82
298.76
298.669
298.363
298.359
298.352
298.344
298.334
298.324
298.314
298.303
298.293
298.282
298.274
298.269
298.267
298.268
298.273
298.281
298.295
298.313
298.339
298.373
298.414
298.461
298.51
298.559
298.606
298.649
298.686
298.711
298.718
298.7
298.653
298.58
298.483
298.367
298.088
298.091
298.095
298.1
298.107
298.116
298.126
298.139
298.155
298.175
298.2
298.23
298.268
298.317
298.375
298.446
298.533
298.621
298.682
298.725
298.749
298.755
298.082
298.084
298.088
298.092
298.098
298.106
298.115
298.126
298.14
298.156
298.176
298.201
298.23
298.268
298.315
298.372
298.44
298.524
298.609
298.666
298.703
298.72
298.719
298.702
298.672
298.627
298.152
298.156
298.163
298.17
298.178
298.186
298.194
298.205
298.216
298.23
298.245
298.263
298.285
298.312
298.344
298.384
298.433
298.49
298.556
298.629
298.707
298.78
298.843
298.891
298.927
298.945
298.934
298.896
298.218
298.217
298.219
298.221
298.227
298.234
298.242
298.252
298.262
298.272
298.285
298.299
298.316
298.337
298.362
298.393
298.43
298.476
298.529
298.591
298.658
298.73
298.804
298.876
298.939
298.991
299.026
299.034
299.008
298.954
298.292
298.287
298.282
298.277
298.272
298.269
298.267
298.266
298.267
298.271
298.278
298.289
298.304
298.321
298.342
298.367
298.398
298.436
298.481
298.534
298.593
298.656
298.72
298.782
298.838
298.883
298.911
298.916
298.886
298.83
298.75
298.391
298.39
298.386
298.38
298.374
298.367
298.359
298.351
298.344
298.338
298.332
298.329
298.327
298.327
298.329
298.334
298.342
298.353
298.369
298.39
298.418
298.45
298.489
298.532
298.575
298.617
298.652
298.678
298.688
298.673
298.63
298.57
298.489
298.389
298.131
298.139
298.148
298.16
298.173
298.189
298.206
298.226
298.249
298.274
298.301
298.33
298.364
298.403
298.448
298.498
298.553
298.612
298.67
298.722
298.759
298.123
298.13
298.136
298.144
298.153
298.162
298.174
298.186
298.202
298.221
298.243
298.267
298.294
298.325
298.359
298.397
298.439
298.487
298.539
298.595
298.65
298.697
298.727
298.732
298.718
298.676
298.614
298.226
298.239
298.25
298.263
298.278
298.295
298.313
298.334
298.355
298.377
298.399
298.423
298.45
298.481
298.515
298.554
298.596
298.641
298.691
298.743
298.798
298.853
298.905
298.95
298.984
298.994
298.975
298.929
298.3
298.312
298.326
298.341
298.353
298.365
298.379
298.395
298.415
298.435
298.457
298.481
298.506
298.535
298.566
298.601
298.641
298.685
298.736
298.79
298.848
298.907
298.967
299.023
299.072
299.108
299.125
299.118
299.084
299.025
298.373
298.379
298.385
298.392
298.399
298.407
298.416
298.425
298.434
298.444
298.455
298.467
298.477
298.488
298.5
298.518
298.539
298.566
298.598
298.637
298.682
298.733
298.787
298.842
298.892
298.935
298.965
298.98
298.973
298.944
298.889
298.81
298.465
298.472
298.478
298.482
298.485
298.487
298.488
298.49
298.491
298.492
298.493
298.494
298.496
298.499
298.502
298.507
298.512
298.518
298.525
298.534
298.544
298.557
298.576
298.599
298.625
298.65
298.672
298.686
298.688
298.674
298.639
298.583
298.504
298.403
298.824
298.822
298.82
298.818
298.815
298.813
298.81
298.807
298.804
298.801
298.797
298.792
298.787
298.782
298.776
298.77
298.763
298.755
298.747
298.738
298.728
298.718
298.71
298.705
298.694
298.674
298.64
298.59
298.523
298.434
298.325
298.194
298.043
297.874
297.691
298.987
298.973
298.961
298.95
298.939
298.929
298.919
298.909
298.899
298.888
298.877
298.866
298.853
298.84
298.826
298.812
298.796
298.778
298.759
298.738
298.715
298.689
298.66
298.631
298.598
298.553
298.495
298.42
298.328
298.216
298.085
297.935
297.768
297.586
297.394
299.222
299.185
299.154
299.126
299.102
299.079
299.057
299.036
299.016
298.995
298.975
298.954
298.932
298.908
298.884
298.858
298.831
298.801
298.769
298.734
298.695
298.651
298.602
298.548
298.487
298.415
298.328
298.226
298.107
297.971
297.817
297.648
297.465
297.272
297.073
299.555
299.481
299.417
299.362
299.313
299.269
299.227
299.189
299.152
299.116
299.081
299.045
299.009
298.971
298.932
298.891
298.848
298.801
298.751
298.697
298.638
298.573
298.501
298.422
298.331
298.228
298.111
297.98
297.834
297.673
297.499
297.312
297.116
296.914
296.71
299.838
299.746
299.661
299.583
299.508
299.439
299.374
299.312
299.254
299.198
299.142
299.087
299.031
298.974
298.916
298.854
298.79
298.722
298.649
298.571
298.488
298.398
298.301
298.194
298.075
297.941
297.796
297.639
297.469
297.289
297.098
296.9
296.697
296.493
296.29
299.44
299.406
299.369
299.33
299.29
299.249
299.203
299.152
299.096
299.036
298.973
298.908
298.839
298.767
298.691
298.612
298.528
298.44
298.346
298.246
298.141
298.028
297.908
297.779
297.637
297.482
297.319
297.146
296.965
296.777
296.583
296.385
296.187
295.992
295.8
298.063
298.11
298.149
298.179
298.201
298.215
298.225
298.233
298.229
298.215
298.191
298.157
298.113
298.06
297.998
297.927
297.849
297.762
297.667
297.565
297.456
297.339
297.214
297.082
296.938
296.784
296.624
296.459
296.288
296.112
295.935
295.757
295.582
295.41
295.245
296.348
296.424
296.494
296.556
296.61
296.658
296.698
296.73
296.759
296.782
296.795
296.798
296.792
296.775
296.749
296.713
296.667
296.612
296.547
296.473
296.391
296.301
296.203
296.098
295.982
295.859
295.732
295.6
295.464
295.326
295.187
295.049
294.913
294.781
294.655
294.905
294.969
295.029
295.085
295.136
295.183
295.224
295.26
295.29
295.317
295.34
295.356
295.366
295.369
295.365
295.355
295.337
295.312
295.28
295.242
295.196
295.144
295.086
295.021
294.949
294.873
294.792
294.708
294.62
294.531
294.441
294.352
294.263
294.177
294.094
293.943
293.982
294.02
294.057
294.091
294.122
294.151
294.177
294.198
294.217
294.233
294.247
294.257
294.264
294.268
294.268
294.264
294.256
294.244
294.228
294.208
294.184
294.157
294.125
294.09
294.051
294.01
293.966
293.92
293.873
293.826
293.777
293.729
293.682
293.637
293.405
293.425
293.445
293.464
293.482
293.498
293.514
293.528
293.54
293.551
293.559
293.567
293.574
293.579
293.582
293.584
293.584
293.583
293.58
293.574
293.567
293.559
293.548
293.536
293.521
293.505
293.488
293.469
293.449
293.429
293.408
293.386
293.365
293.343
293.322
293.15
293.158
293.167
293.175
293.183
293.19
293.197
293.203
293.209
293.214
293.218
293.221
293.224
293.227
293.229
293.23
293.231
293.231
293.231
293.23
293.228
293.225
293.222
293.218
293.213
293.208
293.202
293.195
293.188
293.181
293.173
293.165
293.157
293.149
293.141
293.047
293.05
293.053
293.056
293.059
293.062
293.064
293.067
293.069
293.07
293.072
293.073
293.074
293.075
293.076
293.077
293.078
293.078
293.078
293.078
293.078
293.077
293.076
293.075
293.074
293.073
293.071
293.069
293.067
293.065
293.063
293.06
293.058
293.055
293.053
293.012
293.013
293.014
293.015
293.016
293.017
293.018
293.018
293.019
293.019
293.02
293.02
293.021
293.021
293.021
293.022
293.022
293.022
293.022
293.022
293.022
293.022
293.022
293.022
293.022
293.021
293.021
293.021
293.02
293.02
293.019
293.018
293.018
293.017
293.017
293.003
293.003
293.003
293.003
293.003
293.004
293.004
293.004
293.004
293.004
293.004
293.005
293.005
293.005
293.005
293.005
293.005
293.005
293.005
293.005
293.005
293.005
293.005
293.005
293.005
293.005
293.005
293.005
293.005
293.005
293.005
293.005
293.005
293.004
293.004
293
293
293
293
293
293.001
293.001
293.001
293.001
293.001
293.001
293.001
293.001
293.001
293.001
293.001
293.001
293.001
293.001
293.001
293.001
293.001
293.001
293.001
293.001
293.001
293.001
293.001
293.001
293.001
293.001
293.001
293.001
293.001
293.001
293
293
293
293
293
293
293
293
293
293
293
293
293
293
293
293
293
293
293
293
293
293
293
293
293
293
293
293
293
293
293
293
293
293
293
293
293
293
293
293
293
293
293
293
293
293
293
293
293
293
293
293
293
293
293
293
293
293
293
293
293
293
293
293
293
293
293
293
293
293
293
293
293
293
293
293
293
293
293
293
293
293
293
293
293
293
293
293
293
293
293
293
293
293
293
293
293
293
293
293
293
293
293
293
293
293
293
293
293
293
293
293
293
293
293
293
293
293
293
293
293
293
293
293
293
293
293
293
293
293
293
293
293
293
293
293
293
293
293
293
293
293
293
293
293
293
293
293
293
293
293
293
293
293
293
293
293
293
293
293
293
293
293
293
293
293
293
293
293
293
293
293
293
293
293
293
293
293
293
293
293
293
293
293
293
293
293
293
293
293
293
293
293
293
293
293
293
293
293
293
293
293
293
293
293
293
293
293
293
293
293
293
293
293
293
293
293
293
293
293
293
293
293
293
293
293
293
293
293
293
293
293
293
293
293
293
293
293
293
293
293
293
293
293
293
293
293
293
293
293
293
293
293
293
293
293
293
293
293
293
293
293
293
293
293
293
293
293
293
293
293
293
293
293
293
293
293
293
293
293
293
293
293
293
293
293
293
293
293
293
293
293
293
293
293
293
293
293
293
293
293
293
293
293
293
293
293
293
293
293
293
293
293
293
293
293
293
293
293
293
293
299.244
299.211
299.183
299.16
299.141
299.125
299.111
299.098
299.087
299.077
299.068
299.058
299.048
299.038
299.026
299.015
299.002
298.989
298.975
298.96
298.95
298.941
298.928
298.906
298.873
298.825
298.761
298.679
298.577
298.454
298.311
298.148
297.967
297.773
297.568
299.494
299.439
299.392
299.351
299.314
299.283
299.254
299.228
299.204
299.181
299.16
299.138
299.116
299.094
299.071
299.047
299.022
298.995
298.966
298.935
298.903
298.871
298.834
298.787
298.728
298.654
298.565
298.458
298.332
298.188
298.026
297.848
297.655
297.452
297.242
299.791
299.707
299.634
299.57
299.512
299.46
299.413
299.37
299.329
299.291
299.254
299.218
299.181
299.145
299.107
299.068
299.027
298.983
298.937
298.886
298.832
298.774
298.709
298.634
298.547
298.445
298.329
298.196
298.048
297.883
297.704
297.512
297.309
297.1
296.888
300.083
299.974
299.875
299.786
299.705
299.631
299.562
299.498
299.437
299.38
299.324
299.269
299.214
299.159
299.102
299.044
298.983
298.919
298.851
298.778
298.699
298.614
298.52
298.415
298.299
298.169
298.026
297.87
297.7
297.517
297.324
297.122
296.914
296.703
296.493
300.077
299.988
299.902
299.818
299.734
299.652
299.572
299.495
299.419
299.345
299.272
299.2
299.126
299.052
298.975
298.896
298.814
298.728
298.637
298.541
298.438
298.327
298.206
298.074
297.932
297.779
297.615
297.441
297.256
297.063
296.864
296.659
296.453
296.248
296.046
299.193
299.191
299.18
299.164
299.145
299.12
299.084
299.04
298.988
298.93
298.866
298.796
298.722
298.643
298.559
298.47
298.376
298.277
298.172
298.06
297.943
297.817
297.681
297.534
297.38
297.217
297.046
296.868
296.683
296.494
296.301
296.108
295.915
295.727
295.544
297.571
297.634
297.688
297.733
297.769
297.798
297.824
297.84
297.845
297.839
297.822
297.794
297.756
297.707
297.649
297.582
297.505
297.42
297.327
297.226
297.117
297.001
296.875
296.739
296.596
296.447
296.292
296.133
295.969
295.803
295.637
295.471
295.307
295.149
294.997
295.896
295.97
296.039
296.101
296.156
296.205
296.246
296.283
296.315
296.34
296.355
296.362
296.359
296.347
296.326
296.295
296.255
296.206
296.148
296.082
296.007
295.926
295.836
295.737
295.631
295.521
295.405
295.286
295.164
295.04
294.916
294.792
294.671
294.554
294.442
294.602
294.658
294.712
294.762
294.808
294.85
294.887
294.919
294.947
294.973
294.995
295.01
295.021
295.025
295.024
295.016
295.002
294.982
294.956
294.923
294.884
294.84
294.79
294.734
294.672
294.606
294.537
294.464
294.389
294.312
294.235
294.157
294.081
294.007
293.936
293.778
293.811
293.843
293.874
293.903
293.93
293.954
293.976
293.994
294.011
294.026
294.038
294.048
294.055
294.058
294.059
294.057
294.051
294.041
294.029
294.013
293.993
293.971
293.945
293.916
293.884
293.849
293.813
293.775
293.736
293.695
293.655
293.615
293.575
293.537
293.33
293.346
293.362
293.378
293.393
293.407
293.42
293.431
293.441
293.45
293.458
293.464
293.47
293.475
293.478
293.48
293.481
293.48
293.478
293.474
293.468
293.462
293.453
293.443
293.432
293.419
293.405
293.39
293.374
293.357
293.34
293.322
293.304
293.286
293.269
293.121
293.128
293.134
293.141
293.147
293.153
293.159
293.164
293.169
293.173
293.176
293.179
293.182
293.184
293.186
293.187
293.188
293.188
293.188
293.187
293.186
293.184
293.182
293.179
293.175
293.171
293.166
293.161
293.155
293.149
293.143
293.136
293.13
293.123
293.116
293.038
293.04
293.042
293.045
293.047
293.049
293.051
293.053
293.055
293.056
293.058
293.059
293.06
293.061
293.062
293.062
293.063
293.063
293.063
293.063
293.063
293.063
293.062
293.061
293.06
293.059
293.058
293.057
293.055
293.053
293.051
293.049
293.047
293.045
293.043
293.01
293.01
293.011
293.012
293.013
293.013
293.014
293.014
293.015
293.015
293.016
293.016
293.017
293.017
293.017
293.017
293.018
293.018
293.018
293.018
293.018
293.018
293.018
293.018
293.018
293.017
293.017
293.017
293.016
293.016
293.016
293.015
293.015
293.014
293.014
293.002
293.002
293.002
293.002
293.003
293.003
293.003
293.003
293.003
293.003
293.003
293.004
293.004
293.004
293.004
293.004
293.004
293.004
293.004
293.004
293.004
293.004
293.004
293.004
293.004
293.004
293.004
293.004
293.004
293.004
293.004
293.004
293.004
293.004
293.003
293
293
293
293
293
293
293
293
293
293
293
293
293.001
293.001
293.001
293.001
293.001
293.001
293.001
293.001
293.001
293.001
293.001
293.001
293.001
293.001
293.001
293.001
293.001
293.001
293.001
293.001
293.001
293.001
293.001
293
293
293
293
293
293
293
293
293
293
293
293
293
293
293
293
293
293
293
293
293
293
293
293
293
293
293
293
293
293
293
293
293
293
293
293
293
293
293
293
293
293
293
293
293
293
293
293
293
293
293
293
293
293
293
293
293
293
293
293
293
293
293
293
293
293
293
293
293
293
293
293
293
293
293
293
293
293
293
293
293
293
293
293
293
293
293
293
293
293
293
293
293
293
293
293
293
293
293
293
293
293
293
293
293
293
293
293
293
293
293
293
293
293
293
293
293
293
293
293
293
293
293
293
293
293
293
293
293
293
293
293
293
293
293
293
293
293
293
293
293
293
293
293
293
293
293
293
293
293
293
293
293
293
293
293
293
293
293
293
293
293
293
293
293
293
293
293
293
293
293
293
293
293
293
293
293
293
293
293
293
293
293
293
293
293
293
293
293
293
293
293
293
293
293
293
293
293
293
293
293
293
293
293
293
293
293
293
293
293
293
293
293
293
293
293
293
293
293
293
293
293
293
293
293
293
293
293
293
293
293
293
293
293
293
293
293
293
293
293
293
293
293
293
293
293
293
293
293
293
293
293
293
293
293
293
293
293
293
293
293
293
293
293
293
293
293
293
293
293
293
293
293
293
293
293
293
293
293
293
293
293
293
293
293
293
293
293
293
293
293
293
293
293
293
293
293
293
293
293
293
293
293
293
293
293
293
293
293
293
293
293
293
293
293
293
293
293
293
293
293
300.064
299.964
299.878
299.805
299.743
299.69
299.645
299.605
299.571
299.54
299.512
299.486
299.461
299.437
299.413
299.389
299.364
299.344
299.326
299.308
299.28
299.243
299.194
299.131
299.053
298.959
298.849
298.719
298.572
298.407
298.224
298.027
297.817
297.598
297.373
300.381
300.256
300.147
300.05
299.965
299.889
299.821
299.761
299.706
299.656
299.609
299.565
299.522
299.48
299.438
299.396
299.353
299.311
299.27
299.225
299.172
299.108
299.033
298.944
298.84
298.722
298.588
298.437
298.271
298.089
297.894
297.686
297.47
297.248
297.023
300.602
300.466
300.342
300.23
300.127
300.034
299.948
299.869
299.795
299.726
299.66
299.597
299.536
299.475
299.414
299.352
299.288
299.223
299.155
299.082
299.001
298.91
298.807
298.692
298.564
298.423
298.267
298.098
297.916
297.721
297.516
297.303
297.084
296.864
296.643
300.597
300.473
300.356
300.245
300.141
300.041
299.947
299.857
299.771
299.687
299.606
299.527
299.448
299.369
299.289
299.207
299.122
299.034
298.94
298.84
298.733
298.615
298.487
298.349
298.199
298.038
297.865
297.682
297.489
297.287
297.078
296.865
296.649
296.435
296.224
300.038
299.986
299.93
299.866
299.796
299.722
299.645
299.566
299.485
299.402
299.319
299.233
299.146
299.056
298.964
298.868
298.768
298.663
298.552
298.433
298.304
298.167
298.022
297.867
297.704
297.532
297.351
297.163
296.968
296.768
296.564
296.36
296.156
295.956
295.761
298.689
298.721
298.744
298.761
298.772
298.769
298.754
298.728
298.691
298.645
298.59
298.526
298.456
298.378
298.293
298.201
298.103
297.999
297.887
297.767
297.637
297.498
297.351
297.197
297.037
296.87
296.697
296.519
296.337
296.153
295.968
295.784
295.603
295.427
295.258
296.971
297.043
297.107
297.162
297.209
297.251
297.288
297.315
297.33
297.334
297.327
297.308
297.279
297.239
297.189
297.129
297.06
296.981
296.894
296.799
296.694
296.578
296.456
296.326
296.191
296.051
295.906
295.758
295.608
295.456
295.305
295.155
295.009
294.868
294.733
295.428
295.497
295.561
295.619
295.672
295.718
295.758
295.797
295.83
295.855
295.873
295.882
295.883
295.876
295.86
295.835
295.802
295.76
295.71
295.653
295.588
295.514
295.433
295.345
295.252
295.155
295.054
294.95
294.844
294.736
294.629
294.523
294.419
294.319
294.223
294.313
294.361
294.406
294.449
294.489
294.525
294.557
294.585
294.611
294.634
294.653
294.668
294.678
294.683
294.683
294.678
294.667
294.651
294.63
294.603
294.571
294.533
294.49
294.442
294.39
294.335
294.277
294.217
294.154
294.09
294.026
293.961
293.898
293.837
293.778
293.627
293.654
293.681
293.706
293.73
293.752
293.772
293.79
293.805
293.82
293.832
293.843
293.851
293.857
293.861
293.862
293.86
293.856
293.849
293.839
293.826
293.81
293.791
293.77
293.746
293.72
293.692
293.663
293.632
293.6
293.567
293.535
293.502
293.47
293.439
293.409
293.262
293.275
293.288
293.301
293.313
293.324
293.335
293.344
293.352
293.359
293.366
293.371
293.376
293.38
293.383
293.385
293.386
293.385
293.383
293.381
293.376
293.371
293.364
293.356
293.347
293.337
293.326
293.314
293.301
293.287
293.274
293.259
293.245
293.231
293.217
293.204
293.095
293.1
293.106
293.111
293.116
293.121
293.125
293.129
293.133
293.136
293.139
293.142
293.144
293.146
293.147
293.148
293.149
293.15
293.149
293.149
293.148
293.147
293.145
293.142
293.139
293.136
293.132
293.128
293.124
293.119
293.114
293.109
293.104
293.098
293.093
293.088
293.029
293.031
293.033
293.035
293.037
293.038
293.04
293.041
293.043
293.044
293.045
293.046
293.047
293.048
293.048
293.049
293.049
293.049
293.05
293.05
293.05
293.049
293.049
293.048
293.048
293.047
293.046
293.045
293.043
293.042
293.041
293.039
293.038
293.036
293.034
293.033
293.007
293.008
293.009
293.009
293.01
293.01
293.011
293.011
293.012
293.012
293.012
293.012
293.013
293.013
293.013
293.013
293.014
293.014
293.014
293.014
293.014
293.014
293.014
293.014
293.014
293.014
293.013
293.013
293.013
293.013
293.012
293.012
293.011
293.011
293.011
293.01
293.001
293.002
293.002
293.002
293.002
293.002
293.002
293.002
293.002
293.003
293.003
293.003
293.003
293.003
293.003
293.003
293.003
293.003
293.003
293.003
293.003
293.003
293.003
293.003
293.003
293.003
293.003
293.003
293.003
293.003
293.003
293.003
293.003
293.003
293.003
293.003
293
293
293
293
293
293
293
293
293
293
293
293
293
293
293
293
293
293
293
293
293
293
293
293
293
293
293
293
293
293
293
293
293
293
293
293
293
293
293
293
293
293
293
293
293
293
293
293
293
293
293
293
293
293
293
293
293
293
293
293
293
293
293
293
293
293
293
293
293
293
293
293
293
293
293
293
293
293
293
293
293
293
293
293
293
293
293
293
293
293
293
293
293
293
293
293
293
293
293
293
293
293
293
293
293
293
293
293
293
293
293
293
293
293
293
293
293
293
293
293
293
293
293
293
293
293
293
293
293
293
293
293
293
293
293
293
293
293
293
293
293
293
293
293
293
293
293
293
293
293
293
293
293
293
293
293
293
293
293
293
293
293
293
293
293
293
293
293
293
293
293
293
293
293
293
293
293
293
293
293
293
293
293
293
293
293
293
293
293
293
293
293
293
293
293
293
293
293
293
293
293
293
293
293
293
293
293
293
293
293
293
293
293
293
293
293
293
293
293
293
293
293
293
293
293
293
293
293
293
293
293
293
293
293
293
293
293
293
293
293
293
293
293
293
293
293
293
293
293
293
293
293
293
293
293
293
293
293
293
293
293
293
293
293
293
293
293
293
293
293
293
293
293
293
293
293
293
293
293
293
293
293
293
293
293
293
293
293
293
293
293
293
293
293
293
293
293
293
293
293
293
293
293
293
293
293
293
293
293
293
293
293
293
293
293
293
293
293
293
293
293
293
293
293
293
293
293
293
293
293
293
293
293
293
293
293
293
293
293
293
293
293
293
293
293
293
293
293
293
293
293
293
293
293
293
293
293
293
293
293
293
293
293
293
293
301.204
301.03
300.875
300.738
300.617
300.51
300.415
300.331
300.256
300.189
300.127
300.07
300.016
299.965
299.918
299.872
299.827
299.774
299.713
299.643
299.562
299.47
299.365
299.246
299.114
298.967
298.805
298.628
298.438
298.234
298.018
297.793
297.561
297.326
297.09
296.857
301.373
301.205
301.05
300.907
300.775
300.654
300.542
300.44
300.346
300.258
300.175
300.097
300.021
299.948
299.877
299.806
299.732
299.652
299.564
299.467
299.36
299.242
299.113
298.972
298.819
298.652
298.474
298.282
298.08
297.867
297.645
297.418
297.186
296.954
296.724
296.499
301.223
301.085
300.952
300.825
300.702
300.586
300.475
300.368
300.266
300.168
300.074
299.981
299.89
299.799
299.707
299.614
299.516
299.413
299.301
299.182
299.053
298.915
298.767
298.608
298.439
298.259
298.069
297.869
297.66
297.444
297.223
296.998
296.773
296.549
296.33
296.117
300.667
300.586
300.5
300.41
300.319
300.226
300.133
300.039
299.945
299.851
299.756
299.66
299.563
299.464
299.362
299.255
299.142
299.022
298.895
298.76
298.617
298.465
298.304
298.135
297.957
297.771
297.577
297.375
297.168
296.956
296.742
296.527
296.314
296.104
295.901
295.705
299.548
299.554
299.549
299.529
299.497
299.455
299.404
299.345
299.279
299.207
299.129
299.046
298.958
298.864
298.765
298.66
298.548
298.426
298.295
298.156
298.009
297.855
297.694
297.525
297.349
297.167
296.98
296.788
296.593
296.395
296.197
296
295.807
295.619
295.438
295.266
297.956
298.014
298.065
298.109
298.145
298.168
298.178
298.175
298.159
298.132
298.094
298.046
297.987
297.92
297.843
297.758
297.665
297.563
297.449
297.325
297.194
297.055
296.909
296.758
296.601
296.439
296.273
296.105
295.934
295.763
295.593
295.425
295.261
295.103
294.951
294.808
296.316
296.389
296.455
296.513
296.565
296.614
296.657
296.69
296.713
296.725
296.727
296.719
296.7
296.671
296.631
296.582
296.523
296.456
296.379
296.291
296.194
296.089
295.978
295.862
295.74
295.615
295.486
295.355
295.222
295.089
294.957
294.827
294.7
294.579
294.463
294.353
294.973
295.034
295.09
295.142
295.189
295.23
295.268
295.305
295.335
295.36
295.378
295.389
295.392
295.389
295.377
295.359
295.332
295.299
295.258
295.21
295.153
295.09
295.021
294.947
294.868
294.786
294.701
294.614
294.525
294.435
294.346
294.257
294.171
294.088
294.008
293.933
294.047
294.086
294.124
294.16
294.193
294.223
294.249
294.273
294.296
294.316
294.332
294.345
294.354
294.359
294.36
294.356
294.348
294.335
294.318
294.297
294.271
294.239
294.204
294.165
294.123
294.078
294.031
293.982
293.931
293.88
293.828
293.776
293.725
293.676
293.628
293.583
293.492
293.514
293.535
293.556
293.575
293.593
293.609
293.623
293.635
293.647
293.658
293.666
293.673
293.679
293.682
293.683
293.682
293.678
293.673
293.665
293.655
293.642
293.627
293.61
293.591
293.57
293.548
293.525
293.501
293.475
293.45
293.424
293.398
293.373
293.349
293.325
293.202
293.213
293.223
293.233
293.243
293.252
293.26
293.267
293.274
293.279
293.285
293.289
293.293
293.296
293.299
293.3
293.301
293.301
293.3
293.297
293.294
293.29
293.285
293.278
293.271
293.263
293.254
293.245
293.235
293.225
293.214
293.203
293.192
293.181
293.17
293.16
293.072
293.076
293.08
293.085
293.089
293.092
293.096
293.099
293.102
293.104
293.107
293.109
293.11
293.112
293.113
293.114
293.115
293.115
293.115
293.115
293.114
293.113
293.112
293.11
293.107
293.105
293.102
293.099
293.096
293.092
293.088
293.084
293.08
293.076
293.072
293.068
293.022
293.023
293.025
293.026
293.027
293.029
293.03
293.031
293.032
293.033
293.034
293.035
293.035
293.036
293.037
293.037
293.037
293.038
293.038
293.038
293.038
293.038
293.037
293.037
293.036
293.036
293.035
293.034
293.033
293.032
293.031
293.03
293.029
293.027
293.026
293.025
293.005
293.006
293.006
293.007
293.007
293.007
293.008
293.008
293.008
293.009
293.009
293.009
293.009
293.01
293.01
293.01
293.01
293.01
293.01
293.01
293.01
293.01
293.01
293.01
293.01
293.01
293.01
293.01
293.01
293.009
293.009
293.009
293.009
293.008
293.008
293.008
293.001
293.001
293.001
293.001
293.001
293.001
293.002
293.002
293.002
293.002
293.002
293.002
293.002
293.002
293.002
293.002
293.002
293.002
293.002
293.002
293.002
293.002
293.002
293.002
293.002
293.002
293.002
293.002
293.002
293.002
293.002
293.002
293.002
293.002
293.002
293.002
293
293
293
293
293
293
293
293
293
293
293
293
293
293
293
293
293
293
293
293
293
293
293
293
293
293
293
293
293
293
293
293
293
293
293
293
293
293
293
293
293
293
293
293
293
293
293
293
293
293
293
293
293
293
293
293
293
293
293
293
293
293
293
293
293
293
293
293
293
293
293
293
293
293
293
293
293
293
293
293
293
293
293
293
293
293
293
293
293
293
293
293
293
293
293
293
293
293
293
293
293
293
293
293
293
293
293
293
293
293
293
293
293
293
293
293
293
293
293
293
293
293
293
293
293
293
293
293
293
293
293
293
293
293
293
293
293
293
293
293
293
293
293
293
293
293
293
293
293
293
293
293
293
293
293
293
293
293
293
293
293
293
293
293
293
293
293
293
293
293
293
293
293
293
293
293
293
293
293
293
293
293
293
293
293
293
293
293
293
293
293
293
293
293
293
293
293
293
293
293
293
293
293
293
293
293
293
293
293
293
293
293
293
293
293
293
293
293
293
293
293
293
293
293
293
293
293
293
293
293
293
293
293
293
293
293
293
293
293
293
293
293
293
293
293
293
293
293
293
293
293
293
293
293
293
293
293
293
293
293
293
293
293
293
293
293
293
293
293
293
293
293
293
293
293
293
293
293
293
293
293
293
293
293
293
293
293
293
293
293
293
293
293
293
293
293
293
293
293
293
293
293
293
293
293
293
293
293
293
293
293
293
293
293
293
293
293
293
293
293
293
293
293
293
293
293
293
293
293
293
293
293
293
293
293
293
293
293
293
293
293
293
293
293
293
293
293
293
293
293
293
293
293
293
293
293
293
293
293
293
293
293
293
301.789
301.65
301.514
301.383
301.257
301.138
301.025
300.919
300.82
300.726
300.635
300.547
300.46
300.371
300.278
300.18
300.077
299.966
299.848
299.722
299.586
299.441
299.285
299.118
298.941
298.752
298.553
298.344
298.125
297.898
297.665
297.427
297.188
296.95
296.715
296.486
301.548
301.446
301.34
301.233
301.125
301.018
300.912
300.807
300.705
300.604
300.504
300.401
300.297
300.189
300.076
299.957
299.833
299.703
299.565
299.419
299.265
299.103
298.932
298.751
298.561
298.363
298.156
297.941
297.72
297.493
297.262
297.029
296.797
296.569
296.345
296.129
300.964
300.903
300.834
300.759
300.678
300.594
300.506
300.416
300.323
300.228
300.131
300.029
299.921
299.807
299.686
299.56
299.426
299.286
299.138
298.983
298.821
298.65
298.472
298.286
298.093
297.893
297.686
297.473
297.256
297.036
296.814
296.592
296.373
296.159
295.951
295.752
300.011
300.004
299.984
299.952
299.91
299.86
299.801
299.736
299.664
299.586
299.502
299.413
299.317
299.212
299.096
298.973
298.842
298.703
298.557
298.403
298.241
298.073
297.897
297.715
297.527
297.334
297.135
296.933
296.728
296.522
296.316
296.112
295.912
295.717
295.53
295.352
298.651
298.701
298.741
298.766
298.777
298.774
298.76
298.733
298.696
298.649
298.592
298.526
298.451
298.368
298.276
298.17
298.055
297.93
297.797
297.657
297.509
297.354
297.193
297.026
296.855
296.679
296.5
296.318
296.135
295.951
295.769
295.591
295.416
295.248
295.087
294.934
297.096
297.166
297.228
297.286
297.337
297.377
297.404
297.42
297.424
297.416
297.397
297.366
297.325
297.273
297.211
297.14
297.057
296.961
296.856
296.744
296.624
296.497
296.364
296.227
296.085
295.939
295.79
295.64
295.489
295.338
295.189
295.043
294.901
294.765
294.635
294.512
295.661
295.729
295.79
295.846
295.896
295.944
295.986
296.021
296.047
296.065
296.074
296.073
296.063
296.043
296.015
295.977
295.93
295.875
295.807
295.732
295.65
295.562
295.468
295.37
295.267
295.16
295.052
294.941
294.829
294.718
294.608
294.5
294.395
294.294
294.197
294.107
294.551
294.601
294.649
294.693
294.733
294.769
294.802
294.833
294.86
294.882
294.899
294.91
294.915
294.914
294.907
294.893
294.873
294.847
294.814
294.774
294.727
294.676
294.621
294.561
294.498
294.432
294.363
294.293
294.221
294.149
294.077
294.006
293.937
293.871
293.807
293.747
293.808
293.84
293.87
293.899
293.926
293.95
293.972
293.991
294.01
294.026
294.04
294.051
294.059
294.063
294.064
294.062
294.056
294.046
294.033
294.016
293.994
293.969
293.942
293.911
293.879
293.843
293.807
293.768
293.729
293.688
293.648
293.608
293.568
293.529
293.492
293.457
293.373
293.39
293.407
293.423
293.438
293.452
293.465
293.476
293.486
293.496
293.504
293.511
293.517
293.521
293.524
293.525
293.524
293.522
293.517
293.511
293.503
293.493
293.481
293.468
293.454
293.438
293.421
293.403
293.385
293.365
293.346
293.326
293.306
293.287
293.268
293.25
293.151
293.159
293.167
293.174
293.182
293.189
293.195
293.201
293.206
293.21
293.214
293.218
293.221
293.224
293.226
293.227
293.228
293.227
293.227
293.225
293.223
293.219
293.215
293.21
293.205
293.199
293.192
293.185
293.178
293.17
293.162
293.154
293.145
293.137
293.129
293.121
293.052
293.056
293.059
293.062
293.065
293.068
293.071
293.073
293.075
293.077
293.079
293.08
293.082
293.083
293.084
293.085
293.086
293.086
293.086
293.086
293.085
293.084
293.083
293.082
293.08
293.078
293.076
293.074
293.071
293.069
293.066
293.063
293.06
293.057
293.054
293.051
293.015
293.016
293.018
293.019
293.02
293.021
293.022
293.023
293.023
293.024
293.025
293.025
293.026
293.026
293.027
293.027
293.027
293.028
293.028
293.028
293.028
293.028
293.027
293.027
293.027
293.026
293.026
293.025
293.024
293.024
293.023
293.022
293.021
293.02
293.019
293.018
293.004
293.004
293.004
293.005
293.005
293.005
293.005
293.006
293.006
293.006
293.006
293.007
293.007
293.007
293.007
293.007
293.007
293.007
293.007
293.007
293.008
293.008
293.008
293.007
293.007
293.007
293.007
293.007
293.007
293.007
293.007
293.006
293.006
293.006
293.006
293.006
293.001
293.001
293.001
293.001
293.001
293.001
293.001
293.001
293.001
293.001
293.001
293.001
293.001
293.001
293.001
293.001
293.001
293.001
293.002
293.002
293.002
293.002
293.002
293.002
293.002
293.002
293.002
293.002
293.002
293.002
293.001
293.001
293.001
293.001
293.001
293.001
293
293
293
293
293
293
293
293
293
293
293
293
293
293
293
293
293
293
293
293
293
293
293
293
293
293
293
293
293
293
293
293
293
293
293
293
293
293
293
293
293
293
293
293
293
293
293
293
293
293
293
293
293
293
293
293
293
293
293
293
293
293
293
293
293
293
293
293
293
293
293
293
293
293
293
293
293
293
293
293
293
293
293
293
293
293
293
293
293
293
293
293
293
293
293
293
293
293
293
293
293
293
293
293
293
293
293
293
293
293
293
293
293
293
293
293
293
293
293
293
293
293
293
293
293
293
293
293
293
293
293
293
293
293
293
293
293
293
293
293
293
293
293
293
293
293
293
293
293
293
293
293
293
293
293
293
293
293
293
293
293
293
293
293
293
293
293
293
293
293
293
293
293
293
293
293
293
293
293
293
293
293
293
293
293
293
293
293
293
293
293
293
293
293
293
293
293
293
293
293
293
293
293
293
293
293
293
293
293
293
293
293
293
293
293
293
293
293
293
293
293
293
293
293
293
293
293
293
293
293
293
293
293
293
293
293
293
293
293
293
293
293
293
293
293
293
293
293
293
293
293
293
293
293
293
293
293
293
293
293
293
293
293
293
293
293
293
293
293
293
293
293
293
293
293
293
293
293
293
293
293
293
293
293
293
293
293
293
293
293
293
293
293
293
293
293
293
293
293
293
293
293
293
293
293
293
293
293
293
293
293
293
293
293
293
293
293
293
293
293
293
293
293
293
293
293
293
293
293
293
293
293
293
293
293
293
293
293
293
293
293
293
293
293
293
293
293
293
293
293
293
293
293
293
293
293
293
293
293
293
301.144
301.113
301.072
301.022
300.964
300.901
300.832
300.76
300.684
300.603
300.514
300.417
300.314
300.204
300.086
299.962
299.83
299.691
299.543
299.388
299.225
299.053
298.873
298.684
298.488
298.283
298.071
297.852
297.628
297.4
297.169
296.937
296.707
296.48
296.26
296.048
295.845
300.573
300.572
300.559
300.534
300.5
300.457
300.405
300.346
300.28
300.206
300.12
300.025
299.921
299.808
299.687
299.557
299.419
299.274
299.121
298.959
298.791
298.614
298.431
298.24
298.042
297.838
297.628
297.414
297.196
296.975
296.754
296.534
296.317
296.105
295.9
295.704
295.517
299.814
299.834
299.841
299.837
299.822
299.796
299.761
299.716
299.662
299.6
299.526
299.441
299.344
299.238
299.122
298.998
298.864
298.722
298.572
298.414
298.249
298.077
297.898
297.713
297.522
297.326
297.126
296.923
296.718
296.511
296.306
296.103
295.903
295.71
295.524
295.347
295.179
298.809
298.857
298.892
298.913
298.922
298.919
298.904
298.878
298.842
298.796
298.74
298.674
298.593
298.501
298.399
298.287
298.166
298.036
297.897
297.751
297.598
297.438
297.273
297.101
296.926
296.746
296.563
296.377
296.191
296.005
295.821
295.64
295.463
295.293
295.13
294.975
294.829
297.545
297.612
297.672
297.723
297.762
297.789
297.803
297.806
297.796
297.775
297.743
297.7
297.646
297.581
297.502
297.412
297.313
297.205
297.089
296.964
296.833
296.696
296.553
296.405
296.253
296.097
295.94
295.781
295.621
295.462
295.306
295.152
295.004
294.861
294.724
294.595
294.474
296.213
296.283
296.346
296.403
296.457
296.502
296.538
296.565
296.58
296.586
296.581
296.566
296.54
296.504
296.458
296.401
296.332
296.255
296.169
296.076
295.976
295.871
295.76
295.644
295.525
295.403
295.279
295.153
295.027
294.902
294.779
294.658
294.541
294.429
294.322
294.222
294.128
295.045
295.104
295.158
295.208
295.252
295.294
295.332
295.364
295.39
295.409
295.421
295.424
295.421
295.409
295.389
295.362
295.326
295.28
295.228
295.169
295.105
295.035
294.96
294.882
294.799
294.715
294.628
294.539
294.45
294.361
294.273
294.187
294.104
294.023
293.947
293.875
293.808
294.17
294.211
294.25
294.287
294.32
294.35
294.377
294.403
294.425
294.444
294.458
294.469
294.474
294.474
294.47
294.46
294.446
294.426
294.399
294.368
294.333
294.294
294.251
294.206
294.157
294.106
294.053
293.999
293.943
293.888
293.832
293.778
293.724
293.673
293.624
293.577
293.534
293.598
293.623
293.647
293.67
293.691
293.711
293.728
293.744
293.759
293.772
293.783
293.791
293.798
293.802
293.803
293.801
293.797
293.79
293.78
293.766
293.75
293.732
293.711
293.688
293.663
293.637
293.609
293.58
293.55
293.52
293.49
293.459
293.43
293.401
293.373
293.346
293.321
293.27
293.284
293.297
293.309
293.321
293.332
293.342
293.35
293.358
293.365
293.372
293.378
293.382
293.385
293.388
293.389
293.388
293.386
293.383
293.379
293.373
293.365
293.357
293.347
293.336
293.325
293.312
293.299
293.285
293.271
293.256
293.242
293.227
293.213
293.199
293.186
293.173
293.107
293.113
293.119
293.125
293.13
293.135
293.14
293.144
293.148
293.152
293.155
293.158
293.16
293.162
293.164
293.165
293.165
293.165
293.165
293.164
293.162
293.16
293.157
293.153
293.149
293.145
293.14
293.135
293.13
293.124
293.118
293.112
293.106
293.1
293.094
293.088
293.083
293.036
293.039
293.041
293.043
293.045
293.048
293.05
293.051
293.053
293.054
293.056
293.057
293.058
293.059
293.06
293.06
293.061
293.061
293.061
293.061
293.061
293.06
293.059
293.058
293.057
293.056
293.054
293.053
293.051
293.049
293.047
293.045
293.043
293.041
293.039
293.037
293.035
293.01
293.011
293.012
293.013
293.013
293.014
293.015
293.015
293.016
293.017
293.017
293.017
293.018
293.018
293.019
293.019
293.019
293.019
293.019
293.019
293.019
293.019
293.019
293.019
293.019
293.018
293.018
293.018
293.017
293.017
293.016
293.015
293.015
293.014
293.014
293.013
293.012
293.002
293.003
293.003
293.003
293.003
293.003
293.004
293.004
293.004
293.004
293.004
293.004
293.004
293.005
293.005
293.005
293.005
293.005
293.005
293.005
293.005
293.005
293.005
293.005
293.005
293.005
293.005
293.005
293.005
293.005
293.005
293.004
293.004
293.004
293.004
293.004
293.004
293
293
293
293
293
293.001
293.001
293.001
293.001
293.001
293.001
293.001
293.001
293.001
293.001
293.001
293.001
293.001
293.001
293.001
293.001
293.001
293.001
293.001
293.001
293.001
293.001
293.001
293.001
293.001
293.001
293.001
293.001
293.001
293.001
293.001
293.001
293
293
293
293
293
293
293
293
293
293
293
293
293
293
293
293
293
293
293
293
293
293
293
293
293
293
293
293
293
293
293
293
293
293
293
293
293
293
293
293
293
293
293
293
293
293
293
293
293
293
293
293
293
293
293
293
293
293
293
293
293
293
293
293
293
293
293
293
293
293
293
293
293
293
293
293
293
293
293
293
293
293
293
293
293
293
293
293
293
293
293
293
293
293
293
293
293
293
293
293
293
293
293
293
293
293
293
293
293
293
293
293
293
293
293
293
293
293
293
293
293
293
293
293
293
293
293
293
293
293
293
293
293
293
293
293
293
293
293
293
293
293
293
293
293
293
293
293
293
293
293
293
293
293
293
293
293
293
293
293
293
293
293
293
293
293
293
293
293
293
293
293
293
293
293
293
293
293
293
293
293
293
293
293
293
293
293
293
293
293
293
293
293
293
293
293
293
293
293
293
293
293
293
293
293
293
293
293
293
293
293
293
293
293
293
293
293
293
293
293
293
293
293
293
293
293
293
293
293
293
293
293
293
293
293
293
293
293
293
293
293
293
293
293
293
293
293
293
293
293
293
293
293
293
293
293
293
293
293
293
293
293
293
293
293
293
293
293
293
293
293
293
293
293
293
293
293
293
293
293
293
293
293
293
293
293
293
293
293
293
293
293
293
293
293
293
293
293
293
293
293
293
293
293
293
293
293
293
293
293
293
293
293
293
293
293
293
293
293
293
293
293
293
293
293
293
293
293
293
293
293
293
293
293
293
293
293
293
293
293
293
293
293
293
293
293
293
293
293
293
293
293
293
293
293
293
293
293
293
293
293
293
293
293
293
293
293
293
299.739
299.783
299.814
299.833
299.84
299.835
299.821
299.796
299.761
299.716
299.658
299.589
299.509
299.417
299.315
299.203
299.082
298.951
298.81
298.661
298.503
298.337
298.163
297.982
297.794
297.599
297.399
297.194
296.985
296.775
296.564
296.354
296.148
295.947
295.752
295.565
295.388
299.047
299.105
299.15
299.184
299.205
299.214
299.212
299.199
299.175
299.14
299.092
299.031
298.959
298.875
298.779
298.673
298.557
298.431
298.295
298.151
297.999
297.839
297.672
297.498
297.318
297.132
296.943
296.749
296.554
296.358
296.162
295.968
295.779
295.595
295.417
295.248
295.088
298.306
298.368
298.42
298.46
298.488
298.505
298.51
298.505
298.488
298.46
298.421
298.37
298.307
298.232
298.146
298.049
297.943
297.826
297.701
297.567
297.426
297.277
297.122
296.96
296.794
296.623
296.449
296.272
296.094
295.916
295.739
295.566
295.396
295.232
295.075
294.925
294.784
297.444
297.512
297.571
297.619
297.657
297.684
297.699
297.703
297.696
297.679
297.65
297.609
297.557
297.494
297.42
297.336
297.243
297.14
297.029
296.91
296.784
296.652
296.513
296.37
296.222
296.071
295.917
295.761
295.605
295.449
295.296
295.145
294.998
294.857
294.723
294.595
294.475
296.425
296.496
296.559
296.614
296.663
296.702
296.731
296.749
296.758
296.756
296.743
296.72
296.687
296.641
296.585
296.52
296.446
296.364
296.274
296.177
296.073
295.963
295.848
295.729
295.606
295.48
295.352
295.223
295.093
294.965
294.838
294.714
294.594
294.479
294.369
294.266
294.169
295.385
295.448
295.506
295.559
295.605
295.649
295.685
295.714
295.734
295.747
295.75
295.745
295.732
295.709
295.677
295.635
295.586
295.529
295.465
295.395
295.319
295.238
295.152
295.063
294.97
294.874
294.777
294.679
294.58
294.482
294.386
294.291
294.2
294.112
294.029
293.95
293.877
294.494
294.543
294.588
294.63
294.668
294.702
294.735
294.763
294.785
294.803
294.815
294.821
294.821
294.814
294.802
294.783
294.756
294.723
294.685
294.642
294.595
294.543
294.487
294.428
294.366
294.302
294.237
294.17
294.102
294.035
293.968
293.903
293.84
293.779
293.721
293.666
293.615
293.839
293.872
293.903
293.932
293.959
293.983
294.005
294.025
294.043
294.059
294.071
294.079
294.084
294.086
294.084
294.077
294.067
294.052
294.033
294.011
293.985
293.957
293.926
293.892
293.857
293.819
293.78
293.74
293.7
293.659
293.618
293.578
293.539
293.501
293.464
293.43
293.397
293.42
293.439
293.458
293.476
293.492
293.507
293.521
293.533
293.544
293.554
293.563
293.57
293.575
293.578
293.58
293.579
293.576
293.571
293.563
293.554
293.542
293.529
293.514
293.498
293.48
293.461
293.442
293.421
293.399
293.378
293.356
293.334
293.312
293.292
293.271
293.252
293.234
293.186
293.196
293.205
293.214
293.223
293.231
293.239
293.245
293.251
293.257
293.262
293.266
293.27
293.272
293.274
293.275
293.275
293.274
293.272
293.268
293.264
293.259
293.253
293.246
293.239
293.23
293.222
293.212
293.203
293.193
293.182
293.172
293.162
293.152
293.142
293.133
293.124
293.072
293.076
293.08
293.084
293.088
293.092
293.096
293.099
293.102
293.104
293.107
293.109
293.111
293.112
293.113
293.114
293.115
293.115
293.114
293.114
293.112
293.111
293.109
293.107
293.104
293.101
293.098
293.094
293.09
293.086
293.082
293.078
293.074
293.07
293.066
293.062
293.058
293.024
293.025
293.027
293.028
293.03
293.032
293.033
293.034
293.035
293.036
293.037
293.038
293.039
293.04
293.04
293.041
293.041
293.042
293.042
293.042
293.041
293.041
293.04
293.04
293.039
293.038
293.037
293.036
293.035
293.034
293.032
293.031
293.029
293.028
293.027
293.025
293.024
293.007
293.007
293.008
293.008
293.009
293.009
293.01
293.01
293.01
293.011
293.011
293.011
293.012
293.012
293.012
293.012
293.013
293.013
293.013
293.013
293.013
293.013
293.013
293.013
293.012
293.012
293.012
293.012
293.011
293.011
293.011
293.01
293.01
293.01
293.009
293.009
293.008
293.001
293.002
293.002
293.002
293.002
293.002
293.002
293.002
293.002
293.003
293.003
293.003
293.003
293.003
293.003
293.003
293.003
293.003
293.003
293.003
293.003
293.003
293.003
293.003
293.003
293.003
293.003
293.003
293.003
293.003
293.003
293.003
293.003
293.003
293.003
293.002
293.002
293
293
293
293
293
293
293
293
293
293
293
293
293
293
293
293
293
293.001
293.001
293.001
293.001
293.001
293.001
293.001
293.001
293.001
293.001
293.001
293.001
293.001
293.001
293.001
293.001
293.001
293
293
293
293
293
293
293
293
293
293
293
293
293
293
293
293
293
293
293
293
293
293
293
293
293
293
293
293
293
293
293
293
293
293
293
293
293
293
293
293
293
293
293
293
293
293
293
293
293
293
293
293
293
293
293
293
293
293
293
293
293
293
293
293
293
293
293
293
293
293
293
293
293
293
293
293
293
293
293
293
293
293
293
293
293
293
293
293
293
293
293
293
293
293
293
293
293
293
293
293
293
293
293
293
293
293
293
293
293
293
293
293
293
293
293
293
293
293
293
293
293
293
293
293
293
293
293
293
293
293
293
293
293
293
293
293
293
293
293
293
293
293
293
293
293
293
293
293
293
293
293
293
293
293
293
293
293
293
293
293
293
293
293
293
293
293
293
293
293
293
293
293
293
293
293
293
293
293
293
293
293
293
293
293
293
293
293
293
293
293
293
293
293
293
293
293
293
293
293
293
293
293
293
293
293
293
293
293
293
293
293
293
293
293
293
293
293
293
293
293
293
293
293
293
293
293
293
293
293
293
293
293
293
293
293
293
293
293
293
293
293
293
293
293
293
293
293
293
293
293
293
293
293
293
293
293
293
293
293
293
293
293
293
293
293
293
293
293
293
293
293
293
293
293
293
293
293
293
293
293
293
293
293
293
293
293
293
293
293
293
293
293
293
293
293
293
293
293
293
293
293
293
293
293
293
293
293
293
293
293
293
293
293
293
293
293
293
293
293
293
293
293
293
293
293
293
293
293
293
293
293
293
293
293
293
293
293
293
293
293
293
293
293
293
293
293
293
293
293
293
293
293
293
293
293
293
293
293
293
293
293
293
293
293
293
293
293
293
293
293
293
293
293
298.156
298.234
298.3
298.355
298.399
298.432
298.452
298.462
298.457
298.443
298.419
298.383
298.335
298.275
298.204
298.122
298.029
297.925
297.812
297.689
297.558
297.418
297.27
297.115
296.954
296.787
296.615
296.44
296.262
296.084
295.905
295.729
295.555
295.387
295.225
295.071
294.925
297.497
297.574
297.642
297.701
297.749
297.787
297.814
297.828
297.831
297.825
297.809
297.782
297.743
297.693
297.631
297.558
297.475
297.382
297.279
297.166
297.046
296.918
296.782
296.64
296.492
296.339
296.182
296.023
295.861
295.7
295.538
295.38
295.224
295.074
294.93
294.792
294.662
296.859
296.932
296.997
297.053
297.101
297.139
297.166
297.182
297.188
297.184
297.172
297.151
297.118
297.075
297.021
296.958
296.885
296.802
296.71
296.61
296.503
296.388
296.267
296.14
296.008
295.872
295.733
295.591
295.448
295.306
295.164
295.025
294.889
294.758
294.633
294.514
294.402
296.18
296.25
296.312
296.367
296.415
296.454
296.483
296.502
296.512
296.513
296.504
296.486
296.459
296.423
296.378
296.324
296.26
296.189
296.11
296.023
295.93
295.831
295.726
295.616
295.503
295.386
295.266
295.145
295.023
294.902
294.782
294.664
294.55
294.44
294.334
294.235
294.142
295.422
295.485
295.544
295.597
295.643
295.683
295.716
295.74
295.757
295.765
295.765
295.756
295.739
295.713
295.679
295.637
295.588
295.532
295.469
295.4
295.325
295.245
295.16
295.072
294.979
294.885
294.788
294.69
294.592
294.495
294.398
294.304
294.213
294.125
294.042
293.963
293.889
294.666
294.719
294.768
294.813
294.854
294.89
294.922
294.949
294.969
294.984
294.991
294.993
294.987
294.975
294.954
294.928
294.896
294.857
294.814
294.765
294.712
294.654
294.593
294.528
294.461
294.391
294.32
294.248
294.175
294.103
294.031
293.961
293.894
293.829
293.767
293.708
293.654
294.028
294.067
294.103
294.137
294.168
294.196
294.221
294.244
294.263
294.278
294.289
294.296
294.298
294.295
294.288
294.275
294.257
294.236
294.21
294.181
294.148
294.112
294.074
294.032
293.988
293.943
293.896
293.848
293.8
293.752
293.704
293.657
293.611
293.567
293.525
293.486
293.448
293.567
293.592
293.616
293.638
293.659
293.678
293.695
293.71
293.724
293.736
293.746
293.753
293.758
293.759
293.759
293.755
293.748
293.738
293.725
293.71
293.693
293.674
293.653
293.63
293.605
293.579
293.552
293.524
293.496
293.467
293.439
293.411
293.383
293.356
293.331
293.307
293.284
293.278
293.292
293.305
293.318
293.331
293.342
293.352
293.361
293.37
293.377
293.384
293.389
293.393
293.396
293.397
293.397
293.395
293.392
293.387
293.381
293.373
293.365
293.355
293.344
293.332
293.319
293.305
293.291
293.277
293.262
293.247
293.232
293.217
293.203
293.189
293.176
293.163
293.12
293.127
293.133
293.14
293.146
293.152
293.158
293.162
293.167
293.171
293.175
293.178
293.18
293.182
293.184
293.185
293.185
293.184
293.183
293.18
293.178
293.174
293.171
293.166
293.161
293.156
293.15
293.144
293.137
293.131
293.124
293.117
293.11
293.103
293.097
293.091
293.085
293.045
293.048
293.051
293.054
293.056
293.059
293.061
293.064
293.066
293.068
293.069
293.071
293.072
293.073
293.074
293.075
293.075
293.075
293.075
293.075
293.074
293.073
293.072
293.07
293.069
293.067
293.065
293.062
293.06
293.057
293.055
293.052
293.049
293.047
293.044
293.041
293.039
293.014
293.015
293.017
293.018
293.019
293.02
293.021
293.021
293.022
293.023
293.024
293.024
293.025
293.025
293.026
293.026
293.026
293.027
293.027
293.027
293.027
293.026
293.026
293.026
293.025
293.025
293.024
293.023
293.023
293.022
293.021
293.02
293.019
293.018
293.017
293.016
293.016
293.004
293.004
293.004
293.005
293.005
293.005
293.006
293.006
293.006
293.007
293.007
293.007
293.007
293.007
293.008
293.008
293.008
293.008
293.008
293.008
293.008
293.008
293.008
293.008
293.008
293.008
293.008
293.007
293.007
293.007
293.007
293.007
293.006
293.006
293.006
293.006
293.005
293.001
293.001
293.001
293.001
293.001
293.001
293.001
293.001
293.001
293.001
293.001
293.002
293.002
293.002
293.002
293.002
293.002
293.002
293.002
293.002
293.002
293.002
293.002
293.002
293.002
293.002
293.002
293.002
293.002
293.002
293.002
293.002
293.002
293.002
293.002
293.001
293.001
293
293
293
293
293
293
293
293
293
293
293
293
293
293
293
293
293
293
293
293
293
293
293
293
293
293
293
293
293
293
293
293
293
293
293
293
293
293
293
293
293
293
293
293
293
293
293
293
293
293
293
293
293
293
293
293
293
293
293
293
293
293
293
293
293
293
293
293
293
293
293
293
293
293
293
293
293
293
293
293
293
293
293
293
293
293
293
293
293
293
293
293
293
293
293
293
293
293
293
293
293
293
293
293
293
293
293
293
293
293
293
293
293
293
293
293
293
293
293
293
293
293
293
293
293
293
293
293
293
293
293
293
293
293
293
293
293
293
293
293
293
293
293
293
293
293
293
293
293
293
293
293
293
293
293
293
293
293
293
293
293
293
293
293
293
293
293
293
293
293
293
293
293
293
293
293
293
293
293
293
293
293
293
293
293
293
293
293
293
293
293
293
293
293
293
293
293
293
293
293
293
293
293
293
293
293
293
293
293
293
293
293
293
293
293
293
293
293
293
293
293
293
293
293
293
293
293
293
293
293
293
293
293
293
293
293
293
293
293
293
293
293
293
293
293
293
293
293
293
293
293
293
293
293
293
293
293
293
293
293
293
293
293
293
293
293
293
293
293
293
293
293
293
293
293
293
293
293
293
293
293
293
293
293
293
293
293
293
293
293
293
293
293
293
293
293
293
293
293
293
293
293
293
293
293
293
293
293
293
293
293
293
293
293
293
293
293
293
293
293
293
293
293
293
293
293
293
293
293
293
293
293
293
293
293
293
293
293
293
293
293
293
293
293
293
293
293
293
293
293
293
293
293
293
293
293
293
293
293
293
293
293
293
293
293
293
293
293
293
293
293
293
293
293
293
293
293
293
293
293
293
293
293
293
293
293
293
293
293
293
293
293
293
293
293
293
293
293
293
293
293
293
293
293
293
293
293
296.776
296.851
296.918
296.976
297.024
297.063
297.091
297.108
297.115
297.115
297.103
297.08
297.047
297.004
296.95
296.887
296.814
296.732
296.642
296.543
296.436
296.322
296.201
296.075
295.944
295.809
295.671
295.531
295.39
295.249
295.11
294.975
294.843
294.716
294.596
294.482
296.224
296.294
296.356
296.411
296.457
296.495
296.525
296.545
296.554
296.556
296.55
296.535
296.51
296.475
296.431
296.378
296.316
296.245
296.166
296.079
295.985
295.884
295.778
295.666
295.55
295.43
295.308
295.184
295.06
294.936
294.814
294.695
294.58
294.469
294.364
294.265
295.714
295.776
295.832
295.882
295.924
295.959
295.987
296.004
296.013
296.014
296.01
295.998
295.978
295.949
295.912
295.866
295.813
295.752
295.684
295.609
295.528
295.441
295.349
295.253
295.152
295.049
294.944
294.837
294.731
294.625
294.52
294.418
294.32
294.226
294.136
294.052
295.202
295.257
295.308
295.353
295.392
295.425
295.451
295.468
295.478
295.481
295.476
295.466
295.449
295.425
295.393
295.355
295.31
295.259
295.201
295.138
295.069
294.996
294.919
294.838
294.754
294.667
294.579
294.491
294.402
294.314
294.228
294.144
294.063
293.986
293.913
293.844
294.659
294.707
294.752
294.792
294.828
294.858
294.883
294.902
294.914
294.92
294.92
294.913
294.901
294.883
294.86
294.83
294.795
294.755
294.71
294.66
294.606
294.548
294.487
294.423
294.357
294.289
294.219
294.15
294.08
294.011
293.944
293.879
293.816
293.755
293.699
293.645
294.091
294.131
294.17
294.206
294.239
294.268
294.294
294.316
294.335
294.348
294.358
294.362
294.361
294.356
294.345
294.33
294.311
294.288
294.26
294.229
294.194
294.156
294.115
294.072
294.026
293.979
293.93
293.88
293.83
293.779
293.73
293.681
293.634
293.588
293.545
293.504
293.465
293.663
293.691
293.718
293.744
293.768
293.789
293.809
293.826
293.841
293.853
293.862
293.869
293.872
293.872
293.868
293.861
293.851
293.838
293.822
293.804
293.783
293.759
293.734
293.707
293.678
293.648
293.616
293.584
293.552
293.519
293.487
293.455
293.424
293.394
293.365
293.338
293.312
293.359
293.376
293.393
293.409
293.424
293.438
293.451
293.462
293.473
293.482
293.489
293.495
293.499
293.501
293.501
293.499
293.495
293.489
293.481
293.472
293.462
293.449
293.436
293.421
293.405
293.388
293.371
293.352
293.334
293.315
293.296
293.278
293.259
293.242
293.225
293.208
293.193
293.172
293.181
293.191
293.2
293.208
293.216
293.223
293.23
293.236
293.242
293.246
293.25
293.253
293.256
293.257
293.257
293.256
293.254
293.251
293.247
293.243
293.237
293.231
293.224
293.217
293.209
293.2
293.191
293.182
293.172
293.163
293.153
293.144
293.134
293.125
293.117
293.109
293.072
293.077
293.081
293.086
293.09
293.094
293.097
293.101
293.104
293.107
293.109
293.111
293.113
293.115
293.116
293.117
293.117
293.117
293.116
293.115
293.113
293.111
293.109
293.106
293.103
293.1
293.096
293.092
293.088
293.084
293.08
293.075
293.071
293.067
293.063
293.059
293.055
293.026
293.028
293.03
293.032
293.034
293.035
293.037
293.038
293.04
293.041
293.042
293.043
293.044
293.045
293.046
293.046
293.046
293.047
293.047
293.046
293.046
293.045
293.045
293.044
293.043
293.042
293.04
293.039
293.037
293.036
293.034
293.033
293.031
293.029
293.028
293.026
293.025
293.008
293.009
293.009
293.01
293.011
293.011
293.012
293.013
293.013
293.013
293.014
293.014
293.015
293.015
293.015
293.016
293.016
293.016
293.016
293.016
293.016
293.016
293.016
293.016
293.015
293.015
293.015
293.014
293.014
293.013
293.013
293.012
293.012
293.011
293.011
293.01
293.01
293.002
293.002
293.002
293.003
293.003
293.003
293.003
293.003
293.004
293.004
293.004
293.004
293.004
293.004
293.004
293.004
293.004
293.005
293.005
293.005
293.005
293.005
293.005
293.005
293.005
293.004
293.004
293.004
293.004
293.004
293.004
293.004
293.004
293.004
293.003
293.003
293.003
293
293
293
293
293
293.001
293.001
293.001
293.001
293.001
293.001
293.001
293.001
293.001
293.001
293.001
293.001
293.001
293.001
293.001
293.001
293.001
293.001
293.001
293.001
293.001
293.001
293.001
293.001
293.001
293.001
293.001
293.001
293.001
293.001
293.001
293.001
293
293
293
293
293
293
293
293
293
293
293
293
293
293
293
293
293
293
293
293
293
293
293
293
293
293
293
293
293
293
293
293
293
293
293
293
293
293
293
293
293
293
293
293
293
293
293
293
293
293
293
293
293
293
293
293
293
293
293
293
293
293
293
293
293
293
293
293
293
293
293
293
293
293
293
293
293
293
293
293
293
293
293
293
293
293
293
293
293
293
293
293
293
293
293
293
293
293
293
293
293
293
293
293
293
293
293
293
293
293
293
293
293
293
293
293
293
293
293
293
293
293
293
293
293
293
293
293
293
293
293
293
293
293
293
293
293
293
293
293
293
293
293
293
293
293
293
293
293
293
293
293
293
293
293
293
293
293
293
293
293
293
293
293
293
293
293
293
293
293
293
293
293
293
293
293
293
293
293
293
293
293
293
293
293
293
293
293
293
293
293
293
293
293
293
293
293
293
293
293
293
293
293
293
293
293
293
293
293
293
293
293
293
293
293
293
293
293
293
293
293
293
293
293
293
293
293
293
293
293
293
293
293
293
293
293
293
293
293
293
293
293
293
293
293
293
293
293
293
293
293
293
293
293
293
293
293
293
293
293
293
293
293
293
293
293
293
293
293
293
293
293
293
293
293
293
293
293
293
293
293
293
293
293
293
293
293
293
293
293
293
293
293
293
293
293
293
293
293
293
293
293
293
293
293
293
293
293
293
293
293
293
293
293
293
293
293
293
293
293
293
293
293
293
293
293
293
293
293
293
293
293
293
293
293
293
293
293
293
293
293
293
293
293
293
293
293
293
293
293
293
293
293
293
293
293
293
293
293
293
293
293
293
293
293
293
293
293
293
293
293
293
293
293
293
293
293
293
293
293
293
293
293
293
293
293
293
293
293
293
293
293
293
293
293
293
293
293
293
293
293
293
293
293
293
293
293
295.553
295.621
295.684
295.74
295.789
295.831
295.865
295.891
295.908
295.917
295.92
295.914
295.9
295.878
295.847
295.809
295.762
295.709
295.648
295.58
295.505
295.425
295.339
295.248
295.153
295.055
294.955
294.852
294.749
294.647
294.545
294.446
294.35
294.257
294.169
294.086
295.14
295.199
295.254
295.304
295.348
295.386
295.418
295.443
295.46
295.469
295.473
295.471
295.462
295.446
295.422
295.392
295.354
295.309
295.258
295.2
295.137
295.068
294.994
294.916
294.834
294.75
294.663
294.575
294.486
294.398
294.31
294.225
294.142
294.062
293.987
293.915
294.766
294.818
294.865
294.908
294.947
294.98
295.008
295.03
295.044
295.052
295.054
295.053
295.046
295.033
295.014
294.988
294.957
294.92
294.877
294.829
294.775
294.718
294.656
294.59
294.521
294.45
294.377
294.303
294.229
294.154
294.081
294.01
293.94
293.874
293.811
293.751
294.404
294.448
294.489
294.527
294.56
294.589
294.614
294.633
294.646
294.654
294.657
294.655
294.649
294.638
294.622
294.6
294.574
294.544
294.508
294.468
294.425
294.377
294.326
294.272
294.216
294.158
294.099
294.038
293.978
293.918
293.859
293.801
293.745
293.691
293.641
293.593
294.039
294.075
294.109
294.141
294.169
294.194
294.216
294.233
294.246
294.254
294.258
294.258
294.253
294.245
294.233
294.217
294.197
294.174
294.146
294.116
294.082
294.045
294.006
293.965
293.921
293.877
293.831
293.785
293.739
293.693
293.647
293.603
293.561
293.52
293.482
293.445
293.696
293.724
293.75
293.775
293.797
293.817
293.834
293.849
293.86
293.869
293.874
293.876
293.875
293.87
293.863
293.853
293.84
293.824
293.806
293.785
293.761
293.736
293.709
293.68
293.65
293.618
293.586
293.554
293.521
293.489
293.457
293.426
293.396
293.367
293.34
293.315
293.418
293.436
293.454
293.471
293.487
293.501
293.513
293.524
293.534
293.541
293.546
293.55
293.551
293.55
293.546
293.541
293.534
293.525
293.515
293.502
293.488
293.473
293.456
293.439
293.42
293.4
293.38
293.36
293.339
293.318
293.298
293.278
293.259
293.241
293.223
293.207
293.223
293.234
293.245
293.255
293.265
293.274
293.282
293.289
293.295
293.3
293.305
293.308
293.31
293.31
293.31
293.308
293.305
293.301
293.295
293.289
293.282
293.274
293.265
293.256
293.246
293.235
293.224
293.212
293.201
293.189
293.178
293.166
293.155
293.145
293.134
293.125
293.105
293.111
293.117
293.122
293.127
293.132
293.137
293.141
293.145
293.148
293.151
293.153
293.154
293.155
293.156
293.155
293.155
293.153
293.151
293.149
293.145
293.142
293.138
293.134
293.129
293.124
293.118
293.113
293.107
293.101
293.095
293.09
293.084
293.079
293.073
293.068
293.043
293.046
293.049
293.051
293.054
293.056
293.058
293.06
293.062
293.064
293.065
293.067
293.068
293.068
293.069
293.069
293.069
293.069
293.068
293.067
293.066
293.065
293.063
293.062
293.06
293.058
293.056
293.053
293.051
293.048
293.046
293.043
293.041
293.038
293.036
293.034
293.015
293.016
293.018
293.019
293.02
293.021
293.022
293.022
293.023
293.024
293.025
293.025
293.026
293.026
293.027
293.027
293.027
293.027
293.027
293.027
293.026
293.026
293.025
293.025
293.024
293.024
293.023
293.022
293.021
293.02
293.019
293.018
293.017
293.017
293.016
293.015
293.005
293.005
293.005
293.006
293.006
293.006
293.007
293.007
293.007
293.008
293.008
293.008
293.008
293.009
293.009
293.009
293.009
293.009
293.009
293.009
293.009
293.009
293.009
293.009
293.008
293.008
293.008
293.008
293.008
293.007
293.007
293.007
293.006
293.006
293.006
293.006
293.001
293.001
293.001
293.001
293.001
293.002
293.002
293.002
293.002
293.002
293.002
293.002
293.002
293.002
293.002
293.002
293.002
293.002
293.002
293.002
293.002
293.002
293.002
293.002
293.002
293.002
293.002
293.002
293.002
293.002
293.002
293.002
293.002
293.002
293.002
293.002
293
293
293
293
293
293
293
293
293
293
293
293
293
293
293
293
293
293
293
293
293
293
293
293
293
293
293
293
293
293
293
293
293
293
293
293
293
293
293
293
293
293
293
293
293
293
293
293
293
293
293
293
293
293
293
293
293
293
293
293
293
293
293
293
293
293
293
293
293
293
293
293
293
293
293
293
293
293
293
293
293
293
293
293
293
293
293
293
293
293
293
293
293
293
293
293
293
293
293
293
293
293
293
293
293
293
293
293
293
293
293
293
293
293
293
293
293
293
293
293
293
293
293
293
293
293
293
293
293
293
293
293
293
293
293
293
293
293
293
293
293
293
293
293
293
293
293
293
293
293
293
293
293
293
293
293
293
293
293
293
293
293
293
293
293
293
293
293
293
293
293
293
293
293
293
293
293
293
293
293
293
293
293
293
293
293
293
293
293
293
293
293
293
293
293
293
293
293
293
293
293
293
293
293
293
293
293
293
293
293
293
293
293
293
293
293
293
293
293
293
293
293
293
293
293
293
293
293
293
293
293
293
293
293
293
293
293
293
293
293
293
293
293
293
293
293
293
293
293
293
293
293
293
293
293
293
293
293
293
293
293
293
293
293
293
293
293
293
293
293
293
293
293
293
293
293
293
293
293
293
293
293
293
293
293
293
293
293
293
293
293
293
293
293
293
293
293
293
293
293
293
293
293
293
293
293
293
293
293
293
293
293
293
293
293
293
293
293
293
293
293
293
293
293
293
293
293
293
293
293
293
293
293
293
293
293
293
293
293
293
293
293
293
293
293
293
293
293
293
293
293
293
293
293
293
293
293
293
293
293
293
293
293
293
293
293
293
293
293
293
293
293
293
293
293
293
293
293
293
293
293
293
293
293
293
293
293
293
293
293
293
293
293
293
293
293
293
293
293
293
293
293
293
293
293
293
293
293
293
293
293
293
293
293
293
293
293
293
293
293
293
293
293
293
293
293
293
293
293
293
293
293
294.669
294.719
294.765
294.807
294.843
294.875
294.9
294.92
294.932
294.939
294.94
294.937
294.927
294.912
294.891
294.865
294.833
294.796
294.753
294.706
294.654
294.598
294.538
294.475
294.41
294.342
294.274
294.204
294.135
294.066
293.998
293.933
293.87
293.809
293.752
294.378
294.421
294.46
294.496
294.528
294.556
294.579
294.597
294.609
294.615
294.619
294.618
294.612
294.601
294.585
294.564
294.538
294.507
294.472
294.433
294.389
294.342
294.292
294.239
294.184
294.126
294.068
294.009
293.95
293.892
293.835
293.779
293.726
293.675
293.627
294.118
294.154
294.187
294.218
294.245
294.268
294.288
294.303
294.313
294.319
294.321
294.32
294.316
294.307
294.294
294.277
294.256
294.231
294.202
294.17
294.134
294.096
294.054
294.011
293.965
293.918
293.87
293.822
293.773
293.725
293.678
293.633
293.589
293.547
293.507
293.872
293.902
293.93
293.955
293.978
293.998
294.015
294.027
294.036
294.042
294.043
294.042
294.038
294.031
294.021
294.007
293.99
293.97
293.946
293.92
293.892
293.861
293.828
293.793
293.757
293.719
293.681
293.642
293.604
293.566
293.529
293.493
293.458
293.426
293.394
293.633
293.657
293.68
293.7
293.719
293.735
293.749
293.76
293.768
293.773
293.776
293.775
293.772
293.767
293.759
293.749
293.736
293.721
293.704
293.684
293.663
293.639
293.614
293.588
293.561
293.533
293.504
293.476
293.447
293.419
293.391
293.364
293.339
293.314
293.291
293.418
293.435
293.452
293.467
293.481
293.494
293.505
293.514
293.521
293.525
293.528
293.529
293.528
293.525
293.52
293.513
293.505
293.495
293.483
293.47
293.456
293.44
293.423
293.405
293.387
293.368
293.348
293.328
293.309
293.289
293.27
293.252
293.234
293.217
293.201
293.247
293.258
293.269
293.28
293.289
293.298
293.305
293.312
293.317
293.321
293.324
293.326
293.326
293.324
293.322
293.319
293.314
293.309
293.302
293.294
293.286
293.277
293.266
293.256
293.244
293.233
293.221
293.208
293.196
293.184
293.172
293.161
293.15
293.139
293.129
293.129
293.136
293.143
293.149
293.154
293.16
293.164
293.168
293.172
293.175
293.177
293.179
293.18
293.18
293.179
293.177
293.175
293.173
293.17
293.166
293.162
293.157
293.151
293.146
293.14
293.134
293.127
293.12
293.114
293.107
293.1
293.094
293.088
293.082
293.076
293.06
293.063
293.067
293.07
293.073
293.076
293.078
293.081
293.083
293.084
293.086
293.087
293.088
293.088
293.088
293.088
293.087
293.086
293.085
293.083
293.082
293.079
293.077
293.074
293.072
293.069
293.066
293.063
293.059
293.056
293.053
293.05
293.047
293.044
293.041
293.024
293.026
293.027
293.029
293.03
293.031
293.033
293.034
293.035
293.036
293.036
293.037
293.038
293.038
293.038
293.038
293.038
293.038
293.037
293.037
293.036
293.036
293.035
293.034
293.033
293.031
293.03
293.029
293.028
293.026
293.025
293.023
293.022
293.021
293.02
293.008
293.009
293.01
293.01
293.011
293.011
293.012
293.012
293.013
293.013
293.013
293.014
293.014
293.014
293.014
293.014
293.014
293.014
293.014
293.014
293.014
293.014
293.014
293.013
293.013
293.013
293.012
293.012
293.011
293.011
293.01
293.01
293.009
293.009
293.008
293.002
293.003
293.003
293.003
293.003
293.003
293.004
293.004
293.004
293.004
293.004
293.004
293.004
293.004
293.005
293.005
293.005
293.005
293.005
293.005
293.005
293.005
293.005
293.004
293.004
293.004
293.004
293.004
293.004
293.004
293.004
293.003
293.003
293.003
293.003
293
293
293.001
293.001
293.001
293.001
293.001
293.001
293.001
293.001
293.001
293.001
293.001
293.001
293.001
293.001
293.001
293.001
293.001
293.001
293.001
293.001
293.001
293.001
293.001
293.001
293.001
293.001
293.001
293.001
293.001
293.001
293.001
293.001
293.001
293
293
293
293
293
293
293
293
293
293
293
293
293
293
293
293
293
293
293
293
293
293
293
293
293
293
293
293
293
293
293
293
293
293
293
293
293
293
293
293
293
293
293
293
293
293
293
293
293
293
293
293
293
293
293
293
293
293
293
293
293
293
293
293
293
293
293
293
293
293
293
293
293
293
293
293
293
293
293
293
293
293
293
293
293
293
293
293
293
293
293
293
293
293
293
293
293
293
293
293
293
293
293
293
293
293
293
293
293
293
293
293
293
293
293
293
293
293
293
293
293
293
293
293
293
293
293
293
293
293
293
293
293
293
293
293
293
293
293
293
293
293
293
293
293
293
293
293
293
293
293
293
293
293
293
293
293
293
293
293
293
293
293
293
293
293
293
293
293
293
293
293
293
293
293
293
293
293
293
293
293
293
293
293
293
293
293
293
293
293
293
293
293
293
293
293
293
293
293
293
293
293
293
293
293
293
293
293
293
293
293
293
293
293
293
293
293
293
293
293
293
293
293
293
293
293
293
293
293
293
293
293
293
293
293
293
293
293
293
293
293
293
293
293
293
293
293
293
293
293
293
293
293
293
293
293
293
293
293
293
293
293
293
293
293
293
293
293
293
293
293
293
293
293
293
293
293
293
293
293
293
293
293
293
293
293
293
293
293
293
293
293
293
293
293
293
293
293
293
293
293
293
293
293
293
293
293
293
293
293
293
293
293
293
293
293
293
293
293
293
293
293
293
293
293
293
293
293
293
293
293
293
293
293
293
293
293
293
293
293
293
293
293
293
293
293
293
293
293
293
293
293
293
293
293
293
293
293
293
293
293
293
293
293
293
293
293
293
293
293
293
293
293
293
293
293
293
293
293
293
293
293
293
293
293
293
293
293
293
293
293
293
293
293
293
293
293
293
293
293
293
293
293
293
293
293
293
293
293
293
293
293
293
293
293
293
293
293
293
293
293.991
294.027
294.06
294.091
294.119
294.143
294.164
294.181
294.193
294.2
294.204
294.204
294.202
294.195
294.185
294.172
294.155
294.134
294.109
294.082
294.051
294.018
293.982
293.943
293.903
293.862
293.819
293.776
293.733
293.689
293.647
293.606
293.566
293.528
293.491
293.807
293.837
293.865
293.891
293.915
293.936
293.954
293.969
293.98
293.987
293.991
293.993
293.992
293.988
293.98
293.97
293.956
293.939
293.92
293.897
293.872
293.844
293.814
293.782
293.749
293.714
293.679
293.643
293.606
293.57
293.535
293.5
293.467
293.435
293.405
293.643
293.668
293.691
293.712
293.732
293.75
293.765
293.777
293.786
293.793
293.796
293.798
293.797
293.793
293.788
293.779
293.768
293.755
293.739
293.721
293.701
293.678
293.654
293.628
293.601
293.573
293.545
293.515
293.486
293.457
293.428
293.4
293.373
293.348
293.323
293.49
293.51
293.529
293.547
293.563
293.577
293.59
293.6
293.607
293.613
293.616
293.617
293.616
293.613
293.609
293.602
293.593
293.583
293.57
293.556
293.54
293.523
293.504
293.484
293.463
293.441
293.419
293.396
293.373
293.351
293.328
293.307
293.286
293.266
293.247
293.348
293.363
293.378
293.391
293.404
293.415
293.425
293.433
293.44
293.444
293.447
293.448
293.448
293.446
293.443
293.438
293.432
293.424
293.415
293.404
293.393
293.38
293.366
293.351
293.336
293.32
293.304
293.287
293.271
293.254
293.238
293.222
293.207
293.193
293.179
293.224
293.235
293.245
293.255
293.264
293.272
293.279
293.286
293.291
293.294
293.297
293.298
293.298
293.298
293.296
293.293
293.289
293.284
293.278
293.271
293.264
293.255
293.246
293.237
293.226
293.216
293.205
293.194
293.183
293.172
293.161
293.15
293.14
293.131
293.121
293.129
293.136
293.143
293.149
293.155
293.16
293.165
293.169
293.173
293.176
293.178
293.179
293.18
293.18
293.179
293.177
293.175
293.173
293.17
293.166
293.161
293.157
293.151
293.146
293.14
293.133
293.127
293.12
293.114
293.107
293.1
293.094
293.088
293.082
293.076
293.066
293.07
293.074
293.077
293.081
293.084
293.087
293.089
293.092
293.093
293.095
293.096
293.097
293.097
293.097
293.096
293.095
293.094
293.093
293.091
293.089
293.087
293.084
293.081
293.078
293.075
293.071
293.068
293.064
293.061
293.057
293.054
293.05
293.047
293.044
293.03
293.032
293.034
293.035
293.037
293.039
293.04
293.042
293.043
293.044
293.045
293.046
293.046
293.046
293.046
293.046
293.046
293.046
293.045
293.045
293.044
293.043
293.042
293.04
293.039
293.037
293.036
293.034
293.033
293.031
293.029
293.028
293.026
293.024
293.023
293.012
293.012
293.013
293.014
293.015
293.016
293.016
293.017
293.017
293.018
293.018
293.019
293.019
293.019
293.02
293.02
293.02
293.02
293.019
293.019
293.019
293.019
293.018
293.018
293.017
293.017
293.016
293.015
293.015
293.014
293.013
293.013
293.012
293.011
293.011
293.004
293.004
293.004
293.005
293.005
293.005
293.006
293.006
293.006
293.006
293.007
293.007
293.007
293.007
293.007
293.007
293.007
293.007
293.007
293.007
293.007
293.007
293.007
293.007
293.007
293.006
293.006
293.006
293.006
293.006
293.005
293.005
293.005
293.005
293.004
293.001
293.001
293.001
293.001
293.001
293.001
293.002
293.002
293.002
293.002
293.002
293.002
293.002
293.002
293.002
293.002
293.002
293.002
293.002
293.002
293.002
293.002
293.002
293.002
293.002
293.002
293.002
293.002
293.002
293.002
293.002
293.002
293.002
293.002
293.001
293
293
293
293
293
293
293
293
293
293
293
293
293
293
293
293
293
293
293
293
293
293
293
293
293
293
293
293
293
293
293
293
293
293
293
293
293
293
293
293
293
293
293
293
293
293
293
293
293
293
293
293
293
293
293
293
293
293
293
293
293
293
293
293
293
293
293
293
293
293
293
293
293
293
293
293
293
293
293
293
293
293
293
293
293
293
293
293
293
293
293
293
293
293
293
293
293
293
293
293
293
293
293
293
293
293
293
293
293
293
293
293
293
293
293
293
293
293
293
293
293
293
293
293
293
293
293
293
293
293
293
293
293
293
293
293
293
293
293
293
293
293
293
293
293
293
293
293
293
293
293
293
293
293
293
293
293
293
293
293
293
293
293
293
293
293
293
293
293
293
293
293
293
293
293
293
293
293
293
293
293
293
293
293
293
293
293
293
293
293
293
293
293
293
293
293
293
293
293
293
293
293
293
293
293
293
293
293
293
293
293
293
293
293
293
293
293
293
293
293
293
293
293
293
293
293
293
293
293
293
293
293
293
293
293
293
293
293
293
293
293
293
293
293
293
293
293
293
293
293
293
293
293
293
293
293
293
293
293
293
293
293
293
293
293
293
293
293
293
293
293
293
293
293
293
293
293
293
293
293
293
293
293
293
293
293
293
293
293
293
293
293
293
293
293
293
293
293
293
293
293
293
293
293
293
293
293
293
293
293
293
293
293
293
293
293
293
293
293
293
293
293
293
293
293
293
293
293
293
293
293
293
293
293
293
293
293
293
293
293
293
293
293
293
293
293
293
293
293
293
293
293
293
293
293
293
293
293
293
293
293
293
293
293
293
293
293
293
293
293
293
293
293
293
293
293
293
293
293
293
293
293
293
293
293
293
293
293
293
293
293
293
293
293
293
293
293
293
293
293
293
293
293
293
293
293
293
293
293
293
293
293
293
293
293
293
293
293
293
293
293
293
293
293
293
293
293
293
293
293
293
293
293
293
293
293
293
293
293
293
293
293
293
293
293
293
293
293
293
293
293
293
293
293
293
293.547
293.57
293.592
293.612
293.631
293.648
293.663
293.675
293.684
293.691
293.695
293.697
293.697
293.695
293.691
293.684
293.676
293.665
293.653
293.638
293.621
293.603
293.583
293.562
293.539
293.516
293.491
293.467
293.442
293.417
293.392
293.368
293.345
293.322
293.301
293.44
293.459
293.477
293.494
293.51
293.524
293.537
293.547
293.556
293.562
293.566
293.568
293.569
293.568
293.565
293.56
293.553
293.545
293.535
293.523
293.51
293.495
293.478
293.461
293.442
293.423
293.403
293.382
293.362
293.341
293.321
293.301
293.281
293.263
293.245
293.344
293.359
293.374
293.388
293.401
293.412
293.423
293.432
293.439
293.444
293.447
293.449
293.449
293.449
293.447
293.443
293.438
293.431
293.423
293.414
293.403
293.391
293.378
293.364
293.35
293.334
293.318
293.302
293.286
293.269
293.253
293.237
293.222
293.207
293.193
293.256
293.268
293.28
293.291
293.301
293.31
293.319
293.326
293.331
293.336
293.339
293.34
293.34
293.34
293.338
293.335
293.331
293.326
293.32
293.313
293.305
293.296
293.286
293.275
293.264
293.252
293.24
293.228
293.216
293.203
293.191
293.179
293.167
293.156
293.145
293.177
293.186
293.195
293.203
293.211
293.218
293.224
293.229
293.234
293.237
293.24
293.241
293.241
293.241
293.24
293.238
293.235
293.232
293.228
293.222
293.217
293.21
293.203
293.196
293.188
293.179
293.171
293.162
293.153
293.144
293.136
293.127
293.119
293.111
293.103
293.111
293.117
293.123
293.129
293.134
293.139
293.144
293.147
293.151
293.153
293.155
293.156
293.157
293.157
293.156
293.155
293.154
293.152
293.149
293.146
293.142
293.138
293.134
293.129
293.124
293.118
293.113
293.107
293.101
293.095
293.09
293.084
293.079
293.074
293.069
293.063
293.066
293.07
293.073
293.077
293.08
293.083
293.085
293.087
293.089
293.091
293.092
293.092
293.092
293.092
293.092
293.091
293.09
293.088
293.087
293.085
293.082
293.08
293.077
293.074
293.071
293.068
293.065
293.061
293.058
293.055
293.051
293.048
293.045
293.042
293.031
293.033
293.035
293.037
293.039
293.041
293.042
293.044
293.045
293.046
293.047
293.048
293.048
293.048
293.049
293.048
293.048
293.048
293.047
293.046
293.045
293.044
293.043
293.042
293.04
293.039
293.037
293.035
293.034
293.032
293.03
293.028
293.027
293.025
293.024
293.014
293.015
293.016
293.016
293.017
293.018
293.019
293.02
293.02
293.021
293.022
293.022
293.022
293.023
293.023
293.023
293.023
293.023
293.022
293.022
293.022
293.021
293.021
293.02
293.02
293.019
293.018
293.017
293.017
293.016
293.015
293.014
293.013
293.013
293.012
293.005
293.006
293.006
293.006
293.007
293.007
293.007
293.008
293.008
293.008
293.009
293.009
293.009
293.009
293.009
293.009
293.009
293.009
293.009
293.009
293.009
293.009
293.009
293.009
293.008
293.008
293.008
293.008
293.007
293.007
293.007
293.006
293.006
293.006
293.005
293.002
293.002
293.002
293.002
293.002
293.002
293.002
293.003
293.003
293.003
293.003
293.003
293.003
293.003
293.003
293.003
293.003
293.003
293.003
293.003
293.003
293.003
293.003
293.003
293.003
293.003
293.003
293.003
293.003
293.003
293.002
293.002
293.002
293.002
293.002
293
293
293
293
293
293.001
293.001
293.001
293.001
293.001
293.001
293.001
293.001
293.001
293.001
293.001
293.001
293.001
293.001
293.001
293.001
293.001
293.001
293.001
293.001
293.001
293.001
293.001
293.001
293.001
293.001
293.001
293.001
293.001
293.001
293
293
293
293
293
293
293
293
293
293
293
293
293
293
293
293
293
293
293
293
293
293
293
293
293
293
293
293
293
293
293
293
293
293
293
293
293
293
293
293
293
293
293
293
293
293
293
293
293
293
293
293
293
293
293
293
293
293
293
293
293
293
293
293
293
293
293
293
293
293
293
293
293
293
293
293
293
293
293
293
293
293
293
293
293
293
293
293
293
293
293
293
293
293
293
293
293
293
293
293
293
293
293
293
293
293
293
293
293
293
293
293
293
293
293
293
293
293
293
293
293
293
293
293
293
293
293
293
293
293
293
293
293
293
293
293
293
293
293
293
293
293
293
293
293
293
293
293
293
293
293
293
293
293
293
293
293
293
293
293
293
293
293
293
293
293
293
293
293
293
293
293
293
293
293
293
293
293
293
293
293
293
293
293
293
293
293
293
293
293
293
293
293
293
293
293
293
293
293
293
293
293
293
293
293
293
293
293
293
293
293
293
293
293
293
293
293
293
293
293
293
293
293
293
293
293
293
293
293
293
293
293
293
293
293
293
293
293
293
293
293
293
293
293
293
293
293
293
293
293
293
293
293
293
293
293
293
293
293
293
293
293
293
293
293
293
293
293
293
293
293
293
293
293
293
293
293
293
293
293
293
293
293
293
293
293
293
293
293
293
293
293
293
293
293
293
293
293
293
293
293
293
293
293
293
293
293
293
293
293
293
293
293
293
293
293
293
293
293
293
293
293
293
293
293
293
293
293
293
293
293
293
293
293
293
293
293
293
293
293
293
293
293
293
293
293
293
293
293
293
293
293
293
293
293
293
293
293
293
293
293
293
293
293
293
293
293
293
293
293
293
293
293
293
293
293
293
293
293
293
293
293
293
293
293
293
293
293
293
293
293
293
293
293
293
293
293
293
293
293
293
293
293
293
293
293
293
293
293
293
293
293
293
293
293
293
293
293
293
293
293
293
293
293
293
293
293
293
293
293
293
293
293
293
293
293
293
293
293
293
293
293
293
293
293
293
293
293
293
293
293
293
293
293
293
293.279
293.293
293.306
293.318
293.33
293.34
293.349
293.357
293.364
293.368
293.372
293.373
293.374
293.374
293.373
293.37
293.367
293.362
293.356
293.349
293.341
293.331
293.321
293.31
293.299
293.287
293.274
293.261
293.248
293.235
293.221
293.209
293.196
293.184
293.172
293.221
293.233
293.243
293.253
293.263
293.272
293.28
293.287
293.292
293.297
293.3
293.302
293.303
293.303
293.302
293.3
293.297
293.293
293.289
293.283
293.276
293.269
293.261
293.252
293.242
293.232
293.222
293.211
293.201
293.19
293.179
293.168
293.158
293.148
293.139
293.17
293.179
293.187
293.195
293.203
293.21
293.216
293.222
293.227
293.23
293.233
293.234
293.235
293.236
293.235
293.234
293.231
293.229
293.225
293.221
293.215
293.21
293.203
293.196
293.189
293.181
293.173
293.165
293.156
293.148
293.139
293.131
293.123
293.115
293.108
293.124
293.13
293.137
293.143
293.149
293.154
293.159
293.164
293.167
293.17
293.172
293.174
293.174
293.175
293.174
293.173
293.172
293.169
293.167
293.163
293.16
293.155
293.151
293.146
293.14
293.134
293.128
293.122
293.116
293.109
293.103
293.097
293.091
293.085
293.08
293.083
293.088
293.093
293.097
293.101
293.105
293.109
293.112
293.115
293.117
293.119
293.12
293.12
293.121
293.12
293.12
293.119
293.117
293.116
293.113
293.111
293.108
293.105
293.101
293.097
293.093
293.089
293.085
293.081
293.076
293.072
293.068
293.063
293.059
293.056
293.051
293.054
293.057
293.06
293.063
293.066
293.068
293.07
293.072
293.074
293.075
293.076
293.076
293.076
293.076
293.076
293.076
293.075
293.074
293.072
293.071
293.069
293.067
293.065
293.063
293.06
293.057
293.055
293.052
293.049
293.046
293.044
293.041
293.039
293.036
293.028
293.03
293.032
293.033
293.035
293.037
293.038
293.039
293.041
293.042
293.043
293.043
293.044
293.044
293.044
293.044
293.044
293.043
293.043
293.042
293.041
293.04
293.039
293.038
293.037
293.035
293.034
293.032
293.031
293.029
293.028
293.026
293.025
293.023
293.022
293.013
293.014
293.015
293.016
293.017
293.018
293.019
293.02
293.02
293.021
293.021
293.022
293.022
293.022
293.022
293.023
293.022
293.022
293.022
293.022
293.021
293.021
293.021
293.02
293.019
293.019
293.018
293.017
293.016
293.016
293.015
293.014
293.013
293.013
293.012
293.006
293.006
293.007
293.007
293.007
293.008
293.008
293.009
293.009
293.009
293.01
293.01
293.01
293.01
293.01
293.01
293.01
293.01
293.01
293.01
293.01
293.01
293.01
293.009
293.009
293.009
293.008
293.008
293.008
293.007
293.007
293.007
293.006
293.006
293.006
293.002
293.002
293.002
293.003
293.003
293.003
293.003
293.003
293.003
293.003
293.004
293.004
293.004
293.004
293.004
293.004
293.004
293.004
293.004
293.004
293.004
293.004
293.004
293.004
293.004
293.004
293.003
293.003
293.003
293.003
293.003
293.003
293.003
293.003
293.002
293
293.001
293.001
293.001
293.001
293.001
293.001
293.001
293.001
293.001
293.001
293.001
293.001
293.001
293.001
293.001
293.001
293.001
293.001
293.001
293.001
293.001
293.001
293.001
293.001
293.001
293.001
293.001
293.001
293.001
293.001
293.001
293.001
293.001
293.001
293
293
293
293
293
293
293
293
293
293
293
293
293
293
293
293
293
293
293
293
293
293
293
293
293
293
293
293
293
293
293
293
293
293
293
293
293
293
293
293
293
293
293
293
293
293
293
293
293
293
293
293
293
293
293
293
293
293
293
293
293
293
293
293
293
293
293
293
293
293
293
293
293
293
293
293
293
293
293
293
293
293
293
293
293
293
293
293
293
293
293
293
293
293
293
293
293
293
293
293
293
293
293
293
293
293
293
293
293
293
293
293
293
293
293
293
293
293
293
293
293
293
293
293
293
293
293
293
293
293
293
293
293
293
293
293
293
293
293
293
293
293
293
293
293
293
293
293
293
293
293
293
293
293
293
293
293
293
293
293
293
293
293
293
293
293
293
293
293
293
293
293
293
293
293
293
293
293
293
293
293
293
293
293
293
293
293
293
293
293
293
293
293
293
293
293
293
293
293
293
293
293
293
293
293
293
293
293
293
293
293
293
293
293
293
293
293
293
293
293
293
293
293
293
293
293
293
293
293
293
293
293
293
293
293
293
293
293
293
293
293
293
293
293
293
293
293
293
293
293
293
293
293
293
293
293
293
293
293
293
293
293
293
293
293
293
293
293
293
293
293
293
293
293
293
293
293
293
293
293
293
293
293
293
293
293
293
293
293
293
293
293
293
293
293
293
293
293
293
293
293
293
293
293
293
293
293
293
293
293
293
293
293
293
293
293
293
293
293
293
293
293
293
293
293
293
293
293
293
293
293
293
293
293
293
293
293
293
293
293
293
293
293
293
293
293
293
293
293
293
293
293
293
293
293
293
293
293
293
293
293
293
293
293
293
293
293
293
293
293
293
293
293
293
293
293
293
293
293
293
293
293
293
293
293
293
293
293
293
293
293
293
293
293
293
293
293
293
293
293
293
293
293
293
293
293
293
293
293
293
293
293
293
293
293
293
293
293
293
293
293
293
293
293
293
293
293
293
293
293
293
293
293
293
293
293
293
293
293
293
293
293
293
293
293
293
293
293
293
293
293
293
293
293
293
293
293
293
293
293
293
293
293
293
293
293
293
293
293
293
293
293
293
293
293
293
293
293
293
293
293
293
293
293
293
293
293
293
293
293
293.131
293.138
293.145
293.152
293.158
293.164
293.17
293.174
293.178
293.181
293.183
293.185
293.186
293.186
293.186
293.185
293.184
293.182
293.179
293.176
293.172
293.168
293.164
293.159
293.153
293.147
293.141
293.135
293.129
293.122
293.116
293.11
293.103
293.097
293.092
293.103
293.108
293.114
293.12
293.125
293.13
293.134
293.138
293.142
293.144
293.146
293.148
293.149
293.149
293.149
293.148
293.147
293.146
293.144
293.141
293.138
293.135
293.131
293.127
293.123
293.118
293.113
293.108
293.103
293.098
293.093
293.088
293.083
293.078
293.073
293.077
293.082
293.086
293.09
293.095
293.098
293.102
293.105
293.108
293.11
293.112
293.113
293.114
293.114
293.114
293.114
293.113
293.112
293.11
293.108
293.106
293.104
293.101
293.098
293.094
293.091
293.087
293.083
293.079
293.075
293.071
293.067
293.063
293.06
293.056
293.055
293.058
293.061
293.065
293.068
293.071
293.073
293.076
293.078
293.079
293.081
293.082
293.082
293.083
293.083
293.082
293.082
293.081
293.08
293.079
293.077
293.075
293.073
293.071
293.069
293.066
293.063
293.06
293.058
293.055
293.052
293.049
293.046
293.043
293.041
293.036
293.038
293.04
293.043
293.045
293.047
293.049
293.05
293.052
293.053
293.054
293.055
293.055
293.056
293.056
293.056
293.055
293.055
293.054
293.053
293.052
293.051
293.05
293.048
293.047
293.045
293.043
293.041
293.039
293.037
293.035
293.033
293.031
293.03
293.028
293.021
293.023
293.024
293.026
293.027
293.028
293.03
293.031
293.032
293.033
293.033
293.034
293.034
293.034
293.034
293.034
293.034
293.034
293.034
293.033
293.033
293.032
293.031
293.03
293.029
293.028
293.027
293.026
293.025
293.023
293.022
293.021
293.02
293.019
293.018
293.011
293.012
293.013
293.014
293.015
293.015
293.016
293.017
293.017
293.018
293.018
293.019
293.019
293.019
293.019
293.019
293.019
293.019
293.019
293.019
293.018
293.018
293.018
293.017
293.017
293.016
293.015
293.015
293.014
293.014
293.013
293.012
293.012
293.011
293.01
293.005
293.006
293.006
293.007
293.007
293.007
293.008
293.008
293.008
293.009
293.009
293.009
293.009
293.009
293.01
293.01
293.01
293.01
293.01
293.009
293.009
293.009
293.009
293.009
293.009
293.008
293.008
293.008
293.007
293.007
293.007
293.006
293.006
293.006
293.005
293.002
293.002
293.002
293.003
293.003
293.003
293.003
293.003
293.004
293.004
293.004
293.004
293.004
293.004
293.004
293.004
293.004
293.004
293.004
293.004
293.004
293.004
293.004
293.004
293.004
293.004
293.004
293.003
293.003
293.003
293.003
293.003
293.003
293.003
293.003
293.001
293.001
293.001
293.001
293.001
293.001
293.001
293.001
293.001
293.001
293.001
293.001
293.001
293.001
293.001
293.001
293.001
293.002
293.002
293.002
293.002
293.001
293.001
293.001
293.001
293.001
293.001
293.001
293.001
293.001
293.001
293.001
293.001
293.001
293.001
293
293
293
293
293
293
293
293
293
293
293
293
293
293
293
293
293
293
293
293
293
293
293
293
293
293
293
293
293
293
293
293
293
293
293
293
293
293
293
293
293
293
293
293
293
293
293
293
293
293
293
293
293
293
293
293
293
293
293
293
293
293
293
293
293
293
293
293
293
293
293
293
293
293
293
293
293
293
293
293
293
293
293
293
293
293
293
293
293
293
293
293
293
293
293
293
293
293
293
293
293
293
293
293
293
293
293
293
293
293
293
293
293
293
293
293
293
293
293
293
293
293
293
293
293
293
293
293
293
293
293
293
293
293
293
293
293
293
293
293
293
293
293
293
293
293
293
293
293
293
293
293
293
293
293
293
293
293
293
293
293
293
293
293
293
293
293
293
293
293
293
293
293
293
293
293
293
293
293
293
293
293
293
293
293
293
293
293
293
293
293
293
293
293
293
293
293
293
293
293
293
293
293
293
293
293
293
293
293
293
293
293
293
293
293
293
293
293
293
293
293
293
293
293
293
293
293
293
293
293
293
293
293
293
293
293
293
293
293
293
293
293
293
293
293
293
293
293
293
293
293
293
293
293
293
293
293
293
293
293
293
293
293
293
293
293
293
293
293
293
293
293
293
293
293
293
293
293
293
293
293
293
293
293
293
293
293
293
293
293
293
293
293
293
293
293
293
293
293
293
293
293
293
293
293
293
293
293
293
293
293
293
293
293
293
293
293
293
293
293
293
293
293
293
293
293
293
293
293
293
293
293
293
293
293
293
293
293
293
293
293
293
293
293
293
293
293
293
293
293
293
293
293
293
293
293
293
293
293
293
293
293
293
293
293
293
293
293
293
293
293
293
293
293
293
293
293
293
293
293
293
293
293
293
293
293
293
293
293
293
293
293
293
293
293
293
293
293
293
293
293
293
293
293
293
293
293
293
293
293
293
293
293
293
293
293
293
293
293
293
293
293
293
293
293
293
293
293
293
293
293
293
293
293
293
293
293
293
293
293
293
293
293
293
293
293
293
293
293
293
293
293
293
293
293
293
293
293
293
293
293
293
293
293
293
293
293
293
293
293
293
293
293
293
293
293
293
293
293
293
293
293
293
293
293
293
293
293
293
293
293
293
293
293
293
293
293
293
293
293
293
293
293
293
293
293
293
293
293
293
293
293
293
293
293
293
293
293
293
293
293
293
293
293
293
293.063
293.066
293.07
293.073
293.075
293.078
293.08
293.082
293.083
293.084
293.085
293.085
293.085
293.085
293.084
293.084
293.083
293.082
293.08
293.079
293.077
293.075
293.072
293.07
293.067
293.065
293.062
293.059
293.056
293.053
293.05
293.048
293.045
293.049
293.052
293.054
293.057
293.059
293.061
293.063
293.064
293.065
293.066
293.067
293.067
293.067
293.067
293.067
293.066
293.066
293.065
293.064
293.062
293.061
293.059
293.057
293.055
293.053
293.051
293.049
293.047
293.044
293.042
293.04
293.038
293.035
293.036
293.038
293.04
293.042
293.044
293.045
293.047
293.048
293.049
293.05
293.05
293.05
293.051
293.051
293.05
293.05
293.05
293.049
293.048
293.047
293.046
293.045
293.043
293.042
293.04
293.039
293.037
293.035
293.033
293.032
293.03
293.028
293.027
293.025
293.027
293.028
293.029
293.031
293.032
293.033
293.034
293.035
293.035
293.035
293.036
293.036
293.036
293.036
293.036
293.035
293.035
293.034
293.033
293.033
293.032
293.031
293.03
293.029
293.028
293.026
293.025
293.024
293.023
293.021
293.02
293.019
293.016
293.017
293.018
293.019
293.02
293.021
293.021
293.022
293.023
293.023
293.023
293.023
293.024
293.024
293.024
293.023
293.023
293.023
293.023
293.022
293.022
293.021
293.02
293.02
293.019
293.018
293.018
293.017
293.016
293.015
293.014
293.014
293.013
293.009
293.01
293.011
293.011
293.012
293.012
293.013
293.013
293.013
293.014
293.014
293.014
293.014
293.014
293.014
293.014
293.014
293.014
293.014
293.013
293.013
293.013
293.012
293.012
293.012
293.011
293.011
293.01
293.01
293.009
293.009
293.008
293.008
293.005
293.005
293.006
293.006
293.006
293.006
293.007
293.007
293.007
293.007
293.007
293.008
293.008
293.008
293.008
293.008
293.008
293.008
293.007
293.007
293.007
293.007
293.007
293.007
293.006
293.006
293.006
293.006
293.005
293.005
293.005
293.005
293.004
293.002
293.002
293.002
293.003
293.003
293.003
293.003
293.003
293.003
293.003
293.004
293.004
293.004
293.004
293.004
293.004
293.004
293.004
293.004
293.004
293.004
293.003
293.003
293.003
293.003
293.003
293.003
293.003
293.003
293.003
293.002
293.002
293.002
293.001
293.001
293.001
293.001
293.001
293.001
293.001
293.001
293.001
293.001
293.001
293.001
293.001
293.001
293.001
293.001
293.001
293.001
293.001
293.001
293.001
293.001
293.001
293.001
293.001
293.001
293.001
293.001
293.001
293.001
293.001
293.001
293.001
293
293
293
293
293
293
293
293
293
293
293
293
293
293
293
293
293
293
293
293
293
293
293
293
293
293
293
293
293
293
293
293
293
293
293
293
293
293
293
293
293
293
293
293
293
293
293
293
293
293
293
293
293
293
293
293
293
293
293
293
293
293
293
293
293
293
293
293
293
293
293
293
293
293
293
293
293
293
293
293
293
293
293
293
293
293
293
293
293
293
293
293
293
293
293
293
293
293
293
293
293
293
293
293
293
293
293
293
293
293
293
293
293
293
293
293
293
293
293
293
293
293
293
293
293
293
293
293
293
293
293
293
293
293
293
293
293
293
293
293
293
293
293
293
293
293
293
293
293
293
293
293
293
293
293
293
293
293
293
293
293
293
293
293
293
293
293
293
293
293
293
293
293
293
293
293
293
293
293
293
293
293
293
293
293
293
293
293
293
293
293
293
293
293
293
293
293
293
293
293
293
293
293
293
293
293
293
293
293
293
293
293
293
293
293
293
293
293
293
293
293
293
293
293
293
293
293
293
293
293
293
293
293
293
293
293
293
293
293
293
293
293
293
293
293
293
293
293
293
293
293
293
293
293
293
293
293
293
293
293
293
293
293
293
293
293
293
293
293
293
293
293
293
293
293
293
293
293
293
293
293
293
293
293
293
293
293
293
293
293
293
293
293
293
293
293
293
293
293
293
293
293
293
293
293
293
293
293
293
293
293
293
293
293
293
293
293
293
293
293
293
293
293
293
293
293
293
293
293
293
293
293
293
293
293
293
293
293
293
293
293
293
293
293
293
293
293
293
293
293
293
293
293
293
293
293
293
293
293
293
293
293
293
293
293
293
293
293
293
293
293
293
293
293
293
293
293
293
293
293
293
293
293
293
293
293
293
293
293
293
293
293
293
293
293
293
293
293
293
293
293
293
293
293
293
293
293
293
293
293
293
293
293
293
293
293
293
293
293
293
293
293
293
293
293
293
293
293
293
293
293
293
293
293
293
293
293
293
293
293
293
293
293
293
293
293
293
293
293
293
293
293
293
293
293
293
293
293
293
293
293
293
293
293
293
293
293
293
293
293
293
293
293
293
293
293
293
293
293
293
293
293
293
293
293
293
293
293
293
293
293
293
293
293
293
293
293
293
293
293
293
293
293
293
293
293
293
293
293
293
293
293
293
293
293
293
293
293
293
293
293
293
293
293
293
293
293
293
293.025
293.026
293.028
293.029
293.031
293.032
293.033
293.034
293.034
293.035
293.035
293.035
293.035
293.036
293.035
293.035
293.035
293.035
293.034
293.034
293.033
293.032
293.031
293.03
293.029
293.028
293.027
293.026
293.025
293.024
293.023
293.021
293.02
293.019
293.02
293.021
293.022
293.023
293.024
293.025
293.026
293.027
293.027
293.027
293.028
293.028
293.028
293.028
293.028
293.027
293.027
293.027
293.026
293.026
293.025
293.024
293.024
293.023
293.022
293.021
293.02
293.019
293.018
293.018
293.017
293.016
293.014
293.015
293.016
293.016
293.017
293.018
293.019
293.019
293.02
293.02
293.02
293.02
293.02
293.021
293.021
293.02
293.02
293.02
293.02
293.019
293.019
293.019
293.018
293.018
293.017
293.016
293.016
293.015
293.014
293.014
293.013
293.012
293.012
293.009
293.01
293.011
293.011
293.012
293.012
293.013
293.013
293.013
293.014
293.014
293.014
293.014
293.014
293.014
293.014
293.014
293.014
293.014
293.014
293.013
293.013
293.013
293.012
293.012
293.011
293.011
293.011
293.01
293.01
293.009
293.009
293.008
293.006
293.006
293.007
293.007
293.007
293.008
293.008
293.008
293.008
293.009
293.009
293.009
293.009
293.009
293.009
293.009
293.009
293.009
293.009
293.009
293.009
293.008
293.008
293.008
293.008
293.007
293.007
293.007
293.007
293.006
293.006
293.006
293.005
293.003
293.003
293.004
293.004
293.004
293.004
293.005
293.005
293.005
293.005
293.005
293.005
293.005
293.005
293.005
293.005
293.005
293.005
293.005
293.005
293.005
293.005
293.005
293.005
293.005
293.004
293.004
293.004
293.004
293.004
293.004
293.003
293.003
293.002
293.002
293.002
293.002
293.002
293.002
293.002
293.002
293.002
293.003
293.003
293.003
293.003
293.003
293.003
293.003
293.003
293.003
293.003
293.003
293.003
293.003
293.003
293.002
293.002
293.002
293.002
293.002
293.002
293.002
293.002
293.002
293.002
293.001
293.001
293.001
293.001
293.001
293.001
293.001
293.001
293.001
293.001
293.001
293.001
293.001
293.001
293.001
293.001
293.001
293.001
293.001
293.001
293.001
293.001
293.001
293.001
293.001
293.001
293.001
293.001
293.001
293.001
293.001
293.001
293.001
293
293
293
293
293
293
293
293
293
293
293
293
293
293
293
293
293
293
293
293
293
293
293
293
293
293
293
293
293
293
293
293
293
293
293
293
293
293
293
293
293
293
293
293
293
293
293
293
293
293
293
293
293
293
293
293
293
293
293
293
293
293
293
293
293
293
293
293
293
293
293
293
293
293
293
293
293
293
293
293
293
293
293
293
293
293
293
293
293
293
293
293
293
293
293
293
293
293
293
293
293
293
293
293
293
293
293
293
293
293
293
293
293
293
293
293
293
293
293
293
293
293
293
293
293
293
293
293
293
293
293
293
293
293
293
293
293
293
293
293
293
293
293
293
293
293
293
293
293
293
293
293
293
293
293
293
293
293
293
293
293
293
293
293
293
293
293
293
293
293
293
293
293
293
293
293
293
293
293
293
293
293
293
293
293
293
293
293
293
293
293
293
293
293
293
293
293
293
293
293
293
293
293
293
293
293
293
293
293
293
293
293
293
293
293
293
293
293
293
293
293
293
293
293
293
293
293
293
293
293
293
293
293
293
293
293
293
293
293
293
293
293
293
293
293
293
293
293
293
293
293
293
293
293
293
293
293
293
293
293
293
293
293
293
293
293
293
293
293
293
293
293
293
293
293
293
293
293
293
293
293
293
293
293
293
293
293
293
293
293
293
293
293
293
293
293
293
293
293
293
293
293
293
293
293
293
293
293
293
293
293
293
293
293
293
293
293
293
293
293
293
293
293
293
293
293
293
293
293
293
293
293
293
293
293
293
293
293
293
293
293
293
293
293
293
293
293
293
293
293
293
293
293
293
293
293
293
293
293
293
293
293
293
293
293
293
293
293
293
293
293
293
293
293
293
293
293
293
293
293
293
293
293
293
293
293
293
293
293
293
293
293
293
293
293
293
293
293
293
293
293
293
293
293
293
293
293
293
293
293
293
293
293
293
293
293
293
293
293
293
293
293
293
293
293
293
293
293
293
293
293
293
293
293
293
293
293
293
293
293
293
293
293
293
293
293
293
293
293
293
293
293
293
293
293
293
293
293
293
293
293
293
293
293
293
293
293
293
293
293
293
293
293
293
293
293
293
293
293
293
293
293
293
293
293
293
293
293
293
293
293
293
293
293
293
293
293
293
293
293
293
293
293
293
293
293
293
293
293
293
293
293
293
293
293
293
293
293
293
293
293
293
293
293
293
293
293
293
293
293
293
293
293
293
293
293
293
293
293
293
293
293
293
293
293
293
293
293
293
293
293
293
293
293
293
293
293
293
293
293
293
293.009
293.009
293.01
293.011
293.011
293.012
293.012
293.012
293.013
293.013
293.013
293.013
293.013
293.013
293.013
293.013
293.013
293.013
293.013
293.013
293.013
293.012
293.012
293.012
293.012
293.011
293.011
293.01
293.01
293.01
293.009
293.009
293.008
293.007
293.007
293.008
293.008
293.008
293.009
293.009
293.009
293.01
293.01
293.01
293.01
293.01
293.01
293.01
293.01
293.01
293.01
293.01
293.01
293.01
293.01
293.009
293.009
293.009
293.009
293.008
293.008
293.008
293.007
293.007
293.007
293.006
293.005
293.005
293.005
293.006
293.006
293.006
293.007
293.007
293.007
293.007
293.007
293.007
293.007
293.007
293.007
293.007
293.007
293.007
293.007
293.007
293.007
293.007
293.007
293.007
293.006
293.006
293.006
293.006
293.006
293.005
293.005
293.005
293.005
293.003
293.003
293.003
293.004
293.004
293.004
293.004
293.004
293.005
293.005
293.005
293.005
293.005
293.005
293.005
293.005
293.005
293.005
293.005
293.005
293.005
293.005
293.005
293.005
293.004
293.004
293.004
293.004
293.004
293.004
293.003
293.003
293.003
293.002
293.002
293.002
293.002
293.002
293.002
293.003
293.003
293.003
293.003
293.003
293.003
293.003
293.003
293.003
293.003
293.003
293.003
293.003
293.003
293.003
293.003
293.003
293.003
293.003
293.003
293.003
293.002
293.002
293.002
293.002
293.002
293.002
293.001
293.001
293.001
293.001
293.001
293.001
293.001
293.001
293.001
293.002
293.002
293.002
293.002
293.002
293.002
293.002
293.002
293.002
293.002
293.002
293.002
293.002
293.002
293.002
293.002
293.001
293.001
293.001
293.001
293.001
293.001
293.001
293.001
293
293
293
293
293.001
293.001
293.001
293.001
293.001
293.001
293.001
293.001
293.001
293.001
293.001
293.001
293.001
293.001
293.001
293.001
293.001
293.001
293.001
293.001
293.001
293.001
293.001
293.001
293.001
293.001
293.001
293.001
293.001
293
293
293
293
293
293
293
293
293
293
293
293
293
293
293
293
293
293
293
293
293
293
293
293
293
293
293
293
293
293
293
293
293
293
293
293
293
293
293
293
293
293
293
293
293
293
293
293
293
293
293
293
293
293
293
293
293
293
293
293
293
293
293
293
293
293
293
293
293
293
293
293
293
293
293
293
293
293
293
293
293
293
293
293
293
293
293
293
293
293
293
293
293
293
293
293
293
293
293
293
293
293
293
293
293
293
293
293
293
293
293
293
293
293
293
293
293
293
293
293
293
293
293
293
293
293
293
293
293
293
293
293
293
293
293
293
293
293
293
293
293
293
293
293
293
293
293
293
293
293
293
293
293
293
293
293
293
293
293
293
293
293
293
293
293
293
293
293
293
293
293
293
293
293
293
293
293
293
293
293
293
293
293
293
293
293
293
293
293
293
293
293
293
293
293
293
293
293
293
293
293
293
293
293
293
293
293
293
293
293
293
293
293
293
293
293
293
293
293
293
293
293
293
293
293
293
293
293
293
293
293
293
293
293
293
293
293
293
293
293
293
293
293
293
293
293
293
293
293
293
293
293
293
293
293
293
293
293
293
293
293
293
293
293
293
293
293
293
293
293
293
293
293
293
293
293
293
293
293
293
293
293
293
293
293
293
293
293
293
293
293
293
293
293
293
293
293
293
293
293
293
293
293
293
293
293
293
293
293
293
293
293
293
293
293
293
293
293
293
293
293
293
293
293
293
293
293
293
293
293
293
293
293
293
293
293
293
293
293
293
293
293
293
293
293
293
293
293
293
293
293
293
293
293
293
293
293
293
293
293
293
293
293
293
293
293
293
293
293
293
293
293
293
293
293
293
293
293
293
293
293
293
293
293
293
293
293
293
293
293
293
293
293
293
293
293
293
293
293
293
293
293
293
293
293
293
293
293
293
293
293
293
293
293
293
293
293
293
293
293
293
293
293
293
293
293
293
293
293
293
293
293
293
293
293
293
293
293
293
293
293
293
293
293
293
293
293
293
293
293
293
293
293
293
293
293
293
293
293
293
293
293
293
293
293
293
293
293
293
293
293
293
293
293
293
293
293
293
293
293
293
293
293
293
293
293
293
293
293
293
293
293
293
293
293
293
293
293
293
293
293
293
293
293
293
293
293
293
293
293
293
293
293
293
293
293
293
293
293
293
293
293
293
293
293
293
293
293
293
293
293
293
293
293
293
293
293
293
293
293
293
293
293
293
293
293
293
293
293
293
293
293
293
293
293
293
293
293
293
293
293
293
293
293
293
293
293
293
293
293
293
293
293
293
293
293
293
293
293
293
293
293
293
293
293
293
293
293
293
293
293
293
293
293
293.003
293.003
293.003
293.003
293.004
293.004
293.004
293.004
293.004
293.004
293.004
293.004
293.004
293.004
293.005
293.005
293.005
293.005
293.004
293.004
293.004
293.004
293.004
293.004
293.004
293.004
293.004
293.004
293.004
293.003
293.003
293.003
293.003
293.002
293.002
293.002
293.002
293.003
293.003
293.003
293.003
293.003
293.003
293.003
293.003
293.003
293.003
293.003
293.003
293.003
293.003
293.003
293.003
293.003
293.003
293.003
293.003
293.003
293.003
293.003
293.003
293.003
293.003
293.002
293.002
293.002
293.001
293.001
293.002
293.002
293.002
293.002
293.002
293.002
293.002
293.002
293.002
293.002
293.002
293.002
293.002
293.002
293.002
293.002
293.002
293.002
293.002
293.002
293.002
293.002
293.002
293.002
293.002
293.002
293.002
293.002
293.002
293.002
293.002
293.001
293.001
293.001
293.001
293.001
293.001
293.001
293.001
293.001
293.001
293.001
293.001
293.001
293.001
293.002
293.002
293.002
293.002
293.002
293.002
293.001
293.001
293.001
293.001
293.001
293.001
293.001
293.001
293.001
293.001
293.001
293.001
293.001
293
293
293
293.001
293.001
293.001
293.001
293.001
293.001
293.001
293.001
293.001
293.001
293.001
293.001
293.001
293.001
293.001
293.001
293.001
293.001
293.001
293.001
293.001
293.001
293.001
293.001
293.001
293.001
293.001
293.001
293.001
293.001
293
293
293
293
293
293
293
293
293
293
293
293
293
293
293
293
293
293
293
293
293
293
293
293
293
293
293
293
293
293
293
293
293
293
293
293
293
293
293
293
293
293
293
293
293
293
293
293
293
293
293
293
293
293
293
293
293
293
293
293
293
293
293
293
293
293
293
293
293
293
293
293
293
293
293
293
293
293
293
293
293
293
293
293
293
293
293
293
293
293
293
293
293
293
293
293
293
293
293
293
293
293
293
293
293
293
293
293
293
293
293
293
293
293
293
293
293
293
293
293
293
293
293
293
293
293
293
293
293
293
293
293
293
293
293
293
293
293
293
293
293
293
293
293
293
293
293
293
293
293
293
293
293
293
293
293
293
293
293
293
293
293
293
293
293
293
293
293
293
293
293
293
293
293
293
293
293
293
293
293
293
293
293
293
293
293
293
293
293
293
293
293
293
293
293
293
293
293
293
293
293
293
293
293
293
293
293
293
293
293
293
293
293
293
293
293
293
293
293
293
293
293
293
293
293
293
293
293
293
293
293
293
293
293
293
293
293
293
293
293
293
293
293
293
293
293
293
293
293
293
293
293
293
293
293
293
293
293
293
293
293
293
293
293
293
293
293
293
293
293
293
293
293
293
293
293
293
293
293
293
293
293
293
293
293
293
293
293
293
293
293
293
293
293
293
293
293
293
293
293
293
293
293
293
293
293
293
293
293
293
293
293
293
293
293
293
293
293
293
293
293
293
293
293
293
293
293
293
293
293
293
293
293
293
293
293
293
293
293
293
293
293
293
293
293
293
293
293
293
293
293
293
293
293
293
293
293
293
293
293
293
293
293
293
293
293
293
293
293
293
293
293
293
293
293
293
293
293
293
293
293
293
293
293
293
293
293
293
293
293
293
293
293
293
293
293
293
293
293
293
293
293
293
293
293
293
293
293
293
293
293
293
293
293
293
293
293
293
293
293
293
293
293
293
293
293
293
293
293
293
293
293
293
293
293
293
293
293
293
293
293
293
293
293
293
293
293
293
293
293
293
293
293
293
293
293
293
293
293
293
293
293
293
293
293
293
293
293
293
293
293
293
293
293
293
293
293
293
293
293
293
293
293
293
293
293
293
293
293
293
293
293
293
293
293
293
293
293
293
293
293
293
293
293
293
293
293
293
293
293
293
293
293
293
293
293
293
293
293
293
293
293
293
293
293
293
293
293
293
293
293
293
293
293
293
293
293
293
293
293
293
293
293
293
293
293
293
293
293
293
293
293
293
293
293
293
293
293
293
293
293
293
293
293
293
293
293
293
293
293
293
293
293
293
293
293
293
293
293
293
293
293
293
293
293
293
293
293
293
293
293
293
293
293
293
293
293
293
293
293
293
293
293
293
293
293
293
293
293
293
293
293
293
293
293
293
293
293
293
293
293
293
293
293
293
293
293
293
293
293
293
293
293
293
293
293
293
293
293
293
293
293
293
293
293
293
293
293
293
293
293
293
293
293
293
293
293
293
293
293
293.001
293.001
293.001
293.001
293.001
293.001
293.001
293.001
293.001
293.001
293.001
293.001
293.001
293.001
293.001
293.001
293.001
293.001
293.001
293.001
293.001
293.001
293.001
293.001
293.001
293.001
293.001
293.001
293.001
293.001
293.001
293.001
293.001
293
293
293.001
293.001
293.001
293.001
293.001
293.001
293.001
293.001
293.001
293.001
293.001
293.001
293.001
293.001
293.001
293.001
293.001
293.001
293.001
293.001
293.001
293.001
293.001
293.001
293.001
293.001
293.001
293.001
293.001
293.001
293.001
293
293
293
293
293
293
293
293
293
293
293.001
293.001
293.001
293.001
293.001
293.001
293.001
293.001
293.001
293.001
293.001
293.001
293.001
293.001
293.001
293.001
293.001
293.001
293
293
293
293
293
293
293
293
293
293
293
293
293
293
293
293
293
293
293
293
293
293
293
293
293
293
293
293
293
293
293
293
293
293
293
293
293
293
293
293
293
293
293
293
293
293
293
293
293
293
293
293
293
293
293
293
293
293
293
293
293
293
293
293
293
293
293
293
293
293
293
293
293
293
293
293
293
293
293
293
293
293
293
293
293
293
293
293
293
293
293
293
293
293
293
293
293
293
293
293
293
293
293
293
293
293
293
293
293
293
293
293
293
293
293
293
293
293
293
293
293
293
293
293
293
293
293
293
293
293
293
293
293
293
293
293
293
293
293
293
293
293
293
293
293
293
293
293
293
293
293
293
293
293
293
293
293
293
293
293
293
293
293
293
293
293
293
293
293
293
293
293
293
293
293
293
293
293
293
293
293
293
293
293
293
293
293
293
293
293
293
293
293
293
293
293
293
293
293
293
293
293
293
293
293
293
293
293
293
293
293
293
293
293
293
293
293
293
293
293
293
293
293
293
293
293
293
293
293
293
293
293
293
293
293
293
293
293
293
293
293
293
293
293
293
293
293
293
293
293
293
293
293
293
293
293
293
293
293
293
293
293
293
293
293
293
293
293
293
293
293
293
293
293
293
293
293
293
293
293
293
293
293
293
293
293
293
293
293
293
293
293
293
293
293
293
293
293
293
293
293
293
293
293
293
293
293
293
293
293
293
293
293
293
293
293
293
293
293
293
293
293
293
293
293
293
293
293
293
293
293
293
293
293
293
293
293
293
293
293
293
293
293
293
293
293
293
293
293
293
293
293
293
293
293
293
293
293
293
293
293
293
293
293
293
293
293
293
293
293
293
293
293
293
293
293
293
293
293
293
293
293
293
293
293
293
293
293
293
293
293
293
293
293
293
293
293
293
293
293
293
293
293
293
293
293
293
293
293
293
293
293
293
293
293
293
293
293
293
293
293
293
293
293
293
293
293
293
293
293
293
293
293
293
293
293
293
293
293
293
293
293
293
293
293
293
293
293
293
293
293
293
293
293
293
293
293
293
293
293
293
293
293
293
293
293
293
293
293
293
293
293
293
293
293
293
293
293
293
293
293
293
293
293
293
293
293
293
293
293
293
293
293
293
293
293
293
293
293
293
293
293
293
293
293
293
293
293
293
293
293
293
293
293
293
293
293
293
293
293
293
293
293
293
293
293
293
293
293
293
293
293
293
293
293
293
293
293
293
293
293
293
293
293
293
293
293
293
293
293
293
293
293
293
293
293
293
293
293
293
293
293
293
293
293
293
293
293
293
293
293
293
293
293
293
293
293
293
293
293
293
293
293
293
293
293
293
293
293
293
293
293
293
293
293
293
293
293
293
293
293
293
293
293
293
293
293
293
293
293
293
293
293
293
293
293
293
293
293
293
293
293
293
293
293
293
293
293
293
293
293
293
293
293
293
293
293
293
293
293
293
293
293
293
293
293
293
293
293
293
293
293
293
293
293
293
293
293
293
293
293
293
293
293
293
293
293
293
293
293
293
293
293
293
293
293
293
293
293
293
293
293
293
293
293
293
293
293
293
293
293
293
293
293
293
293
293
293
293
293
293
293
293
293
293
293
293
293
293
293
293
293
293
293
293
293
293
293
293
293
293
293
293
293
293
293
293
293
293
293
293
293
293
293
293
293
293
293
293
293
293
293
293
293
293
293
293
293
293
293
293
293
293
293
293
293
293
293
293
293
293
293
293
293
293
293
293
293
293
293
293
293
293
293
293
293
293
293
293
293
293
293
293
293
293
293
293
293
293
293
293
293
293
293
293
293
293
293
293
293
293
293
293
293
293
293
293
293
293
293
293
293
293
293
293
293
293
293
293
293
293
293
293
293
293
293
293
293
293
293
293
293
293
293
293
293
293
293
293
293
293
293
293
293
293
293
293
293
293
293
293
293
293
293
293
293
293
293
293
293
293
293
293
293
293
293
293
293
293
293
293
293
293
293
293
293
293
293
293
293
293
293
293
293
293
293
293
293
293
293
293
293
293
293
293
293
293
293
293
293
293
293
293
293
293
293
293
293
293
293
293
293
293
293
293
293
293
293
293
293
293
293
293
293
293
293
293
293
293
293
293
293
293
293
293
293
293
293
293
293
293
293
293
293
293
293
293
293
293
293
293
293
293
293
293
293
293
293
293
293
293
293
293
293
293
293
293
293
293
293
293
293
293
293
293
293
293
293
293
293
293
293
293
293
293
293
293
293
293
293
293
293
293
293
293
293
293
293
293
293
293
293
293
293
293
293
293
293
293
293
293
293
293
293
293
293
293
293
293
293
293
293
293
293
293
293
293
293
293
293
293
293
293
293
293
293
293
293
293
293
293
293
293
293
293
293
293
293
293
293
293
293
293
293
293
293
293
293
293
293
293
293
293
293
293
293
293
293
293
293
293
293
293
293
293
293
293
293
293
293
293
293
293
293
293
293
293
293
293
293
293
293
293
293
293
293
293
293
293
293
293
293
293
293
293
293
293
293
293
293
293
293
293
293
293
293
293
293
293
293
293
293
293
293
293
293
293
293
293
293
293
293
293
293
293
293
293
293
293
293
293
293
293
293
293
293
293
293
293
293
293
293
293
293
293
293
293
293
293
293
293
293
293
293
293
293
293
293
293
293
293
293
293
293
293
293
293
293
293
293
293
293
293
293
293
293
293
293
293
293
293
293
293
293
293
293
293
293
293
293
293
293
293
293
293
293
293
293
293
293
293
293
293
293
293
293
293
293
293
293
293
293
293
293
293
293
293
293
293
293
293
293
293
293
293
293
293
293
293
293
293
293
293
293
293
293
293
293
293
293
293
293
293
293
293
293
293
293
293
293
293
293
293
293
293
293
293
293
293
293
293
293
293
293
293
293
293
293
293
293
293
293
293
293
293
293
293
293
293
293
293
293
293
293
293
293
293
293
293
293
293
293
293
293
293
293
293
293
293
293
293
293
293
293
293
293
293
293
293
293
293
293
293
293
293
293
293
293
293
293
293
293
293
293
293
293
293
293
293
293
293
293
293
293
293
293
293
293
293
293
293
293
293
293
293
293
293
293
293
293
293
293
293
293
293
293
293
293
293
293
293
293
293
293
293
293
293
293
293
293
293
293
293
293
293
293
293
293
293
293
293
293
293
293
293
293
293
293
293
293
293
293
293
293
293
293
293
293
293
293
293
293
293
293
293
293
293
293
293
293
293
293
293
293
293
293
293
293
293
293
293
293
293
293
293
293
293
293
293
293
293
293
293
293
293
293
293
293
293
293
293
293
293
293
293
293
293
293
293
293
293
293
293
293
293
293
293
293
293
293
293
293
293
293
293
293
293
293
293
293
293
293
293
293
293
293
293
293
293
293
293
293
293
293
293
293
293
293
293
293
293
293
293
293
293
293
293
293
293
293
293
293
293
293
293
293
293
293
293
293
293
293
293
293
293
293
293
293
293
293
293
293
293
293
293
293
293
293
293
293
293
293
293
293
293
293
293
293
293
293
293
293
293
293
293
293
293
293
293
293
293
293
293
293
293
293
293
293
293
293
293
293
293
293
293
293
293
293
293
293
293
293
293
293
293
293
293
293
293
293
293
293
293
293
293
293
293
293
293
293
293
293
293
293
293
293
293
293
293
293
293
293
293
293
293
293
293
293
293
293
293
293
293
293
293
293
293
293
293
293
293
293
293
293
293
293
293
293
293
293
293
293
293
293
293
293
293
293
293
293
293
293
293
293
293
293
293
293
293
293
293
293
293
293
293
293
293
293
293
293
293
293
293
293
293
293
293
293
293
293
293
293
293
293
293
293
293
293
293
293
293
293
293
293
293
293
293
293
293
293
293
293
293
293
293
293
293
293
293
293
293
293
293
293
293
293
293
293
293
293
293
293
293
293
293
293
293
293
293
293
293
293
293
293
293
293
293
293
293
293
293
293
293
293
293
293
293
293
293
293
293
293
293
293
293
293
293
293
293
293
293
293
293
293
293
293
293
293
293
293
293
293
293
293
293
293
293
293
293
293
293
293
293
293
293
293
293
293
293
293
293
293
293
293
293
293
293
293
293
293
293
293
293
293
293
293
293
293
293
293
293
293
293
293
293
293
293
293
293
293
293
293
293
293
293
293
293
293
293
293
293
293
293
293
293
293
293
293
293
293
293
293
293
293
293
293
293
293
293
293
293
293
293
293
293
293
293
293
293
293
293
293
293
293
293
293
293
293
293
293
293
293
293
293
293
293
293
293
293
293
293
293
293
293
293
293
293
293
293
293
293
293
293
293
293
293
293
293
293
293
293
293
293
293
293
293
293
293
293
293
293
293
293
293
293
293
293
293
293
293
293
293
293
293
293
293
293
293
293
293
293
293
293
293
293
293
293
293
293
293
293
293
293
293
293
293
293
293
293
293
293
293
293
293
293
293
293
293
293
293
293
293
293
293
293
293
293
293
293
293
293
293
293
293
293
293
293
293
293
293
293
293
293
293
293
293
293
293
293
293
293
293
293
293
293
293
293
293
293
293
293
293
293
293
293
293
293
293
293
293
293
293
293
293
293
293
293
293
293
293
293
293
293
293
293
298.358
298.383
298.411
298.44
298.152
298.165
298.18
298.197
298.217
298.239
298.263
298.289
298.318
298.348
298.38
298.413
298.447
298.483
298.52
298.557
298.153
298.167
298.182
298.197
298.214
298.232
298.251
298.273
298.295
298.32
298.346
298.373
298.402
298.433
298.465
298.499
298.534
298.571
298.608
298.646
298.681
298.709
298.725
298.72
298.687
298.627
298.544
298.443
298.263
298.284
298.307
298.332
298.358
298.385
298.414
298.444
298.477
298.51
298.545
298.579
298.615
298.652
298.69
298.729
298.769
298.81
298.85
298.89
298.929
298.967
299.002
299.031
299.049
299.05
299.028
298.978
298.901
298.8
298.356
298.375
298.396
298.419
298.445
298.473
298.503
298.533
298.561
298.592
298.625
298.658
298.692
298.728
298.765
298.805
298.849
298.896
298.947
299
299.054
299.107
299.157
299.201
299.236
299.258
299.264
299.25
299.211
299.145
299.053
298.935
298.439
298.451
298.464
298.477
298.491
298.507
298.524
298.543
298.562
298.583
298.604
298.625
298.647
298.669
298.69
298.712
298.734
298.759
298.788
298.822
298.861
298.907
298.957
299.009
299.059
299.104
299.141
299.165
299.172
299.16
299.123
299.061
298.972
298.858
298.719
298.597
298.604
298.612
298.619
298.626
298.634
298.641
298.649
298.658
298.666
298.674
298.682
298.69
298.698
298.706
298.714
298.723
298.731
298.74
298.752
298.769
298.798
298.829
298.858
298.885
298.904
298.913
298.907
298.883
298.838
298.769
298.675
298.557
298.417
298.256
298.398
298.428
298.458
298.491
298.524
298.56
298.596
298.634
298.672
298.711
298.752
298.172
298.189
298.208
298.228
298.251
298.276
298.304
298.334
298.365
298.399
298.433
298.469
298.505
298.54
298.576
298.163
298.178
298.195
298.213
298.232
298.252
298.274
298.297
298.321
298.347
298.374
298.402
298.431
298.46
298.49
298.521
298.551
298.582
298.613
298.643
298.673
298.698
298.716
298.719
298.699
298.652
298.578
298.482
298.367
298.292
298.315
298.34
298.367
298.398
298.43
298.462
298.495
298.531
298.567
298.606
298.644
298.683
298.722
298.762
298.802
298.841
298.88
298.918
298.955
298.989
299.02
299.047
299.068
299.08
299.079
299.059
299.014
298.942
298.844
298.722
298.444
298.468
298.495
298.524
298.555
298.589
298.625
298.662
298.698
298.733
298.77
298.808
298.847
298.887
298.929
298.973
299.02
299.069
299.119
299.169
299.217
299.261
299.298
299.327
299.343
299.345
299.328
299.288
299.223
299.13
299.012
298.869
298.583
298.595
298.609
298.625
298.643
298.663
298.685
298.709
298.734
298.76
298.787
298.813
298.84
298.866
298.892
298.917
298.943
298.973
299.007
299.047
299.091
299.138
299.185
299.229
299.266
299.295
299.31
299.31
299.29
299.247
299.18
299.086
298.967
298.822
298.657
298.858
298.852
298.85
298.851
298.854
298.859
298.867
298.875
298.885
298.895
298.905
298.915
298.925
298.935
298.943
298.952
298.96
298.969
298.98
299
299.028
299.057
299.082
299.101
299.111
299.109
299.091
299.054
298.997
298.917
298.813
298.685
298.534
298.363
298.175
298.479
298.514
298.55
298.588
298.625
298.663
298.703
298.743
298.784
298.825
298.867
298.152
298.165
298.18
298.197
298.216
298.237
298.261
298.287
298.315
298.345
298.377
298.411
298.446
298.481
298.517
298.553
298.588
298.622
298.176
298.192
298.21
298.229
298.25
298.272
298.296
298.32
298.345
298.371
298.398
298.426
298.454
298.483
298.512
298.54
298.568
298.596
298.623
298.648
298.672
298.693
298.708
298.712
298.699
298.661
298.596
298.506
298.394
298.266
298.363
298.389
298.419
298.45
298.484
298.521
298.559
298.597
298.635
298.674
298.714
298.755
298.795
298.835
298.874
298.912
298.949
298.984
299.016
299.046
299.071
299.091
299.105
299.11
299.103
299.08
299.035
298.964
298.867
298.745
298.602
298.569
298.593
298.62
298.651
298.684
298.72
298.758
298.798
298.84
298.882
298.925
298.965
299.005
299.047
299.09
299.135
299.18
299.226
299.271
299.315
299.354
299.388
299.415
299.433
299.439
299.43
299.403
299.355
299.283
299.185
299.061
298.913
298.743
298.888
298.887
298.892
298.901
298.915
298.933
298.954
298.978
299.005
299.033
299.062
299.092
299.122
299.151
299.18
299.209
299.241
299.277
299.316
299.356
299.396
299.432
299.462
299.483
299.494
299.491
299.472
299.433
299.374
299.291
299.183
299.051
298.894
298.717
298.521
299.437
299.383
299.343
299.313
299.292
299.279
299.272
299.269
299.27
299.274
299.279
299.285
299.292
299.298
299.304
299.311
299.318
299.333
299.356
299.377
299.393
299.401
299.4
299.386
299.358
299.314
299.251
299.168
299.064
298.938
298.79
298.621
298.434
298.232
298.018
298.576
298.613
298.652
298.692
298.733
298.774
298.814
298.854
298.895
298.935
298.974
299.012
298.175
298.19
298.207
298.226
298.247
298.27
298.295
298.323
298.353
298.384
298.417
298.45
298.485
298.52
298.555
298.59
298.623
298.654
298.212
298.23
298.249
298.27
298.292
298.316
298.341
298.368
298.394
298.42
298.447
298.474
298.501
298.527
298.554
298.579
298.604
298.628
298.65
298.67
298.687
298.698
298.701
298.689
298.655
298.597
298.513
298.405
298.277
298.134
298.441
298.467
298.496
298.527
298.56
298.596
298.633
298.673
298.713
298.754
298.793
298.832
298.871
298.909
298.945
298.981
299.014
299.044
299.071
299.095
299.113
299.127
299.133
299.131
299.117
299.088
299.039
298.966
298.867
298.743
298.596
298.432
298.791
298.802
298.817
298.837
298.86
298.888
298.92
298.954
298.992
299.032
299.074
299.117
299.16
299.203
299.244
299.284
299.326
299.367
299.406
299.443
299.476
299.503
299.524
299.537
299.539
299.529
299.505
299.464
299.403
299.319
299.21
299.077
298.919
298.74
298.544
299.454
299.418
299.392
299.376
299.369
299.37
299.377
299.39
299.408
299.429
299.453
299.478
299.504
299.53
299.556
299.585
299.617
299.648
299.675
299.698
299.714
299.722
299.719
299.703
299.673
299.627
299.562
299.478
299.372
299.243
299.092
298.92
298.727
298.518
298.296
300.481
300.336
300.217
300.12
300.043
299.981
299.933
299.896
299.869
299.848
299.833
299.821
299.811
299.804
299.797
299.798
299.803
299.804
299.798
299.782
299.757
299.719
299.668
299.602
299.52
299.421
299.304
299.169
299.015
298.842
298.652
298.446
298.227
297.998
297.763
298.681
298.717
298.754
298.792
298.831
298.87
298.909
298.947
298.984
299.019
299.053
299.083
298.207
298.223
298.24
298.26
298.281
298.304
298.329
298.357
298.386
298.417
298.449
298.481
298.514
298.547
298.579
298.61
298.64
298.667
298.261
298.279
298.298
298.319
298.341
298.364
298.388
298.413
298.438
298.464
298.489
298.513
298.537
298.56
298.583
298.604
298.625
298.644
298.661
298.674
298.682
298.682
298.668
298.636
298.58
298.5
298.394
298.267
298.123
297.966
298.587
298.611
298.636
298.665
298.696
298.728
298.763
298.799
298.835
298.872
298.909
298.944
298.976
299.008
299.037
299.064
299.088
299.109
299.125
299.137
299.143
299.142
299.132
299.11
299.073
299.017
298.939
298.837
298.709
298.559
298.39
298.206
298.013
299.194
299.183
299.18
299.183
299.193
299.209
299.229
299.254
299.282
299.314
299.347
299.382
299.417
299.453
299.487
299.52
299.551
299.578
299.602
299.62
299.632
299.636
299.631
299.616
299.588
299.546
299.487
299.409
299.31
299.188
299.043
298.875
298.686
298.48
298.263
298.037
300.251
300.161
300.089
300.031
299.987
299.955
299.934
299.92
299.915
299.915
299.919
299.927
299.937
299.947
299.959
299.973
299.982
299.984
299.98
299.966
299.943
299.908
299.861
299.799
299.722
299.627
299.515
299.383
299.232
299.061
298.871
298.664
298.442
298.209
297.969
297.726
301.569
301.384
301.217
301.068
300.938
300.825
300.727
300.645
300.574
300.514
300.462
300.417
300.375
300.339
300.305
300.265
300.219
300.166
300.104
300.031
299.948
299.852
299.744
299.622
299.485
299.334
299.168
298.986
298.791
298.581
298.36
298.128
297.89
297.646
297.402
297.16
298.782
298.812
298.842
298.874
298.906
298.939
298.971
299.002
299.031
299.059
299.083
299.104
298.255
298.269
298.284
298.302
298.322
298.343
298.366
298.391
298.417
298.445
298.473
298.502
298.531
298.56
298.588
298.614
298.639
298.661
298.329
298.344
298.36
298.378
298.397
298.416
298.437
298.458
298.48
298.501
298.522
298.542
298.561
298.58
298.598
298.615
298.63
298.643
298.653
298.657
298.653
298.635
298.601
298.544
298.463
298.358
298.23
298.084
297.923
297.752
298.776
298.789
298.805
298.824
298.846
298.87
298.895
298.922
298.949
298.977
299.003
299.029
299.053
299.074
299.093
299.109
299.121
299.129
299.133
299.131
299.121
299.102
299.071
299.026
298.961
298.876
298.767
298.634
298.48
298.306
298.118
297.919
297.714
299.68
299.636
299.603
299.581
299.567
299.561
299.561
299.566
299.576
299.589
299.605
299.623
299.642
299.66
299.678
299.693
299.704
299.71
299.71
299.703
299.688
299.665
299.63
299.583
299.522
299.444
299.349
299.234
299.098
298.94
298.762
298.564
298.351
298.126
297.894
297.66
300.97
300.843
300.733
300.641
300.562
300.497
300.443
300.399
300.363
300.335
300.311
300.292
300.274
300.258
300.24
300.216
300.185
300.147
300.1
300.043
299.975
299.895
299.802
299.695
299.573
299.435
299.28
299.109
298.921
298.717
298.499
298.269
298.029
297.784
297.538
297.292
297.052
301.655
301.565
301.471
301.375
301.28
301.186
301.097
301.012
300.931
300.855
300.783
300.71
300.636
300.556
300.471
300.38
300.283
300.178
300.065
299.942
299.811
299.669
299.516
299.352
299.177
298.99
298.793
298.584
298.365
298.138
297.903
297.664
297.421
297.179
296.94
296.706
296.479
298.872
298.891
298.91
298.931
298.952
298.974
298.994
299.014
299.033
299.049
299.062
299.069
298.336
298.343
298.352
298.364
298.378
298.395
298.413
298.432
298.453
298.475
298.498
298.521
298.543
298.566
298.587
298.607
298.624
298.636
298.427
298.434
298.442
298.453
298.465
298.478
298.492
298.507
298.522
298.537
298.552
298.566
298.579
298.592
298.604
298.614
298.622
298.627
298.625
298.614
298.589
298.547
298.485
298.399
298.29
298.159
298.009
297.844
297.667
297.483
298.998
298.99
298.988
298.99
298.996
299.004
299.015
299.027
299.041
299.054
299.066
299.078
299.089
299.097
299.103
299.105
299.104
299.098
299.086
299.066
299.036
298.994
298.937
298.862
298.766
298.648
298.509
298.349
298.171
297.978
297.774
297.565
297.353
300.125
300.045
299.98
299.927
299.885
299.852
299.827
299.808
299.794
299.784
299.776
299.771
299.767
299.763
299.757
299.748
299.733
299.713
299.687
299.652
299.608
299.554
299.487
299.407
299.311
299.198
299.068
298.918
298.749
298.562
298.358
298.141
297.913
297.679
297.443
297.208
301.132
301.042
300.953
300.868
300.788
300.713
300.645
300.583
300.527
300.476
300.428
300.383
300.336
300.286
300.23
300.168
300.1
300.023
299.938
299.842
299.736
299.619
299.489
299.346
299.19
299.02
298.836
298.639
298.429
298.207
297.977
297.739
297.497
297.255
297.014
296.779
296.552
300.568
300.589
300.599
300.599
300.59
300.572
300.545
300.51
300.469
300.423
300.367
300.299
300.222
300.136
300.04
299.936
299.822
299.699
299.568
299.427
299.277
299.117
298.949
298.771
298.583
298.387
298.183
297.971
297.752
297.528
297.3
297.071
296.842
296.617
296.396
296.183
295.978
298.963
298.964
298.966
298.971
298.977
298.983
298.989
298.994
298.997
298.997
298.991
298.979
298.488
298.478
298.472
298.471
298.473
298.479
298.487
298.497
298.509
298.521
298.535
298.549
298.562
298.575
298.586
298.594
298.596
298.59
298.582
298.571
298.564
298.561
298.561
298.563
298.566
298.571
298.577
298.583
298.589
298.595
298.6
298.605
298.607
298.607
298.601
298.588
298.564
298.526
298.471
298.396
298.299
298.181
298.042
297.886
297.714
297.531
297.341
297.147
299.248
299.208
299.178
299.155
299.137
299.124
299.115
299.108
299.103
299.098
299.094
299.09
299.085
299.077
299.067
299.053
299.034
299.008
298.974
298.929
298.871
298.798
298.707
298.598
298.469
298.32
298.153
297.969
297.773
297.566
297.354
297.14
296.928
300.229
300.158
300.093
300.033
299.98
299.932
299.891
299.854
299.821
299.792
299.764
299.737
299.711
299.68
299.644
299.603
299.556
299.501
299.436
299.362
299.276
299.177
299.063
298.934
298.79
298.628
298.451
298.259
298.053
297.835
297.61
297.379
297.147
296.916
296.691
300.313
300.308
300.296
300.277
300.253
300.226
300.194
300.159
300.121
300.078
300.029
299.97
299.904
299.829
299.747
299.656
299.557
299.448
299.33
299.201
299.061
298.91
298.747
298.574
298.389
298.193
297.988
297.774
297.553
297.327
297.099
296.87
296.644
296.423
296.209
296.004
299.003
299.079
299.144
299.198
299.24
299.272
299.293
299.303
299.304
299.294
299.273
299.239
299.193
299.134
299.063
298.98
298.886
298.781
298.664
298.538
298.401
298.254
298.099
297.934
297.761
297.58
297.392
297.199
297.001
296.799
296.597
296.394
296.193
295.997
295.806
295.623
295.448
299.054
299.031
299.011
298.994
298.979
298.965
298.951
298.935
298.914
298.887
298.852
298.808
298.735
298.698
298.668
298.644
298.626
298.613
298.603
298.597
298.593
298.591
298.59
298.589
298.587
298.583
298.573
298.556
298.529
298.488
298.811
298.773
298.742
298.717
298.697
298.681
298.668
298.658
298.649
298.642
298.636
298.629
298.621
298.61
298.593
298.569
298.535
298.489
298.428
298.351
298.255
298.14
298.007
297.857
297.69
297.511
297.323
297.127
296.929
296.732
299.424
299.367
299.317
299.272
299.233
299.199
299.168
299.141
299.116
299.092
299.07
299.048
299.024
298.996
298.963
298.925
298.879
298.823
298.757
298.677
298.583
298.473
298.346
298.203
298.043
297.868
297.68
297.482
297.275
297.064
296.852
296.642
296.437
299.727
299.717
299.7
299.68
299.656
299.63
299.602
299.573
299.543
299.512
299.48
299.446
299.407
299.361
299.308
299.246
299.176
299.097
299.006
298.905
298.791
298.664
298.524
298.37
298.203
298.023
297.831
297.628
297.418
297.201
296.981
296.76
296.542
296.329
296.123
298.955
299.014
299.062
299.1
299.128
299.146
299.156
299.157
299.151
299.137
299.114
299.081
299.035
298.976
298.905
298.822
298.728
298.622
298.504
298.376
298.236
298.085
297.925
297.755
297.576
297.389
297.195
296.996
296.794
296.589
296.385
296.184
295.986
295.795
295.612
295.438
297.516
297.601
297.676
297.741
297.797
297.842
297.877
297.902
297.916
297.922
297.916
297.897
297.866
297.824
297.77
297.705
297.629
297.541
297.443
297.336
297.218
297.092
296.957
296.814
296.665
296.51
296.349
296.186
296.02
295.853
295.688
295.524
295.365
295.211
295.064
294.923
298.919
298.893
298.867
298.841
298.815
298.788
298.755
298.714
298.665
298.606
298.536
298.454
298.889
298.842
298.801
298.763
298.73
298.7
298.674
298.651
298.629
298.61
298.59
298.569
298.541
298.504
298.457
298.398
298.327
298.24
298.916
298.874
298.835
298.799
298.767
298.737
298.71
298.685
298.661
298.639
298.617
298.59
298.556
298.514
298.462
298.399
298.323
298.233
298.128
298.009
297.873
297.724
297.561
297.386
297.202
297.011
296.816
296.619
296.423
296.232
299.05
299.041
299.027
299.009
298.989
298.967
298.944
298.92
298.894
298.867
298.839
298.809
298.769
298.722
298.666
298.601
298.524
298.437
298.336
298.223
298.096
297.955
297.801
297.634
297.457
297.269
297.075
296.875
296.672
296.47
296.27
296.075
295.887
298.528
298.588
298.638
298.677
298.707
298.729
298.742
298.749
298.748
298.741
298.728
298.709
298.681
298.643
298.595
298.535
298.462
298.376
298.278
298.166
298.042
297.906
297.758
297.598
297.429
297.25
297.063
296.87
296.673
296.474
296.276
296.08
295.888
295.703
295.526
297.413
297.501
297.58
297.649
297.708
297.757
297.796
297.826
297.846
297.856
297.858
297.851
297.832
297.801
297.756
297.695
297.623
297.537
297.44
297.332
297.213
297.084
296.946
296.799
296.646
296.486
296.322
296.154
295.985
295.816
295.648
295.484
295.324
295.17
295.024
294.885
296.127
296.209
296.285
296.353
296.414
296.466
296.51
296.545
296.571
296.587
296.599
296.601
296.591
296.569
296.538
296.498
296.449
296.39
296.322
296.245
296.16
296.068
295.968
295.861
295.749
295.632
295.511
295.388
295.262
295.136
295.011
294.888
294.768
294.652
294.541
294.436
298.207
298.21
298.207
298.198
298.184
298.163
298.128
298.081
298.022
297.95
297.864
297.764
298.419
298.423
298.421
298.415
298.405
298.392
298.376
298.358
298.337
298.314
298.284
298.241
298.185
298.116
298.035
297.941
297.834
297.714
298.38
298.389
298.391
298.389
298.382
298.372
298.358
298.342
298.322
298.299
298.267
298.222
298.165
298.095
298.013
297.918
297.81
297.689
297.556
297.412
297.257
297.092
296.92
296.741
296.559
296.374
296.189
296.007
295.829
295.657
297.953
298.007
298.052
298.087
298.114
298.134
298.146
298.151
298.15
298.143
298.13
298.107
298.072
298.025
297.965
297.893
297.807
297.708
297.596
297.472
297.336
297.189
297.033
296.868
296.696
296.519
296.339
296.158
295.977
295.8
295.626
295.459
295.3
297.129
297.213
297.288
297.353
297.408
297.455
297.493
297.521
297.54
297.551
297.553
297.546
297.528
297.498
297.455
297.398
297.327
297.243
297.146
297.038
296.918
296.787
296.648
296.501
296.347
296.188
296.025
295.861
295.697
295.534
295.375
295.221
295.073
294.932
296.085
296.166
296.24
296.306
296.364
296.414
296.455
296.488
296.511
296.526
296.535
296.534
296.523
296.499
296.462
296.415
296.356
296.288
296.21
296.122
296.026
295.923
295.813
295.697
295.576
295.452
295.325
295.198
295.071
294.945
294.822
294.703
294.589
294.481
294.378
295.085
295.148
295.207
295.26
295.307
295.349
295.384
295.411
295.432
295.445
295.454
295.455
295.448
295.433
295.411
295.383
295.347
295.305
295.256
295.201
295.14
295.073
295.001
294.924
294.844
294.761
294.675
294.589
294.501
294.414
294.328
294.245
294.164
294.086
294.013
296.981
297.01
297.031
297.042
297.045
297.037
297.017
296.984
296.938
296.879
296.808
296.723
297.236
297.291
297.337
297.374
297.402
297.423
297.436
297.441
297.438
297.428
297.4
297.359
297.305
297.237
297.156
297.062
296.956
296.838
297.17
297.227
297.274
297.313
297.343
297.365
297.38
297.386
297.384
297.375
297.349
297.309
297.256
297.19
297.11
297.018
296.914
296.799
296.674
296.54
296.398
296.251
296.099
295.943
295.787
295.631
295.477
295.326
295.181
295.041
296.537
296.618
296.69
296.754
296.81
296.856
296.895
296.924
296.945
296.957
296.96
296.953
296.933
296.902
296.858
296.802
296.732
296.651
296.558
296.454
296.341
296.219
296.09
295.954
295.815
295.672
295.527
295.383
295.241
295.102
294.967
294.838
294.715
295.745
295.828
295.904
295.974
296.037
296.092
296.14
296.179
296.21
296.232
296.245
296.25
296.247
296.233
296.209
296.172
296.125
296.067
295.999
295.921
295.834
295.739
295.637
295.529
295.416
295.299
295.179
295.059
294.939
294.821
294.705
294.593
294.486
294.384
294.945
295.011
295.072
295.129
295.18
295.226
295.265
295.297
295.323
295.341
295.351
295.358
295.356
295.346
295.327
295.3
295.266
295.224
295.175
295.119
295.057
294.989
294.916
294.838
294.757
294.674
294.589
294.503
294.417
294.331
294.248
294.167
294.09
294.016
293.946
294.26
294.306
294.349
294.39
294.426
294.459
294.487
294.511
294.529
294.542
294.551
294.555
294.554
294.549
294.539
294.525
294.505
294.482
294.453
294.421
294.384
294.344
294.3
294.252
294.202
294.15
294.096
294.041
293.986
293.93
293.875
293.822
293.77
293.72
293.672
295.665
295.701
295.728
295.747
295.757
295.758
295.75
295.733
295.706
295.67
295.623
295.568
295.843
295.911
295.972
296.024
296.068
296.104
296.131
296.149
296.158
296.156
296.142
296.117
296.082
296.036
295.979
295.913
295.837
295.752
295.789
295.856
295.916
295.968
296.012
296.048
296.075
296.093
296.102
296.1
296.087
296.064
296.031
295.987
295.933
295.868
295.795
295.712
295.622
295.525
295.423
295.316
295.205
295.093
294.98
294.867
294.756
294.648
294.543
294.443
295.245
295.319
295.387
295.449
295.505
295.554
295.597
295.631
295.658
295.676
295.686
295.687
295.68
295.664
295.639
295.604
295.56
295.507
295.446
295.377
295.3
295.218
295.129
295.037
294.941
294.842
294.743
294.644
294.546
294.45
294.357
294.268
294.183
294.658
294.722
294.782
294.839
294.89
294.937
294.979
295.014
295.043
295.065
295.08
295.088
295.09
295.086
295.074
295.054
295.028
294.994
294.953
294.906
294.852
294.793
294.729
294.66
294.588
294.514
294.437
294.359
294.282
294.205
294.13
294.057
293.987
293.92
294.129
294.175
294.219
294.26
294.298
294.332
294.362
294.388
294.409
294.425
294.435
294.442
294.443
294.439
294.431
294.418
294.4
294.377
294.35
294.318
294.282
294.242
294.199
294.153
294.105
294.054
294.003
293.95
293.898
293.846
293.794
293.744
293.696
293.65
293.607
293.706
293.736
293.765
293.792
293.818
293.84
293.86
293.877
293.891
293.902
293.908
293.912
293.914
293.913
293.909
293.903
293.894
293.882
293.867
293.85
293.83
293.808
293.783
293.756
293.728
293.698
293.667
293.635
293.603
293.57
293.538
293.506
293.476
293.446
293.417
294.587
294.616
294.639
294.656
294.666
294.67
294.669
294.661
294.648
294.63
294.605
294.574
294.677
294.732
294.782
294.826
294.865
294.897
294.923
294.941
294.951
294.953
294.949
294.938
294.92
294.896
294.865
294.827
294.783
294.734
294.644
294.698
294.747
294.79
294.828
294.86
294.885
294.903
294.913
294.916
294.912
294.902
294.885
294.862
294.832
294.796
294.754
294.706
294.653
294.596
294.534
294.47
294.403
294.334
294.265
294.195
294.126
294.059
293.993
293.93
294.283
294.336
294.386
294.432
294.474
294.513
294.546
294.574
294.596
294.613
294.622
294.626
294.625
294.619
294.606
294.589
294.565
294.536
294.502
294.463
294.419
294.371
294.319
294.265
294.208
294.15
294.09
294.031
293.971
293.913
293.856
293.802
293.75
293.7
293.654
293.913
293.955
293.996
294.034
294.07
294.103
294.132
294.158
294.179
294.196
294.208
294.215
294.219
294.218
294.214
294.205
294.192
294.174
294.153
294.128
294.099
294.067
294.031
293.993
293.952
293.91
293.866
293.822
293.777
293.733
293.689
293.646
293.605
293.566
293.528
293.493
293.603
293.632
293.659
293.686
293.71
293.732
293.753
293.77
293.784
293.796
293.804
293.808
293.811
293.81
293.807
293.802
293.793
293.782
293.769
293.753
293.734
293.713
293.691
293.666
293.64
293.612
293.584
293.555
293.526
293.497
293.468
293.44
293.413
293.387
293.362
293.339
293.366
293.384
293.401
293.418
293.433
293.447
293.46
293.471
293.48
293.487
293.492
293.495
293.497
293.498
293.497
293.495
293.491
293.486
293.479
293.47
293.461
293.449
293.437
293.423
293.409
293.393
293.377
293.36
293.343
293.325
293.308
293.291
293.274
293.258
293.242
293.85
293.869
293.885
293.896
293.904
293.908
293.908
293.906
293.901
293.893
293.881
293.867
293.883
293.919
293.951
293.981
294.007
294.029
294.047
294.06
294.068
294.071
294.071
294.067
294.06
294.049
294.035
294.017
293.996
293.972
293.831
293.867
293.902
293.934
293.962
293.988
294.009
294.027
294.04
294.048
294.051
294.051
294.048
294.041
294.031
294.018
294
293.98
293.956
293.93
293.9
293.869
293.835
293.8
293.764
293.727
293.689
293.652
293.615
293.579
293.544
293.664
293.696
293.727
293.756
293.783
293.807
293.829
293.848
293.863
293.874
293.882
293.885
293.886
293.884
293.88
293.872
293.861
293.847
293.831
293.811
293.789
293.765
293.739
293.71
293.681
293.65
293.619
293.587
293.555
293.524
293.493
293.463
293.435
293.407
293.382
293.459
293.483
293.507
293.53
293.551
293.571
293.589
293.605
293.619
293.63
293.638
293.643
293.646
293.647
293.646
293.643
293.637
293.63
293.62
293.608
293.594
293.578
293.561
293.542
293.521
293.5
293.478
293.455
293.432
293.409
293.386
293.363
293.341
293.32
293.3
293.281
293.295
293.311
293.327
293.342
293.356
293.369
293.381
293.392
293.4
293.408
293.413
293.416
293.418
293.419
293.418
293.416
293.413
293.408
293.402
293.395
293.386
293.377
293.366
293.354
293.341
293.328
293.314
293.299
293.285
293.27
293.255
293.241
293.227
293.213
293.201
293.188
293.174
293.184
293.193
293.202
293.211
293.219
293.226
293.233
293.238
293.243
293.246
293.248
293.25
293.25
293.251
293.25
293.249
293.247
293.244
293.24
293.236
293.231
293.225
293.219
293.212
293.205
293.197
293.189
293.18
293.172
293.163
293.155
293.146
293.138
293.13
293.411
293.422
293.431
293.438
293.442
293.445
293.446
293.446
293.445
293.442
293.437
293.431
293.419
293.438
293.456
293.473
293.488
293.5
293.511
293.519
293.524
293.527
293.528
293.527
293.525
293.521
293.516
293.508
293.5
293.489
293.392
293.412
293.431
293.449
293.465
293.479
293.492
293.502
293.51
293.515
293.518
293.519
293.519
293.517
293.513
293.508
293.501
293.492
293.482
293.47
293.457
293.443
293.428
293.412
293.395
293.377
293.359
293.342
293.324
293.306
293.289
293.328
293.345
293.361
293.376
293.389
293.402
293.412
293.421
293.428
293.433
293.435
293.437
293.437
293.435
293.432
293.428
293.423
293.416
293.407
293.397
293.387
293.375
293.362
293.348
293.334
293.319
293.304
293.289
293.274
293.259
293.244
293.23
293.217
293.204
293.235
293.247
293.258
293.269
293.279
293.288
293.295
293.302
293.307
293.31
293.312
293.313
293.313
293.312
293.31
293.307
293.303
293.299
293.293
293.286
293.278
293.27
293.261
293.251
293.241
293.23
293.22
293.209
293.198
293.187
293.177
293.167
293.157
293.148
293.148
293.156
293.163
293.17
293.176
293.182
293.187
293.191
293.194
293.196
293.197
293.198
293.198
293.198
293.197
293.195
293.193
293.19
293.186
293.182
293.178
293.173
293.167
293.161
293.155
293.148
293.142
293.135
293.128
293.122
293.115
293.109
293.102
293.097
293.085
293.09
293.094
293.098
293.102
293.105
293.108
293.111
293.113
293.114
293.115
293.116
293.116
293.116
293.116
293.115
293.114
293.113
293.111
293.109
293.107
293.104
293.101
293.098
293.095
293.091
293.088
293.084
293.08
293.076
293.072
293.069
293.065
293.179
293.185
293.189
293.193
293.196
293.197
293.198
293.199
293.198
293.198
293.196
293.194
293.179
293.189
293.197
293.206
293.213
293.219
293.225
293.229
293.232
293.234
293.235
293.235
293.235
293.234
293.232
293.229
293.226
293.222
293.167
293.177
293.186
293.195
293.203
293.21
293.216
293.221
293.226
293.228
293.23
293.231
293.232
293.231
293.23
293.229
293.226
293.223
293.219
293.215
293.21
293.204
293.198
293.191
293.184
293.177
293.17
293.162
293.154
293.147
293.139
293.14
293.148
293.155
293.163
293.17
293.176
293.181
293.186
293.189
293.192
293.194
293.195
293.195
293.195
293.194
293.193
293.191
293.188
293.185
293.181
293.177
293.172
293.167
293.161
293.156
293.149
293.143
293.137
293.13
293.124
293.117
293.111
293.105
293.099
293.099
293.104
293.11
293.115
293.12
293.124
293.128
293.131
293.134
293.135
293.137
293.137
293.138
293.138
293.137
293.136
293.135
293.133
293.131
293.129
293.126
293.122
293.119
293.115
293.111
293.106
293.102
293.097
293.093
293.088
293.084
293.079
293.075
293.071
293.061
293.064
293.068
293.071
293.074
293.077
293.079
293.081
293.083
293.084
293.085
293.085
293.086
293.086
293.086
293.085
293.084
293.083
293.082
293.081
293.079
293.077
293.075
293.072
293.07
293.067
293.065
293.062
293.059
293.056
293.053
293.051
293.048
293.046
293.034
293.036
293.038
293.04
293.042
293.044
293.045
293.046
293.047
293.048
293.048
293.049
293.049
293.049
293.049
293.049
293.049
293.049
293.048
293.047
293.046
293.045
293.044
293.043
293.042
293.04
293.039
293.037
293.036
293.034
293.033
293.031
293.03
293.07
293.073
293.075
293.077
293.078
293.079
293.079
293.08
293.08
293.08
293.08
293.079
293.078
293.069
293.073
293.077
293.081
293.084
293.087
293.089
293.091
293.093
293.093
293.094
293.095
293.095
293.095
293.094
293.093
293.093
293.091
293.064
293.068
293.072
293.076
293.08
293.083
293.086
293.088
293.09
293.091
293.092
293.093
293.093
293.094
293.093
293.093
293.092
293.091
293.09
293.089
293.087
293.085
293.083
293.081
293.078
293.075
293.073
293.07
293.067
293.064
293.061
293.054
293.057
293.06
293.064
293.067
293.069
293.072
293.074
293.076
293.077
293.078
293.078
293.079
293.079
293.079
293.078
293.078
293.077
293.076
293.075
293.073
293.072
293.07
293.068
293.066
293.063
293.061
293.059
293.056
293.054
293.051
293.049
293.046
293.044
293.037
293.04
293.042
293.044
293.046
293.048
293.05
293.051
293.053
293.054
293.054
293.055
293.055
293.055
293.055
293.055
293.055
293.054
293.053
293.052
293.051
293.05
293.049
293.048
293.046
293.045
293.043
293.041
293.04
293.038
293.036
293.034
293.033
293.031
293.023
293.024
293.026
293.027
293.028
293.029
293.03
293.031
293.032
293.033
293.033
293.033
293.034
293.034
293.034
293.034
293.034
293.033
293.033
293.032
293.032
293.031
293.03
293.03
293.029
293.028
293.027
293.026
293.025
293.024
293.023
293.022
293.021
293.02
293.012
293.013
293.014
293.015
293.016
293.016
293.017
293.017
293.018
293.018
293.018
293.019
293.019
293.019
293.019
293.019
293.019
293.019
293.019
293.019
293.018
293.018
293.018
293.017
293.017
293.016
293.016
293.015
293.015
293.014
293.014
293.013
293.012
293.025
293.026
293.027
293.027
293.028
293.028
293.029
293.029
293.029
293.029
293.029
293.029
293.029
293.024
293.025
293.027
293.028
293.03
293.031
293.032
293.033
293.033
293.034
293.034
293.034
293.034
293.034
293.034
293.034
293.034
293.034
293.022
293.024
293.025
293.027
293.028
293.029
293.03
293.031
293.032
293.033
293.033
293.034
293.034
293.034
293.034
293.034
293.034
293.034
293.033
293.033
293.033
293.032
293.031
293.031
293.03
293.029
293.028
293.027
293.026
293.025
293.024
293.018
293.02
293.021
293.022
293.023
293.024
293.025
293.026
293.027
293.028
293.028
293.028
293.028
293.029
293.029
293.029
293.029
293.028
293.028
293.028
293.027
293.027
293.026
293.026
293.025
293.024
293.023
293.023
293.022
293.021
293.02
293.019
293.018
293.018
293.013
293.014
293.014
293.015
293.016
293.017
293.018
293.018
293.019
293.019
293.019
293.02
293.02
293.02
293.02
293.02
293.02
293.02
293.02
293.019
293.019
293.019
293.018
293.018
293.017
293.017
293.016
293.016
293.015
293.015
293.014
293.013
293.013
293.012
293.007
293.008
293.009
293.009
293.01
293.01
293.01
293.011
293.011
293.011
293.012
293.012
293.012
293.012
293.012
293.012
293.012
293.012
293.012
293.012
293.012
293.011
293.011
293.011
293.011
293.01
293.01
293.01
293.009
293.009
293.009
293.008
293.008
293.008
293.004
293.004
293.005
293.005
293.005
293.005
293.006
293.006
293.006
293.006
293.006
293.006
293.006
293.007
293.007
293.007
293.007
293.007
293.007
293.007
293.006
293.006
293.006
293.006
293.006
293.006
293.006
293.006
293.005
293.005
293.005
293.005
293.005
293.004
293.008
293.008
293.008
293.009
293.009
293.009
293.009
293.009
293.009
293.009
293.009
293.009
293.009
293.007
293.008
293.008
293.009
293.009
293.01
293.01
293.01
293.011
293.011
293.011
293.011
293.011
293.011
293.011
293.011
293.011
293.011
293.007
293.007
293.008
293.008
293.009
293.009
293.01
293.01
293.01
293.011
293.011
293.011
293.011
293.011
293.011
293.011
293.011
293.011
293.011
293.011
293.011
293.011
293.011
293.01
293.01
293.01
293.01
293.009
293.009
293.009
293.009
293.006
293.006
293.006
293.007
293.007
293.008
293.008
293.008
293.009
293.009
293.009
293.009
293.009
293.009
293.009
293.009
293.009
293.009
293.009
293.009
293.009
293.009
293.009
293.009
293.008
293.008
293.008
293.008
293.008
293.007
293.007
293.007
293.007
293.006
293.004
293.004
293.004
293.005
293.005
293.005
293.005
293.006
293.006
293.006
293.006
293.006
293.006
293.006
293.006
293.006
293.006
293.006
293.006
293.006
293.006
293.006
293.006
293.006
293.006
293.006
293.006
293.005
293.005
293.005
293.005
293.005
293.005
293.004
293.002
293.002
293.002
293.003
293.003
293.003
293.003
293.003
293.003
293.003
293.004
293.004
293.004
293.004
293.004
293.004
293.004
293.004
293.004
293.004
293.004
293.004
293.004
293.004
293.003
293.003
293.003
293.003
293.003
293.003
293.003
293.003
293.003
293.003
293.001
293.001
293.001
293.001
293.001
293.001
293.002
293.002
293.002
293.002
293.002
293.002
293.002
293.002
293.002
293.002
293.002
293.002
293.002
293.002
293.002
293.002
293.002
293.002
293.002
293.002
293.002
293.002
293.002
293.002
293.002
293.002
293.002
293.001
293.002
293.002
293.002
293.002
293.002
293.002
293.002
293.003
293.003
293.003
293.002
293.002
293.002
293.002
293.002
293.003
293.003
293.003
293.003
293.003
293.003
293.003
293.003
293.003
293.003
293.003
293.002
293.002
293.002
293.002
293.002
293.002
293.002
293.002
293.002
293.002
293.003
293.003
293.003
293.003
293.003
293.003
293.003
293.003
293.003
293.003
293.003
293.003
293.001
293.001
293.001
293.001
293.001
293.001
293.001
293.002
293.002
293.002
293.002
293.002
293.002
293.002
293.002
293.002
293.002
293.002
293.002
293.002
293.002
293.002
293
293.001
293.001
293.001
293.001
293.001
293.001
293.001
293.001
293.001
293.001
293.001
293.001
293.001
293.001
293.001
293.001
293.001
293.001
293.001
293.001
293.001
293.001
293
293
293
293
293
293
293
293
293
293
293
293
293
293
293
293
293
293
293
293
293
293
293
293
293
293
293
293
293.001
293.001
293
293
293
293
293
293.001
293.001
293
293
293
293
293
293
293
293
293
293
293
293.001
293.001
293.001
293.001
293.001
293.001
293.001
293.001
293.001
293.001
293.001
293
293
293
293
293
293
293
293
293
293
293
293
293
293
293
293
293
293
293
293
293
293
293
293
293
293
293
293
293
293
293
293
293
293
293
293
293
293
293
293
293
293
293
293
293
293
293
293
293
293
293
293
293
293
293
293
293
293
293
293
293
293
293
)
;

boundaryField
{
    inlet
    {
        type            fixedValue;
        value           nonuniform List<scalar> 0();
    }
    outlet
    {
        type            inletOutlet;
        inletValue      nonuniform List<scalar> 0();
        value           nonuniform List<scalar> 0();
    }
    walls
    {
        type            zeroGradient;
    }
    fluid_to_solid
    {
        type            compressible::turbulentTemperatureCoupledBaffleMixed;
        refValue        nonuniform List<scalar> 0();
        refGradient     nonuniform List<scalar> 0();
        valueFraction   nonuniform List<scalar> 0();
        source          nonuniform List<scalar> 0();
        value           nonuniform List<scalar> 0();
        Tnbr            T;
        kappaMethod     fluidThermo;
    }
    procBoundary3to0
    {
        type            processor;
        value           nonuniform List<scalar> 
909
(
293
293
293
293
293
293
293
293
293
293
293
293
293
293
293
293
293
293
293
293
293
293
293
293
293
293
293
293
293
293
293
293
293
293
293
293
293
293
293
293
293
293
293
293
293
293
293
293
293
293
293
293
293
293
293
293
293
293
293
293
293
293
293
293
293
293
293
293
293
293
293
293
293
293
293
293
293
293
293
293
293
293
293
293
293
293
293
293
293
293
293
293
293
293
293
293
293
293
293
293
293
293
293
293
293
293
293
293
293
293
293
293
293
293
293
293
293
293
293
293
293
293
293
293
293
293
293
293
293
293
293
293
293
293
293
293
293
293
293
293
293
293
293
293
293
293
293
293
293
293
293
293
293
293
293
293
293
293
293
293
293
293
293
293
293
293
293
293
293
293
293
293
293
293
293
293
293
293
293
293
293
293
293
293
293
293
293
293
293
293
293
293
293
293
293
293
293
293
293
293
293
293
293
293
293
293
293
293
293
293
293
293
293
293
293
293
293
293
293
293
293
293
293
293
293
293
293
293
293
293
293
293
293
293
293
293
293
293
293
293
293
293
293
293
293
293
293
293
293
293
293
293
293
293
293
293
293
293
293
293
293
293
293
293
293
293
293
293
293
293
293
293
293
293
293
293
293
293
293
293
293
293
293
293
293
293
293
293
293
293
293
293
293
293
293
293
293
293
293
293
293
293
293
293
293
293
293
293
293
293
293
293
293
293
293
293
293
293
293
293
293
293
293
293
293
293
293
293
293
293
293
293
293
293
293
293
293
293
293
293
293
293
293
293
293
293
293
293
293
293
293
293
293
293
293
293
293
293
293
293
293
293
293
293
293
293
293
293
293
293
293
293
293
293
293
293
293
293
293
293
293
293
293
293
293
293
293
293
293
293
293
293
293
293
293
293
293
293
293
293
293
293
293
293
293
293
293
293
293
293
293
293
293
293
293
293
293
293
293
293
293
293
293
293
293
293
293
293
293
293
293
293
293
293
293
293
293
293
293
293
293
293
293
293
293
293
293
293
293
293
293
293
293
293
293
293
293
293
293
293
293
293
293
293
293
293
293
293
293
293
293
293
293
293
293
293
293
293
293
293
293
293
293
293
293
293
293
293
293
293
293
293
293
293
293
293
293
293
293
293
293
293
293
293
293
293
293
293
293
293
293
293
293
293
293
293
293
293
293
293
293
293
293
293
293
293
293
293
293
293
293
293
293
293
293
293
293
293
293
293
293
293
293
293
293
293
293
293
293
293
293
293
293
293
293
293
293
293
293
293
293
293
293
293
293
293
293
293
293
293
293
293
293
293
293
293
293
293
293
293
293
293
293
293
293
293
293
293
293
293
293
293
293
293
293
293
293
293
293
293
293
293
293
293
293
293
293
293
293
293
293
293
293
293
293
293
293
293
293
293
293
293
293
293
293
293
293
293
293
293
293
293
293
293
293
293
293
293
293
293
293
293
293
293
293
293
293
293
293
293
293
293
293
293
293
293
293
293
293
293
293
293
293
293
293
293
293
293
293
293
293
293
293
293
293
293
293
293
293
293
293
293
293
293
293
293
293
293
293
293
293
293
293
293
293
293
293
293
293
293
293
293
293
293
293
293
293
293
293
293
293
293
293
293
293
293
293
293
293
293
293
293
293
293
293
293
293
293
293
293
293
293
293
293
293
293
293
293
293
293
293
293
293
293
293
293
293
293
293
293
293
293
293
293
293
293
293
293
293
293
293
293
293
293
293
293
293
293
293
293
293
293
293
293
293
293
293
293
293
293
293
293
293
293
293
293
293
293
293
293
293
293
293
293
293
293
293
293
293
293
293
293
293.003
293.002
293.002
293.002
293.002
293.002
293.002
293.002
293.002
293.002
293.002
293.002
293.002
293.002
293.002
293.002
293.002
293.001
293.001
293.001
293.001
293.001
293.001
293.001
293.001
293.001
293.001
293.001
293.001
293.001
293.001
293.001
293
293
293
293
293
293
293
293
293
293
293.003
293.002
293.002
293
293.001
293
293
293
293
293
293
293
293
293
293
293
293
293
293
293
293
293
293.001
293
293
293
293
293
293
293
293
293
293
293
293
293
293
293
293
293
293
293
293
293
293
293
293
293
293
293
293
293
293
293
293
293
293
293
293
293
293
293
293
293
293
)
;
    }
    procBoundary3to2
    {
        type            processor;
        value           nonuniform List<scalar> 
983
(
298.072
298.147
298.067
297.9
297.668
297.382
297.055
296.701
296.33
295.95
295.563
295.17
294.771
294.37
293.981
293.63
293.35
293.163
293.062
293.019
293.005
293.001
293
293
293
298.735
298.835
298.836
298.769
298.635
298.426
298.127
297.73
297.239
296.68
296.1
295.553
295.07
294.642
294.239
293.844
293.491
293.233
293.086
293.024
293.005
293.001
293
293
293
299.031
299.119
299.127
299.077
298.958
298.744
298.392
297.847
297.091
296.197
295.321
295.321
294.635
294.635
294.204
294.204
293.96
293.96
293.769
293.769
293.557
293.557
293.335
293.335
293.157
293.157
293.055
293.055
293.014
293.014
293.003
293.003
293
293
293
293
293
293
293
293
298.956
298.993
298.963
298.881
298.736
298.495
298.108
297.5
296.618
295.577
295.577
295.577
294.543
293.911
293.572
293.425
293.341
293.251
293.15
293.068
293.023
293.005
293.001
293
293
293
293
298.544
298.507
298.41
298.304
298.17
297.966
297.628
297.075
296.223
296.223
295.056
294.201
293.614
293.303
293.175
293.123
293.087
293.051
293.022
293.007
293.001
293
293
293
293
293
297.944
297.857
297.761
297.676
297.616
297.496
297.238
296.747
295.935
295.935
294.826
294.031
293.492
293.206
293.086
293.043
293.026
293.014
293.006
293.002
293
293
293
293
293
293
297.911
297.78
297.684
297.599
297.49
297.305
296.969
296.4
295.591
295.591
295.591
294.584
293.883
293.413
293.163
293.057
293.02
293.008
293.003
293.001
293
293
293
293
293
293
293
297.944
297.804
297.674
297.53
297.336
297.043
296.6
295.975
295.975
295.046
294.314
293.72
293.333
293.129
293.043
293.012
293.003
293.001
293
293
293
293
293
293
293
293
297.899
297.718
297.531
297.31
297.024
296.64
296.127
295.484
295.484
294.642
294.02
293.545
293.248
293.095
293.031
293.008
293.002
293
293
293
293
293
293
293
293
293
297.812
297.812
297.576
297.576
297.322
297.322
297.025
297.025
296.661
296.661
296.205
296.205
295.647
295.647
295.009
295.009
295.009
294.27
293.756
293.391
293.173
293.066
293.021
293.006
293.001
293
293
293
293
293
293
293
293
293
297.704
297.587
297.469
297.36
297.617
297.776
297.553
297.428
297.648
298.18
297.85
297.865
297.684
297.672
297.993
298.562
297.987
298.02
297.915
297.924
298.204
298.661
298.152
298.186
298.118
298.05
298.178
298.441
298.33
298.347
298.37
298.246
298.105
298.046
298.48
298.47
298.612
298.565
298.387
298.142
298.543
298.763
298.761
298.558
298.238
298.568
298.839
298.878
298.65
298.272
298.535
298.535
298.859
298.859
298.941
298.941
298.708
298.708
298.28
298.28
297.498
297.195
296.87
296.506
296.091
295.616
295.087
294.534
294.015
293.593
293.302
293.133
293.05
293.016
293.004
293.001
293
293
293
293
293
293
293
293
293
297.356
297.029
296.676
296.286
295.851
295.369
294.853
294.335
293.868
293.5
293.5
293.252
293.252
293.11
293.11
293.041
293.041
293.013
293.013
293.003
293.003
293.001
293.001
293
293
293
293
293
293
293
293
293
293
293
293
293
293
293
293
293
293
297.147
297.147
296.8
296.8
296.427
296.427
296.019
296.019
295.574
295.574
295.097
295.097
294.605
294.605
294.132
294.132
293.721
293.721
293.721
293.381
293.191
293.083
293.031
293.01
293.002
293
293
293
293
293
293
293
293
293
293
296.629
297.526
296.281
295.913
295.519
295.102
294.673
294.25
293.863
293.54
293.303
293.15
293.064
293.024
293.007
293.002
293
293
293
293
293
293
293
293
293
293
296.266
296.266
295.922
295.922
295.562
295.562
295.183
295.183
294.791
294.791
294.397
294.397
294.022
294.022
293.69
293.69
293.424
293.424
293.233
293.233
293.113
293.113
293.048
293.048
293.018
293.018
293.005
293.005
293.001
293.001
293
293
293
293
293
293
293
293
293
293
293
293
293
293
293
293
293
293
295.652
295.34
295.021
294.693
294.362
294.04
293.745
293.493
293.297
293.161
293.078
293.033
293.012
293.004
293.001
293
293
293
293
293
293
293
293
293
293
293
293
293
295.221
294.938
294.652
294.364
294.078
293.808
293.567
293.367
293.217
293.115
293.054
293.022
293.008
293.002
293
293
293
293
293
293
293
293
293
293
293
294.787
294.541
294.297
294.054
293.82
293.603
293.414
293.262
293.152
293.079
293.036
293.015
293.005
293.001
293
293
293
293
293
293
293
293
293
293
293
294.375
294.172
293.973
293.779
293.595
293.429
293.288
293.179
293.101
293.051
293.023
293.009
293.003
293.001
293
293
293
293
293
293
293
293
293
293
293
294.007
293.848
293.695
293.548
293.412
293.291
293.191
293.116
293.064
293.032
293.014
293.005
293.002
293
293
293
293
293
293
293
293
293
293
293
293
293.699
293.582
293.47
293.365
293.269
293.186
293.12
293.071
293.038
293.018
293.008
293.003
293.001
293
293
293
293
293
293
293
293
293
293
293
293
293.457
293.376
293.3
293.229
293.166
293.113
293.071
293.041
293.021
293.01
293.004
293.001
293
293
293
293
293
293
293
293
293
293
293
293
293
293.281
293.228
293.18
293.135
293.096
293.064
293.039
293.022
293.011
293.005
293.002
293.001
293
293
293
293
293
293
293
293
293
293
293
293
293
293.161
293.13
293.101
293.075
293.052
293.034
293.02
293.011
293.005
293.002
293.001
293
293
293
293
293
293
293
293
293
293
293
293
293
293
293.086
293.068
293.052
293.038
293.026
293.017
293.01
293.005
293.002
293.001
293
293
293
293
293
293
293
293
293
293
293
293
293
293
293
293.042
293.033
293.025
293.018
293.012
293.007
293.004
293.002
293.001
293
293
293
293
293
293
293
293
293
293
293
293
293
293
293
293
293.019
293.015
293.011
293.008
293.005
293.003
293.002
293.001
293
293
293
293
293
293
293
293
293
293
293
293
293
293
293
293
293
293.008
293.006
293.004
293.003
293.002
293.001
293.001
293
293
293
293
293
293
293
293
293
293
293
293
293
293
293
293
293
293
293.003
293.003
293.002
293.002
293.001
293.001
293
293
293
293
293
293
293
293
293
293
293
293
293
293
293
293
293
293
293
293
293.001
293.001
293.001
293
298.328
298.678
298.796
298.561
298.08
298.24
298.582
298.707
298.473
297.976
298.126
298.442
298.556
298.312
297.796
298.254
298.254
298.335
298.335
298.066
298.066
297.526
297.526
297.815
297.808
297.483
297.483
296.923
296.923
297.507
297.426
297.426
296.819
296.263
297.143
296.977
296.977
296.334
295.784
296.719
296.472
296.472
295.81
295.283
296.238
295.925
295.925
295.274
294.791
295.707
295.357
295.357
294.755
294.336
295.149
294.799
294.799
294.282
293.943
294.599
294.287
294.287
293.881
293.627
294.103
294.103
294.028
293.857
293.857
293.857
293.798
293.566
293.566
293.39
293.61
293.46
293.317
293.227
293.227
293.357
293.263
293.177
293.123
293.123
293.192
293.139
293.091
293.061
293.061
293.094
293.067
293.043
293.028
293.028
293.042
293.03
293.019
293.012
293.012
293.012
293.017
293.012
293.007
293.004
293.006
293.004
293.003
293.001
)
;
    }
    procBoundary3to5
    {
        type            processor;
        value           nonuniform List<scalar> 
879
(
297.741
297.738
297.736
297.733
297.73
297.726
297.723
297.719
297.716
297.711
297.707
297.701
297.694
297.685
297.675
297.662
297.652
297.652
297.644
297.636
297.628
297.724
297.724
297.719
297.714
297.813
297.811
297.809
297.806
297.804
297.802
297.799
297.797
297.795
297.793
297.791
297.789
297.788
297.785
297.783
297.779
297.967
297.957
297.947
297.935
297.921
297.907
297.892
297.876
297.859
297.842
297.825
297.674
297.809
297.674
297.658
297.641
297.625
297.798
297.798
297.798
297.791
297.791
297.783
297.783
297.93
297.929
297.928
297.927
298.147
298.147
298.144
297.967
298.141
297.967
297.957
297.947
297.935
297.921
297.907
297.892
297.876
297.859
297.842
297.825
297.809
297.792
297.777
297.762
297.745
297.725
297.701
297.677
298.147
298.147
298.144
298.141
298.136
298.129
298.12
298.11
298.099
298.086
298.072
298.056
298.04
298.024
298.007
297.991
297.976
297.963
297.949
297.934
297.918
297.899
297.879
298.264
298.271
298.278
298.284
298.29
298.294
298.297
298.297
298.296
298.293
298.287
298.278
298.267
298.253
298.238
298.22
298.202
298.182
298.162
298.143
298.123
298.103
298.082
298.06
298.237
298.255
298.276
298.298
298.322
298.347
298.371
298.395
298.417
298.438
298.455
298.469
298.479
298.484
298.485
298.482
298.473
298.461
298.445
298.425
298.401
298.373
298.343
298.309
298.088
298.096
298.11
298.131
298.16
298.197
298.24
298.287
298.336
298.387
298.439
298.492
298.541
298.583
298.62
298.65
298.673
298.688
298.694
298.693
298.683
298.663
298.632
298.591
298.621
298.102
298.104
298.109
298.115
298.123
298.135
298.15
298.171
298.197
298.233
298.286
298.36
298.439
298.514
298.585
298.653
298.713
298.763
298.802
298.829
298.843
298.84
298.816
298.745
298.621
298.718
298.621
298.174
298.18
298.187
298.196
298.207
298.22
298.236
298.254
298.276
298.301
298.332
298.371
298.419
298.476
298.542
298.618
298.699
298.776
298.837
298.888
298.924
298.745
298.774
298.745
298.718
298.673
298.263
298.263
298.277
298.277
298.293
298.293
298.31
298.31
298.33
298.351
298.374
298.399
298.427
298.457
298.491
298.528
298.569
298.615
298.666
298.722
298.782
298.842
298.899
298.949
298.596
298.636
298.676
298.715
298.748
298.774
298.769
298.774
298.765
298.729
298.669
298.519
298.544
298.569
298.595
298.47
298.47
298.47
298.502
298.502
298.535
298.535
298.569
298.569
298.605
298.605
298.642
298.642
298.682
298.724
298.768
298.814
298.596
298.611
298.596
298.636
298.676
298.715
298.748
298.769
298.768
298.741
298.685
298.603
298.502
298.648
298.681
298.714
298.744
298.775
298.807
298.84
298.873
298.909
298.948
298.793
298.793
298.836
298.879
298.611
298.611
298.646
298.68
298.712
298.74
298.761
298.768
298.751
298.708
298.636
298.539
298.424
298.828
298.867
298.906
298.944
298.979
299.014
299.05
299.088
299.127
299.168
298.908
298.908
298.908
298.949
298.989
298.655
298.655
298.685
298.713
298.737
298.755
298.762
298.75
298.715
298.651
298.561
298.448
298.318
299.06
299.1
299.14
299.18
299.219
299.256
299.293
299.33
299.367
299.402
299.435
299.048
299.048
299.08
298.682
298.682
298.708
298.73
298.745
298.75
298.739
298.708
298.65
298.565
298.455
298.324
298.179
297.981
299.319
299.353
299.387
299.421
299.455
299.487
299.518
299.546
299.572
299.592
299.608
299.11
299.11
299.133
298.691
298.691
298.71
298.723
298.726
298.715
298.684
298.629
298.547
298.439
298.31
298.162
298.002
297.8
297.8
299.547
299.567
299.588
299.609
299.629
299.647
299.663
299.675
299.681
299.681
299.673
299.12
299.12
299.13
298.678
298.678
298.688
298.688
298.674
298.641
298.585
298.503
298.396
298.266
298.117
297.954
297.78
297.575
297.575
299.689
299.688
299.688
299.69
299.691
299.692
299.69
299.684
299.673
299.656
299.63
299.595
299.071
299.071
299.063
298.641
298.641
298.636
298.615
298.576
298.515
298.429
298.32
298.187
298.036
297.868
297.689
297.504
297.296
297.296
299.727
299.702
299.68
299.659
299.639
299.617
299.591
299.56
299.522
299.477
299.422
299.357
298.958
298.958
298.925
298.572
298.572
298.539
298.487
298.414
298.319
298.201
298.062
297.905
297.733
297.549
297.357
297.162
296.952
296.952
299.5
299.47
299.439
299.408
299.374
299.334
299.288
299.234
299.172
299.1
299.017
298.922
298.752
298.752
298.681
298.432
298.432
298.359
298.266
298.153
298.022
297.872
297.706
297.527
297.338
297.142
296.943
296.745
296.536
296.536
298.789
298.78
298.765
298.745
298.718
298.681
298.634
298.576
298.506
298.423
298.327
298.217
298.359
298.359
298.25
298.139
298.139
298.021
297.888
297.739
297.577
297.402
297.218
297.027
296.831
296.634
296.438
296.246
296.045
296.045
297.624
297.634
297.635
297.628
297.609
297.578
297.534
297.477
297.404
297.318
297.219
297.651
297.651
297.526
297.581
297.581
297.436
297.281
297.116
296.943
296.763
296.58
296.394
296.208
296.025
295.845
295.672
295.491
295.491
296.29
296.312
296.326
296.331
296.327
296.312
296.287
296.249
296.2
296.14
296.069
296.627
296.627
296.52
296.711
296.711
296.575
296.431
296.281
296.127
295.97
295.811
295.653
295.497
295.345
295.198
295.056
294.908
294.908
295.099
295.122
295.138
295.145
295.148
295.143
295.13
295.11
295.082
295.046
295.004
295.504
295.504
295.431
295.659
295.659
295.559
295.454
295.345
295.232
295.118
295.002
294.888
294.775
294.665
294.558
294.457
294.348
294.348
294.211
294.229
294.242
294.249
294.252
294.252
294.247
294.237
294.223
294.205
294.183
294.538
294.538
294.497
294.679
294.679
294.62
294.557
294.491
294.422
294.352
294.281
294.21
294.139
294.071
294.004
293.94
293.87
293.87
293.813
293.759
293.635
293.646
293.655
293.66
293.663
293.664
293.663
293.659
293.653
293.645
293.635
293.85
293.85
293.829
293.944
293.944
293.914
293.882
293.847
293.811
293.774
293.736
293.698
293.66
293.622
293.586
293.55
293.511
293.511
293.479
293.449
293.302
293.309
293.314
293.317
293.319
293.32
293.32
293.319
293.317
293.314
293.31
293.424
293.424
293.415
293.477
293.477
293.464
293.449
293.433
293.417
293.4
293.382
293.364
293.345
293.327
293.309
293.292
293.272
293.272
293.257
293.241
293.131
293.134
293.137
293.138
293.14
293.14
293.141
293.141
293.14
293.139
293.138
293.192
293.192
293.192
293.188
293.218
293.218
293.212
293.207
293.2
293.194
293.187
293.179
293.171
293.164
293.156
293.148
293.141
293.132
293.132
293.125
293.118
293.051
293.052
293.054
293.055
293.055
293.056
293.056
293.056
293.056
293.056
293.055
293.055
293.077
293.077
293.09
293.09
293.088
293.086
293.084
293.081
293.079
293.076
293.073
293.07
293.067
293.064
293.061
293.058
293.058
293.055
293.053
293.018
293.018
293.019
293.019
293.02
293.02
293.02
293.02
293.02
293.02
293.02
293.02
293.028
293.028
293.033
293.033
293.033
293.032
293.032
293.031
293.03
293.029
293.028
293.027
293.026
293.025
293.024
293.023
293.023
293.022
293.021
293.006
293.006
293.006
293.006
293.006
293.006
293.006
293.006
293.006
293.006
293.006
293.006
293.009
293.009
293.011
293.011
293.011
293.011
293.011
293.01
293.01
293.01
293.01
293.009
293.009
293.009
293.009
293.008
293.008
293.008
293.008
293.001
293.001
)
;
    }
    procBoundary3to6
    {
        type            processor;
        value           nonuniform List<scalar> 
79
(
293.002
293.002
293.002
293.003
293.003
293.003
293.003
293.003
293.003
293.003
293.003
293.003
293.003
293.003
293.003
293.003
293.003
293.003
293.003
293.003
293.003
293.003
293.003
293.003
293.003
293.003
293.003
293.003
293.003
293.003
293.003
293.003
293.003
293.003
293.003
293.002
293.003
293.003
293.003
293.003
293.003
293.003
293.003
293.003
293.003
293.003
293.001
293.001
293.001
293.001
293.001
293.001
293.001
293.001
293.003
293.001
293.003
293.003
293.003
293.003
293.003
293.003
293.001
293.001
293.001
293.001
293.001
293.001
293.001
293.001
293.001
293.001
293.001
293.001
293.001
293.001
293.001
293.001
293.001
)
;
    }
    procBoundary3to12
    {
        type            processor;
        value           nonuniform List<scalar> 
443
(
297.874
297.875
297.875
297.96
297.986
297.986
298.109
298.149
298.149
298.32
298.32
298.43
298.43
297.765
297.763
297.763
297.826
297.826
297.812
297.812
297.767
297.765
297.763
297.763
297.752
297.752
297.779
297.784
297.79
297.79
297.82
297.86
297.857
297.857
297.958
297.958
297.946
297.946
297.855
297.855
297.853
297.853
297.825
297.825
297.865
297.874
297.883
297.883
297.932
297.996
297.995
297.995
298.1
298.1
298.092
298.092
297.993
297.996
297.998
297.998
297.947
297.947
297.996
298.01
298.024
298.024
298.086
298.145
298.147
298.213
298.213
298.207
298.207
298.136
298.143
298.149
298.149
298.088
298.088
298.137
298.153
298.169
298.169
298.244
298.257
298.248
298.248
298.238
298.238
298.215
298.226
298.236
298.236
298.199
298.199
298.236
298.249
298.262
298.262
298.348
298.221
298.134
298.134
298.125
298.125
298.17
298.172
298.175
298.175
298.175
298.217
298.217
298.275
298.282
298.289
298.289
298.376
298.085
298.037
298.037
298.052
298.039
298.039
298.113
298.102
298.102
298.182
298.182
298.272
298.272
298.27
298.27
298.369
298.103
298.052
298.052
298.052
298.047
298.047
298.108
298.1
298.1
298.177
298.177
298.272
298.268
298.262
298.262
298.169
298.087
298.087
298.08
298.081
298.081
298.081
298.147
298.149
298.149
298.219
298.219
298.3
298.299
298.296
298.296
298.296
298.251
298.119
298.124
298.124
298.124
298.117
298.117
298.202
298.214
298.214
298.214
298.281
298.29
298.29
298.29
298.359
298.359
298.366
298.366
298.366
298.312
298.334
298.334
298.334
298.14
298.14
298.131
298.141
298.141
298.141
298.229
298.245
298.245
298.245
298.312
298.326
298.34
298.34
298.426
298.615
298.37
298.37
298.135
298.146
298.146
298.158
298.158
298.158
298.139
298.15
298.15
298.15
298.272
298.272
298.386
298.404
298.423
298.423
298.423
298.79
298.361
298.387
298.415
298.446
298.446
298.141
298.163
298.163
298.317
298.339
298.339
298.339
298.529
298.529
298.548
298.548
298.548
299.022
298.448
298.477
298.508
298.541
298.541
298.162
298.182
298.197
298.197
298.377
298.396
298.417
298.417
299.286
298.557
298.585
298.615
298.648
298.648
298.193
298.231
298.245
298.245
298.536
298.55
298.567
298.567
299.529
298.682
298.704
298.728
298.754
298.754
298.243
298.306
298.316
298.316
298.766
298.764
298.768
298.768
298.823
298.831
298.842
298.856
298.856
298.333
298.424
298.424
298.424
299.067
299.035
299.012
299.012
299.008
298.988
298.974
298.966
298.966
298.505
298.621
298.598
298.598
299.364
299.299
299.299
299.2
299.153
299.114
299.081
299.081
298.782
298.914
298.857
298.857
299.556
299.487
299.487
299.023
298.998
298.972
298.946
298.946
298.939
299.009
298.962
298.962
299.05
299.054
299.054
297.605
298.127
298.159
298.182
298.198
298.198
298.41
298.342
298.365
298.365
297.888
297.888
296.258
296.777
296.841
296.896
296.943
296.943
297.172
297.029
297.105
297.105
296.448
296.448
295.069
295.449
295.514
295.571
295.622
295.622
295.768
295.633
295.714
295.714
295.166
295.166
294.189
294.421
294.469
294.513
294.553
294.553
294.618
294.525
294.586
294.586
294.586
294.228
294.228
293.621
293.744
293.774
293.802
293.827
293.827
293.846
293.846
293.792
293.792
293.631
293.631
293.295
293.352
293.368
293.384
293.398
293.398
293.399
293.399
293.372
293.127
293.15
293.158
293.166
293.173
293.173
293.169
293.169
293.049
293.058
293.061
293.065
293.068
293.068
293.065
293.065
293.017
293.02
293.021
293.023
293.024
293.024
293.022
293.022
293.005
293.006
293.007
293.007
293.007
293.007
293.007
293.007
293.001
293.002
293.002
293.002
293.002
293.002
293.002
293
)
;
    }
    procBoundary3to13
    {
        type            processor;
        value           nonuniform List<scalar> 
1130
(
298.186
298.892
300.385
302.821
304.962
304.668
303.142
301.582
300.263
299.209
298.38
297.669
296.875
295.985
295.039
294.164
293.52
293.173
293.042
293.007
293.001
293
293
293
298.054
298.363
299.189
300.847
302.757
303.162
301.783
299.797
297.958
296.517
295.49
294.781
294.361
294.052
293.731
293.411
293.177
293.056
293.013
293.002
293
293
293
293
298.137
298.326
298.294
298.408
298.738
298.616
299.757
299.151
301.112
300.014
301.53
300.433
300.372
299.618
298.361
297.841
296.39
295.918
294.913
294.461
294
293.623
293.559
293.256
293.389
293.127
293.297
293.082
293.203
293.053
293.11
293.027
293.044
293.01
293.013
293.003
293.003
293
293
293
293
293
293
298.326
298.408
298.616
299.151
300.014
300.433
299.618
297.841
295.918
294.461
293.623
293.256
293.127
293.082
293.053
293.027
293.01
293.003
293
293
293
293
293
293
293
293
293
298.448
298.515
298.646
298.967
299.519
299.821
299.081
297.392
295.58
294.25
293.505
293.176
293.06
293.025
293.012
293.006
293.002
293
293
293
293
293
293
293
293
298.454
298.454
298.49
298.558
298.664
298.877
299.247
299.484
298.791
297.175
295.441
294.171
293.464
293.153
293.044
293.012
293.004
293.001
293
293
293
293
293
293
293
293
293
293
293
293
298.446
298.446
298.495
298.51
298.566
298.586
298.666
298.695
298.833
298.856
299.132
299.139
299.321
299.198
298.516
298.204
296.874
296.533
295.222
294.054
293.416
293.136
293.037
293.009
293.002
293
293
293
293
293
293
293
293
293
298.453
298.51
298.586
298.695
298.856
299.139
299.198
298.204
296.533
296.533
294.903
294.542
293.881
293.696
293.342
293.267
293.111
293.086
293.03
293.023
293.007
293.005
293.001
293.001
293
293
293
293
293
293
293
293
293
293
298.49
298.552
298.635
298.776
299.02
299.352
299.003
297.604
295.904
294.542
293.696
293.267
293.086
293.023
293.005
293.001
293
293
293
293
293
293
293
293
293
293
293
298.591
298.691
298.855
299.158
299.572
299.553
298.436
296.73
295.175
294.093
293.475
293.177
293.056
293.015
293.003
293
293
293
293
293
293
293
293
293
293
293
293
298.365
298.39
298.456
298.827
299.004
299.265
299.638
299.94
299.469
298.006
296.265
294.838
293.902
293.385
293.141
293.044
293.012
293.002
293
293
293
293
293
293
293
293
293
293
293
299.283
299.559
299.886
300.203
300.169
299.187
297.498
295.815
294.543
293.743
293.313
293.114
293.035
293.009
293.002
293
293
293
293
293
293
293
293
293
293
293
293
300.181
300.523
300.752
300.725
300.084
298.645
296.89
295.355
294.263
293.599
293.249
293.089
293.027
293.007
293.001
293
293
293
293
293
293
293
293
293
293
293
293
293
301.398
301.554
301.364
300.742
299.532
297.887
296.236
294.91
294.006
293.469
293.192
293.068
293.02
293.005
293.001
293
293
293
293
293
293
293
293
293
293
293
293
293
293
301.93
301.645
301.017
300.004
298.592
297.017
295.589
294.497
293.775
293.355
293.142
293.049
293.014
293.003
293.001
293
293
293
293
293
293
293
293
293
293
301.163
300.561
299.78
298.752
297.469
296.137
294.983
294.127
293.572
293.257
293.101
293.034
293.01
293.002
293
293
293
293
293
293
293
293
293
293
293
299.683
298.978
298.234
297.367
296.348
295.317
294.442
293.805
293.401
293.176
293.067
293.022
293.006
293.001
293
293
293
293
293
293
293
293
293
293
293
298.068
296.693
297.411
296.149
296.779
295.647
296.104
295.142
295.353
294.607
294.61
293.988
293.542
293.264
293.113
293.042
293.013
293.003
293.001
293
293
293
293
293
293
293
293
293
293
293
296.693
296.149
295.647
295.142
294.607
294.607
294.048
293.667
293.633
293.398
293.341
293.211
293.162
293.099
293.068
293.04
293.024
293.014
293.008
293.004
293.002
293.001
293
293
293
293
293
293
293
293
293
293
293
293
293
293
293
293
293
293
293
293
293
293
293
293
295.48
294.615
295.076
294.333
294.712
294.08
294.358
293.84
294
293.608
293.667
293.399
293.398
293.235
293.211
293.122
293.099
293.056
293.04
293.023
293.014
293.008
293.004
293.002
293.001
293
293
293
293
293
293
293
293
293
293
293
293
293
293
293
293
293
293
293
293
293
293
293
293
293
294.615
294.333
294.08
293.84
293.608
293.399
293.235
293.122
293.056
293.023
293.008
293.002
293
293
293
293
293
293
293
293
293
293
293
293
293
293.953
293.776
293.617
293.47
293.332
293.213
293.122
293.062
293.028
293.011
293.004
293.001
293
293
293
293
293
293
293
293
293
293
293
293
293
293.523
293.42
293.328
293.244
293.168
293.105
293.059
293.029
293.013
293.005
293.001
293
293
293
293
293
293
293
293
293
293
293
293
293
293
293.265
293.21
293.161
293.117
293.078
293.048
293.026
293.012
293.005
293.002
293
293
293
293
293
293
293
293
293
293
293
293
293
293
293
293.124
293.056
293.06
293.097
293.043
293.046
293.073
293.032
293.034
293.051
293.022
293.024
293.033
293.014
293.015
293.02
293.008
293.009
293.01
293.004
293.004
293.005
293.002
293.002
293.002
293.001
293.001
293.001
293
293
293
293
293
293
293
293
293
293
293
293
293
293
293
293
293
293
293
293
293
293
293
293
293
293
293
293
293
293
293
293
293
293
293
293
293
293
293
293
293
293
293
293
293
293
293
293.06
293.046
293.034
293.024
293.015
293.009
293.004
293.002
293.001
293
293
293
293
293
293
293
293
293
293
293
293
293
293
293
293
293.023
293.018
293.013
293.009
293.005
293.003
293.001
293.001
293
293
293
293
293
293
293
293
293
293
293
293
293
293
293
293
293
293.008
293.006
293.004
293.003
293.002
293.001
293
293
293
293
293
293
293
293
293
293
293
293
293
293
293
293
293
293
293
293.002
293.002
293.001
293.001
293
293
293
293
293
293
293
293
293
293
293
293
293
293
293
293
293
293
293
293
293
293
293
293
293
293
293
293
293
293
293
293
293
293
293
293
293
293
293
293
293.001
293
293
293
293
293
293
293
293
293
293
293
293
293
293
293
293
293
293
293
293
293
293
293
293
293
293
293
293
293
293
293
293
293
293
293
293
293
293
293
293
293
293
293
293
293
293
293
293
293
293
293
293
293
293
293
293
293
293
293
293
293
293
293
293
293
293
293
293
293
293
293
293
293
293
293
293
293
293
293
293
293
293
293
293
293
293
293
293
293
293
293
293
293
293
293
293
293
293
293
293
293
293
293
293
293
293
293
293
293
293
293
293
293
293
293
293
293
293
293
293
293
293
293
293
293
293
293
293
293
293
293
293
298.589
298.572
298.869
298.893
299.507
298.785
299.504
300.654
299.214
300.361
301.771
299.737
301.117
301.736
300.224
300.306
301.222
300.309
300.533
300.306
300.309
300.309
298.915
297.422
299.731
298.884
297.422
298.457
297.037
297.315
295.999
296.039
295.018
297.037
295.999
295.018
295.657
294.876
294.211
294.591
294.082
293.675
293.87
293.574
293.347
293.311
293.434
293.21
293.222
293.279
293.132
293.14
293.164
293.076
293.081
293.311
293.222
293.14
293.081
293.157
293.132
293.093
293.057
293.032
293.06
293.05
293.035
293.021
293.012
293.02
293.017
293.012
293.007
293.004
293.006
293.002
293.005
293.001
293.003
293.001
293.002
293
293.001
293
293.002
293.001
293.001
293
293
293
293
293
293
293
)
;
    }
    procBoundary3to14
    {
        type            processor;
        value           nonuniform List<scalar> 10(293 293 293 293 293 293 293 293 293 293);
    }
    procBoundary3to15
    {
        type            processor;
        value           nonuniform List<scalar> 
150
(
293
293
293
293
293
293
293
293
293
293
293
293
293
293
293
293
293
293
293
293
293
293
293
293
293
293
293
293
293
293
293
293
293
293
293
293
293
293
293
293
293
293
293
293
293
293
293
293
293
293
293
293
293
293
293
293
293
293
293
293
293
293
293
293
293
293
293
293
293
293
293
293
293
293
293
293
293
293
293
293
293
293
293
293
293
293
293
293
293
293
293
293
293
293
293
293
293
293
293
293
293
293
293
293
293
293
293
293
293
293
293
293
293
293
293
293
293
293
293
293
293
293
293
293
293
293
293
293
293
293
293
293
293
293
293
293
293
293
293
293
293
293
293
293
293
293
293
293
293
293
)
;
    }
}


// ************************************************************************* //
