/*--------------------------------*- C++ -*----------------------------------*\
| =========                 |                                                 |
| \\      /  F ield         | OpenFOAM: The Open Source CFD Toolbox           |
|  \\    /   O peration     | Version:  2412                                  |
|   \\  /    A nd           | Website:  www.openfoam.com                      |
|    \\/     M anipulation  |                                                 |
\*---------------------------------------------------------------------------*/
FoamFile
{
    version     2.0;
    format      ascii;
    arch        "LSB;label=32;scalar=64";
    class       volScalarField;
    location    "1100";
    object      k;
}
// * * * * * * * * * * * * * * * * * * * * * * * * * * * * * * * * * * * * * //

dimensions      [0 2 -2 0 0 0 0];

internalField   nonuniform List<scalar> 
17500
(
0.118647
0.134755
0.148382
0.159731
0.169058
0.176614
0.182637
0.187352
0.190964
0.193653
0.195579
0.196876
0.19766
0.198027
0.198057
0.197817
0.197362
0.196737
0.19598
0.19512
0.194183
0.19319
0.192156
0.191096
0.190021
0.188939
0.187858
0.186784
0.185721
0.184673
0.183644
0.182635
0.181649
0.180687
0.17975
0.178839
0.177954
0.177096
0.176272
0.17548
0.174718
0.173982
0.173271
0.172583
0.171916
0.171271
0.170644
0.170036
0.169445
0.168872
0.168314
0.167771
0.167244
0.16673
0.166231
0.165744
0.16527
0.164809
0.16436
0.163922
0.163496
0.16308
0.162675
0.16228
0.161895
0.16152
0.161153
0.160796
0.160448
0.160108
0.159777
0.159453
0.159138
0.15883
0.158529
0.158235
0.157948
0.157668
0.157395
0.157127
0.156866
0.156611
0.156362
0.156118
0.155879
0.155646
0.155418
0.155195
0.154976
0.154762
0.154553
0.154348
0.154147
0.15395
0.153757
0.153568
0.153383
0.153202
0.153025
0.152904
0.0997598
0.0996626
0.0995686
0.0993733
0.0990337
0.0985525
0.0979522
0.0972611
0.0965069
0.0957156
0.0949098
0.0941091
0.0933296
0.0925848
0.0918855
0.0912403
0.0906557
0.0901368
0.0896874
0.0893099
0.0890062
0.0887771
0.088623
0.0885438
0.088539
0.0886076
0.0887484
0.0889598
0.08924
0.0895869
0.0899981
0.0904708
0.0910019
0.0915882
0.0922259
0.0929113
0.0936404
0.094409
0.0951688
0.0959197
0.096662
0.0973957
0.0981209
0.0988376
0.0995459
0.100246
0.100937
0.101619
0.102293
0.102957
0.103613
0.104261
0.104899
0.105528
0.106149
0.106761
0.107364
0.107958
0.108544
0.109121
0.109689
0.110249
0.1108
0.111343
0.111877
0.112403
0.112921
0.113431
0.113932
0.114426
0.114912
0.115391
0.115862
0.116325
0.116781
0.11723
0.117672
0.118107
0.118535
0.118957
0.119372
0.119781
0.120183
0.120579
0.120969
0.121353
0.121731
0.122103
0.12247
0.122831
0.123186
0.123536
0.12388
0.124219
0.124552
0.124879
0.125201
0.125515
0.125821
0.126115
0.0991358
0.0982794
0.0974387
0.0965948
0.0957345
0.0948512
0.0939436
0.0930137
0.0920653
0.0911034
0.0901332
0.0891599
0.0881887
0.0872241
0.0862705
0.0853316
0.0844107
0.0835108
0.0826343
0.0817833
0.0809596
0.0801647
0.0793997
0.0786655
0.077963
0.0772926
0.0766548
0.0760498
0.0754777
0.0749385
0.0744321
0.0739582
0.0735165
0.0731067
0.0727282
0.0723805
0.072063
0.0717748
0.0715127
0.071275
0.0710603
0.0708673
0.0706946
0.070541
0.0704055
0.0702869
0.0701843
0.0700967
0.0700232
0.069963
0.0699152
0.0698793
0.0698544
0.06984
0.0698353
0.0698398
0.069853
0.0698743
0.0699033
0.0699394
0.0699822
0.0700314
0.0700864
0.0701469
0.0702126
0.0702829
0.0703577
0.0704365
0.070519
0.0706048
0.0706937
0.0707853
0.0708794
0.0709757
0.0710738
0.0711736
0.0712749
0.0713774
0.0714809
0.0715852
0.0716902
0.0717957
0.0719016
0.0720077
0.0721139
0.0722202
0.0723264
0.0724325
0.0725384
0.072644
0.0727493
0.0728542
0.0729586
0.0730625
0.0731657
0.0732681
0.0733694
0.0734693
0.0735674
0.0736626
0.0991009
0.0981988
0.0973192
0.0964581
0.0956112
0.0947753
0.0939476
0.0931263
0.0923104
0.0914992
0.0906927
0.0898913
0.0890954
0.0883056
0.0875229
0.0867479
0.0859814
0.0852243
0.0844773
0.0837411
0.0830163
0.0823035
0.0816033
0.0809161
0.0802423
0.0795822
0.0789362
0.0783045
0.0776872
0.0770845
0.0764965
0.0759234
0.075365
0.0748215
0.0742927
0.0737787
0.0732793
0.0727945
0.0723239
0.0718675
0.0714249
0.0709959
0.0705802
0.0701774
0.0697873
0.0694095
0.0690438
0.0686898
0.0683472
0.0680157
0.067695
0.0673847
0.0670846
0.0667944
0.0665138
0.0662424
0.0659801
0.0657265
0.0654813
0.0652444
0.0650154
0.0647942
0.0645804
0.0643739
0.0641744
0.0639816
0.0637954
0.0636156
0.0634419
0.0632742
0.0631122
0.0629558
0.0628047
0.0626588
0.0625178
0.0623817
0.0622503
0.0621233
0.0620006
0.0618821
0.0617676
0.061657
0.0615502
0.0614469
0.0613471
0.0612506
0.0611574
0.0610673
0.0609802
0.060896
0.0608146
0.0607359
0.0606599
0.0605864
0.0605154
0.0604467
0.0603804
0.0603165
0.060255
0.0601964
0.0990979
0.0981929
0.0973128
0.0964562
0.0956215
0.0948073
0.0940121
0.0932346
0.0924735
0.0917278
0.0909965
0.0902787
0.0895737
0.0888809
0.0881999
0.0875303
0.0868716
0.0862236
0.0855861
0.0849589
0.0843418
0.0837348
0.0831377
0.0825504
0.0819729
0.0814051
0.0808469
0.0802983
0.0797592
0.0792295
0.0787092
0.0781982
0.0776964
0.0772039
0.0767204
0.0762459
0.0757804
0.0753238
0.0748759
0.0744366
0.074006
0.0735838
0.0731699
0.0727643
0.0723667
0.0719772
0.0715955
0.0712215
0.0708552
0.0704963
0.0701447
0.0698004
0.0694631
0.0691328
0.0688093
0.0684925
0.0681823
0.0678784
0.0675809
0.0672895
0.0670041
0.0667247
0.066451
0.066183
0.0659206
0.0656636
0.0654119
0.0651654
0.064924
0.0646876
0.064456
0.0642292
0.0640071
0.0637895
0.0635763
0.0633675
0.0631629
0.0629625
0.0627662
0.0625738
0.0623854
0.0622007
0.0620197
0.0618423
0.0616685
0.0614982
0.0613312
0.0611676
0.0610071
0.0608499
0.0606957
0.0605446
0.0603964
0.0602512
0.0601087
0.0599691
0.0598323
0.0596981
0.0595666
0.0594378
0.0990971
0.0981914
0.0973109
0.0964544
0.0956211
0.0948099
0.09402
0.0932504
0.0925004
0.0917691
0.0910557
0.0903594
0.0896796
0.0890157
0.0883668
0.0877325
0.0871123
0.0865054
0.0859116
0.0853303
0.084761
0.0842035
0.0836572
0.0831218
0.0825971
0.0820826
0.0815781
0.0810833
0.0805979
0.0801217
0.0796545
0.0791959
0.0787459
0.0783042
0.0778706
0.0774448
0.0770269
0.0766165
0.0762134
0.0758177
0.075429
0.0750472
0.0746723
0.074304
0.0739422
0.0735869
0.0732377
0.0728948
0.0725578
0.0722267
0.0719015
0.0715819
0.0712678
0.0709592
0.070656
0.070358
0.0700651
0.0697773
0.0694945
0.0692165
0.0689432
0.0686747
0.0684107
0.0681512
0.0678961
0.0676453
0.0673988
0.0671565
0.0669182
0.066684
0.0664536
0.0662271
0.0660045
0.0657855
0.0655701
0.0653584
0.0651501
0.0649453
0.0647438
0.0645457
0.0643508
0.0641591
0.0639706
0.0637851
0.0636026
0.0634231
0.0632464
0.0630727
0.0629017
0.0627335
0.0625679
0.062405
0.0622447
0.062087
0.0619318
0.061779
0.0616287
0.0614807
0.0613351
0.0611918
0.0990968
0.0981909
0.0973101
0.0964533
0.0956197
0.0948085
0.0940187
0.0932495
0.0925003
0.0917702
0.0910585
0.0903646
0.0896877
0.0890274
0.088383
0.0877539
0.0871395
0.0865395
0.0859532
0.0853802
0.08482
0.0842723
0.0837365
0.0832124
0.0826995
0.0821974
0.0817059
0.0812246
0.0807532
0.0802915
0.079839
0.0793956
0.0789609
0.0785348
0.078117
0.0777073
0.0773054
0.0769112
0.0765245
0.076145
0.0757725
0.075407
0.0750482
0.0746959
0.07435
0.0740104
0.0736769
0.0733494
0.0730276
0.0727116
0.0724011
0.072096
0.0717963
0.0715017
0.0712122
0.0709277
0.0706481
0.0703732
0.070103
0.0698373
0.0695761
0.0693193
0.0690668
0.0688184
0.0685742
0.068334
0.0680977
0.0678654
0.0676368
0.0674119
0.0671906
0.066973
0.0667588
0.0665481
0.0663408
0.0661367
0.0659359
0.0657383
0.0655437
0.0653523
0.0651638
0.0649783
0.0647957
0.0646159
0.0644389
0.0642647
0.0640931
0.0639242
0.0637578
0.063594
0.0634326
0.0632737
0.0631173
0.0629631
0.0628113
0.0626618
0.0625145
0.0623694
0.0622265
0.0620856
0.0990967
0.0981907
0.0973097
0.0964528
0.0956191
0.0948077
0.0940178
0.0932486
0.0924993
0.0917693
0.0910578
0.0903641
0.0896877
0.089028
0.0883844
0.0877562
0.0871431
0.0865444
0.0859597
0.0853886
0.0848306
0.0842852
0.0837521
0.0832309
0.0827211
0.0822225
0.0817347
0.0812573
0.0807901
0.0803326
0.0798848
0.0794461
0.0790165
0.0785956
0.0781831
0.0777789
0.0773827
0.0769943
0.0766135
0.07624
0.0758737
0.0755144
0.0751619
0.074816
0.0744766
0.0741434
0.0738164
0.0734954
0.0731802
0.0728707
0.0725667
0.0722682
0.071975
0.0716869
0.0714039
0.0711258
0.0708526
0.0705841
0.0703201
0.0700607
0.0698057
0.069555
0.0693085
0.0690661
0.0688278
0.0685934
0.0683629
0.0681362
0.0679132
0.0676938
0.067478
0.0672656
0.0670567
0.0668511
0.0666488
0.0664498
0.0662538
0.066061
0.0658712
0.0656843
0.0655004
0.0653193
0.0651411
0.0649655
0.0647927
0.0646225
0.0644549
0.0642899
0.0641274
0.0639673
0.0638096
0.0636543
0.0635014
0.0633507
0.0632022
0.063056
0.0629119
0.0627699
0.06263
0.0624921
0.0990967
0.0981907
0.0973096
0.0964527
0.0956189
0.0948074
0.0940175
0.0932483
0.092499
0.091769
0.0910575
0.090364
0.0896877
0.0890281
0.0883847
0.0877569
0.0871441
0.0865458
0.0859617
0.0853911
0.0848338
0.0842892
0.083757
0.0832367
0.0827281
0.0822307
0.0817441
0.0812682
0.0808025
0.0803467
0.0799006
0.0794638
0.0790362
0.0786173
0.0782071
0.0778052
0.0774114
0.0770255
0.0766472
0.0762764
0.0759129
0.0755564
0.0752068
0.0748639
0.0745276
0.0741976
0.0738737
0.0735559
0.073244
0.0729378
0.0726373
0.0723422
0.0720524
0.0717678
0.0714883
0.0712137
0.070944
0.070679
0.0704186
0.0701627
0.0699113
0.0696641
0.0694212
0.0691824
0.0689476
0.0687167
0.0684898
0.0682665
0.068047
0.0678311
0.0676187
0.0674098
0.0672043
0.0670021
0.0668032
0.0666074
0.0664148
0.0662252
0.0660386
0.065855
0.0656742
0.0654963
0.0653211
0.0651487
0.0649789
0.0648117
0.0646471
0.064485
0.0643253
0.0641681
0.0640133
0.0638607
0.0637105
0.0635625
0.0634168
0.0632731
0.0631317
0.0629923
0.0628549
0.0627195
0.0990969
0.098191
0.09731
0.0964531
0.0956194
0.094808
0.0940182
0.0932491
0.0925
0.0917701
0.0910589
0.0903655
0.0896895
0.0890301
0.0883869
0.0877594
0.0871468
0.0865489
0.0859651
0.0853949
0.0848379
0.0842937
0.0837619
0.0832421
0.082734
0.0822371
0.0817511
0.0812758
0.0808107
0.0803556
0.0799102
0.0794742
0.0790474
0.0786294
0.0782201
0.0778191
0.0774263
0.0770414
0.0766643
0.0762946
0.0759322
0.075577
0.0752286
0.074887
0.074552
0.0742234
0.0739009
0.0735846
0.0732742
0.0729695
0.0726705
0.072377
0.0720888
0.0718058
0.071528
0.0712551
0.0709871
0.0707238
0.0704652
0.0702111
0.0699614
0.0697161
0.069475
0.069238
0.069005
0.068776
0.0685509
0.0683295
0.0681119
0.0678979
0.0676874
0.0674803
0.0672767
0.0670764
0.0668793
0.0666854
0.0664947
0.066307
0.0661222
0.0659405
0.0657616
0.0655855
0.0654121
0.0652415
0.0650736
0.0649082
0.0647454
0.0645851
0.0644272
0.0642718
0.0641187
0.0639679
0.0638194
0.0636732
0.0635291
0.0633872
0.0632474
0.0631097
0.062974
0.0628403
0.0990975
0.0981917
0.0973108
0.0964541
0.0956207
0.0948096
0.09402
0.0932512
0.0925024
0.0917729
0.091062
0.090369
0.0896933
0.0890344
0.0883915
0.0877643
0.0871522
0.0865546
0.0859712
0.0854013
0.0848447
0.0843009
0.0837695
0.08325
0.0827422
0.0822457
0.0817601
0.0812851
0.0808205
0.0803658
0.0799208
0.0794852
0.0790587
0.0786412
0.0782323
0.0778318
0.0774394
0.077055
0.0766783
0.0763091
0.0759473
0.0755926
0.0752448
0.0749037
0.0745693
0.0742412
0.0739194
0.0736036
0.0732939
0.0729898
0.0726915
0.0723986
0.0721111
0.0718289
0.0715518
0.0712796
0.0710124
0.0707498
0.070492
0.0702387
0.0699898
0.0697453
0.069505
0.0692688
0.0690367
0.0688086
0.0685843
0.0683638
0.068147
0.0679339
0.0677243
0.0675181
0.0673154
0.067116
0.0669198
0.0667269
0.066537
0.0663503
0.0661665
0.0659856
0.0658076
0.0656325
0.0654601
0.0652904
0.0651234
0.064959
0.0647971
0.0646377
0.0644808
0.0643263
0.0641742
0.0640243
0.0638768
0.0637315
0.0635883
0.0634474
0.0633085
0.0631717
0.0630369
0.0629041
0.0990983
0.0981925
0.0973119
0.0964555
0.0956223
0.0948115
0.0940223
0.0932539
0.0925055
0.0917763
0.0910658
0.0903732
0.0896979
0.0890393
0.0883969
0.08777
0.0871582
0.086561
0.0859779
0.0854084
0.0848521
0.0843086
0.0837775
0.0832583
0.0827508
0.0822546
0.0817692
0.0812945
0.0808301
0.0803756
0.0799309
0.0794955
0.0790693
0.078652
0.0782433
0.077843
0.0774509
0.0770667
0.0766903
0.0763213
0.0759597
0.0756052
0.0752576
0.0749168
0.0745826
0.0742548
0.0739332
0.0736177
0.0733082
0.0730044
0.0727063
0.0724137
0.0721265
0.0718445
0.0715677
0.0712958
0.0710288
0.0707666
0.0705091
0.070256
0.0700075
0.0697633
0.0695233
0.0692874
0.0690557
0.0688279
0.0686039
0.0683838
0.0681674
0.0679546
0.0677453
0.0675395
0.0673372
0.0671381
0.0669423
0.0667498
0.0665603
0.0663739
0.0661905
0.0660101
0.0658325
0.0656577
0.0654857
0.0653165
0.0651498
0.0649858
0.0648244
0.0646654
0.0645089
0.0643548
0.0642031
0.0640537
0.0639066
0.0637617
0.063619
0.0634784
0.06334
0.0632036
0.0630693
0.0629369
0.0990989
0.0981932
0.0973127
0.0964564
0.0956233
0.0948127
0.0940237
0.0932555
0.0925072
0.0917783
0.0910679
0.0903755
0.0897004
0.089042
0.0883997
0.087773
0.0871613
0.0865643
0.0859813
0.0854119
0.0848558
0.0843124
0.0837814
0.0832623
0.0827549
0.0822588
0.0817736
0.0812989
0.0808346
0.0803802
0.0799355
0.0795003
0.0790741
0.0786569
0.0782483
0.0778481
0.077456
0.0770719
0.0766955
0.0763266
0.0759651
0.0756106
0.0752631
0.0749224
0.0745882
0.0742604
0.0739389
0.0736235
0.073314
0.0730103
0.0727123
0.0724197
0.0721326
0.0718507
0.0715739
0.0713021
0.0710352
0.0707731
0.0705156
0.0702626
0.0700141
0.06977
0.0695301
0.0692943
0.0690627
0.0688349
0.0686111
0.068391
0.0681747
0.067962
0.0677528
0.0675471
0.0673449
0.0671459
0.0669502
0.0667577
0.0665684
0.0663821
0.0661988
0.0660185
0.065841
0.0656663
0.0654945
0.0653253
0.0651588
0.0649949
0.0648335
0.0646747
0.0645183
0.0643643
0.0642127
0.0640634
0.0639164
0.0637717
0.0636291
0.0634887
0.0633503
0.0632141
0.0630799
0.0629476
0.0990983
0.0981925
0.0973119
0.0964555
0.0956223
0.0948115
0.0940223
0.0932539
0.0925055
0.0917763
0.0910658
0.0903732
0.0896979
0.0890393
0.0883969
0.08777
0.0871582
0.086561
0.0859779
0.0854084
0.0848521
0.0843086
0.0837775
0.0832583
0.0827508
0.0822546
0.0817692
0.0812945
0.0808301
0.0803756
0.0799309
0.0794955
0.0790693
0.078652
0.0782433
0.077843
0.0774509
0.0770667
0.0766903
0.0763213
0.0759597
0.0756052
0.0752576
0.0749168
0.0745826
0.0742548
0.0739332
0.0736177
0.0733082
0.0730044
0.0727063
0.0724137
0.0721265
0.0718445
0.0715677
0.0712958
0.0710288
0.0707666
0.0705091
0.0702561
0.0700075
0.0697633
0.0695233
0.0692875
0.0690557
0.0688279
0.068604
0.0683838
0.0681674
0.0679546
0.0677454
0.0675396
0.0673373
0.0671382
0.0669425
0.0667499
0.0665604
0.066374
0.0661907
0.0660102
0.0658327
0.0656579
0.0654859
0.0653167
0.0651501
0.0649861
0.0648246
0.0646657
0.0645092
0.0643552
0.0642035
0.0640541
0.063907
0.0637621
0.0636194
0.0634789
0.0633405
0.0632042
0.0630699
0.0629375
0.0990975
0.0981917
0.0973108
0.0964541
0.0956207
0.0948096
0.09402
0.0932512
0.0925024
0.0917729
0.091062
0.090369
0.0896933
0.0890344
0.0883915
0.0877643
0.0871522
0.0865546
0.0859712
0.0854013
0.0848447
0.0843009
0.0837695
0.08325
0.0827422
0.0822457
0.0817601
0.0812851
0.0808205
0.0803658
0.0799208
0.0794852
0.0790587
0.0786412
0.0782323
0.0778318
0.0774394
0.077055
0.0766783
0.0763092
0.0759473
0.0755926
0.0752448
0.0749037
0.0745693
0.0742412
0.0739194
0.0736037
0.0732939
0.0729899
0.0726915
0.0723986
0.0721112
0.0718289
0.0715518
0.0712797
0.0710124
0.0707499
0.070492
0.0702387
0.0699899
0.0697453
0.069505
0.0692689
0.0690368
0.0688087
0.0685844
0.0683639
0.0681472
0.067934
0.0677244
0.0675183
0.0673156
0.0671162
0.06692
0.0667271
0.0665373
0.0663505
0.0661668
0.0659859
0.065808
0.0656329
0.0654605
0.0652909
0.0651239
0.0649595
0.0647977
0.0646383
0.0644815
0.064327
0.0641749
0.0640251
0.0638776
0.0637324
0.0635893
0.0634484
0.0633096
0.0631728
0.0630381
0.0629054
0.0990969
0.098191
0.09731
0.0964531
0.0956194
0.094808
0.0940182
0.0932491
0.0925
0.0917701
0.0910589
0.0903655
0.0896895
0.0890301
0.088387
0.0877594
0.0871468
0.0865489
0.0859651
0.0853949
0.0848379
0.0842937
0.0837619
0.0832421
0.082734
0.0822371
0.0817511
0.0812758
0.0808107
0.0803556
0.0799102
0.0794742
0.0790474
0.0786294
0.0782201
0.0778191
0.0774263
0.0770414
0.0766643
0.0762946
0.0759322
0.075577
0.0752286
0.0748871
0.074552
0.0742234
0.073901
0.0735846
0.0732742
0.0729695
0.0726705
0.072377
0.0720888
0.0718059
0.071528
0.0712551
0.0709871
0.0707239
0.0704653
0.0702112
0.0699615
0.0697162
0.0694751
0.0692381
0.0690052
0.0687762
0.0685511
0.0683297
0.0681121
0.0678981
0.0676876
0.0674806
0.067277
0.0670767
0.0668796
0.0666858
0.066495
0.0663074
0.0661227
0.065941
0.0657621
0.065586
0.0654128
0.0652422
0.0650743
0.064909
0.0647462
0.064586
0.0644282
0.0642728
0.0641198
0.0639691
0.0638207
0.0636746
0.0635306
0.0633888
0.0632491
0.0631114
0.0629758
0.0628422
0.0990967
0.0981907
0.0973096
0.0964527
0.0956189
0.0948074
0.0940175
0.0932483
0.092499
0.091769
0.0910575
0.090364
0.0896877
0.0890281
0.0883847
0.0877569
0.0871441
0.0865458
0.0859617
0.0853911
0.0848338
0.0842892
0.083757
0.0832367
0.0827281
0.0822307
0.0817441
0.0812682
0.0808025
0.0803467
0.0799006
0.0794638
0.0790362
0.0786173
0.0782071
0.0778052
0.0774114
0.0770255
0.0766472
0.0762764
0.0759129
0.0755564
0.0752069
0.074864
0.0745276
0.0741976
0.0738737
0.073556
0.073244
0.0729379
0.0726373
0.0723422
0.0720524
0.0717678
0.0714883
0.0712138
0.070944
0.0706791
0.0704187
0.0701628
0.0699114
0.0696642
0.0694213
0.0691825
0.0689478
0.0687169
0.06849
0.0682668
0.0680473
0.0678314
0.067619
0.0674102
0.0672047
0.0670025
0.0668036
0.0666079
0.0664153
0.0662258
0.0660392
0.0658557
0.065675
0.0654971
0.065322
0.0651496
0.0649799
0.0648128
0.0646483
0.0644862
0.0643267
0.0641696
0.0640148
0.0638624
0.0637123
0.0635645
0.0634188
0.0632753
0.063134
0.0629947
0.0628575
0.0627223
0.0990967
0.0981907
0.0973097
0.0964528
0.0956191
0.0948077
0.0940178
0.0932486
0.0924993
0.0917693
0.0910578
0.0903641
0.0896877
0.089028
0.0883844
0.0877562
0.0871431
0.0865444
0.0859597
0.0853886
0.0848306
0.0842852
0.0837521
0.0832309
0.0827212
0.0822225
0.0817347
0.0812573
0.0807901
0.0803326
0.0798848
0.0794461
0.0790165
0.0785956
0.0781831
0.0777789
0.0773827
0.0769943
0.0766135
0.07624
0.0758737
0.0755144
0.0751619
0.074816
0.0744766
0.0741434
0.0738164
0.0734954
0.0731802
0.0728707
0.0725668
0.0722683
0.071975
0.071687
0.071404
0.0711259
0.0708527
0.0705842
0.0703203
0.0700608
0.0698058
0.0695551
0.0693087
0.0690663
0.068828
0.0685937
0.0683632
0.0681365
0.0679135
0.0676942
0.0674784
0.0672661
0.0670572
0.0668517
0.0666494
0.0664504
0.0662545
0.0660618
0.065872
0.0656852
0.0655014
0.0653204
0.0651422
0.0649668
0.0647941
0.064624
0.0644566
0.0642916
0.0641292
0.0639693
0.0638118
0.0636567
0.0635038
0.0633533
0.063205
0.063059
0.0629151
0.0627733
0.0626336
0.062496
0.0990968
0.0981909
0.0973101
0.0964533
0.0956197
0.0948085
0.0940187
0.0932495
0.0925003
0.0917702
0.0910585
0.0903646
0.0896877
0.0890274
0.088383
0.0877539
0.0871395
0.0865395
0.0859532
0.0853802
0.08482
0.0842723
0.0837365
0.0832124
0.0826995
0.0821974
0.0817059
0.0812246
0.0807532
0.0802915
0.079839
0.0793956
0.0789609
0.0785348
0.078117
0.0777073
0.0773054
0.0769112
0.0765245
0.076145
0.0757725
0.075407
0.0750482
0.0746959
0.0743501
0.0740105
0.073677
0.0733494
0.0730277
0.0727116
0.0724011
0.0720961
0.0717963
0.0715018
0.0712123
0.0709278
0.0706482
0.0703733
0.0701031
0.0698375
0.0695763
0.0693195
0.069067
0.0688187
0.0685745
0.0683343
0.0680981
0.0678658
0.0676372
0.0674124
0.0671912
0.0669736
0.0667595
0.0665489
0.0663416
0.0661376
0.0659369
0.0657393
0.0655449
0.0653536
0.0651652
0.0649798
0.0647973
0.0646177
0.0644408
0.0642667
0.0640953
0.0639265
0.0637603
0.0635967
0.0634355
0.0632768
0.0631206
0.0629667
0.0628151
0.0626658
0.0625188
0.062374
0.0622313
0.0620907
0.0990971
0.0981914
0.0973109
0.0964544
0.0956211
0.0948099
0.09402
0.0932504
0.0925004
0.0917691
0.0910557
0.0903594
0.0896796
0.0890157
0.0883668
0.0877325
0.0871123
0.0865054
0.0859116
0.0853303
0.084761
0.0842035
0.0836572
0.0831218
0.0825971
0.0820826
0.0815781
0.0810833
0.0805979
0.0801217
0.0796545
0.0791959
0.0787459
0.0783042
0.0778705
0.0774448
0.0770269
0.0766165
0.0762134
0.0758177
0.075429
0.0750472
0.0746723
0.074304
0.0739423
0.0735869
0.0732378
0.0728948
0.0725578
0.0722268
0.0719015
0.0715819
0.0712679
0.0709593
0.0706561
0.0703581
0.0700653
0.0697775
0.0694946
0.0692167
0.0689434
0.0686749
0.0684109
0.0681515
0.0678964
0.0676457
0.0673992
0.0671569
0.0669187
0.0666845
0.0664542
0.0662278
0.0660051
0.0657862
0.0655709
0.0653593
0.0651511
0.0649463
0.064745
0.0645469
0.0643521
0.0641605
0.063972
0.0637867
0.0636043
0.0634249
0.0632484
0.0630747
0.0629039
0.0627358
0.0625704
0.0624076
0.0622474
0.0620898
0.0619347
0.0617821
0.0616318
0.061484
0.0613384
0.0611951
0.0990979
0.0981929
0.0973128
0.0964562
0.0956215
0.0948073
0.0940121
0.0932346
0.0924735
0.0917278
0.0909965
0.0902786
0.0895737
0.0888809
0.0881999
0.0875302
0.0868715
0.0862235
0.085586
0.0849588
0.0843418
0.0837347
0.0831376
0.0825504
0.0819728
0.081405
0.0808468
0.0802982
0.079759
0.0792294
0.078709
0.078198
0.0776963
0.0772037
0.0767202
0.0762458
0.0757803
0.0753236
0.0748757
0.0744365
0.0740058
0.0735836
0.0731698
0.0727641
0.0723666
0.071977
0.0715954
0.0712214
0.070855
0.0704962
0.0701446
0.0698003
0.0694631
0.0691328
0.0688093
0.0684925
0.0681822
0.0678784
0.0675808
0.0672895
0.0670041
0.0667247
0.066451
0.0661831
0.0659206
0.0656637
0.065412
0.0651655
0.0649241
0.0646877
0.0644561
0.0642293
0.0640071
0.0637895
0.0635764
0.0633675
0.063163
0.0629625
0.0627662
0.0625738
0.0623853
0.0622005
0.0620195
0.061842
0.0616681
0.0614976
0.0613305
0.0611667
0.0610061
0.0608487
0.0606943
0.0605429
0.0603944
0.0602488
0.060106
0.059966
0.0598286
0.0596938
0.0595615
0.0594317
0.0991009
0.0981988
0.0973192
0.0964581
0.0956112
0.0947753
0.0939476
0.0931263
0.0923103
0.0914991
0.0906926
0.0898912
0.0890952
0.0883055
0.0875227
0.0867477
0.0859812
0.0852241
0.0844771
0.0837408
0.083016
0.0823032
0.081603
0.0809158
0.080242
0.0795819
0.0789359
0.0783041
0.0776868
0.0770841
0.0764961
0.0759229
0.0753646
0.074821
0.0742923
0.0737783
0.0732789
0.072794
0.0723235
0.0718671
0.0714245
0.0709955
0.0705798
0.070177
0.0697869
0.0694092
0.0690434
0.0686895
0.0683469
0.0680154
0.0676946
0.0673844
0.0670843
0.066794
0.0665134
0.066242
0.0659796
0.065726
0.0654808
0.0652439
0.0650149
0.0647936
0.0645798
0.0643732
0.0641735
0.0639807
0.0637944
0.0636145
0.0634407
0.0632728
0.0631107
0.062954
0.0628027
0.0626566
0.0625154
0.062379
0.0622472
0.0621199
0.0619968
0.0618779
0.0617629
0.0616518
0.0615443
0.0614404
0.0613399
0.0612426
0.0611485
0.0610575
0.0609694
0.0608841
0.0608016
0.0607216
0.0606442
0.0605692
0.0604965
0.0604262
0.060358
0.0602919
0.0602278
0.0601657
0.0991358
0.0982794
0.0974387
0.0965948
0.0957345
0.0948511
0.0939435
0.0930135
0.0920651
0.0911031
0.0901329
0.0891595
0.0881883
0.0872236
0.08627
0.085331
0.0844101
0.0835102
0.0826337
0.0817827
0.0809589
0.080164
0.079399
0.0786648
0.0779623
0.0772919
0.0766541
0.0760491
0.0754771
0.0749379
0.0744315
0.0739576
0.073516
0.0731062
0.0727277
0.0723801
0.0720626
0.0717745
0.0715124
0.0712748
0.0710601
0.0708671
0.0706944
0.0705409
0.0704054
0.0702868
0.0701842
0.0700965
0.070023
0.0699628
0.0699151
0.0698791
0.0698542
0.0698397
0.069835
0.0698394
0.0698525
0.0698738
0.0699026
0.0699386
0.0699813
0.0700302
0.0700851
0.0701454
0.0702107
0.0702808
0.0703552
0.0704337
0.0705157
0.0706011
0.0706895
0.0707806
0.0708741
0.0709696
0.0710671
0.0711661
0.0712665
0.071368
0.0714704
0.0715735
0.0716773
0.0717814
0.0718857
0.0719902
0.0720947
0.072199
0.0723032
0.072407
0.0725104
0.0726134
0.0727159
0.0728179
0.0729192
0.0730198
0.0731198
0.073219
0.0733176
0.0734153
0.0735123
0.0736086
0.0997599
0.0996628
0.0995688
0.0993734
0.0990337
0.0985525
0.0979521
0.0972609
0.0965066
0.0957152
0.0949094
0.0941085
0.093329
0.0925842
0.0918849
0.0912397
0.0906552
0.0901363
0.0896869
0.0893095
0.0890059
0.0887769
0.0886229
0.0885439
0.0885392
0.0886079
0.0887489
0.0889605
0.0892409
0.089588
0.0899993
0.0904722
0.0910036
0.09159
0.092228
0.0929136
0.0936429
0.0944117
0.0951716
0.0959225
0.0966648
0.0973986
0.0981238
0.0988406
0.0995489
0.100249
0.10094
0.101622
0.102296
0.102961
0.103617
0.104264
0.104902
0.105532
0.106152
0.106764
0.107367
0.107961
0.108547
0.109124
0.109692
0.110252
0.110803
0.111346
0.11188
0.112406
0.112924
0.113433
0.113935
0.114429
0.114915
0.115393
0.115864
0.116327
0.116783
0.117232
0.117673
0.118108
0.118536
0.118958
0.119373
0.119781
0.120183
0.120579
0.120968
0.121352
0.12173
0.122101
0.122467
0.122828
0.123183
0.123532
0.123876
0.124214
0.124548
0.124876
0.125199
0.125517
0.12583
0.126138
0.118648
0.134758
0.148386
0.159735
0.169063
0.176619
0.182642
0.187357
0.190968
0.193657
0.195582
0.19688
0.197663
0.19803
0.19806
0.197819
0.197364
0.196739
0.195981
0.195121
0.194184
0.193191
0.192157
0.191097
0.190021
0.188939
0.187858
0.186783
0.185721
0.184673
0.183643
0.182635
0.181649
0.180687
0.17975
0.178838
0.177954
0.177095
0.176272
0.17548
0.174718
0.173982
0.173271
0.172583
0.171917
0.171271
0.170645
0.170037
0.169446
0.168873
0.168315
0.167773
0.167246
0.166733
0.166233
0.165747
0.165274
0.164813
0.164365
0.163928
0.163502
0.163087
0.162683
0.162289
0.161905
0.16153
0.161166
0.16081
0.160463
0.160125
0.159795
0.159473
0.15916
0.158854
0.158555
0.158264
0.15798
0.157703
0.157433
0.157169
0.156911
0.15666
0.156415
0.156176
0.155942
0.155714
0.155491
0.155274
0.155062
0.154855
0.154653
0.154456
0.154263
0.154075
0.153891
0.153712
0.153536
0.153365
0.153198
0.153035
0.165376
0.179236
0.204
0.232412
0.261105
0.291023
0.322286
0.354573
0.387422
0.420299
0.452666
0.484035
0.513987
0.54218
0.568356
0.592333
0.614007
0.633353
0.650389
0.665181
0.677837
0.688496
0.697325
0.704507
0.710237
0.714715
0.718137
0.720693
0.722552
0.723869
0.724784
0.725413
0.725859
0.726203
0.72651
0.726831
0.727199
0.72764
0.728168
0.728788
0.729499
0.730297
0.731172
0.732112
0.733104
0.734135
0.735191
0.736262
0.737335
0.738404
0.739461
0.740505
0.741534
0.742549
0.743556
0.744558
0.745562
0.746576
0.74761
0.748671
0.74977
0.750914
0.752113
0.753373
0.754704
0.756112
0.7576
0.759175
0.760837
0.762589
0.764431
0.766363
0.768383
0.770489
0.772679
0.774949
0.777295
0.779713
0.782202
0.784758
0.787383
0.790073
0.792828
0.795646
0.798522
0.801453
0.804433
0.807456
0.810516
0.813608
0.816726
0.819864
0.823016
0.826176
0.829336
0.832491
0.835632
0.838755
0.841855
0.844929
0.847971
0.850976
0.853938
0.85685
0.859706
0.862501
0.865231
0.86789
0.870476
0.872985
0.875414
0.877758
0.880013
0.882173
0.884233
0.886191
0.888043
0.889788
0.891419
0.892933
0.89433
0.895608
0.896768
0.897811
0.89874
0.899554
0.900251
0.900828
0.901281
0.901608
0.901805
0.901874
0.901816
0.901637
0.90134
0.900931
0.900417
0.899801
0.899084
0.898262
0.89732
0.896256
0.895075
0.893783
0.892389
0.8909
0.889322
0.887661
0.885923
0.884113
0.882234
0.880285
0.878236
0.876086
0.873854
0.871551
0.869185
0.866761
0.864285
0.861763
0.859197
0.856591
0.853941
0.851247
0.848515
0.84575
0.842956
0.840135
0.837298
0.834453
0.831594
0.828719
0.825828
0.822923
0.820003
0.817072
0.814131
0.811182
0.808224
0.805257
0.802282
0.799299
0.796308
0.793309
0.790303
0.78729
0.78427
0.781244
0.778212
0.775173
0.772128
0.769078
0.766023
0.762964
0.759899
0.756829
0.753755
0.750676
0.747592
0.744504
0.741411
0.738313
0.735212
0.732105
0.728995
0.72588
0.72276
0.719635
0.716506
0.713372
0.710233
0.70709
0.703943
0.700792
0.697638
0.69448
0.691319
0.688155
0.684988
0.68182
0.67865
0.675478
0.672306
0.669133
0.66596
0.662788
0.659616
0.656446
0.653278
0.650112
0.646949
0.64379
0.640635
0.637486
0.634342
0.631205
0.628076
0.624954
0.621842
0.618738
0.615645
0.612563
0.609492
0.606433
0.603386
0.600353
0.597335
0.594331
0.591343
0.588372
0.585417
0.58248
0.579562
0.576662
0.573782
0.570921
0.568082
0.565265
0.56247
0.559698
0.556951
0.554229
0.551532
0.548863
0.54622
0.543606
0.54102
0.538464
0.535936
0.533437
0.530968
0.528529
0.52612
0.52374
0.521389
0.519069
0.516779
0.51452
0.512291
0.510092
0.507924
0.505786
0.503676
0.501595
0.499542
0.497517
0.49552
0.493552
0.491613
0.489706
0.48783
0.485986
0.484175
0.482397
0.480655
0.478955
0.477304
0.475717
0.47421
0.472904
0.126521
0.12708
0.127988
0.129461
0.131914
0.135254
0.13923
0.143976
0.14958
0.156115
0.163645
0.172213
0.181845
0.192547
0.204299
0.217062
0.230771
0.245343
0.260679
0.276664
0.293175
0.310082
0.327254
0.344563
0.361883
0.379099
0.39609
0.412701
0.42885
0.444468
0.459498
0.473895
0.487625
0.500663
0.512998
0.524621
0.535537
0.545753
0.555285
0.564152
0.572381
0.579998
0.587036
0.593529
0.599515
0.605031
0.610117
0.614814
0.619162
0.623198
0.626959
0.63048
0.633793
0.63693
0.639921
0.642791
0.645564
0.648261
0.650903
0.653504
0.65608
0.658642
0.661199
0.66376
0.66633
0.668915
0.671518
0.674141
0.676786
0.679452
0.682139
0.684845
0.687571
0.690313
0.693069
0.695839
0.698619
0.701409
0.704209
0.707019
0.709842
0.712679
0.715532
0.718405
0.721299
0.724217
0.727157
0.730122
0.733109
0.736118
0.739147
0.742193
0.745254
0.748325
0.751403
0.754482
0.757557
0.760624
0.763678
0.766716
0.769733
0.772723
0.775682
0.778603
0.78148
0.784306
0.787077
0.789787
0.792431
0.795004
0.797501
0.799919
0.802252
0.804495
0.806645
0.808698
0.810654
0.812511
0.814264
0.815911
0.817451
0.818881
0.820201
0.821412
0.822513
0.823504
0.824385
0.825154
0.82581
0.826354
0.826783
0.827098
0.827299
0.827387
0.827365
0.827236
0.827005
0.826674
0.826244
0.825713
0.825077
0.824336
0.823488
0.822536
0.821484
0.820337
0.8191
0.817779
0.81638
0.814906
0.81336
0.811742
0.810043
0.808258
0.806393
0.804455
0.80245
0.800384
0.798263
0.796092
0.793877
0.791617
0.789297
0.78691
0.784473
0.781995
0.779483
0.776941
0.774372
0.771774
0.769153
0.766513
0.763856
0.761186
0.758505
0.755817
0.753134
0.750449
0.747762
0.745071
0.742377
0.739681
0.736983
0.734282
0.73158
0.728876
0.726172
0.723467
0.720761
0.718055
0.715351
0.712648
0.709947
0.707248
0.704549
0.70185
0.699153
0.696455
0.693757
0.69106
0.688361
0.685663
0.682963
0.680263
0.677561
0.674858
0.672152
0.669443
0.666731
0.664017
0.6613
0.658579
0.655856
0.653131
0.650402
0.647671
0.644938
0.642203
0.639466
0.636727
0.633986
0.631245
0.628502
0.625759
0.623016
0.620273
0.617531
0.614789
0.612049
0.609311
0.606574
0.603841
0.601111
0.598385
0.595664
0.592949
0.59024
0.587538
0.584843
0.582157
0.579479
0.576812
0.574154
0.571508
0.568873
0.56625
0.56364
0.561045
0.558463
0.555897
0.553347
0.550814
0.548297
0.545798
0.543317
0.540854
0.538412
0.535989
0.533587
0.531207
0.528849
0.526515
0.524205
0.52192
0.51966
0.517427
0.515221
0.513042
0.510891
0.508768
0.506673
0.504607
0.502571
0.500563
0.498585
0.496636
0.494717
0.492827
0.490968
0.489138
0.487337
0.485565
0.483822
0.482107
0.48042
0.47876
0.477127
0.475522
0.473944
0.472394
0.470872
0.469377
0.467911
0.466474
0.465068
0.463696
0.462362
0.461076
0.459844
0.458759
0.0737599
0.0738835
0.0740301
0.0741947
0.074406
0.0746655
0.0749649
0.0753185
0.0757417
0.0762486
0.0768534
0.0775711
0.0784176
0.07941
0.080566
0.0819043
0.0834443
0.0852058
0.0872088
0.0894732
0.0920188
0.0948648
0.0980298
0.101531
0.105385
0.109604
0.114211
0.119258
0.124756
0.130711
0.137127
0.144004
0.151338
0.159121
0.16734
0.175981
0.185024
0.194445
0.204218
0.214315
0.224703
0.23535
0.24622
0.257278
0.268488
0.279812
0.291214
0.302658
0.314073
0.325422
0.336673
0.347795
0.35876
0.369542
0.380117
0.390465
0.400568
0.41041
0.419979
0.429265
0.438261
0.446962
0.455364
0.463468
0.471275
0.478789
0.486015
0.492963
0.499639
0.506055
0.512222
0.518153
0.52386
0.529356
0.534657
0.539774
0.544723
0.549516
0.554169
0.558695
0.563107
0.567419
0.571644
0.575795
0.579884
0.58392
0.587913
0.591871
0.595801
0.599708
0.603595
0.607465
0.61132
0.615159
0.618981
0.622783
0.626564
0.63032
0.634047
0.637742
0.641401
0.645021
0.648596
0.652121
0.655593
0.659006
0.662355
0.665634
0.668841
0.67197
0.675018
0.67798
0.680853
0.683633
0.686318
0.688906
0.691396
0.693788
0.69608
0.698271
0.700361
0.702348
0.704233
0.706014
0.707691
0.709265
0.710735
0.7121
0.713362
0.71452
0.715575
0.716527
0.717377
0.718124
0.718769
0.719314
0.71976
0.720109
0.72036
0.720513
0.720567
0.720521
0.720378
0.720137
0.7198
0.719369
0.718847
0.718239
0.717547
0.716775
0.715926
0.715001
0.714
0.712922
0.711768
0.710541
0.709244
0.707881
0.706458
0.704978
0.703444
0.70186
0.700222
0.698529
0.696783
0.69499
0.693155
0.691282
0.689363
0.687391
0.685378
0.683331
0.681257
0.679162
0.677048
0.674919
0.672772
0.670611
0.66844
0.666262
0.664077
0.661887
0.659695
0.657501
0.655305
0.653109
0.650913
0.648719
0.646526
0.644337
0.642158
0.639986
0.63782
0.635657
0.633498
0.631341
0.629188
0.627037
0.624887
0.622739
0.620593
0.618447
0.616302
0.614158
0.612012
0.609865
0.607715
0.605562
0.603406
0.601247
0.599084
0.596919
0.59475
0.592578
0.590402
0.588224
0.586042
0.583858
0.58167
0.57948
0.577287
0.575093
0.572896
0.570698
0.568498
0.566298
0.564096
0.561893
0.55969
0.557487
0.555284
0.553082
0.550882
0.548683
0.546486
0.544293
0.542103
0.539918
0.537737
0.535562
0.533393
0.531231
0.529076
0.526929
0.524792
0.522663
0.520544
0.518436
0.51634
0.514256
0.512184
0.510126
0.508081
0.50605
0.504033
0.502032
0.500046
0.498077
0.496126
0.494192
0.492278
0.490384
0.48851
0.486659
0.484829
0.483023
0.48124
0.479482
0.477749
0.476041
0.474359
0.472705
0.471077
0.469477
0.467905
0.466361
0.464845
0.463358
0.4619
0.460471
0.459071
0.4577
0.456357
0.455042
0.453756
0.452497
0.451267
0.450064
0.448889
0.447741
0.446619
0.445525
0.444457
0.443416
0.442403
0.441418
0.440463
0.439542
0.438655
0.437849
0.0601422
0.0600951
0.0600543
0.0600183
0.0599862
0.0599579
0.0599349
0.0599153
0.0598969
0.0598794
0.0598632
0.0598492
0.0598389
0.0598339
0.0598363
0.0598481
0.0598717
0.0599096
0.0599646
0.0600394
0.0601371
0.0602607
0.0604135
0.0605991
0.060821
0.061083
0.0613895
0.0617452
0.0621553
0.0626252
0.0631606
0.0637674
0.0644516
0.0652197
0.0660781
0.0670337
0.0680935
0.0692646
0.0705546
0.0719708
0.0735209
0.0752125
0.0770534
0.079051
0.0812129
0.0835461
0.0860575
0.0887536
0.091667
0.0948079
0.0981835
0.101801
0.105665
0.10978
0.114151
0.118781
0.123669
0.128817
0.134223
0.139885
0.145791
0.151932
0.1583
0.164885
0.171678
0.178665
0.185835
0.193173
0.200664
0.208293
0.216044
0.2239
0.231843
0.239858
0.247926
0.256031
0.264156
0.272285
0.280401
0.288489
0.296534
0.304525
0.31245
0.320296
0.328055
0.335716
0.343273
0.350719
0.358046
0.365252
0.37233
0.379279
0.386094
0.392775
0.399319
0.405725
0.411992
0.418121
0.424112
0.429966
0.435684
0.441268
0.446719
0.452039
0.457231
0.462296
0.467237
0.472055
0.476752
0.48133
0.48579
0.490135
0.494364
0.49848
0.502484
0.506378
0.510162
0.513839
0.51741
0.520876
0.52424
0.5275
0.530659
0.533716
0.536671
0.539525
0.542278
0.544928
0.547477
0.549924
0.552271
0.554517
0.556662
0.558706
0.560649
0.562491
0.564233
0.565873
0.567413
0.568852
0.57019
0.571429
0.572568
0.57361
0.574554
0.575403
0.576156
0.576818
0.577389
0.577872
0.578268
0.578581
0.578811
0.578962
0.579034
0.57903
0.578951
0.578801
0.578581
0.578295
0.577946
0.577536
0.577067
0.576541
0.575959
0.575323
0.574636
0.5739
0.573114
0.57228
0.571398
0.570472
0.569507
0.568505
0.56747
0.5664
0.565285
0.564134
0.562953
0.561746
0.560517
0.55927
0.558007
0.556731
0.555443
0.554146
0.552841
0.551528
0.55021
0.548886
0.547554
0.546215
0.544871
0.543523
0.542171
0.540816
0.539458
0.538098
0.536735
0.53537
0.534003
0.532633
0.53126
0.529885
0.528503
0.527112
0.525713
0.524307
0.522894
0.521474
0.520047
0.518614
0.517174
0.515728
0.514275
0.512817
0.511351
0.50988
0.508403
0.506919
0.505429
0.503936
0.502439
0.500938
0.499434
0.497924
0.496411
0.494893
0.493371
0.491847
0.49032
0.488789
0.487257
0.485722
0.484186
0.482649
0.481111
0.479572
0.478034
0.476497
0.474961
0.473427
0.471895
0.470366
0.468841
0.46732
0.465804
0.464293
0.462789
0.46129
0.459799
0.458313
0.456834
0.455362
0.453898
0.452442
0.450996
0.44956
0.448136
0.446724
0.445325
0.44394
0.442571
0.441217
0.43988
0.438561
0.43726
0.435979
0.434717
0.433476
0.432257
0.43106
0.429886
0.428736
0.42761
0.426509
0.425433
0.424384
0.42336
0.422364
0.421394
0.420451
0.419535
0.418647
0.417786
0.416953
0.416148
0.41537
0.414621
0.413898
0.413203
0.412534
0.411891
0.411275
0.410684
0.410119
0.409579
0.409064
0.408569
0.408098
0.0593101
0.0591833
0.0590572
0.0589318
0.0588069
0.0586826
0.058559
0.0584363
0.0583144
0.0581933
0.058073
0.0579537
0.0578354
0.0577183
0.0576024
0.0574879
0.0573749
0.0572633
0.0571533
0.0570448
0.0569381
0.0568332
0.0567303
0.0566295
0.0565311
0.0564353
0.0563426
0.0562533
0.0561678
0.0560865
0.0560099
0.0559384
0.0558727
0.0558133
0.0557611
0.0557168
0.055681
0.0556547
0.0556387
0.055634
0.0556415
0.0556623
0.0556973
0.0557479
0.055815
0.0559001
0.0560043
0.056129
0.056276
0.056447
0.056644
0.0568687
0.0571233
0.0574097
0.0577302
0.0580869
0.0584822
0.0589183
0.0593974
0.0599224
0.060501
0.0611396
0.0618416
0.0626109
0.0634514
0.0643673
0.065363
0.0664428
0.0676113
0.0688729
0.0702322
0.0716936
0.0732618
0.0749411
0.0767358
0.0786501
0.0806879
0.082853
0.0851488
0.0875786
0.0901452
0.0928509
0.095698
0.0986879
0.101822
0.105101
0.108525
0.112093
0.115805
0.119659
0.123653
0.127784
0.13205
0.136446
0.140969
0.145612
0.150371
0.15524
0.160213
0.165282
0.170442
0.175683
0.181
0.186383
0.191824
0.197316
0.202849
0.208415
0.214006
0.219613
0.225226
0.230838
0.23644
0.242024
0.247581
0.253104
0.258586
0.264019
0.269396
0.274712
0.27996
0.285135
0.290231
0.295245
0.30017
0.305003
0.309741
0.31438
0.318916
0.323348
0.327674
0.331891
0.336
0.339997
0.343884
0.347659
0.351322
0.354873
0.358311
0.36164
0.364862
0.367977
0.370987
0.373893
0.376697
0.379399
0.382002
0.384507
0.386916
0.38923
0.391452
0.393583
0.395626
0.397583
0.399455
0.401246
0.402956
0.404589
0.406146
0.407629
0.40904
0.410381
0.411654
0.412862
0.414005
0.415086
0.416106
0.417066
0.417969
0.418814
0.419604
0.420339
0.421022
0.421653
0.422234
0.422767
0.42325
0.423685
0.424074
0.424418
0.42472
0.424981
0.425204
0.425391
0.425544
0.425665
0.425755
0.425816
0.425851
0.425857
0.425829
0.425767
0.425677
0.425559
0.425416
0.425249
0.425061
0.424851
0.424622
0.424374
0.424108
0.423824
0.423523
0.423206
0.422871
0.42252
0.422151
0.421766
0.421364
0.420947
0.420514
0.420066
0.419602
0.419124
0.418631
0.418124
0.417602
0.417066
0.416516
0.415953
0.415375
0.414784
0.414178
0.413558
0.412925
0.412281
0.411625
0.410963
0.410294
0.409617
0.408932
0.408238
0.407536
0.406826
0.406107
0.405381
0.404647
0.403907
0.403159
0.402406
0.401647
0.400883
0.400113
0.39934
0.398563
0.397783
0.397
0.396216
0.395429
0.394641
0.393848
0.393047
0.392241
0.391432
0.390621
0.38981
0.388999
0.388191
0.387386
0.386585
0.38579
0.385
0.384219
0.383445
0.382681
0.381926
0.381183
0.380452
0.379734
0.37903
0.37834
0.377666
0.377008
0.376367
0.375745
0.375141
0.374557
0.373993
0.37345
0.372929
0.37243
0.371954
0.3715
0.37107
0.370664
0.370283
0.369926
0.369594
0.369288
0.369006
0.368749
0.368516
0.368306
0.36812
0.367957
0.367816
0.367698
0.367599
0.367516
0.367408
0.0610491
0.0609066
0.0607644
0.0606224
0.0604806
0.060339
0.0601976
0.0600563
0.0599151
0.0597741
0.0596332
0.0594924
0.0593516
0.0592108
0.05907
0.0589293
0.0587886
0.058648
0.0585076
0.0583673
0.0582273
0.0580876
0.0579483
0.0578092
0.0576706
0.0575324
0.0573946
0.0572573
0.0571204
0.0569841
0.0568483
0.0567131
0.0565786
0.0564447
0.0563115
0.0561791
0.0560475
0.0559168
0.055787
0.0556583
0.0555307
0.0554042
0.055279
0.0551552
0.0550329
0.0549121
0.0547929
0.0546756
0.0545601
0.0544467
0.0543355
0.0542265
0.05412
0.0540161
0.0539151
0.053817
0.053722
0.0536304
0.0535424
0.0534583
0.0533783
0.0533025
0.0532317
0.0531663
0.0531069
0.0530538
0.0530076
0.0529688
0.0529378
0.0529154
0.052902
0.0528984
0.0529053
0.0529233
0.0529533
0.052996
0.0530524
0.0531233
0.0532098
0.0533127
0.0534332
0.0535724
0.0537314
0.0539115
0.054114
0.0543401
0.0545913
0.054869
0.0551748
0.0555101
0.0558764
0.0562752
0.0567086
0.0571782
0.0576861
0.058234
0.0588241
0.0594582
0.0601383
0.0608665
0.0616448
0.0624753
0.06336
0.064301
0.0653002
0.0663596
0.0674812
0.0686667
0.0699181
0.0712369
0.0726247
0.074083
0.075613
0.0772159
0.0788925
0.0806438
0.0824701
0.084372
0.0863495
0.0884027
0.0905311
0.0927344
0.0950116
0.0973618
0.0997837
0.102276
0.104836
0.107463
0.110154
0.112906
0.115717
0.118585
0.121505
0.124475
0.127492
0.130551
0.13365
0.136785
0.139951
0.143144
0.146362
0.1496
0.152854
0.156121
0.159397
0.162678
0.165961
0.169241
0.172516
0.175781
0.179035
0.182272
0.185492
0.188689
0.191863
0.19501
0.198128
0.201214
0.204267
0.207284
0.210264
0.213205
0.216105
0.218963
0.221777
0.224547
0.227272
0.22995
0.232581
0.235163
0.237697
0.240181
0.242615
0.244999
0.247332
0.249615
0.251845
0.254025
0.256152
0.258228
0.260253
0.262225
0.264147
0.266018
0.267839
0.26961
0.271332
0.273007
0.274633
0.276213
0.277746
0.279232
0.280673
0.282068
0.283418
0.284724
0.285987
0.287208
0.288388
0.289527
0.290627
0.291688
0.292711
0.293698
0.29465
0.295573
0.296466
0.29733
0.298164
0.298969
0.299745
0.300493
0.301213
0.301905
0.30257
0.303207
0.303818
0.304403
0.304961
0.305494
0.306001
0.306482
0.306935
0.307362
0.307766
0.308151
0.308517
0.308858
0.309175
0.30947
0.309742
0.309992
0.310221
0.310428
0.310616
0.310784
0.310933
0.311063
0.311175
0.31127
0.311348
0.311409
0.311455
0.311486
0.311502
0.311505
0.311494
0.311471
0.311435
0.311389
0.311333
0.311268
0.311194
0.311113
0.311026
0.310934
0.310836
0.310735
0.31063
0.310523
0.310415
0.310306
0.310197
0.310089
0.309984
0.30988
0.309781
0.309686
0.309596
0.309513
0.309437
0.309368
0.309308
0.309258
0.309218
0.309189
0.309173
0.309169
0.309179
0.309203
0.309241
0.309296
0.309366
0.309454
0.309558
0.30968
0.309821
0.30998
0.310159
0.310351
0.310557
0.310778
0.311017
0.311274
0.311549
0.311842
0.312153
0.31248
0.312823
0.313106
0.0619452
0.0618049
0.0616646
0.0615243
0.0613841
0.0612439
0.0611037
0.0609636
0.0608236
0.0606836
0.0605437
0.0604038
0.060264
0.0601242
0.0599844
0.0598447
0.0597049
0.0595652
0.0594254
0.0592856
0.0591458
0.059006
0.0588662
0.0587265
0.0585868
0.0584472
0.0583078
0.0581683
0.058029
0.0578898
0.0577508
0.0576119
0.0574731
0.0573346
0.0571962
0.0570581
0.0569201
0.0567824
0.056645
0.0565078
0.0563709
0.0562342
0.0560979
0.055962
0.0558264
0.0556911
0.0555563
0.0554218
0.0552879
0.0551543
0.0550213
0.0548888
0.0547569
0.0546256
0.0544949
0.0543648
0.0542354
0.0541068
0.0539789
0.0538519
0.0537257
0.0536005
0.0534763
0.0533531
0.0532311
0.0531103
0.0529908
0.0528727
0.0527562
0.0526412
0.052528
0.0524166
0.0523072
0.0522
0.0520949
0.0519923
0.0518923
0.0517949
0.0517005
0.0516091
0.051521
0.0514364
0.0513555
0.0512785
0.0512057
0.0511372
0.0510734
0.0510145
0.0509608
0.0509127
0.0508707
0.0508353
0.0508067
0.0507851
0.0507707
0.050764
0.0507653
0.0507749
0.0507934
0.0508212
0.0508589
0.0509068
0.0509656
0.0510357
0.0511179
0.0512126
0.0513206
0.0514424
0.0515788
0.0517304
0.0518979
0.0520822
0.0522839
0.0525038
0.0527421
0.0529998
0.0532779
0.0535775
0.0538996
0.0542452
0.0546151
0.0550104
0.055432
0.0558808
0.0563578
0.0568638
0.0573999
0.0579669
0.0585657
0.0591973
0.0598625
0.0605623
0.0612973
0.0620685
0.0628767
0.0637224
0.0646065
0.0655296
0.0664922
0.0674948
0.0685377
0.0696213
0.0707459
0.0719118
0.0731192
0.0743681
0.0756586
0.0769906
0.078364
0.0797785
0.0812337
0.0827291
0.0842643
0.0858384
0.0874508
0.0891007
0.090787
0.0925087
0.0942648
0.0960541
0.0978751
0.0997266
0.101607
0.103515
0.10545
0.107408
0.10939
0.111392
0.113414
0.115454
0.11751
0.119579
0.121662
0.123754
0.125856
0.127965
0.130079
0.132197
0.134316
0.136436
0.138555
0.14067
0.142781
0.144885
0.146982
0.14907
0.151147
0.153213
0.155266
0.157304
0.159328
0.161335
0.163324
0.165295
0.167246
0.169177
0.171087
0.172974
0.174839
0.176681
0.178498
0.180291
0.18206
0.183802
0.18552
0.187212
0.188879
0.190521
0.192138
0.19373
0.195296
0.196836
0.198352
0.199841
0.201305
0.202743
0.204155
0.205541
0.2069
0.208234
0.209542
0.210823
0.212077
0.213304
0.2145
0.215662
0.216792
0.217885
0.218944
0.21997
0.220964
0.221929
0.222863
0.22377
0.224648
0.2255
0.226325
0.227125
0.2279
0.22865
0.229377
0.23008
0.230761
0.23142
0.232057
0.232674
0.23327
0.233846
0.234404
0.234943
0.235471
0.23599
0.236503
0.23701
0.23751
0.238003
0.238488
0.238964
0.239432
0.239892
0.240344
0.240789
0.241227
0.241659
0.242085
0.242506
0.242924
0.243338
0.243749
0.244158
0.244566
0.244974
0.245382
0.245793
0.246205
0.246621
0.247042
0.247467
0.247899
0.248339
0.248786
0.249243
0.24971
0.250187
0.250677
0.251178
0.251693
0.252223
0.252767
0.25333
0.253911
0.254512
0.255132
0.255772
0.25643
0.257107
0.257801
0.25851
0.259228
0.25987
0.0623547
0.0622173
0.0620799
0.0619425
0.0618051
0.0616677
0.0615304
0.061393
0.0612556
0.0611183
0.060981
0.0608437
0.0607063
0.060569
0.0604317
0.0602943
0.0601569
0.0600195
0.0598821
0.0597447
0.0596072
0.0594698
0.0593323
0.0591948
0.0590574
0.0589199
0.0587825
0.0586451
0.0585078
0.0583705
0.0582333
0.0580961
0.0579591
0.0578221
0.0576852
0.0575484
0.0574117
0.057275
0.0571385
0.0570021
0.0568658
0.0567296
0.0565935
0.0564575
0.0563217
0.056186
0.0560505
0.0559151
0.0557799
0.0556448
0.05551
0.0553753
0.0552408
0.0551066
0.0549726
0.0548388
0.0547052
0.054572
0.054439
0.0543063
0.0541739
0.0540418
0.0539101
0.0537787
0.0536477
0.053517
0.0533868
0.053257
0.0531277
0.0529988
0.0528705
0.0527428
0.0526156
0.0524891
0.0523632
0.0522381
0.0521137
0.0519901
0.0518673
0.0517455
0.0516246
0.0515048
0.051386
0.0512684
0.051152
0.0510369
0.0509232
0.0508109
0.0507001
0.0505909
0.0504835
0.0503779
0.0502743
0.0501728
0.0500734
0.0499762
0.0498813
0.049789
0.0496992
0.0496121
0.0495279
0.0494466
0.0493685
0.0492936
0.0492221
0.0491543
0.0490902
0.04903
0.0489739
0.0489222
0.0488751
0.0488326
0.0487951
0.0487629
0.0487367
0.0487166
0.0487029
0.0486955
0.0486947
0.0487008
0.0487139
0.0487346
0.0487629
0.0487994
0.0488444
0.0488982
0.0489613
0.049034
0.0491167
0.04921
0.0493143
0.04943
0.0495577
0.0496977
0.0498507
0.0500172
0.0501977
0.0503928
0.0506029
0.0508279
0.0510683
0.0513251
0.0515991
0.0518913
0.0522024
0.0525332
0.0528844
0.0532566
0.0536506
0.0540671
0.0545067
0.05497
0.0554578
0.0559708
0.0565095
0.0570746
0.0576667
0.0582865
0.0589345
0.0596113
0.0603174
0.0610534
0.0618197
0.0626167
0.0634448
0.0643041
0.065195
0.0661174
0.0670718
0.0680582
0.0690769
0.0701277
0.0712108
0.072326
0.0734732
0.0746522
0.0758626
0.077104
0.0783761
0.0796781
0.0810096
0.0823697
0.0837578
0.0851729
0.0866141
0.0880805
0.0895709
0.0910844
0.0926198
0.0941758
0.0957512
0.0973446
0.0989549
0.100581
0.10222
0.103873
0.105536
0.10721
0.108892
0.110581
0.112277
0.113976
0.115679
0.117384
0.11909
0.120795
0.122499
0.1242
0.125898
0.127591
0.129279
0.13096
0.132635
0.1343
0.135957
0.137604
0.139241
0.140865
0.142478
0.144078
0.145664
0.147236
0.148792
0.150333
0.151853
0.153346
0.154814
0.156256
0.157673
0.159065
0.160431
0.161773
0.163091
0.164384
0.165654
0.1669
0.168123
0.169323
0.1705
0.171655
0.172788
0.173899
0.174989
0.176057
0.177105
0.178132
0.179139
0.180126
0.181094
0.182042
0.182972
0.183886
0.184784
0.185665
0.186531
0.187383
0.188221
0.189045
0.189857
0.190656
0.191444
0.19222
0.192985
0.193739
0.194484
0.195219
0.195946
0.196664
0.197375
0.198078
0.198776
0.199468
0.200155
0.200839
0.201519
0.202198
0.202875
0.203552
0.20423
0.20491
0.205593
0.20628
0.206972
0.20767
0.208374
0.209087
0.209809
0.210541
0.211285
0.212048
0.212834
0.213642
0.214471
0.215319
0.216186
0.21707
0.21797
0.218885
0.219803
0.220638
0.0625846
0.0624497
0.0623147
0.0621798
0.0620449
0.0619101
0.0617752
0.0616403
0.0615055
0.0613707
0.0612358
0.061101
0.0609662
0.0608314
0.0606965
0.0605617
0.0604269
0.060292
0.0601571
0.0600222
0.0598873
0.0597524
0.0596175
0.0594826
0.0593478
0.0592129
0.0590781
0.0589433
0.0588085
0.0586738
0.0585391
0.0584045
0.0582699
0.0581353
0.0580008
0.0578664
0.057732
0.0575977
0.0574634
0.0573292
0.0571951
0.057061
0.056927
0.056793
0.0566592
0.0565254
0.0563917
0.056258
0.0561245
0.055991
0.0558577
0.0557244
0.0555912
0.0554582
0.0553252
0.0551924
0.0550597
0.0549271
0.0547946
0.0546623
0.0545301
0.054398
0.0542661
0.0541343
0.0540026
0.0538712
0.0537398
0.0536087
0.0534778
0.053347
0.0532165
0.0530862
0.0529561
0.0528262
0.0526966
0.0525673
0.0524382
0.0523095
0.052181
0.0520529
0.0519251
0.0517978
0.0516708
0.0515442
0.051418
0.0512923
0.0511671
0.0510424
0.0509182
0.0507946
0.0506716
0.0505492
0.0504275
0.0503065
0.0501862
0.0500666
0.0499479
0.0498301
0.0497131
0.0495971
0.049482
0.049368
0.0492551
0.0491433
0.0490326
0.0489232
0.0488151
0.0487083
0.048603
0.0484991
0.0483967
0.048296
0.0481969
0.0480996
0.0480043
0.047911
0.0478198
0.0477309
0.0476441
0.0475597
0.0474777
0.0473981
0.0473212
0.0472469
0.0471754
0.0471069
0.0470414
0.046979
0.0469199
0.0468643
0.0468122
0.0467638
0.0467194
0.046679
0.0466428
0.046611
0.0465837
0.0465613
0.0465439
0.0465324
0.0465271
0.046528
0.0465351
0.0465484
0.0465683
0.0465948
0.0466283
0.046669
0.0467172
0.0467731
0.0468372
0.0469098
0.0469913
0.0470819
0.0471822
0.0472924
0.0474131
0.0475446
0.0476873
0.0478418
0.0480085
0.0481878
0.0483802
0.0485862
0.0488056
0.0490378
0.0492841
0.0495454
0.0498226
0.0501165
0.0504279
0.0507573
0.0511055
0.0514728
0.0518601
0.0522676
0.0526961
0.053146
0.0536178
0.0541119
0.054629
0.0551693
0.0557334
0.0563217
0.0569346
0.0575723
0.0582353
0.0589238
0.0596381
0.0603782
0.061144
0.0619355
0.062753
0.0635963
0.0644656
0.0653608
0.066282
0.0672289
0.0682014
0.0691992
0.0702221
0.0712696
0.0723413
0.0734368
0.0745553
0.0756964
0.0768594
0.0780435
0.0792481
0.0804723
0.0817154
0.0829764
0.0842546
0.0855489
0.0868585
0.0881823
0.0895192
0.0908684
0.0922287
0.0935992
0.0949788
0.0963665
0.0977613
0.099162
0.100567
0.101975
0.103383
0.104791
0.106196
0.107598
0.108996
0.110389
0.111775
0.113153
0.114524
0.115887
0.11724
0.118584
0.119918
0.121241
0.122553
0.123854
0.125143
0.126421
0.127686
0.128938
0.130179
0.131406
0.13262
0.133822
0.13501
0.136186
0.137347
0.13849
0.139618
0.14073
0.141829
0.142914
0.143987
0.145047
0.146096
0.147134
0.148162
0.149179
0.150187
0.151185
0.152174
0.153155
0.154127
0.155092
0.156049
0.157
0.157944
0.158882
0.159815
0.160743
0.161668
0.162588
0.163506
0.164421
0.165335
0.166249
0.167163
0.168077
0.168993
0.169912
0.170834
0.171761
0.172693
0.173633
0.174582
0.17554
0.176508
0.177488
0.17848
0.179485
0.180502
0.18153
0.182559
0.183511
0.062707
0.0625737
0.0624405
0.0623073
0.0621741
0.0620409
0.0619077
0.0617745
0.0616414
0.0615083
0.0613751
0.061242
0.0611089
0.0609759
0.0608428
0.0607097
0.0605767
0.0604436
0.0603106
0.0601775
0.0600446
0.0599117
0.0597788
0.0596459
0.0595131
0.0593803
0.0592475
0.0591148
0.0589821
0.0588495
0.0587169
0.0585843
0.0584518
0.0583193
0.0581869
0.0580545
0.0579222
0.0577899
0.0576577
0.0575255
0.0573934
0.0572613
0.0571293
0.0569973
0.0568654
0.0567335
0.0566017
0.05647
0.0563383
0.0562067
0.0560751
0.0559437
0.0558123
0.0556809
0.0555497
0.0554185
0.0552874
0.0551564
0.0550254
0.0548946
0.0547638
0.0546331
0.0545025
0.054372
0.0542415
0.0541112
0.053981
0.0538508
0.0537208
0.0535909
0.053461
0.0533313
0.0532018
0.0530723
0.052943
0.0528138
0.0526848
0.0525559
0.0524271
0.0522985
0.0521701
0.0520419
0.0519138
0.0517859
0.0516583
0.0515308
0.0514036
0.0512766
0.0511498
0.0510233
0.0508971
0.0507711
0.0506454
0.0505201
0.050395
0.0502703
0.0501459
0.0500219
0.0498983
0.0497751
0.0496523
0.04953
0.0494081
0.0492866
0.0491657
0.0490453
0.0489254
0.0488061
0.0486873
0.0485692
0.0484517
0.0483348
0.0482186
0.0481032
0.0479884
0.0478745
0.0477613
0.047649
0.0475375
0.047427
0.0473174
0.0472087
0.047101
0.0469944
0.0468889
0.0467844
0.0466811
0.046579
0.0464781
0.0463786
0.0462803
0.0461834
0.0460879
0.0459939
0.0459014
0.0458106
0.0457213
0.0456338
0.0455481
0.0454645
0.0453832
0.0453041
0.0452274
0.0451529
0.0450808
0.0450111
0.0449439
0.0448793
0.0448174
0.0447582
0.0447019
0.0446486
0.0445984
0.0445515
0.0445079
0.0444679
0.0444315
0.044399
0.0443704
0.0443461
0.0443261
0.0443107
0.0443
0.0442943
0.0442943
0.0443011
0.0443144
0.0443342
0.0443605
0.0443934
0.0444331
0.0444797
0.0445335
0.0445948
0.0446639
0.0447411
0.0448268
0.0449212
0.0450248
0.045138
0.0452611
0.0453945
0.0455386
0.0456938
0.0458606
0.0460393
0.0462305
0.0464344
0.0466516
0.04688
0.0471206
0.0473744
0.0476425
0.0479257
0.0482248
0.0485404
0.0488731
0.0492235
0.0495919
0.0499787
0.0503845
0.0508094
0.0512539
0.0517183
0.0522029
0.0527079
0.0532336
0.0537803
0.0543482
0.0549374
0.0555481
0.0561805
0.0568346
0.0575102
0.0582072
0.0589253
0.0596647
0.0604251
0.0612066
0.0620091
0.0628324
0.0636764
0.064541
0.0654258
0.0663305
0.0672546
0.0681975
0.0691586
0.0701372
0.0711324
0.0721435
0.0731696
0.07421
0.0752637
0.0763299
0.0774079
0.0784966
0.0795954
0.0807033
0.0818196
0.0829435
0.084074
0.0852104
0.086352
0.087498
0.0886477
0.0898006
0.0909559
0.0921132
0.0932718
0.0944313
0.0955912
0.0967508
0.0979092
0.0990656
0.10022
0.101371
0.102519
0.103665
0.104807
0.105945
0.107081
0.108213
0.109342
0.110467
0.111589
0.112708
0.113824
0.114937
0.116047
0.117154
0.118259
0.11936
0.12046
0.121557
0.122651
0.123744
0.124836
0.125925
0.127014
0.128102
0.129189
0.130276
0.131363
0.132451
0.13354
0.13463
0.135722
0.136816
0.137914
0.139013
0.140113
0.141216
0.142322
0.143433
0.144549
0.145672
0.1468
0.147924
0.148965
0.0627718
0.0626394
0.0625071
0.0623749
0.0622426
0.0621104
0.0619782
0.061846
0.0617138
0.0615817
0.0614496
0.0613175
0.0611854
0.0610534
0.0609214
0.0607894
0.0606575
0.0605256
0.0603938
0.0602621
0.0601303
0.0599986
0.059867
0.0597353
0.0596038
0.0594722
0.0593408
0.0592093
0.0590779
0.0589466
0.0588153
0.058684
0.0585528
0.0584216
0.0582905
0.0581595
0.0580284
0.0578975
0.0577666
0.0576357
0.0575049
0.0573742
0.0572435
0.0571128
0.0569822
0.0568517
0.0567212
0.0565908
0.0564605
0.0563302
0.0562
0.0560698
0.0559397
0.0558097
0.0556797
0.0555498
0.05542
0.0552902
0.0551605
0.0550309
0.0549013
0.0547718
0.0546424
0.054513
0.0543838
0.0542546
0.0541254
0.0539964
0.0538674
0.0537385
0.0536097
0.053481
0.0533523
0.0532238
0.0530953
0.052967
0.0528387
0.0527106
0.0525825
0.0524546
0.0523268
0.052199
0.0520714
0.051944
0.0518166
0.0516894
0.0515623
0.0514354
0.0513086
0.051182
0.0510555
0.0509292
0.0508031
0.0506771
0.0505513
0.0504258
0.0503004
0.0501752
0.0500502
0.0499255
0.049801
0.0496767
0.0495527
0.0494289
0.0493054
0.0491822
0.0490593
0.0489366
0.0488143
0.0486923
0.0485706
0.0484492
0.0483282
0.0482076
0.0480873
0.0479674
0.0478479
0.0477288
0.0476102
0.047492
0.0473742
0.0472568
0.04714
0.0470236
0.0469077
0.0467924
0.0466775
0.0465632
0.0464495
0.0463363
0.0462237
0.0461116
0.0460002
0.0458895
0.0457793
0.0456699
0.0455611
0.045453
0.0453456
0.045239
0.0451331
0.0450281
0.044924
0.0448207
0.0447182
0.0446168
0.0445162
0.0444167
0.0443182
0.0442207
0.0441242
0.0440289
0.0439348
0.0438418
0.04375
0.0436596
0.0435704
0.0434827
0.0433964
0.0433116
0.0432283
0.0431467
0.0430667
0.0429886
0.0429126
0.0428392
0.0427683
0.0427001
0.0426344
0.0425712
0.0425107
0.0424528
0.0423976
0.0423453
0.0422959
0.0422495
0.0422063
0.0421665
0.0421301
0.0420973
0.0420683
0.0420433
0.0420225
0.042006
0.041994
0.0419868
0.0419846
0.0419875
0.041996
0.0420117
0.0420347
0.0420649
0.0421022
0.0421466
0.0421982
0.0422571
0.0423234
0.0423975
0.0424796
0.04257
0.042669
0.0427769
0.0428942
0.043021
0.0431578
0.0433049
0.0434627
0.0436316
0.0438118
0.0440038
0.044208
0.0444246
0.0446537
0.0448935
0.0451446
0.0454077
0.045684
0.0459742
0.0462792
0.0465995
0.0469357
0.0472883
0.0476577
0.0480441
0.0484478
0.0488691
0.0493081
0.0497651
0.0502401
0.0507333
0.0512447
0.0517742
0.0523221
0.0528881
0.0534722
0.0540744
0.0546945
0.0553324
0.0559878
0.0566601
0.0573492
0.0580545
0.0587759
0.0595131
0.0602658
0.0610338
0.0618169
0.0626149
0.0634275
0.0642545
0.0650955
0.0659503
0.0668184
0.0676995
0.0685931
0.0694988
0.0704161
0.0713445
0.0722836
0.0732329
0.0741922
0.075161
0.076139
0.0771259
0.0781213
0.079125
0.0801367
0.0811562
0.0821832
0.0832176
0.084259
0.0853073
0.0863622
0.0874236
0.0884913
0.0895651
0.0906449
0.0917307
0.0928223
0.0939198
0.0950232
0.0961324
0.0972475
0.0983686
0.0994957
0.100629
0.101768
0.102913
0.104065
0.105223
0.106387
0.107556
0.10873
0.109908
0.111092
0.112279
0.113471
0.114664
0.115853
0.116955
0.0628049
0.062673
0.0625412
0.0624093
0.0622775
0.0621457
0.062014
0.0618822
0.0617506
0.0616189
0.0614873
0.0613557
0.0612242
0.0610927
0.0609613
0.0608299
0.0606986
0.0605673
0.0604361
0.0603048
0.0601737
0.0600426
0.0599115
0.0597805
0.0596495
0.0595186
0.0593877
0.0592569
0.0591261
0.0589954
0.0588648
0.0587341
0.0586036
0.0584731
0.0583426
0.0582122
0.0580819
0.0579516
0.0578214
0.0576912
0.0575611
0.057431
0.057301
0.057171
0.0570412
0.0569113
0.0567816
0.0566518
0.0565222
0.0563926
0.0562631
0.0561336
0.0560042
0.0558749
0.0557456
0.0556164
0.0554873
0.0553582
0.0552292
0.0551002
0.0549713
0.0548425
0.0547138
0.0545851
0.0544565
0.0543279
0.0541995
0.0540711
0.0539427
0.0538145
0.0536863
0.0535582
0.0534302
0.0533022
0.0531743
0.0530465
0.0529188
0.0527912
0.0526637
0.0525362
0.0524089
0.0522816
0.0521545
0.0520274
0.0519004
0.0517736
0.0516468
0.0515202
0.0513936
0.0512672
0.0511409
0.0510148
0.0508887
0.0507628
0.050637
0.0505114
0.0503859
0.0502606
0.0501354
0.0500104
0.0498855
0.0497608
0.0496363
0.049512
0.0493879
0.0492639
0.0491402
0.0490166
0.0488933
0.0487701
0.0486472
0.0485245
0.0484021
0.0482798
0.0481579
0.0480361
0.0479146
0.0477934
0.0476724
0.0475517
0.0474313
0.0473112
0.0471913
0.0470717
0.0469525
0.0468335
0.0467148
0.0465964
0.0464783
0.0463606
0.0462431
0.046126
0.0460092
0.0458928
0.0457767
0.0456609
0.0455454
0.0454303
0.0453156
0.0452012
0.0450872
0.0449735
0.0448602
0.0447473
0.0446347
0.0445226
0.0444109
0.0442995
0.0441886
0.0440781
0.043968
0.0438584
0.0437492
0.0436404
0.0435322
0.0434244
0.0433171
0.0432103
0.0431041
0.0429984
0.0428932
0.0427886
0.0426847
0.0425813
0.0424787
0.0423767
0.0422756
0.0421752
0.0420757
0.0419771
0.0418794
0.0417827
0.041687
0.0415924
0.0414988
0.0414064
0.0413152
0.0412252
0.0411365
0.0410491
0.0409631
0.0408787
0.0407958
0.0407145
0.0406349
0.0405571
0.0404812
0.0404073
0.0403356
0.040267
0.0402017
0.0401397
0.0400808
0.0400251
0.0399725
0.0399231
0.0398769
0.039834
0.0397944
0.0397584
0.039726
0.0396973
0.0396726
0.0396521
0.0396358
0.039624
0.0396168
0.0396145
0.0396173
0.0396254
0.039639
0.0396584
0.039684
0.0397174
0.0397589
0.0398082
0.0398654
0.0399304
0.0400032
0.0400839
0.0401727
0.0402697
0.0403751
0.0404892
0.0406123
0.0407448
0.0408868
0.0410387
0.0412008
0.0413734
0.0415568
0.0417514
0.0419574
0.0421751
0.0424048
0.0426468
0.0429013
0.0431686
0.0434471
0.0437366
0.0440374
0.0443502
0.0446756
0.0450143
0.0453672
0.0457346
0.046117
0.0465148
0.0469282
0.0473574
0.0478026
0.048264
0.0487415
0.0492354
0.0497455
0.0502721
0.050815
0.0513744
0.05195
0.052542
0.0531503
0.0537749
0.0544157
0.0550726
0.0557457
0.0564348
0.05714
0.057861
0.0585979
0.0593504
0.0601183
0.0609013
0.0616993
0.0625119
0.0633393
0.0641813
0.0650379
0.0659092
0.0667952
0.067696
0.0686116
0.0695419
0.0704872
0.0714472
0.0724222
0.0734119
0.0744163
0.0754355
0.0764692
0.0775173
0.0785796
0.0796556
0.0807448
0.0818467
0.0829607
0.0840858
0.085221
0.0863643
0.0875106
0.0885905
0.0628158
0.062684
0.0625523
0.0624206
0.062289
0.0621574
0.0620258
0.0618942
0.0617627
0.0616312
0.0614998
0.0613684
0.061237
0.0611057
0.0609745
0.0608432
0.0607121
0.0605809
0.0604498
0.0603188
0.0601878
0.0600569
0.059926
0.0597951
0.0596643
0.0595336
0.0594029
0.0592722
0.0591416
0.0590111
0.0588806
0.0587502
0.0586198
0.0584895
0.0583592
0.058229
0.0580988
0.0579687
0.0578386
0.0577087
0.0575787
0.0574488
0.057319
0.0571893
0.0570596
0.0569299
0.0568003
0.0566708
0.0565414
0.056412
0.0562826
0.0561534
0.0560241
0.055895
0.0557659
0.0556369
0.0555079
0.055379
0.0552501
0.0551214
0.0549927
0.054864
0.0547354
0.0546069
0.0544784
0.05435
0.0542217
0.0540935
0.0539653
0.0538372
0.0537091
0.0535811
0.0534532
0.0533254
0.0531976
0.0530699
0.0529423
0.0528148
0.0526873
0.0525599
0.0524326
0.0523054
0.0521783
0.0520512
0.0519243
0.0517974
0.0516706
0.051544
0.0514174
0.0512909
0.0511645
0.0510382
0.0509121
0.050786
0.0506601
0.0505343
0.0504085
0.050283
0.0501575
0.0500322
0.049907
0.049782
0.0496571
0.0495323
0.0494077
0.0492832
0.0491589
0.0490348
0.0489108
0.0487871
0.0486634
0.04854
0.0484167
0.0482936
0.0481708
0.0480481
0.0479256
0.0478033
0.0476812
0.0475593
0.0474376
0.0473161
0.0471948
0.0470738
0.0469529
0.0468323
0.0467119
0.0465918
0.0464718
0.0463521
0.0462326
0.0461133
0.0459942
0.0458754
0.0457568
0.0456384
0.0455203
0.0454023
0.0452846
0.0451671
0.0450498
0.0449328
0.0448159
0.0446993
0.0445829
0.0444667
0.0443507
0.0442349
0.0441194
0.044004
0.0438889
0.0437739
0.0436592
0.0435447
0.0434303
0.0433162
0.0432023
0.0430886
0.0429752
0.0428619
0.0427489
0.0426361
0.0425235
0.0424111
0.042299
0.0421872
0.0420756
0.0419642
0.0418532
0.0417425
0.041632
0.0415219
0.0414122
0.0413028
0.0411938
0.0410852
0.040977
0.0408693
0.040762
0.0406553
0.040549
0.0404433
0.0403382
0.0402337
0.0401298
0.0400266
0.0399241
0.0398224
0.0397215
0.0396215
0.0395224
0.0394245
0.0393276
0.039232
0.0391377
0.0390446
0.0389529
0.0388626
0.0387739
0.0386866
0.0386009
0.0385169
0.0384347
0.0383542
0.0382756
0.038199
0.0381244
0.038052
0.0379819
0.037914
0.0378486
0.0377858
0.0377258
0.0376699
0.037618
0.0375704
0.0375269
0.0374875
0.0374521
0.0374207
0.0373932
0.0373698
0.0373506
0.0373355
0.0373248
0.0373186
0.037317
0.0373203
0.0373285
0.0373419
0.0373607
0.0373851
0.0374153
0.0374514
0.0374938
0.0375426
0.0375982
0.0376607
0.0377315
0.0378111
0.0378998
0.0379976
0.0381045
0.0382203
0.038345
0.0384789
0.0386218
0.0387741
0.0389359
0.0391074
0.0392889
0.0394806
0.0396829
0.039896
0.0401202
0.0403557
0.040603
0.0408623
0.0411338
0.0414179
0.0417149
0.042025
0.0423485
0.0426858
0.0430371
0.0434028
0.043783
0.0441781
0.044588
0.0450117
0.0454491
0.0459001
0.0463652
0.046845
0.0473401
0.0478514
0.0483795
0.048925
0.0494884
0.0500702
0.0506706
0.0512901
0.0519289
0.0525873
0.0532655
0.0539636
0.0546819
0.0554205
0.0561795
0.0569589
0.0577589
0.0585793
0.0594199
0.0602807
0.0611611
0.0620606
0.0629785
0.0639135
0.0648623
0.0657749
0.0628056
0.0626737
0.0625419
0.0624101
0.0622784
0.0621466
0.0620149
0.0618833
0.0617517
0.0616201
0.0614886
0.061357
0.0612256
0.0610942
0.0609628
0.0608314
0.0607001
0.0605689
0.0604376
0.0603065
0.0601753
0.0600443
0.0599132
0.0597822
0.0596513
0.0595204
0.0593895
0.0592587
0.059128
0.0589973
0.0588666
0.058736
0.0586055
0.058475
0.0583445
0.0582141
0.0580838
0.0579535
0.0578233
0.0576931
0.057563
0.0574329
0.0573029
0.0571729
0.057043
0.0569131
0.0567833
0.0566536
0.0565239
0.0563943
0.0562647
0.0561352
0.0560057
0.0558763
0.055747
0.0556177
0.0554885
0.0553593
0.0552302
0.0551011
0.0549721
0.0548432
0.0547143
0.0545855
0.0544567
0.054328
0.0541994
0.0540708
0.0539423
0.0538139
0.0536855
0.0535572
0.0534289
0.0533007
0.0531726
0.0530446
0.0529166
0.0527887
0.0526608
0.052533
0.0524053
0.0522777
0.0521501
0.0520226
0.0518952
0.0517679
0.0516407
0.0515135
0.0513864
0.0512595
0.0511326
0.0510058
0.0508791
0.0507524
0.0506259
0.0504995
0.0503732
0.050247
0.050121
0.049995
0.0498692
0.0497434
0.0496179
0.0494924
0.0493671
0.0492419
0.0491168
0.0489919
0.0488671
0.0487425
0.048618
0.0484937
0.0483696
0.0482456
0.0481218
0.0479981
0.0478746
0.0477513
0.0476282
0.0475052
0.0473825
0.0472599
0.0471375
0.0470153
0.0468933
0.0467714
0.0466498
0.0465283
0.0464071
0.046286
0.0461651
0.0460445
0.045924
0.0458037
0.0456836
0.0455637
0.045444
0.0453244
0.0452051
0.0450859
0.0449669
0.0448481
0.0447295
0.044611
0.0444928
0.0443746
0.0442567
0.0441389
0.0440213
0.0439038
0.0437865
0.0436694
0.0435524
0.0434355
0.0433188
0.0432022
0.0430858
0.0429695
0.0428533
0.0427373
0.0426214
0.0425057
0.0423901
0.0422746
0.0421593
0.0420441
0.041929
0.0418141
0.0416993
0.0415846
0.0414702
0.0413558
0.0412417
0.0411277
0.0410139
0.0409003
0.0407869
0.0406737
0.0405607
0.0404479
0.0403354
0.0402231
0.0401111
0.0399994
0.039888
0.0397769
0.0396662
0.0395558
0.0394458
0.0393361
0.039227
0.0391182
0.03901
0.0389023
0.0387952
0.0386886
0.0385827
0.0384775
0.0383729
0.0382691
0.038166
0.0380638
0.0379624
0.0378619
0.0377623
0.0376637
0.0375661
0.0374696
0.0373742
0.03728
0.037187
0.0370953
0.0370049
0.0369159
0.0368286
0.0367429
0.036659
0.036577
0.036497
0.0364189
0.0363429
0.036269
0.0361974
0.036128
0.0360609
0.0359962
0.0359339
0.0358742
0.0358172
0.0357628
0.0357112
0.0356626
0.0356169
0.0355744
0.035535
0.035499
0.0354665
0.0354376
0.0354133
0.0353941
0.0353802
0.0353717
0.0353687
0.035371
0.0353786
0.0353915
0.0354096
0.0354331
0.0354619
0.0354963
0.0355362
0.0355819
0.0356335
0.0356911
0.0357551
0.0358255
0.0359026
0.0359867
0.0360779
0.0361765
0.0362828
0.036397
0.0365194
0.0366503
0.0367899
0.0369385
0.0370965
0.0372642
0.037442
0.0376312
0.0378324
0.0380459
0.0382721
0.0385112
0.0387632
0.0390281
0.0393062
0.0395976
0.0399027
0.0402216
0.0405547
0.0409026
0.0412654
0.0416437
0.042038
0.0424486
0.0428761
0.0433209
0.0437835
0.0442643
0.0447638
0.0452824
0.0458203
0.0463781
0.0469558
0.0475537
0.0481717
0.0488096
0.0494665
0.0501109
0.0627731
0.0626408
0.0625086
0.0623764
0.0622442
0.0621121
0.0619799
0.0618478
0.0617158
0.0615838
0.0614518
0.0613198
0.0611879
0.061056
0.0609241
0.0607923
0.0606605
0.0605288
0.0603971
0.0602654
0.0601338
0.0600022
0.0598706
0.0597391
0.0596076
0.0594762
0.0593448
0.0592135
0.0590822
0.0589509
0.0588197
0.0586885
0.0585574
0.0584263
0.0582953
0.0581643
0.0580334
0.0579025
0.0577716
0.0576408
0.0575101
0.0573794
0.0572487
0.0571181
0.0569876
0.0568571
0.0567266
0.0565962
0.0564658
0.0563355
0.0562053
0.0560751
0.0559449
0.0558148
0.0556848
0.0555548
0.0554248
0.055295
0.0551651
0.0550353
0.0549056
0.0547759
0.0546463
0.0545167
0.0543872
0.0542578
0.0541284
0.053999
0.0538697
0.0537405
0.0536113
0.0534822
0.0533532
0.0532242
0.0530952
0.0529663
0.0528375
0.0527088
0.0525801
0.0524514
0.0523229
0.0521944
0.052066
0.0519376
0.0518093
0.0516811
0.051553
0.0514249
0.0512969
0.051169
0.0510412
0.0509135
0.0507858
0.0506583
0.0505308
0.0504034
0.0502762
0.050149
0.050022
0.049895
0.0497682
0.0496414
0.0495148
0.0493884
0.049262
0.0491358
0.0490097
0.0488837
0.0487579
0.0486322
0.0485067
0.0483813
0.0482561
0.0481311
0.0480062
0.0478814
0.0477569
0.0476325
0.0475082
0.0473842
0.0472603
0.0471367
0.0470132
0.0468899
0.0467668
0.0466439
0.0465211
0.0463986
0.0462763
0.0461542
0.0460322
0.0459105
0.045789
0.0456677
0.0455466
0.0454256
0.0453049
0.0451844
0.0450641
0.044944
0.0448241
0.0447044
0.0445849
0.0444656
0.0443465
0.0442276
0.0441088
0.0439903
0.0438719
0.0437538
0.0436358
0.043518
0.0434004
0.043283
0.0431657
0.0430486
0.0429317
0.042815
0.0426985
0.0425821
0.0424659
0.0423499
0.042234
0.0421183
0.0420028
0.0418875
0.0417723
0.0416573
0.0415425
0.0414279
0.0413135
0.0411992
0.0410852
0.0409713
0.0408577
0.0407443
0.040631
0.040518
0.0404053
0.0402927
0.0401804
0.0400684
0.0399566
0.0398451
0.0397339
0.039623
0.0395124
0.0394021
0.0392922
0.0391826
0.0390734
0.0389645
0.0388561
0.0387481
0.0386405
0.0385334
0.0384267
0.0383206
0.038215
0.0381099
0.0380054
0.0379015
0.0377982
0.0376956
0.0375936
0.0374923
0.0373918
0.037292
0.037193
0.0370948
0.0369974
0.036901
0.0368054
0.0367108
0.0366172
0.0365247
0.0364332
0.0363428
0.0362536
0.0361657
0.036079
0.0359936
0.0359096
0.035827
0.0357459
0.0356662
0.0355881
0.0355117
0.0354368
0.0353637
0.0352923
0.0352227
0.0351549
0.0350891
0.0350253
0.0349634
0.0349037
0.0348461
0.0347908
0.0347379
0.0346875
0.0346398
0.0345949
0.0345528
0.0345137
0.0344776
0.0344447
0.0344149
0.0343883
0.0343651
0.0343452
0.0343288
0.034316
0.0343067
0.0343012
0.0342995
0.0343017
0.0343079
0.0343182
0.0343328
0.0343518
0.0343753
0.0344035
0.0344364
0.0344743
0.0345173
0.0345656
0.0346194
0.034679
0.0347452
0.0348186
0.0348997
0.0349888
0.0350861
0.0351917
0.0353057
0.0354281
0.0355591
0.0356988
0.0358473
0.0360049
0.0361716
0.0363479
0.036534
0.0367302
0.0369368
0.0371543
0.0373831
0.0376235
0.037876
0.0381411
0.0384192
0.0387109
0.0390165
0.0393366
0.0396717
0.0400222
0.0403884
0.0407711
0.0411535
0.062709
0.0625759
0.0624427
0.0623096
0.0621765
0.0620434
0.0619104
0.0617773
0.0616443
0.0615113
0.0613784
0.0612454
0.0611125
0.0609797
0.0608468
0.060714
0.0605812
0.0604484
0.0603157
0.060183
0.0600503
0.0599177
0.0597851
0.0596525
0.05952
0.0593875
0.059255
0.0591226
0.0589902
0.0588579
0.0587256
0.0585933
0.058461
0.0583289
0.0581967
0.0580646
0.0579325
0.0578005
0.0576685
0.0575366
0.0574047
0.0572728
0.057141
0.0570092
0.0568775
0.0567459
0.0566142
0.0564827
0.0563511
0.0562196
0.0560882
0.0559568
0.0558255
0.0556942
0.055563
0.0554318
0.0553007
0.0551696
0.0550385
0.0549076
0.0547766
0.0546457
0.0545149
0.0543842
0.0542534
0.0541228
0.0539922
0.0538616
0.0537311
0.0536007
0.0534703
0.0533399
0.0532097
0.0530795
0.0529493
0.0528192
0.0526892
0.0525592
0.0524293
0.0522995
0.0521697
0.05204
0.0519104
0.0517808
0.0516514
0.051522
0.0513926
0.0512634
0.0511342
0.0510051
0.0508761
0.0507472
0.0506184
0.0504897
0.0503611
0.0502326
0.0501042
0.0499759
0.0498477
0.0497196
0.0495917
0.0494639
0.0493362
0.0492086
0.0490812
0.0489539
0.0488268
0.0486998
0.0485729
0.0484463
0.0483198
0.0481934
0.0480673
0.0479413
0.0478155
0.0476899
0.0475645
0.0474392
0.0473142
0.0471894
0.0470648
0.0469404
0.0468163
0.0466923
0.0465686
0.0464451
0.0463219
0.0461989
0.0460761
0.0459536
0.0458313
0.0457093
0.0455875
0.045466
0.0453448
0.0452238
0.0451031
0.0449826
0.0448624
0.0447425
0.0446229
0.0445035
0.0443844
0.0442656
0.0441471
0.0440288
0.0439108
0.0437931
0.0436757
0.0435586
0.0434418
0.0433252
0.043209
0.043093
0.0429773
0.0428619
0.0427468
0.042632
0.0425175
0.0424032
0.0422893
0.0421757
0.0420624
0.0419494
0.0418367
0.0417243
0.0416123
0.0415005
0.0413891
0.041278
0.0411672
0.0410568
0.0409468
0.040837
0.0407277
0.0406187
0.04051
0.0404018
0.0402939
0.0401865
0.0400794
0.0399728
0.0398665
0.0397608
0.0396554
0.0395505
0.0394461
0.0393422
0.0392387
0.0391358
0.0390333
0.0389315
0.0388301
0.0387293
0.0386291
0.0385295
0.0384305
0.0383322
0.0382344
0.0381374
0.038041
0.0379453
0.0378504
0.0377562
0.0376627
0.0375701
0.0374782
0.0373872
0.037297
0.0372077
0.0371193
0.0370318
0.0369452
0.0368596
0.036775
0.0366914
0.0366089
0.0365274
0.0364471
0.0363678
0.0362898
0.0362129
0.0361372
0.0360628
0.0359897
0.0359179
0.0358475
0.0357784
0.0357107
0.0356445
0.0355798
0.0355166
0.0354549
0.0353948
0.0353363
0.0352795
0.0352243
0.0351709
0.0351192
0.0350694
0.0350214
0.0349752
0.034931
0.0348889
0.0348487
0.0348107
0.0347748
0.0347412
0.0347097
0.0346806
0.0346538
0.0346294
0.0346074
0.0345879
0.0345709
0.0345565
0.0345447
0.0345356
0.0345292
0.0345256
0.0345248
0.0345269
0.034532
0.03454
0.0345511
0.0345654
0.0345828
0.0346036
0.0346277
0.0346553
0.0346866
0.0347216
0.0347607
0.0348039
0.0348513
0.0349033
0.0349597
0.0350209
0.0350869
0.0351579
0.0352339
0.0353152
0.0354018
0.0354939
0.0355917
0.0356954
0.0358052
0.0359212
0.0360437
0.036173
0.0363093
0.036453
0.0366044
0.0367638
0.0369316
0.0371083
0.0372943
0.0374899
0.0376962
0.0379038
0.0625875
0.0624528
0.062318
0.0621833
0.0620485
0.0619138
0.0617791
0.0616444
0.0615097
0.0613751
0.0612405
0.0611058
0.0609713
0.0608367
0.0607022
0.0605676
0.0604331
0.0602987
0.0601643
0.0600298
0.0598955
0.0597611
0.0596268
0.0594925
0.0593583
0.0592241
0.0590899
0.0589558
0.0588217
0.0586877
0.0585536
0.0584197
0.0582857
0.0581518
0.058018
0.0578842
0.0577504
0.0576167
0.0574831
0.0573495
0.0572159
0.0570824
0.0569489
0.0568155
0.0566821
0.0565488
0.0564155
0.0562823
0.0561492
0.0560161
0.055883
0.05575
0.0556171
0.0554842
0.0553514
0.0552187
0.055086
0.0549534
0.0548208
0.0546883
0.0545558
0.0544234
0.0542911
0.0541589
0.0540267
0.0538946
0.0537625
0.0536305
0.0534986
0.0533668
0.053235
0.0531033
0.0529717
0.0528401
0.0527087
0.0525773
0.0524459
0.0523147
0.0521836
0.0520525
0.0519215
0.0517906
0.0516599
0.0515292
0.0513986
0.051268
0.0511376
0.0510074
0.0508772
0.0507471
0.0506171
0.0504873
0.0503576
0.050228
0.0500985
0.0499692
0.04984
0.049711
0.0495821
0.0494533
0.0493247
0.0491963
0.0490681
0.04894
0.0488121
0.0486844
0.0485569
0.0484296
0.0483025
0.0481756
0.0480489
0.0479225
0.0477963
0.0476703
0.0475446
0.0474191
0.0472939
0.047169
0.0470443
0.0469199
0.0467959
0.0466721
0.0465486
0.0464254
0.0463025
0.04618
0.0460578
0.0459359
0.0458144
0.0456932
0.0455723
0.0454519
0.0453318
0.0452121
0.0450928
0.0449738
0.0448553
0.0447371
0.0446194
0.0445021
0.0443852
0.0442687
0.0441526
0.044037
0.0439218
0.043807
0.0436927
0.0435789
0.0434655
0.0433526
0.0432402
0.0431282
0.0430167
0.0429057
0.0427951
0.0426851
0.0425756
0.0424666
0.042358
0.04225
0.0421426
0.0420356
0.0419292
0.0418233
0.041718
0.0416132
0.041509
0.0414054
0.0413023
0.0411998
0.0410979
0.0409966
0.0408959
0.0407959
0.0406964
0.0405976
0.0404994
0.0404019
0.040305
0.0402089
0.0401134
0.0400186
0.0399245
0.0398311
0.0397384
0.0396465
0.0395554
0.039465
0.0393754
0.0392866
0.0391986
0.0391115
0.0390252
0.0389397
0.0388551
0.0387714
0.0386886
0.0386067
0.0385258
0.0384458
0.0383668
0.0382888
0.0382118
0.0381358
0.0380609
0.037987
0.0379142
0.0378425
0.0377719
0.0377025
0.0376342
0.0375672
0.0375013
0.0374366
0.0373732
0.0373111
0.0372502
0.0371907
0.0371325
0.0370756
0.0370201
0.0369661
0.0369134
0.0368622
0.0368125
0.0367642
0.0367175
0.0366723
0.0366287
0.0365866
0.0365462
0.0365074
0.0364702
0.0364347
0.0364009
0.0363689
0.0363385
0.0363099
0.0362831
0.0362581
0.0362349
0.0362136
0.0361941
0.0361765
0.0361608
0.036147
0.0361352
0.0361254
0.0361175
0.0361117
0.0361078
0.036106
0.0361063
0.0361087
0.0361132
0.0361197
0.0361284
0.0361393
0.0361523
0.0361674
0.0361848
0.0362043
0.0362261
0.03625
0.0362762
0.0363047
0.0363354
0.0363683
0.0364036
0.0364411
0.036481
0.0365232
0.0365677
0.0366147
0.0366642
0.0367161
0.0367705
0.0368275
0.0368872
0.0369494
0.0370144
0.0370822
0.0371527
0.0372262
0.0373025
0.0373819
0.0374644
0.0375501
0.0376391
0.0377315
0.0378275
0.0379272
0.0380309
0.0381388
0.0382511
0.0383682
0.0384903
0.0386178
0.0387514
0.0388848
0.0623588
0.0622216
0.0620844
0.0619472
0.0618101
0.061673
0.0615359
0.0613988
0.0612617
0.0611247
0.0609877
0.0608507
0.0607138
0.0605769
0.06044
0.0603032
0.0601664
0.0600296
0.0598929
0.0597562
0.0596196
0.059483
0.0593465
0.05921
0.0590735
0.0589372
0.0588008
0.0586645
0.0585283
0.0583922
0.0582561
0.05812
0.057984
0.0578481
0.0577123
0.0575765
0.0574407
0.0573051
0.0571695
0.057034
0.0568986
0.0567632
0.0566279
0.0564927
0.0563576
0.0562225
0.0560876
0.0559527
0.0558179
0.0556831
0.0555485
0.0554139
0.0552795
0.0551451
0.0550108
0.0548766
0.0547426
0.0546085
0.0544746
0.0543408
0.0542071
0.0540735
0.05394
0.0538066
0.0536733
0.0535401
0.053407
0.0532741
0.0531412
0.0530085
0.0528758
0.0527433
0.0526109
0.0524787
0.0523465
0.0522145
0.0520826
0.0519509
0.0518193
0.0516878
0.0515564
0.0514252
0.0512942
0.0511633
0.0510326
0.050902
0.0507716
0.0506414
0.0505113
0.0503814
0.0502517
0.0501222
0.0499929
0.0498638
0.0497349
0.0496062
0.0494777
0.0493495
0.0492214
0.0490937
0.0489662
0.0488389
0.0487119
0.0485852
0.0484588
0.0483326
0.0482068
0.0480812
0.047956
0.0478311
0.0477066
0.0475824
0.0474585
0.0473351
0.047212
0.0470893
0.046967
0.0468451
0.0467236
0.0466026
0.046482
0.0463619
0.0462422
0.0461231
0.0460044
0.0458862
0.0457685
0.0456514
0.0455348
0.0454187
0.0453032
0.0451883
0.0450739
0.0449601
0.044847
0.0447344
0.0446225
0.0445112
0.0444006
0.0442906
0.0441813
0.0440727
0.0439647
0.0438575
0.043751
0.0436451
0.0435401
0.0434357
0.0433321
0.0432293
0.0431272
0.0430259
0.0429254
0.0428257
0.0427268
0.0426288
0.0425315
0.0424351
0.0423395
0.0422448
0.042151
0.042058
0.0419659
0.0418748
0.0417845
0.0416951
0.0416067
0.0415192
0.0414327
0.0413471
0.0412624
0.0411788
0.0410961
0.0410145
0.0409339
0.0408542
0.0407757
0.0406981
0.0406217
0.0405463
0.0404719
0.0403987
0.0403266
0.0402556
0.0401857
0.040117
0.0400495
0.0399831
0.0399179
0.0398539
0.0397911
0.0397296
0.0396693
0.0396103
0.0395525
0.0394961
0.0394409
0.0393871
0.0393346
0.0392834
0.0392336
0.0391852
0.0391383
0.0390927
0.0390486
0.0390059
0.0389647
0.038925
0.0388868
0.0388501
0.0388149
0.0387814
0.0387494
0.0387189
0.0386901
0.0386629
0.0386374
0.0386135
0.0385913
0.0385708
0.038552
0.038535
0.0385197
0.0385061
0.0384943
0.0384843
0.0384762
0.0384698
0.0384653
0.0384626
0.0384618
0.0384629
0.0384658
0.0384707
0.0384774
0.0384861
0.0384967
0.0385092
0.0385236
0.03854
0.0385583
0.0385786
0.0386008
0.038625
0.0386511
0.0386791
0.0387092
0.0387411
0.038775
0.0388108
0.0388486
0.0388883
0.0389298
0.0389733
0.0390187
0.039066
0.0391151
0.039166
0.0392188
0.0392734
0.0393298
0.039388
0.0394479
0.0395095
0.0395728
0.0396378
0.0397044
0.0397727
0.0398425
0.0399139
0.0399869
0.0400613
0.0401372
0.0402146
0.0402934
0.0403735
0.0404551
0.0405379
0.0406221
0.0407076
0.0407944
0.0408825
0.0409718
0.0410624
0.0411542
0.0412474
0.0413418
0.0414375
0.0415346
0.0416331
0.0417331
0.0418347
0.0419381
0.0420434
0.0421508
0.0422606
0.0423731
0.0424883
0.042607
0.0427236
0.0619506
0.0618106
0.0616706
0.0615307
0.0613908
0.0612509
0.0611112
0.0609714
0.0608318
0.0606922
0.0605526
0.0604132
0.0602738
0.0601345
0.0599952
0.0598561
0.059717
0.059578
0.0594391
0.0593002
0.0591615
0.0590229
0.0588843
0.0587459
0.0586075
0.0584693
0.0583311
0.0581931
0.0580551
0.0579173
0.0577796
0.057642
0.0575045
0.0573671
0.0572299
0.0570928
0.0569558
0.0568189
0.0566822
0.0565456
0.0564091
0.0562727
0.0561365
0.0560004
0.0558645
0.0557287
0.0555931
0.0554576
0.0553222
0.055187
0.055052
0.0549171
0.0547824
0.0546478
0.0545134
0.0543791
0.0542451
0.0541111
0.0539774
0.0538438
0.0537104
0.0535772
0.0534442
0.0533114
0.0531787
0.0530462
0.052914
0.0527819
0.05265
0.0525183
0.0523869
0.0522556
0.0521246
0.0519938
0.0518632
0.0517328
0.0516027
0.0514728
0.0513431
0.0512137
0.0510846
0.0509557
0.050827
0.0506987
0.0505706
0.0504428
0.0503153
0.0501881
0.0500612
0.0499346
0.0498084
0.0496825
0.0495569
0.0494316
0.0493068
0.0491823
0.0490582
0.0489345
0.0488111
0.0486882
0.0485658
0.0484437
0.0483221
0.048201
0.0480804
0.0479603
0.0478406
0.0477215
0.0476029
0.0474849
0.0473674
0.0472505
0.0471342
0.0470186
0.0469035
0.0467891
0.0466754
0.0465623
0.0464499
0.0463383
0.0462273
0.0461171
0.0460077
0.0458991
0.0457912
0.0456842
0.045578
0.0454727
0.0453682
0.0452646
0.045162
0.0450602
0.0449594
0.0448595
0.0447607
0.0446628
0.0445659
0.04447
0.0443752
0.0442815
0.0441888
0.0440972
0.0440068
0.0439174
0.0438292
0.0437421
0.0436563
0.0435716
0.0434881
0.0434058
0.0433248
0.043245
0.0431664
0.0430891
0.0430132
0.0429385
0.0428651
0.0427931
0.0427224
0.042653
0.042585
0.0425184
0.0424532
0.0423894
0.042327
0.042266
0.0422065
0.0421484
0.0420917
0.0420365
0.0419828
0.0419306
0.0418799
0.0418307
0.0417831
0.0417369
0.0416923
0.0416493
0.0416078
0.0415679
0.0415296
0.0414928
0.0414577
0.0414242
0.0413923
0.041362
0.0413334
0.0413064
0.0412811
0.0412575
0.0412356
0.0412153
0.0411967
0.0411799
0.0411648
0.0411514
0.0411397
0.0411299
0.0411217
0.0411154
0.0411108
0.0411081
0.0411071
0.041108
0.0411107
0.0411152
0.0411216
0.0411298
0.04114
0.0411519
0.0411658
0.0411816
0.0411992
0.0412188
0.0412403
0.0412638
0.0412891
0.0413165
0.0413457
0.0413769
0.0414101
0.0414453
0.0414824
0.0415215
0.0415625
0.0416055
0.0416506
0.0416975
0.0417465
0.0417974
0.0418503
0.0419052
0.041962
0.0420207
0.0420814
0.042144
0.0422085
0.0422749
0.0423432
0.0424133
0.0424853
0.0425591
0.0426347
0.042712
0.0427912
0.042872
0.0429546
0.0430388
0.0431247
0.0432121
0.0433012
0.0433917
0.0434838
0.0435773
0.0436722
0.0437685
0.0438662
0.0439651
0.0440652
0.0441665
0.044269
0.0443725
0.0444771
0.0445826
0.0446891
0.0447964
0.0449046
0.0450135
0.0451231
0.0452333
0.0453441
0.0454554
0.0455672
0.0456793
0.0457918
0.0459046
0.0460177
0.0461308
0.0462442
0.0463575
0.046471
0.0465844
0.0466977
0.0468109
0.0469241
0.0470371
0.0471499
0.0472626
0.0473753
0.0474878
0.0476004
0.047713
0.0478259
0.0479392
0.0480531
0.0481678
0.0482837
0.0484009
0.04852
0.0486355
0.0610524
0.0609099
0.0607676
0.0606254
0.0604833
0.0603415
0.0601998
0.0600583
0.0599169
0.0597758
0.0596349
0.0594941
0.0593535
0.0592132
0.059073
0.0589331
0.0587934
0.0586539
0.0585146
0.0583755
0.0582367
0.0580981
0.0579597
0.0578216
0.0576837
0.057546
0.0574086
0.0572715
0.0571346
0.0569979
0.0568615
0.0567254
0.0565896
0.056454
0.0563187
0.0561836
0.0560489
0.0559144
0.0557802
0.0556463
0.0555127
0.0553794
0.0552464
0.0551138
0.0549814
0.0548493
0.0547175
0.0545861
0.054455
0.0543242
0.0541937
0.0540636
0.0539338
0.0538044
0.0536753
0.0535466
0.0534182
0.0532902
0.0531625
0.0530352
0.0529083
0.0527818
0.0526557
0.05253
0.0524047
0.0522798
0.0521553
0.0520312
0.0519075
0.0517843
0.0516616
0.0515392
0.0514174
0.051296
0.0511751
0.0510546
0.0509347
0.0508153
0.0506963
0.0505779
0.0504601
0.0503428
0.050226
0.0501098
0.0499942
0.0498792
0.0497648
0.049651
0.0495379
0.0494254
0.0493135
0.0492024
0.0490919
0.0489822
0.0488732
0.0487649
0.0486574
0.0485506
0.0484447
0.0483396
0.0482353
0.0481319
0.0480294
0.0479278
0.047827
0.0477273
0.0476285
0.0475307
0.0474339
0.0473381
0.0472434
0.0471498
0.0470573
0.0469659
0.0468756
0.0467866
0.0466988
0.0466122
0.0465268
0.0464428
0.04636
0.0462786
0.0461986
0.04612
0.0460427
0.045967
0.0458926
0.0458198
0.0457486
0.0456788
0.0456107
0.0455442
0.0454792
0.045416
0.0453544
0.0452946
0.0452364
0.0451801
0.0451255
0.0450727
0.0450217
0.0449726
0.0449254
0.04488
0.0448366
0.0447951
0.0447556
0.0447181
0.0446825
0.044649
0.0446175
0.044588
0.0445606
0.0445353
0.0445121
0.044491
0.0444721
0.0444552
0.0444406
0.0444281
0.0444177
0.0444096
0.0444036
0.0443999
0.0443983
0.044399
0.0444019
0.0444071
0.0444144
0.0444241
0.044436
0.0444501
0.0444665
0.0444851
0.044506
0.0445292
0.0445546
0.0445824
0.0446123
0.0446446
0.044679
0.0447158
0.0447548
0.0447961
0.0448397
0.0448854
0.0449335
0.0449838
0.0450363
0.0450911
0.0451482
0.0452074
0.0452689
0.0453326
0.0453986
0.0454667
0.0455371
0.0456097
0.0456845
0.0457614
0.0458406
0.0459219
0.0460054
0.0460911
0.0461789
0.0462688
0.0463609
0.0464551
0.0465514
0.0466498
0.0467503
0.0468529
0.0469575
0.0470641
0.0471728
0.0472834
0.0473961
0.0475107
0.0476272
0.0477456
0.0478659
0.0479881
0.0481122
0.048238
0.0483656
0.0484949
0.048626
0.0487587
0.048893
0.049029
0.0491665
0.0493055
0.049446
0.0495878
0.0497311
0.0498757
0.0500215
0.0501685
0.0503167
0.050466
0.0506163
0.0507676
0.0509198
0.0510728
0.0512266
0.0513812
0.0515363
0.0516921
0.0518483
0.0520049
0.0521619
0.0523192
0.0524766
0.0526342
0.0527918
0.0529494
0.0531068
0.053264
0.0534209
0.0535775
0.0537335
0.0538891
0.054044
0.0541982
0.0543516
0.0545042
0.0546558
0.0548063
0.0549558
0.055104
0.055251
0.0553966
0.0555408
0.0556835
0.0558246
0.0559641
0.0561019
0.056238
0.0563722
0.0565045
0.0566349
0.0567633
0.0568897
0.057014
0.0571362
0.0572564
0.0573744
0.0574903
0.0576041
0.0577159
0.0578256
0.0579335
0.0580396
0.0581441
0.0582472
0.0583492
0.0584503
0.0585509
0.0586517
0.0587472
0.0593029
0.0591746
0.0590469
0.0589197
0.0587931
0.0586671
0.0585416
0.0584167
0.0582924
0.0581687
0.0580455
0.0579229
0.0578009
0.0576795
0.0575587
0.0574385
0.0573189
0.0571999
0.0570815
0.0569637
0.0568465
0.0567299
0.0566139
0.0564986
0.0563839
0.0562698
0.0561564
0.0560435
0.0559314
0.0558198
0.0557089
0.0555987
0.0554891
0.0553802
0.055272
0.0551644
0.0550575
0.0549513
0.0548457
0.0547409
0.0546368
0.0545333
0.0544306
0.0543286
0.0542273
0.0541268
0.0540269
0.0539279
0.0538296
0.053732
0.0536353
0.0535393
0.0534441
0.0533497
0.0532562
0.0531634
0.0530715
0.0529804
0.0528902
0.0528009
0.0527125
0.0526249
0.0525383
0.0524526
0.0523679
0.0522841
0.0522013
0.0521194
0.0520386
0.0519588
0.0518801
0.0518024
0.0517259
0.0516504
0.0515761
0.0515029
0.0514309
0.0513601
0.0512905
0.0512221
0.0511551
0.0510893
0.0510249
0.0509618
0.0509001
0.0508398
0.050781
0.0507236
0.0506677
0.0506134
0.0505606
0.0505094
0.0504599
0.050412
0.0503658
0.0503214
0.0502787
0.0502379
0.0501988
0.0501617
0.0501265
0.0500932
0.050062
0.0500328
0.0500056
0.0499806
0.0499577
0.049937
0.0499185
0.0499024
0.0498885
0.049877
0.0498678
0.0498612
0.0498569
0.0498552
0.0498561
0.0498595
0.0498656
0.0498743
0.0498858
0.0499
0.0499169
0.0499367
0.0499593
0.0499848
0.0500132
0.0500445
0.0500788
0.0501161
0.0501565
0.0501998
0.0502463
0.0502958
0.0503484
0.0504042
0.0504631
0.0505251
0.0505903
0.0506587
0.0507303
0.050805
0.050883
0.0509641
0.0510485
0.051136
0.0512267
0.0513206
0.0514176
0.0515178
0.0516211
0.0517276
0.0518372
0.0519498
0.0520655
0.0521843
0.0523061
0.0524308
0.0525586
0.0526892
0.0528227
0.0529591
0.0530983
0.0532403
0.053385
0.0535324
0.0536825
0.0538351
0.0539903
0.054148
0.0543082
0.0544708
0.0546357
0.0548029
0.0549724
0.0551441
0.0553179
0.0554938
0.0556717
0.0558516
0.0560334
0.0562171
0.0564026
0.0565898
0.0567787
0.0569693
0.0571614
0.0573551
0.0575502
0.0577467
0.0579446
0.0581438
0.0583442
0.0585458
0.0587484
0.0589522
0.0591569
0.0593625
0.0595691
0.0597764
0.0599845
0.0601933
0.0604027
0.0606126
0.0608231
0.061034
0.0612452
0.0614567
0.0616685
0.0618804
0.0620924
0.0623044
0.0625164
0.0627282
0.0629398
0.0631512
0.0633622
0.0635727
0.0637828
0.0639922
0.064201
0.0644091
0.0646163
0.0648226
0.065028
0.0652322
0.0654353
0.0656371
0.0658376
0.0660367
0.0662343
0.0664303
0.0666246
0.0668171
0.0670077
0.0671964
0.0673831
0.0675677
0.06775
0.06793
0.0681076
0.0682828
0.0684554
0.0686253
0.0687925
0.0689569
0.0691184
0.0692769
0.0694324
0.0695847
0.0697339
0.0698798
0.0700223
0.0701614
0.0702971
0.0704292
0.0705577
0.0706825
0.0708036
0.070921
0.0710345
0.0711442
0.07125
0.0713519
0.0714497
0.0715436
0.0716334
0.0717192
0.0718009
0.0718784
0.0719519
0.0720212
0.0720864
0.0721474
0.0722043
0.0722571
0.0723057
0.0723502
0.0723906
0.0724269
0.0724592
0.0724874
0.0725117
0.0725321
0.0725485
0.0725611
0.07257
0.0725752
0.0725768
0.072575
0.0725698
0.0725614
0.0725501
0.072536
0.0725194
0.0725007
0.0724804
0.0724593
0.0724388
0.0724146
0.0601048
0.0600449
0.059986
0.0599281
0.0598712
0.0598152
0.0597602
0.0597062
0.0596532
0.0596011
0.05955
0.0594999
0.0594507
0.0594025
0.0593552
0.059309
0.0592636
0.0592193
0.0591759
0.0591334
0.059092
0.0590515
0.059012
0.0589735
0.058936
0.0588994
0.0588639
0.0588294
0.0587958
0.0587634
0.0587319
0.0587015
0.0586721
0.0586438
0.0586165
0.0585903
0.0585652
0.0585413
0.0585184
0.0584966
0.058476
0.0584566
0.0584383
0.0584212
0.0584054
0.0583907
0.0583773
0.0583651
0.0583542
0.0583446
0.0583363
0.0583294
0.0583238
0.0583196
0.0583169
0.0583155
0.0583156
0.0583172
0.0583203
0.0583249
0.0583311
0.0583389
0.0583483
0.0583593
0.0583721
0.0583866
0.0584028
0.0584208
0.0584406
0.0584623
0.0584859
0.0585114
0.0585388
0.0585683
0.0585998
0.0586334
0.0586692
0.0587071
0.0587472
0.0587895
0.0588342
0.0588812
0.0589305
0.0589823
0.0590366
0.0590934
0.0591527
0.0592147
0.0592793
0.0593465
0.0594166
0.0594894
0.059565
0.0596435
0.059725
0.0598093
0.0598967
0.0599872
0.0600807
0.0601774
0.0602772
0.0603803
0.0604866
0.0605962
0.0607092
0.0608255
0.0609452
0.0610683
0.0611949
0.061325
0.0614587
0.0615958
0.0617366
0.0618809
0.0620288
0.0621804
0.0623356
0.0624944
0.0626569
0.062823
0.0629927
0.0631661
0.0633431
0.0635237
0.0637079
0.0638956
0.0640869
0.0642816
0.0644798
0.0646813
0.0648863
0.0650945
0.065306
0.0655206
0.0657383
0.0659591
0.0661829
0.0664095
0.066639
0.0668711
0.067106
0.0673433
0.0675831
0.0678253
0.0680697
0.0683163
0.068565
0.0688156
0.069068
0.0693223
0.0695781
0.0698355
0.0700943
0.0703545
0.0706158
0.0708782
0.0711416
0.0714059
0.0716709
0.0719366
0.0722027
0.0724693
0.0727362
0.0730033
0.0732704
0.0735375
0.0738045
0.0740712
0.0743375
0.0746034
0.0748687
0.0751333
0.0753971
0.07566
0.075922
0.0761829
0.0764426
0.076701
0.0769581
0.0772137
0.0774678
0.0777203
0.077971
0.07822
0.0784671
0.0787121
0.0789552
0.0791961
0.0794348
0.0796711
0.0799052
0.0801367
0.0803658
0.0805922
0.0808159
0.0810369
0.0812551
0.0814703
0.0816826
0.0818919
0.082098
0.0823009
0.0825005
0.0826969
0.0828898
0.0830792
0.0832652
0.0834475
0.0836261
0.083801
0.0839721
0.0841393
0.0843026
0.0844619
0.0846172
0.0847683
0.0849153
0.085058
0.0851965
0.0853306
0.0854603
0.0855856
0.0857064
0.0858226
0.0859343
0.0860413
0.0861436
0.0862412
0.0863341
0.0864221
0.0865054
0.0865837
0.0866572
0.0867257
0.0867892
0.0868478
0.0869014
0.08695
0.0869936
0.0870321
0.0870655
0.087094
0.0871173
0.0871356
0.0871489
0.0871571
0.0871603
0.0871584
0.0871516
0.0871397
0.0871229
0.0871012
0.0870745
0.087043
0.0870067
0.0869655
0.0869196
0.086869
0.0868137
0.0867538
0.0866893
0.0866203
0.0865468
0.086469
0.0863868
0.0863004
0.0862097
0.086115
0.0860161
0.0859134
0.0858067
0.0856962
0.0855819
0.085464
0.0853425
0.0852175
0.0850891
0.0849575
0.0848226
0.0846845
0.0845435
0.0843995
0.0842527
0.0841032
0.0839511
0.0837965
0.0836395
0.0834802
0.0833189
0.0831555
0.0829903
0.0828235
0.0826551
0.0824856
0.0823151
0.082144
0.0819729
0.0818031
0.0816367
0.0814709
0.0737051
0.0738023
0.0739
0.0739983
0.0740971
0.0741965
0.0742965
0.074397
0.0744981
0.0745997
0.0747018
0.0748046
0.0749079
0.0750117
0.0751162
0.0752212
0.0753268
0.0754331
0.0755399
0.0756474
0.0757555
0.0758643
0.0759737
0.0760838
0.0761946
0.0763061
0.0764184
0.0765314
0.0766451
0.0767597
0.076875
0.0769912
0.0771082
0.0772261
0.0773448
0.0774645
0.0775851
0.0777067
0.0778292
0.0779527
0.0780773
0.0782029
0.0783296
0.0784574
0.0785863
0.0787164
0.0788476
0.0789801
0.0791138
0.0792487
0.079385
0.0795226
0.0796615
0.0798019
0.0799436
0.0800868
0.0802315
0.0803777
0.0805254
0.0806747
0.0808257
0.0809783
0.0811325
0.0812885
0.0814463
0.0816058
0.0817672
0.0819304
0.0820956
0.0822626
0.0824317
0.0826027
0.0827758
0.082951
0.0831283
0.0833077
0.0834894
0.0836732
0.0838594
0.0840478
0.0842385
0.0844316
0.0846271
0.0848251
0.0850255
0.0852283
0.0854337
0.0856416
0.0858521
0.0860652
0.0862809
0.0864992
0.0867201
0.0869437
0.0871699
0.0873988
0.0876304
0.0878647
0.0881016
0.0883412
0.0885834
0.0888283
0.0890758
0.0893258
0.0895784
0.0898335
0.0900911
0.090351
0.0906133
0.0908779
0.0911447
0.0914137
0.0916847
0.0919576
0.0922324
0.0925089
0.092787
0.0930667
0.0933476
0.0936299
0.0939132
0.0941974
0.0944824
0.094768
0.0950541
0.0953405
0.0956269
0.0959133
0.0961995
0.0964852
0.0967703
0.0970547
0.097338
0.0976203
0.0979013
0.0981808
0.0984587
0.0987348
0.0990089
0.099281
0.0995508
0.0998182
0.100083
0.100345
0.100605
0.100861
0.101115
0.101365
0.101612
0.101856
0.102096
0.102333
0.102566
0.102796
0.103021
0.103243
0.10346
0.103674
0.103883
0.104089
0.10429
0.104486
0.104679
0.104866
0.10505
0.105229
0.105403
0.105572
0.105737
0.105897
0.106052
0.106202
0.106347
0.106488
0.106623
0.106753
0.106879
0.106999
0.107114
0.107223
0.107328
0.107427
0.107521
0.107609
0.107692
0.10777
0.107842
0.107908
0.10797
0.108025
0.108075
0.10812
0.108158
0.108191
0.108219
0.108241
0.108257
0.108267
0.108271
0.10827
0.108263
0.10825
0.108232
0.108208
0.108177
0.108141
0.1081
0.108052
0.107999
0.10794
0.107875
0.107804
0.107728
0.107646
0.107558
0.107464
0.107365
0.10726
0.10715
0.107034
0.106913
0.106786
0.106654
0.106516
0.106373
0.106225
0.106071
0.105912
0.105748
0.105579
0.105406
0.105227
0.105043
0.104855
0.104661
0.104464
0.104261
0.104054
0.103843
0.103628
0.103408
0.103184
0.102956
0.102724
0.102489
0.102249
0.102006
0.10176
0.10151
0.101257
0.101
0.10074
0.100478
0.100212
0.0999438
0.0996728
0.0993992
0.0991232
0.0988448
0.0985641
0.0982814
0.0979966
0.09771
0.0974215
0.0971314
0.0968398
0.0965467
0.0962522
0.0959566
0.0956598
0.095362
0.0950633
0.0947639
0.0944638
0.0941631
0.0938619
0.0935604
0.0932587
0.0929568
0.0926549
0.092353
0.0920513
0.0917499
0.0914488
0.0911482
0.0908482
0.0905488
0.0902503
0.0899526
0.0896559
0.0893603
0.089066
0.088773
0.0884815
0.0881917
0.0879038
0.0876185
0.0873369
0.0870619
0.0867923
0.126445
0.126752
0.127058
0.127364
0.127669
0.127974
0.128278
0.128582
0.128886
0.129188
0.12949
0.129792
0.130092
0.130392
0.130691
0.13099
0.131287
0.131584
0.13188
0.132175
0.132469
0.132762
0.133054
0.133345
0.133634
0.133923
0.134211
0.134497
0.134782
0.135066
0.135349
0.13563
0.13591
0.136189
0.136466
0.136741
0.137016
0.137288
0.13756
0.137829
0.138097
0.138364
0.138628
0.138891
0.139153
0.139412
0.13967
0.139926
0.14018
0.140432
0.140683
0.140931
0.141178
0.141422
0.141665
0.141905
0.142143
0.14238
0.142614
0.142846
0.143076
0.143304
0.143529
0.143753
0.143974
0.144192
0.144409
0.144623
0.144834
0.145044
0.145251
0.145455
0.145657
0.145856
0.146053
0.146248
0.14644
0.146629
0.146816
0.147
0.147181
0.147359
0.147535
0.147708
0.147879
0.148046
0.148211
0.148373
0.148531
0.148687
0.14884
0.14899
0.149137
0.149281
0.149422
0.149559
0.149694
0.149825
0.149953
0.150078
0.150199
0.150317
0.150432
0.150543
0.150651
0.150755
0.150856
0.150954
0.151047
0.151137
0.151224
0.151307
0.151386
0.151461
0.151532
0.1516
0.151664
0.151724
0.15178
0.151832
0.15188
0.151924
0.151963
0.151999
0.152031
0.152058
0.152081
0.1521
0.152115
0.152125
0.152131
0.152133
0.15213
0.152122
0.152111
0.152094
0.152073
0.152047
0.152017
0.151981
0.151941
0.151896
0.151846
0.151792
0.151732
0.151667
0.151596
0.151521
0.15144
0.151354
0.151263
0.151166
0.151063
0.150955
0.150842
0.150722
0.150597
0.150467
0.15033
0.150188
0.150039
0.149885
0.149725
0.149559
0.149387
0.149208
0.149024
0.148834
0.148637
0.148435
0.148226
0.148011
0.14779
0.147563
0.14733
0.147091
0.146845
0.146593
0.146336
0.146072
0.145802
0.145526
0.145244
0.144957
0.144663
0.144363
0.144057
0.143746
0.143429
0.143106
0.142777
0.142442
0.142102
0.141757
0.141406
0.141049
0.140687
0.14032
0.139948
0.13957
0.139187
0.138799
0.138407
0.138009
0.137607
0.1372
0.136788
0.136372
0.135951
0.135526
0.135097
0.134664
0.134226
0.133785
0.13334
0.132891
0.132438
0.131982
0.131523
0.13106
0.130595
0.130126
0.129654
0.129179
0.128702
0.128222
0.12774
0.127256
0.126769
0.126281
0.12579
0.125298
0.124804
0.124308
0.123811
0.123313
0.122814
0.122314
0.121813
0.121311
0.120809
0.120306
0.119803
0.1193
0.118797
0.118294
0.117791
0.117288
0.116786
0.116285
0.115784
0.115285
0.114786
0.114288
0.113792
0.113297
0.112803
0.112311
0.111821
0.111332
0.110846
0.110361
0.109879
0.109399
0.108921
0.108446
0.107973
0.107503
0.107036
0.106571
0.10611
0.105652
0.105196
0.104744
0.104295
0.10385
0.103408
0.10297
0.102535
0.102104
0.101676
0.101252
0.100833
0.100417
0.100005
0.0995967
0.0991927
0.0987928
0.098397
0.0980053
0.0976176
0.0972341
0.0968546
0.096479
0.0961074
0.0957396
0.0953755
0.0950151
0.094659
0.0943011
0.152873
0.152713
0.152555
0.152398
0.152243
0.152089
0.151936
0.151785
0.151636
0.151488
0.151341
0.151196
0.151052
0.15091
0.150769
0.15063
0.150492
0.150356
0.15022
0.150087
0.149955
0.149824
0.149694
0.149566
0.149439
0.149313
0.149189
0.149065
0.148943
0.148823
0.148703
0.148584
0.148467
0.14835
0.148235
0.14812
0.148006
0.147893
0.147781
0.14767
0.14756
0.14745
0.147341
0.147232
0.147124
0.147017
0.146909
0.146803
0.146696
0.14659
0.146483
0.146377
0.146271
0.146165
0.146059
0.145953
0.145846
0.145739
0.145632
0.145524
0.145415
0.145306
0.145196
0.145086
0.144974
0.144861
0.144747
0.144632
0.144516
0.144398
0.144279
0.144158
0.144035
0.14391
0.143784
0.143655
0.143524
0.143391
0.143255
0.143117
0.142976
0.142832
0.142685
0.142535
0.142382
0.142226
0.142066
0.141902
0.141735
0.141564
0.141389
0.14121
0.141026
0.140838
0.140646
0.140448
0.140246
0.14004
0.139828
0.139611
0.139388
0.13916
0.138927
0.138688
0.138444
0.138193
0.137937
0.137674
0.137406
0.137131
0.13685
0.136562
0.136269
0.135968
0.135661
0.135348
0.135028
0.134701
0.134367
0.134027
0.13368
0.133326
0.132965
0.132598
0.132224
0.131843
0.131456
0.131062
0.130661
0.130254
0.12984
0.12942
0.128994
0.128561
0.128123
0.127678
0.127227
0.126771
0.126309
0.125841
0.125368
0.12489
0.124407
0.123919
0.123426
0.122928
0.122426
0.12192
0.12141
0.120896
0.120378
0.119857
0.119332
0.118805
0.118274
0.117741
0.117206
0.116668
0.116128
0.115587
0.115043
0.114499
0.113953
0.113406
0.112859
0.112311
0.111762
0.111214
0.110665
0.110117
0.10957
0.109023
0.108476
0.107931
0.107387
0.106845
0.106304
0.105764
0.105227
0.104692
0.104158
0.103628
0.103099
0.102574
0.102051
0.101531
0.101014
0.1005
0.0999899
0.0994827
0.098979
0.0984788
0.0979822
0.0974892
0.0970001
0.0965148
0.0960334
0.0955559
0.0950824
0.0946129
0.0941476
0.0936863
0.0932292
0.0927762
0.0923274
0.0918828
0.0914424
0.0910062
0.0905742
0.0901464
0.0897227
0.0893033
0.088888
0.0884769
0.0880699
0.087667
0.0872682
0.0868734
0.0864826
0.0860958
0.085713
0.085334
0.084959
0.0845877
0.0842203
0.0838566
0.0834966
0.0831402
0.0827875
0.0824383
0.0820927
0.0817505
0.0814118
0.0810764
0.0807444
0.0804157
0.0800903
0.0797681
0.0794491
0.0791333
0.0788205
0.0785109
0.0782043
0.0779007
0.0776001
0.0773024
0.0770077
0.0767158
0.0764269
0.0761408
0.0758575
0.0755771
0.0752994
0.0750245
0.0747524
0.074483
0.0742164
0.0739524
0.0736912
0.0734327
0.0731769
0.0729238
0.0726733
0.0724256
0.0721805
0.0719381
0.0716984
0.0714614
0.0712271
0.0709954
0.0707665
0.0705403
0.0703168
0.070096
0.0698779
0.0696625
0.0694499
0.06924
0.0690329
0.0688285
0.0686268
0.068428
0.0682318
0.0680384
0.0678477
0.0676598
0.0674745
0.0672918
0.0671117
0.0669342
0.066759
0.0665862
0.0664154
0.0662466
0.0660794
0.0659135
0.0657484
0.065583
0.0654168
0.0652339
0.000120542
0.000366255
0.000742023
0.00110085
0.00146015
0.00182162
0.00218576
0.00255238
0.00292185
0.00329506
0.0036717
0.0040517
0.00443505
0.00482178
0.005212
0.00560582
0.00600341
0.00640498
0.00681075
0.00722098
0.00763592
0.00805588
0.00848113
0.008912
0.00934879
0.00979183
0.0102414
0.010698
0.0111617
0.0116331
0.0121123
0.0125998
0.0130958
0.0136007
0.0141147
0.0146382
0.0151715
0.0157148
0.0162683
0.0168323
0.0174071
0.0179928
0.0185896
0.0191976
0.019817
0.020448
0.0210904
0.0217446
0.0224104
0.0230878
0.0237769
0.0244776
0.0251897
0.0259132
0.026648
0.0273938
0.0281505
0.0289178
0.0296954
0.0304831
0.0312806
0.0320875
0.0329035
0.0337281
0.034561
0.0354017
0.0362498
0.0371049
0.0379665
0.0388341
0.0397072
0.0405854
0.0414683
0.0423553
0.043246
0.0441399
0.0450367
0.0459359
0.0468371
0.0477399
0.048644
0.049549
0.0504546
0.0513604
0.0522661
0.0531714
0.0540759
0.0549795
0.0558816
0.0567821
0.0576805
0.0585765
0.0594697
0.0603597
0.0612461
0.0621283
0.063006
0.0638786
0.0647455
0.0656062
0.0664601
0.0673066
0.0681451
0.068975
0.0697956
0.0706064
0.0714067
0.072196
0.0729738
0.0737397
0.0744932
0.075234
0.0759622
0.0766776
0.0773805
0.0780715
0.0787516
0.0794223
0.0800862
0.0807467
0.0813981
0.0820315
0.082647
0.0832445
0.0838238
0.0843849
0.0849274
0.0854513
0.0859563
0.0864423
0.0869092
0.0873568
0.0877849
0.0881936
0.0885826
0.088952
0.0893018
0.0896318
0.0899422
0.0902329
0.0905039
0.0907554
0.0909872
0.0911996
0.0913925
0.0915661
0.0917205
0.0918557
0.0919718
0.0920691
0.0921477
0.0922077
0.0922492
0.0922726
0.0922779
0.0922655
0.0922355
0.0921883
0.092124
0.092043
0.0919456
0.0918321
0.0917027
0.0915579
0.0913979
0.0912231
0.0910338
0.0908304
0.0906133
0.0903829
0.0901397
0.0898842
0.0896169
0.0893385
0.0890497
0.0887513
0.0884442
0.0881294
0.0878079
0.0874803
0.0871454
0.0867976
0.0864233
0.086043
0.0856518
0.085251
0.0848419
0.0844249
0.0840007
0.0835699
0.0831329
0.0826903
0.0822423
0.0817895
0.081332
0.0808705
0.0804052
0.0799366
0.0794651
0.0789907
0.0785135
0.0780336
0.0775511
0.0770666
0.0765803
0.076093
0.075605
0.0751161
0.0746258
0.0741337
0.0736399
0.0731448
0.0726493
0.0721545
0.0716619
0.0711724
0.0706844
0.0701963
0.0697078
0.0692195
0.068733
0.0682522
0.0677757
0.0672985
0.0668209
0.0663437
0.0658722
0.065408
0.0649447
0.0644825
0.0640215
0.0635604
0.0631052
0.0626505
0.062199
0.0617534
0.0613206
0.0608831
0.0604646
0.0600588
0.0596582
0.0592621
0.0588702
0.0584826
0.0580991
0.0577201
0.0573457
0.0569761
0.0566112
0.0562514
0.0558965
0.0555465
0.0552015
0.0548615
0.0545264
0.0541961
0.0538707
0.0535502
0.0532344
0.0529235
0.0526174
0.052316
0.0520195
0.0517278
0.0514409
0.0511589
0.0508817
0.0506094
0.0503418
0.0500791
0.0498212
0.049568
0.0493194
0.0490753
0.0488356
0.0486001
0.0483687
0.0481412
0.047917
0.0476956
0.0474769
0.0472466
0.0470209
0.0468037
0.0465947
0.0463927
0.0461968
0.0460064
0.0458212
0.0456413
0.0454671
0.0452996
0.0451404
0.0449925
0.0448606
0.0447534
0.0446874
0.0446941
0.0448742
0.0453767
0.000595314
0.00121186
0.00181966
0.00246368
0.00312724
0.0038065
0.00450147
0.00521283
0.00594022
0.00668149
0.00743564
0.00820244
0.0089818
0.0097737
0.0105782
0.0113955
0.0122258
0.0130695
0.0139268
0.0147984
0.0156846
0.016586
0.0175032
0.0184367
0.0193872
0.0203553
0.0213417
0.0223471
0.0233721
0.0244175
0.025484
0.0265722
0.0276829
0.0288168
0.0299746
0.031157
0.0323645
0.033598
0.0348579
0.0361449
0.0374596
0.0388025
0.040174
0.0415746
0.0430047
0.0444648
0.045955
0.0474756
0.0490269
0.0506089
0.0522218
0.0538656
0.0555402
0.0572455
0.0589815
0.0607477
0.062544
0.0643699
0.0662251
0.068109
0.0700211
0.0719608
0.0739273
0.0759199
0.0779378
0.0799802
0.0820462
0.0841347
0.086245
0.0883758
0.0905262
0.0926951
0.0948815
0.0970842
0.0993022
0.101534
0.10378
0.106037
0.108306
0.110585
0.112873
0.115169
0.117473
0.119783
0.1221
0.124421
0.126746
0.129076
0.131407
0.133741
0.136076
0.138412
0.140747
0.143081
0.145412
0.147741
0.150066
0.152385
0.154698
0.157003
0.1593
0.161586
0.163861
0.166123
0.168371
0.170603
0.172819
0.175015
0.177193
0.179349
0.181484
0.183595
0.185683
0.187747
0.189786
0.191799
0.193788
0.195753
0.197694
0.199599
0.201457
0.203276
0.205059
0.206804
0.208511
0.210179
0.211807
0.213396
0.214944
0.21645
0.217915
0.219337
0.220717
0.222052
0.223344
0.224592
0.225795
0.226952
0.228065
0.229131
0.230152
0.231127
0.232056
0.232938
0.233773
0.234562
0.235304
0.235999
0.236647
0.237248
0.237803
0.23831
0.238771
0.239185
0.239553
0.239875
0.24015
0.24038
0.240565
0.240705
0.2408
0.240851
0.240858
0.240822
0.240743
0.240622
0.240459
0.240255
0.240011
0.239727
0.239403
0.239042
0.238643
0.238207
0.237737
0.237233
0.236698
0.236133
0.235542
0.234929
0.234302
0.233668
0.233045
0.232399
0.231725
0.231023
0.230294
0.229538
0.228758
0.227954
0.227127
0.226278
0.225409
0.22452
0.223612
0.222687
0.221744
0.220785
0.219811
0.218822
0.217818
0.216801
0.21577
0.214725
0.213668
0.2126
0.211522
0.210434
0.209335
0.208226
0.207105
0.205974
0.204835
0.203688
0.202536
0.201382
0.200225
0.199062
0.197893
0.196718
0.195538
0.194358
0.193179
0.191997
0.19081
0.189619
0.188425
0.187234
0.186044
0.184854
0.183667
0.182461
0.18126
0.180063
0.178868
0.177675
0.17649
0.175278
0.174068
0.172856
0.171648
0.170445
0.169246
0.168052
0.166865
0.165683
0.164508
0.16334
0.16218
0.161027
0.159883
0.158746
0.157619
0.156499
0.155389
0.154287
0.153193
0.152109
0.151033
0.149966
0.148908
0.147859
0.146819
0.145789
0.144767
0.143756
0.142753
0.14176
0.140777
0.139803
0.138839
0.137884
0.136938
0.136001
0.135072
0.134152
0.13324
0.132336
0.13144
0.130552
0.12968
0.128847
0.128037
0.127244
0.126464
0.125692
0.124929
0.124172
0.123421
0.122676
0.121938
0.121209
0.12049
0.119785
0.119099
0.118443
0.117834
0.117302
0.116954
0.116704
0.00109433
0.00233267
0.00328836
0.00427731
0.00531787
0.0063994
0.00751219
0.00865074
0.00981103
0.0109902
0.0121862
0.0133981
0.0146255
0.0158683
0.0171268
0.0184014
0.019693
0.0210022
0.0223299
0.0236772
0.0250449
0.0264342
0.027846
0.0292815
0.0307416
0.0322274
0.03374
0.0352804
0.0368498
0.038449
0.0400792
0.0417414
0.0434366
0.0451657
0.0469298
0.0487297
0.0505663
0.0524406
0.0543533
0.0563052
0.058297
0.0603295
0.0624031
0.0645184
0.066676
0.0688763
0.0711195
0.0734059
0.0757357
0.0781091
0.0805259
0.0829863
0.0854899
0.0880366
0.0906261
0.0932579
0.0959316
0.0986465
0.101402
0.104197
0.107032
0.109904
0.112814
0.115759
0.11874
0.121754
0.124801
0.127878
0.130986
0.134121
0.137283
0.140471
0.143682
0.146915
0.150168
0.153441
0.15673
0.160036
0.163355
0.166687
0.17003
0.173383
0.176744
0.180112
0.183485
0.186862
0.190243
0.193625
0.197007
0.200389
0.203769
0.207146
0.210519
0.213886
0.217247
0.220599
0.223942
0.227273
0.230593
0.233898
0.237188
0.24046
0.243713
0.246946
0.250156
0.253342
0.256502
0.259634
0.262737
0.26581
0.26885
0.271858
0.274831
0.277769
0.280673
0.28354
0.286373
0.289169
0.29193
0.294628
0.297272
0.299863
0.3024
0.304883
0.307312
0.309685
0.312003
0.314263
0.316465
0.318609
0.320694
0.322719
0.324682
0.326584
0.328425
0.330202
0.331916
0.333567
0.335154
0.336676
0.338134
0.339527
0.340855
0.342118
0.343316
0.344447
0.345514
0.346514
0.347449
0.348319
0.349123
0.349861
0.350534
0.351143
0.351686
0.352166
0.352581
0.352933
0.353221
0.353448
0.353612
0.353715
0.353758
0.353741
0.353665
0.353531
0.35334
0.353091
0.352787
0.352429
0.352017
0.351552
0.351036
0.35047
0.349856
0.349195
0.348489
0.347739
0.346948
0.346118
0.345251
0.344348
0.34341
0.342434
0.341419
0.340364
0.339271
0.338141
0.336975
0.335775
0.334542
0.333278
0.331984
0.330662
0.329312
0.327936
0.326535
0.32511
0.323664
0.322196
0.320707
0.319198
0.31767
0.316122
0.314556
0.312973
0.311375
0.309762
0.308135
0.306493
0.304836
0.303166
0.301482
0.299787
0.298083
0.296373
0.294658
0.292937
0.291209
0.289474
0.28773
0.28598
0.28423
0.282479
0.280724
0.278965
0.277191
0.275423
0.273661
0.271901
0.270142
0.268375
0.266609
0.264845
0.263082
0.26132
0.259562
0.257794
0.256022
0.254248
0.252476
0.250707
0.248943
0.247185
0.245434
0.243692
0.241957
0.240233
0.238518
0.236814
0.235121
0.23344
0.231769
0.230111
0.228465
0.22683
0.225208
0.223598
0.222
0.220415
0.218843
0.217283
0.215736
0.214202
0.212682
0.211174
0.209681
0.2082
0.206733
0.20528
0.20384
0.202413
0.200999
0.199598
0.19821
0.196833
0.195469
0.194115
0.192773
0.191442
0.190124
0.188823
0.187538
0.186269
0.185014
0.183772
0.182543
0.181325
0.180119
0.178924
0.17774
0.176569
0.175412
0.17427
0.173149
0.172054
0.170997
0.169999
0.16915
0.168412
0.00162245
0.00355487
0.00495588
0.00632573
0.00774863
0.00922299
0.0107374
0.0122819
0.0138495
0.0154365
0.0170405
0.0186602
0.0202956
0.0219473
0.0236162
0.0253035
0.0270107
0.0287393
0.030491
0.0322671
0.0340695
0.0358995
0.0377586
0.0396484
0.0415703
0.0435256
0.0455157
0.0475419
0.0496055
0.0517078
0.05385
0.0560333
0.0582589
0.060528
0.0628416
0.0652009
0.0676068
0.0700604
0.0725625
0.0751142
0.0777161
0.0803691
0.0830738
0.0858308
0.0886407
0.0915039
0.0944208
0.0973917
0.100417
0.103496
0.106629
0.109817
0.113058
0.116353
0.119701
0.123101
0.126554
0.130058
0.133613
0.137217
0.14087
0.14457
0.148317
0.152109
0.155945
0.159823
0.163742
0.1677
0.171696
0.175727
0.179793
0.18389
0.188017
0.192173
0.196354
0.200559
0.204786
0.209033
0.213296
0.217575
0.221867
0.22617
0.230482
0.234801
0.239125
0.243451
0.247779
0.252107
0.256432
0.260753
0.265069
0.269378
0.273678
0.277969
0.282247
0.286512
0.290762
0.294996
0.299211
0.303406
0.307579
0.311729
0.315852
0.319949
0.324015
0.32805
0.332051
0.336017
0.339944
0.343833
0.34768
0.351484
0.355244
0.358959
0.362628
0.366251
0.369829
0.373361
0.376828
0.380227
0.383557
0.38682
0.390014
0.39314
0.396195
0.39918
0.402093
0.404933
0.4077
0.410393
0.41301
0.415551
0.418015
0.420401
0.422709
0.424936
0.427084
0.429151
0.431138
0.433042
0.434866
0.436607
0.438265
0.439842
0.441336
0.442747
0.444075
0.44532
0.446483
0.447563
0.448561
0.449476
0.450309
0.45106
0.45173
0.452318
0.452827
0.453255
0.453604
0.453874
0.454067
0.454183
0.454223
0.454187
0.454078
0.453895
0.453641
0.453315
0.45292
0.452456
0.451924
0.451326
0.450664
0.449938
0.449151
0.448304
0.447398
0.446435
0.445417
0.444345
0.443219
0.442042
0.440813
0.439534
0.438206
0.436829
0.435403
0.433931
0.432414
0.430853
0.429251
0.427608
0.425928
0.424212
0.422461
0.420676
0.418859
0.417012
0.415136
0.413233
0.411304
0.40935
0.407371
0.405368
0.403342
0.401293
0.399223
0.397134
0.395028
0.392905
0.390763
0.388605
0.386431
0.384241
0.382037
0.379823
0.377603
0.375377
0.373143
0.370901
0.368647
0.366375
0.36411
0.361845
0.359577
0.357305
0.355027
0.352749
0.350473
0.348199
0.345926
0.343652
0.341378
0.339104
0.336831
0.334559
0.33229
0.330019
0.327746
0.325471
0.323197
0.320925
0.318659
0.316399
0.314148
0.311906
0.309674
0.307454
0.305246
0.303052
0.300871
0.298704
0.296552
0.294414
0.292291
0.290184
0.288091
0.286014
0.283953
0.281908
0.279879
0.277866
0.27587
0.27389
0.271927
0.269981
0.268052
0.26614
0.264246
0.262368
0.260508
0.258665
0.256839
0.255029
0.253235
0.251457
0.249694
0.247947
0.246214
0.244495
0.242792
0.241104
0.239432
0.237776
0.236136
0.234512
0.232903
0.231309
0.229729
0.228164
0.226612
0.225075
0.223553
0.222045
0.220553
0.219079
0.217628
0.216218
0.214938
0.213867
0.00215747
0.00473994
0.00662543
0.00838815
0.0101775
0.012011
0.0138802
0.0157757
0.0176925
0.0196271
0.0215774
0.0235437
0.0255268
0.0275284
0.0295505
0.0315952
0.0336647
0.0357614
0.0378875
0.040045
0.042236
0.0444623
0.0467259
0.0490283
0.0513712
0.0537561
0.0561845
0.0586579
0.0611776
0.0637449
0.0663612
0.0690277
0.0717457
0.0745163
0.0773409
0.0802205
0.0831562
0.0861492
0.0892005
0.0923111
0.0954819
0.0987137
0.102007
0.105364
0.108783
0.112267
0.115815
0.119427
0.123104
0.126847
0.130655
0.134527
0.138465
0.142468
0.146536
0.150667
0.154862
0.159119
0.163439
0.167819
0.17226
0.17676
0.181317
0.185931
0.190601
0.195323
0.200098
0.204923
0.209796
0.214715
0.219678
0.224683
0.229728
0.23481
0.239927
0.245075
0.250252
0.255456
0.260683
0.26593
0.271195
0.276474
0.281765
0.287064
0.29237
0.297679
0.302988
0.308296
0.3136
0.318898
0.324187
0.329467
0.334734
0.339986
0.345224
0.350443
0.355643
0.360821
0.365977
0.371107
0.37621
0.381284
0.386327
0.391337
0.396311
0.401248
0.406144
0.410998
0.415806
0.420567
0.425277
0.429935
0.434537
0.439082
0.443567
0.447993
0.452358
0.456663
0.460881
0.465015
0.469065
0.473032
0.476915
0.480713
0.484425
0.48805
0.491587
0.495035
0.498393
0.50166
0.504835
0.507917
0.510904
0.513797
0.516592
0.519291
0.521892
0.524394
0.526797
0.529101
0.531304
0.533408
0.535411
0.537314
0.539115
0.540816
0.542416
0.543915
0.545313
0.546611
0.547807
0.548904
0.5499
0.550797
0.551595
0.552295
0.552896
0.5534
0.553807
0.554119
0.554336
0.55446
0.554491
0.554431
0.55428
0.554041
0.553714
0.553301
0.552803
0.552221
0.551557
0.550813
0.549989
0.549088
0.548111
0.54706
0.545937
0.544743
0.54348
0.542148
0.54075
0.539287
0.53776
0.536171
0.534522
0.532813
0.531047
0.529223
0.527345
0.525414
0.523432
0.521401
0.519324
0.517202
0.515039
0.512834
0.51059
0.508307
0.50599
0.503639
0.501256
0.498843
0.4964
0.493928
0.491427
0.488898
0.486341
0.483761
0.481161
0.478541
0.4759
0.473239
0.470559
0.46786
0.465137
0.462399
0.459658
0.456912
0.454157
0.451393
0.44862
0.445836
0.443049
0.440258
0.437463
0.434666
0.431865
0.429063
0.42626
0.423458
0.420658
0.417858
0.41506
0.412262
0.409465
0.40667
0.403878
0.401087
0.398297
0.395506
0.392717
0.389932
0.387152
0.38438
0.381617
0.378865
0.376126
0.3734
0.370689
0.367994
0.365315
0.362653
0.360009
0.357382
0.354773
0.352183
0.349612
0.34706
0.344527
0.342013
0.339519
0.337046
0.334592
0.332159
0.329747
0.327356
0.324985
0.322636
0.320308
0.318002
0.315716
0.313452
0.311209
0.308986
0.306784
0.304602
0.302439
0.300295
0.298169
0.296062
0.293974
0.291904
0.289853
0.28782
0.285807
0.283812
0.281835
0.279876
0.277935
0.276011
0.274104
0.272211
0.270333
0.268468
0.266614
0.264768
0.262935
0.261138
0.259481
0.258165
0.00266838
0.00574168
0.00804413
0.0101504
0.0122487
0.0143724
0.0165212
0.0186896
0.0208743
0.0230738
0.0252892
0.0275227
0.0297766
0.0320538
0.0343576
0.0366911
0.0390577
0.04146
0.043901
0.0463829
0.0489082
0.0514789
0.0540969
0.0567638
0.0594814
0.0622509
0.0650739
0.0679517
0.0708855
0.0738767
0.0769263
0.0800357
0.0832061
0.0864386
0.0897345
0.093095
0.0965214
0.100015
0.103576
0.107207
0.110908
0.114681
0.118527
0.122446
0.126439
0.130508
0.134653
0.138875
0.143174
0.147552
0.152007
0.156541
0.161154
0.165846
0.170616
0.175465
0.180393
0.185398
0.19048
0.19564
0.200875
0.206185
0.211569
0.217026
0.222554
0.228152
0.233818
0.239551
0.245349
0.251209
0.257129
0.263107
0.26914
0.275225
0.281359
0.287539
0.293761
0.300021
0.306315
0.312641
0.318992
0.325366
0.331758
0.338164
0.344581
0.351004
0.35743
0.363855
0.370276
0.37669
0.383094
0.389487
0.395864
0.402225
0.408567
0.414888
0.421187
0.427461
0.433707
0.439926
0.446113
0.452267
0.458387
0.464468
0.47051
0.47651
0.482464
0.488371
0.494226
0.500026
0.505768
0.511447
0.51706
0.522602
0.52807
0.533458
0.538764
0.543964
0.54906
0.554055
0.558948
0.56374
0.568429
0.573015
0.577497
0.581872
0.586141
0.590301
0.594352
0.598292
0.602119
0.605834
0.609434
0.612917
0.616285
0.619533
0.622663
0.625673
0.628563
0.631331
0.633979
0.636505
0.638909
0.641191
0.643351
0.645389
0.647304
0.649098
0.65077
0.65232
0.653748
0.655055
0.656241
0.657307
0.658254
0.659081
0.659791
0.660383
0.660858
0.661218
0.661464
0.661597
0.661618
0.661529
0.661332
0.661027
0.660617
0.660104
0.659488
0.658771
0.657955
0.657042
0.656034
0.654931
0.653738
0.652454
0.651083
0.649626
0.648085
0.646461
0.644756
0.642972
0.641111
0.639175
0.637166
0.635086
0.632937
0.630721
0.628438
0.626092
0.623685
0.621218
0.618696
0.616121
0.613495
0.61082
0.608098
0.605328
0.602515
0.599662
0.596771
0.593843
0.59088
0.587882
0.584849
0.581781
0.578673
0.575538
0.572384
0.569207
0.566007
0.562784
0.55954
0.556275
0.552991
0.54969
0.546377
0.543054
0.539721
0.536378
0.533026
0.529665
0.526297
0.522922
0.519542
0.516158
0.512772
0.509383
0.505993
0.502604
0.499215
0.495828
0.492444
0.48906
0.485679
0.482301
0.478926
0.475555
0.472187
0.468821
0.465459
0.462103
0.458753
0.455413
0.452084
0.448769
0.445468
0.442184
0.438917
0.435669
0.432441
0.429233
0.426047
0.422882
0.419738
0.416617
0.413519
0.410444
0.407393
0.404366
0.401362
0.398383
0.39543
0.392501
0.389597
0.386719
0.383867
0.381041
0.378242
0.375468
0.372721
0.37
0.367304
0.364635
0.361991
0.359371
0.356776
0.354206
0.351658
0.349135
0.346634
0.344157
0.341704
0.339274
0.336867
0.334483
0.332122
0.329783
0.327465
0.325168
0.322891
0.32063
0.318385
0.316152
0.313927
0.311709
0.309503
0.307344
0.305349
0.303833
0.00290478
0.00617041
0.00865622
0.0109146
0.0131498
0.0154011
0.0176715
0.0199583
0.02226
0.0245774
0.0269126
0.0292687
0.0316494
0.0340593
0.0365026
0.0389827
0.0415032
0.0440675
0.0466784
0.0493385
0.0520502
0.0548154
0.057636
0.0605135
0.0634493
0.0664448
0.0695011
0.0726195
0.0758009
0.0790466
0.0823576
0.0857351
0.0891803
0.0926942
0.0962783
0.0999337
0.103662
0.107464
0.111341
0.115295
0.119328
0.123439
0.127632
0.131907
0.136265
0.140709
0.145238
0.149854
0.154559
0.159353
0.164237
0.169212
0.174278
0.179437
0.184688
0.190031
0.195468
0.200997
0.206619
0.212334
0.21814
0.224039
0.230028
0.236106
0.242274
0.248529
0.25487
0.261295
0.267803
0.274391
0.281057
0.287799
0.294613
0.301497
0.308446
0.315457
0.322526
0.329648
0.336819
0.344033
0.351284
0.358569
0.36588
0.373214
0.380564
0.387926
0.395295
0.402665
0.410034
0.417397
0.42475
0.43209
0.439415
0.446722
0.45401
0.461274
0.468515
0.47573
0.482917
0.490073
0.497197
0.504286
0.511339
0.518352
0.525324
0.532252
0.539132
0.545962
0.552737
0.559455
0.566111
0.572699
0.579215
0.585653
0.592006
0.598268
0.604421
0.610452
0.616366
0.622163
0.627845
0.63341
0.638856
0.644183
0.649387
0.654469
0.659426
0.664256
0.668959
0.673532
0.677975
0.682285
0.686461
0.690503
0.694408
0.698176
0.701804
0.705293
0.708641
0.711848
0.714914
0.717839
0.720622
0.723263
0.725762
0.72812
0.730336
0.73241
0.734343
0.736134
0.737784
0.739295
0.740665
0.741896
0.742988
0.743943
0.744761
0.745444
0.745991
0.746405
0.746688
0.74684
0.746863
0.746758
0.746529
0.746176
0.745702
0.745108
0.744396
0.743568
0.742626
0.741572
0.740409
0.739137
0.73776
0.736279
0.734698
0.733017
0.73124
0.729367
0.727401
0.725344
0.723199
0.720967
0.718651
0.716253
0.713777
0.711223
0.708595
0.705893
0.70312
0.700279
0.697375
0.694411
0.69139
0.688312
0.68518
0.681994
0.67875
0.675467
0.672142
0.668775
0.665368
0.661922
0.658437
0.654915
0.651356
0.647765
0.644145
0.640497
0.636824
0.633125
0.629402
0.625658
0.621893
0.618111
0.614314
0.610504
0.606682
0.602849
0.599005
0.595153
0.591291
0.587422
0.583546
0.579666
0.575782
0.571896
0.568009
0.564122
0.560236
0.556353
0.552472
0.548594
0.544719
0.540848
0.536981
0.533119
0.529262
0.525411
0.521565
0.517727
0.513899
0.510083
0.50628
0.502494
0.498724
0.494975
0.491246
0.487539
0.483855
0.480195
0.476559
0.472949
0.469363
0.465804
0.462271
0.458766
0.455288
0.451838
0.448416
0.445023
0.44166
0.438326
0.435021
0.431747
0.428503
0.425289
0.422107
0.418955
0.415835
0.412745
0.409686
0.406657
0.403659
0.400689
0.39775
0.394839
0.391956
0.389102
0.386276
0.383479
0.380709
0.377968
0.375256
0.372571
0.369913
0.367282
0.364677
0.362097
0.359541
0.357006
0.35449
0.35199
0.349504
0.347032
0.344585
0.342205
0.340019
0.338383
0.00311163
0.00651491
0.00913452
0.0114959
0.0138167
0.0161425
0.0184805
0.0208307
0.0231939
0.0255724
0.0279698
0.0303905
0.0328392
0.0353204
0.037839
0.0403998
0.0430063
0.0456619
0.0483695
0.0511318
0.0539511
0.0568293
0.0597681
0.062769
0.0658334
0.0689623
0.072157
0.0754183
0.0787474
0.0821453
0.0856131
0.0891518
0.0927625
0.0964466
0.100205
0.10404
0.107952
0.111943
0.116014
0.120167
0.124404
0.128726
0.133134
0.137631
0.142219
0.146898
0.15167
0.156538
0.161502
0.166563
0.171724
0.176985
0.182347
0.187811
0.193378
0.199049
0.204824
0.210704
0.216689
0.222779
0.228973
0.235273
0.241676
0.248182
0.254791
0.2615
0.26831
0.275218
0.282223
0.289321
0.296512
0.303792
0.311159
0.318608
0.326137
0.33374
0.341413
0.349151
0.356949
0.3648
0.372698
0.380637
0.388611
0.396612
0.404635
0.412674
0.420723
0.428775
0.436827
0.444872
0.452909
0.460931
0.468937
0.476924
0.484889
0.492831
0.500747
0.508635
0.516493
0.52432
0.532112
0.539868
0.547586
0.555262
0.562894
0.57048
0.578017
0.5855
0.592927
0.600292
0.607592
0.614822
0.621974
0.629043
0.636023
0.642906
0.649664
0.656296
0.662803
0.669185
0.675439
0.681565
0.687561
0.693424
0.699153
0.704745
0.7102
0.715514
0.720687
0.725716
0.7306
0.735338
0.739928
0.744368
0.748658
0.752794
0.756777
0.760605
0.764278
0.767795
0.771155
0.77436
0.777408
0.7803
0.783035
0.785615
0.788038
0.790305
0.792417
0.794373
0.796174
0.797821
0.799314
0.800654
0.801842
0.802879
0.803766
0.804503
0.805093
0.805537
0.805836
0.805992
0.806007
0.805883
0.805621
0.805225
0.804696
0.804035
0.803246
0.802331
0.80129
0.800128
0.798846
0.797446
0.79593
0.794302
0.792563
0.790716
0.788764
0.786708
0.78455
0.782292
0.779938
0.777489
0.774947
0.772318
0.769603
0.766804
0.763923
0.760964
0.757927
0.754812
0.751631
0.748387
0.74508
0.741714
0.738289
0.734807
0.731268
0.727681
0.724046
0.720366
0.716643
0.712877
0.70907
0.705225
0.701341
0.697422
0.693471
0.689489
0.685478
0.681439
0.677376
0.67329
0.669183
0.665057
0.660915
0.656758
0.652588
0.648406
0.644213
0.64001
0.635797
0.631576
0.627348
0.623114
0.618877
0.614638
0.610398
0.606157
0.601918
0.597682
0.593449
0.589219
0.584994
0.580773
0.576558
0.572348
0.568145
0.563949
0.559761
0.555583
0.551417
0.547264
0.543128
0.539009
0.53491
0.530833
0.526779
0.52275
0.518746
0.514767
0.510816
0.506893
0.502997
0.49913
0.495293
0.491486
0.487709
0.483963
0.480248
0.476566
0.472916
0.469299
0.465714
0.462163
0.458646
0.455163
0.451714
0.448299
0.444919
0.441574
0.438262
0.434985
0.431741
0.42853
0.425352
0.422207
0.419094
0.416013
0.412964
0.409947
0.406962
0.40401
0.401089
0.3982
0.395342
0.392515
0.389717
0.386947
0.384205
0.381488
0.378794
0.37612
0.373466
0.370832
0.368232
0.365714
0.363414
0.361696
0.0032897
0.00677105
0.00947906
0.0119058
0.0142768
0.0166433
0.0190164
0.0213985
0.0237921
0.026201
0.0286301
0.0310845
0.0335698
0.0360912
0.0386537
0.0412616
0.0439196
0.0466316
0.0494005
0.0522288
0.0551187
0.0580724
0.0610913
0.0641769
0.0673305
0.0705532
0.073846
0.0772098
0.0806456
0.0841544
0.0877372
0.0913952
0.0951294
0.0989411
0.102832
0.106803
0.110856
0.114992
0.119214
0.123523
0.12792
0.132409
0.13699
0.141667
0.14644
0.151313
0.156286
0.161363
0.166545
0.171834
0.177231
0.182739
0.188359
0.194092
0.19994
0.205904
0.211985
0.218183
0.2245
0.230936
0.237492
0.244166
0.25096
0.257872
0.264902
0.272049
0.279312
0.286689
0.294178
0.301777
0.309483
0.317295
0.325209
0.333221
0.341326
0.349522
0.357801
0.366159
0.374588
0.383083
0.391635
0.400237
0.408882
0.417562
0.426269
0.434996
0.443736
0.452483
0.461231
0.469973
0.478705
0.487423
0.496124
0.504804
0.51346
0.522092
0.530696
0.539272
0.547817
0.556328
0.564804
0.573242
0.58164
0.589996
0.598305
0.606567
0.614776
0.62293
0.631024
0.639054
0.647015
0.6549
0.662704
0.67042
0.678041
0.685543
0.692911
0.700145
0.707245
0.714207
0.721032
0.727715
0.734256
0.740651
0.746899
0.752996
0.758942
0.764733
0.770368
0.775845
0.781162
0.786317
0.791309
0.796137
0.800798
0.805292
0.809616
0.81377
0.817752
0.821564
0.825204
0.828673
0.831971
0.835098
0.838054
0.840839
0.843454
0.845898
0.848173
0.850277
0.852213
0.85398
0.85558
0.857014
0.858281
0.859385
0.860324
0.861102
0.861719
0.862177
0.862479
0.862625
0.862619
0.862461
0.862155
0.861703
0.861107
0.860369
0.859491
0.858477
0.857328
0.856047
0.854637
0.8531
0.851438
0.849654
0.847751
0.845732
0.843599
0.841354
0.838999
0.836538
0.833971
0.8313
0.828528
0.825663
0.822707
0.819661
0.816529
0.813312
0.810013
0.806635
0.803184
0.799664
0.796077
0.792426
0.788713
0.784939
0.781108
0.777222
0.773285
0.769298
0.765263
0.761184
0.757061
0.752897
0.748693
0.744452
0.740174
0.735864
0.731523
0.727153
0.722756
0.718336
0.713894
0.709431
0.704952
0.700456
0.695947
0.691424
0.68689
0.682344
0.677789
0.673225
0.668653
0.664076
0.659496
0.654913
0.650328
0.645744
0.641162
0.636583
0.632007
0.627436
0.622869
0.618309
0.613755
0.609208
0.604669
0.600139
0.59562
0.591112
0.586619
0.582141
0.577682
0.573243
0.568827
0.564434
0.560068
0.555727
0.551415
0.547131
0.542876
0.538652
0.534458
0.530296
0.526166
0.522068
0.518004
0.513974
0.509979
0.506019
0.502094
0.498206
0.494353
0.490538
0.486759
0.483018
0.479314
0.475648
0.47202
0.468431
0.464879
0.461365
0.457888
0.454448
0.451044
0.447676
0.444345
0.441049
0.437789
0.434566
0.431378
0.428227
0.425112
0.422032
0.418987
0.415977
0.413001
0.410057
0.407144
0.40426
0.401404
0.398574
0.395769
0.392993
0.390261
0.387623
0.385224
0.383428
0.0034358
0.00695407
0.0097175
0.0121794
0.014571
0.0169497
0.0193301
0.0217167
0.0241137
0.0265259
0.028959
0.0314191
0.0339124
0.0364446
0.0390211
0.0416466
0.0443254
0.0470611
0.0498578
0.0527184
0.055645
0.0586395
0.0617034
0.0648382
0.068045
0.0713249
0.074679
0.078108
0.081613
0.0851948
0.0888546
0.0925933
0.0964124
0.100313
0.104297
0.108365
0.11252
0.116763
0.121096
0.125521
0.130041
0.134658
0.139374
0.144191
0.149113
0.154142
0.159279
0.164529
0.169893
0.175374
0.180975
0.186697
0.192542
0.198514
0.204613
0.210842
0.217202
0.223695
0.230322
0.237083
0.24398
0.251013
0.258182
0.265487
0.272928
0.280503
0.288211
0.296052
0.304022
0.31212
0.320344
0.32869
0.337154
0.345734
0.354424
0.36322
0.372115
0.381103
0.390177
0.399327
0.408547
0.417827
0.427158
0.436531
0.445937
0.455368
0.464816
0.474273
0.483732
0.493186
0.50263
0.512059
0.521469
0.530856
0.540218
0.549554
0.558861
0.568138
0.577382
0.586592
0.595766
0.6049
0.613993
0.623042
0.632043
0.640993
0.649889
0.658726
0.6675
0.676205
0.684836
0.693387
0.701849
0.710217
0.718472
0.726587
0.734559
0.742388
0.75007
0.757604
0.764988
0.772218
0.779291
0.786205
0.792958
0.799546
0.805967
0.812219
0.8183
0.824207
0.829939
0.835493
0.840867
0.846062
0.851074
0.855902
0.860545
0.865001
0.869271
0.873353
0.87725
0.880959
0.884483
0.88782
0.890972
0.893939
0.896721
0.899318
0.90173
0.903959
0.906006
0.90787
0.909553
0.911057
0.912381
0.913528
0.914499
0.915294
0.915918
0.91637
0.916654
0.916771
0.916724
0.916515
0.916147
0.915621
0.914941
0.914109
0.913128
0.912001
0.91073
0.909318
0.907768
0.906083
0.904263
0.90231
0.900233
0.898034
0.895713
0.893273
0.890716
0.888045
0.885262
0.88237
0.879372
0.876273
0.873076
0.869783
0.866399
0.862927
0.859369
0.855729
0.852012
0.84822
0.844357
0.840426
0.836429
0.832369
0.828249
0.824071
0.819837
0.81555
0.811212
0.806826
0.802394
0.797918
0.793401
0.788843
0.784248
0.779618
0.774955
0.770263
0.765543
0.760798
0.756031
0.751243
0.746436
0.741613
0.736774
0.731922
0.727058
0.722182
0.717295
0.7124
0.707498
0.70259
0.697678
0.692764
0.687849
0.682934
0.678021
0.673111
0.668206
0.663306
0.658411
0.653524
0.648644
0.643773
0.638912
0.634062
0.629225
0.624402
0.619596
0.614808
0.610041
0.605297
0.600577
0.595885
0.59122
0.586584
0.581978
0.577402
0.572859
0.568348
0.56387
0.559427
0.555018
0.550644
0.546308
0.542008
0.537746
0.533521
0.529336
0.52519
0.521083
0.517016
0.512989
0.509003
0.505058
0.501154
0.497292
0.493472
0.489692
0.485954
0.482257
0.4786
0.474983
0.471406
0.467869
0.464372
0.460915
0.457497
0.45412
0.450783
0.447486
0.444229
0.441011
0.437832
0.434691
0.431586
0.428517
0.425482
0.422479
0.419509
0.416571
0.41367
0.410823
0.408081
0.405591
0.403722
0.00355057
0.00706877
0.00985942
0.0123304
0.014717
0.017083
0.0194463
0.0218136
0.0241902
0.0265818
0.028995
0.0314363
0.0339124
0.0364296
0.0389935
0.0416094
0.0442817
0.0470141
0.0498097
0.0526718
0.0556039
0.0586078
0.0616849
0.0648365
0.0680638
0.0713679
0.0747496
0.0782099
0.0817498
0.08537
0.0890719
0.0928564
0.096725
0.100679
0.10472
0.108851
0.113072
0.117386
0.121795
0.126303
0.13091
0.135621
0.140437
0.145363
0.1504
0.155552
0.160823
0.166215
0.171732
0.177376
0.183152
0.189061
0.195108
0.201294
0.207623
0.214096
0.220716
0.227486
0.234407
0.241481
0.248709
0.256091
0.26363
0.271323
0.279173
0.287176
0.295334
0.303643
0.312102
0.320709
0.32946
0.338352
0.347381
0.356544
0.365835
0.375248
0.384776
0.394413
0.404149
0.413976
0.423883
0.43386
0.443896
0.453981
0.464104
0.474257
0.48443
0.494614
0.504801
0.514983
0.525154
0.535308
0.545442
0.55555
0.565632
0.575683
0.585705
0.595694
0.60565
0.615569
0.625451
0.635291
0.645089
0.65484
0.664542
0.67419
0.683781
0.693308
0.702767
0.712151
0.721454
0.730668
0.739785
0.748794
0.757655
0.766365
0.774923
0.783326
0.791571
0.799655
0.807575
0.815327
0.822909
0.830316
0.837547
0.844598
0.851467
0.858151
0.864648
0.870955
0.87707
0.882991
0.888716
0.894244
0.899573
0.904701
0.909627
0.914351
0.918872
0.923191
0.927307
0.931222
0.934935
0.938448
0.941761
0.944874
0.947787
0.950502
0.953019
0.955338
0.957461
0.959389
0.961124
0.962666
0.964016
0.965175
0.966146
0.966931
0.967532
0.967951
0.96819
0.968252
0.96814
0.967855
0.967401
0.966779
0.965993
0.965047
0.963944
0.962685
0.961275
0.959716
0.958012
0.956164
0.954176
0.95205
0.949791
0.947403
0.944888
0.942247
0.939483
0.9366
0.933598
0.930482
0.927254
0.92392
0.920481
0.916944
0.91331
0.909584
0.90577
0.901871
0.89789
0.893831
0.889698
0.885493
0.88122
0.876881
0.872479
0.868016
0.863495
0.858917
0.854285
0.849602
0.844871
0.840093
0.835271
0.830408
0.825506
0.820567
0.815596
0.810594
0.805565
0.80051
0.795431
0.790331
0.785212
0.780076
0.774923
0.769757
0.764577
0.759386
0.754185
0.748975
0.743758
0.738535
0.73331
0.728082
0.722853
0.717624
0.712398
0.707175
0.701957
0.696746
0.691541
0.686344
0.681156
0.675978
0.670813
0.665661
0.660524
0.655405
0.650304
0.645225
0.640168
0.635137
0.630134
0.625159
0.620214
0.615301
0.61042
0.605571
0.600757
0.595977
0.591233
0.586526
0.581856
0.577224
0.572631
0.568078
0.563565
0.559094
0.554664
0.550277
0.545931
0.541629
0.53737
0.533155
0.528984
0.524858
0.520776
0.51674
0.512748
0.5088
0.504897
0.501038
0.497222
0.49345
0.489722
0.486037
0.482396
0.478799
0.475246
0.471737
0.468273
0.464852
0.461475
0.458141
0.454848
0.451597
0.448386
0.445215
0.442082
0.438987
0.435931
0.432921
0.429975
0.427143
0.424569
0.422631
0.00363528
0.00712064
0.00991448
0.0123727
0.0147332
0.0170658
0.0193917
0.0217194
0.0240554
0.0264061
0.0287786
0.0311799
0.0336171
0.0360967
0.0386248
0.0412069
0.0438478
0.0465515
0.0493214
0.0521601
0.0550699
0.0580539
0.0611148
0.0642536
0.0674714
0.0707692
0.0741478
0.0776083
0.0811516
0.0847788
0.0884909
0.0922893
0.0961755
0.100151
0.104218
0.108379
0.112635
0.116989
0.121444
0.126003
0.130669
0.135444
0.140333
0.145338
0.150464
0.155714
0.161092
0.166603
0.172249
0.178036
0.183966
0.190045
0.196275
0.20266
0.209204
0.215909
0.22278
0.229819
0.237029
0.244412
0.25197
0.259704
0.267616
0.275705
0.283973
0.292418
0.301039
0.309834
0.318801
0.327937
0.337238
0.346701
0.356321
0.366093
0.37601
0.386067
0.396256
0.406569
0.416994
0.427522
0.438141
0.448839
0.459602
0.47042
0.48128
0.492173
0.503088
0.514014
0.524943
0.535867
0.546778
0.557672
0.568542
0.579384
0.590195
0.600973
0.611717
0.622426
0.633099
0.643733
0.654327
0.664878
0.675384
0.685841
0.696245
0.706593
0.716878
0.727094
0.737233
0.747289
0.757253
0.767116
0.776866
0.78646
0.795896
0.80517
0.814279
0.823221
0.831993
0.840589
0.849006
0.85724
0.865288
0.873146
0.880811
0.88828
0.895551
0.90262
0.909486
0.916146
0.922597
0.928838
0.934865
0.940677
0.946271
0.951648
0.956806
0.961748
0.966471
0.970976
0.975263
0.979333
0.983188
0.986827
0.990252
0.993463
0.996461
0.999247
1.00182
1.00419
1.00634
1.00829
1.01003
1.01157
1.0129
1.01404
1.01497
1.0157
1.01625
1.0166
1.01676
1.01673
1.01652
1.01614
1.01557
1.01482
1.01391
1.01283
1.01158
1.01017
1.0086
1.00688
1.00501
1.00298
1.00081
0.998499
0.996049
0.993463
0.990745
0.987897
0.984922
0.981822
0.978598
0.975254
0.971795
0.968223
0.964545
0.960764
0.956884
0.952909
0.948843
0.944689
0.940451
0.936132
0.931736
0.927266
0.922725
0.918116
0.913442
0.908706
0.903909
0.899053
0.894141
0.889175
0.884157
0.879091
0.873979
0.868824
0.86363
0.8584
0.853137
0.847844
0.842523
0.837177
0.831806
0.826414
0.821001
0.815571
0.810124
0.804663
0.799188
0.793703
0.788207
0.782704
0.777194
0.77168
0.766163
0.760644
0.755124
0.749604
0.744086
0.738573
0.733065
0.727564
0.722071
0.716587
0.711114
0.705653
0.700206
0.694775
0.689362
0.68397
0.678599
0.673251
0.66793
0.662636
0.657371
0.652138
0.646937
0.641769
0.636635
0.631536
0.626472
0.621446
0.616457
0.611507
0.606596
0.601727
0.596899
0.592113
0.58737
0.582672
0.578017
0.573408
0.568844
0.564325
0.559853
0.555427
0.551048
0.546717
0.542434
0.538199
0.534012
0.529872
0.52578
0.521735
0.517737
0.513786
0.509882
0.506025
0.502216
0.498454
0.494741
0.491076
0.487459
0.48389
0.480369
0.476894
0.473466
0.470083
0.466746
0.463453
0.460204
0.457
0.453844
0.45074
0.447708
0.444798
0.44215
0.440144
0.00369051
0.00711565
0.0098929
0.0123209
0.0146383
0.0169205
0.019192
0.0214634
0.0237417
0.0260342
0.0283482
0.0306913
0.0330706
0.0354931
0.0379651
0.0404925
0.0430801
0.0457325
0.0484532
0.0512453
0.0541109
0.0570516
0.0600695
0.0631677
0.0663482
0.0696117
0.0729592
0.0763916
0.07991
0.0835156
0.0872096
0.0909936
0.0948693
0.0988387
0.102904
0.107068
0.111332
0.115701
0.120177
0.124763
0.129463
0.13428
0.13922
0.144285
0.14948
0.15481
0.16028
0.165893
0.171656
0.177572
0.183648
0.189886
0.196293
0.202873
0.209629
0.216568
0.223692
0.231005
0.238511
0.246213
0.254114
0.262215
0.270519
0.279026
0.287736
0.296649
0.305763
0.315077
0.324587
0.334289
0.34418
0.354253
0.364503
0.374924
0.385509
0.396249
0.407136
0.418159
0.429308
0.440569
0.45193
0.463375
0.47489
0.486461
0.498077
0.509725
0.521394
0.533074
0.544755
0.55643
0.568092
0.579735
0.59135
0.602934
0.614481
0.62599
0.63746
0.64889
0.660279
0.671626
0.682928
0.694185
0.705392
0.716547
0.727645
0.738681
0.749647
0.760536
0.771338
0.782043
0.79264
0.80311
0.813411
0.823543
0.833502
0.843286
0.852892
0.862318
0.87156
0.880609
0.889462
0.898116
0.906566
0.91481
0.922843
0.930663
0.938267
0.945653
0.952819
0.959763
0.966482
0.972974
0.979236
0.985264
0.991054
0.996607
1.00193
1.00702
1.01188
1.01651
1.0209
1.02506
1.02899
1.03269
1.03616
1.03941
1.04243
1.04523
1.0478
1.05015
1.05228
1.05419
1.05589
1.05737
1.05864
1.05969
1.06054
1.06119
1.06163
1.06187
1.06192
1.06177
1.06143
1.0609
1.06019
1.05929
1.05822
1.05698
1.05556
1.05398
1.05223
1.05032
1.04826
1.04604
1.04367
1.04116
1.03851
1.03571
1.03278
1.02972
1.02653
1.02321
1.01976
1.01618
1.01249
1.00868
1.00477
1.00075
0.996628
0.99241
0.988099
0.983699
0.979213
0.974644
0.969995
0.965271
0.960474
0.955608
0.950676
0.94568
0.940623
0.935506
0.930332
0.925101
0.919815
0.914478
0.909095
0.90367
0.898205
0.892705
0.887173
0.881612
0.876023
0.870409
0.864771
0.859111
0.853431
0.847732
0.842015
0.836284
0.83054
0.824786
0.819024
0.813255
0.807481
0.801704
0.795923
0.790142
0.784359
0.778576
0.772795
0.76702
0.761251
0.755489
0.749736
0.743994
0.738264
0.732548
0.726849
0.721169
0.71551
0.709874
0.704262
0.698676
0.693118
0.68759
0.682093
0.67663
0.6712
0.665805
0.660446
0.655123
0.649837
0.64459
0.639382
0.634215
0.62909
0.624008
0.618969
0.613975
0.609027
0.604125
0.599269
0.594461
0.589701
0.584989
0.580325
0.57571
0.571145
0.566631
0.562167
0.557753
0.55339
0.549078
0.544816
0.540604
0.536442
0.532331
0.52827
0.524259
0.5203
0.516391
0.512535
0.508731
0.504978
0.501278
0.497629
0.494031
0.490483
0.486985
0.483537
0.480139
0.476791
0.473494
0.470251
0.467069
0.463966
0.46099
0.458276
0.456207
0.00371681
0.00705954
0.00980442
0.0121887
0.0144497
0.0166681
0.0188718
0.0210728
0.0232795
0.0254993
0.0277399
0.0300092
0.0323146
0.0346633
0.0370618
0.0395162
0.0420318
0.0446132
0.0472644
0.0499887
0.0527886
0.055666
0.0586222
0.0616572
0.0647747
0.0679784
0.0712691
0.074648
0.0781163
0.0816755
0.085327
0.0890728
0.0929148
0.0968553
0.100897
0.105043
0.109296
0.11366
0.118139
0.122736
0.127455
0.132302
0.137281
0.142396
0.147653
0.153057
0.158613
0.164328
0.170207
0.176255
0.182479
0.188885
0.195478
0.202264
0.209249
0.216437
0.223834
0.231444
0.239273
0.247324
0.255601
0.264105
0.27284
0.281806
0.291004
0.300433
0.310091
0.319976
0.330085
0.340412
0.35095
0.361694
0.372635
0.383764
0.395072
0.406548
0.418181
0.429961
0.441873
0.453905
0.466039
0.47826
0.49055
0.502893
0.515276
0.527687
0.540116
0.552551
0.564985
0.577411
0.589824
0.602218
0.614581
0.626907
0.639192
0.651431
0.663622
0.675763
0.687857
0.699903
0.711898
0.723841
0.73573
0.74756
0.759326
0.771021
0.782636
0.794161
0.805582
0.81689
0.828048
0.839018
0.849798
0.86039
0.870795
0.881009
0.891031
0.900862
0.910493
0.919909
0.92911
0.938094
0.946855
0.955392
0.9637
0.971777
0.979619
0.987226
0.994596
1.00173
1.00862
1.01526
1.02167
1.02782
1.03372
1.03937
1.04478
1.04994
1.05486
1.05953
1.06395
1.06813
1.07206
1.07575
1.07921
1.08242
1.08539
1.08813
1.09064
1.09291
1.09495
1.09677
1.09835
1.09972
1.10086
1.10179
1.1025
1.10299
1.10328
1.10337
1.10325
1.10293
1.10241
1.1017
1.1008
1.09972
1.09845
1.09701
1.09539
1.0936
1.09165
1.08953
1.08725
1.08481
1.08222
1.07949
1.0766
1.07358
1.07042
1.06713
1.0637
1.06015
1.05647
1.05267
1.04875
1.04471
1.04056
1.03631
1.03196
1.02751
1.02296
1.01833
1.01361
1.0088
1.00391
0.99895
0.993913
0.988806
0.983633
0.978396
0.973099
0.967742
0.962328
0.956857
0.951326
0.945743
0.940115
0.934445
0.928738
0.922997
0.917224
0.911423
0.905596
0.899744
0.893869
0.887973
0.882057
0.876119
0.870164
0.864194
0.858213
0.852223
0.846228
0.840228
0.834225
0.828219
0.822211
0.816201
0.81019
0.80418
0.798172
0.79217
0.786174
0.780187
0.774209
0.768244
0.762292
0.756358
0.750443
0.74455
0.738681
0.732837
0.72702
0.721231
0.715472
0.709745
0.704051
0.698391
0.692766
0.687177
0.681624
0.676109
0.670632
0.665195
0.6598
0.654446
0.649136
0.643871
0.638651
0.633477
0.628351
0.623273
0.618244
0.613265
0.608335
0.603455
0.598626
0.593848
0.589122
0.584448
0.579827
0.575259
0.570744
0.566282
0.561872
0.557515
0.553211
0.548961
0.544763
0.54062
0.53653
0.532495
0.528516
0.524591
0.520723
0.516909
0.513151
0.509447
0.505798
0.502203
0.498662
0.495176
0.491745
0.488372
0.48506
0.481815
0.478656
0.475625
0.472856
0.470728
0.00371496
0.00695781
0.00965816
0.0119888
0.0141839
0.0163285
0.0184537
0.0205737
0.0226974
0.0248328
0.0269879
0.0291707
0.0313888
0.0336497
0.0359601
0.0383263
0.0407539
0.0432478
0.0458122
0.0484508
0.0511664
0.0539614
0.0568373
0.059795
0.0628345
0.0659576
0.0691685
0.0724718
0.0758688
0.0793615
0.0829516
0.0866414
0.0904332
0.0943298
0.0983344
0.10245
0.106682
0.111033
0.115508
0.120111
0.124848
0.129725
0.134745
0.139916
0.145244
0.150733
0.156392
0.162225
0.168241
0.174446
0.180847
0.187451
0.194264
0.201294
0.208548
0.216031
0.223749
0.231709
0.239916
0.248375
0.25709
0.266064
0.2753
0.284797
0.294557
0.304579
0.314861
0.3254
0.336191
0.347227
0.358501
0.37
0.381715
0.393633
0.40574
0.418022
0.430464
0.443051
0.45577
0.468607
0.481544
0.494563
0.507643
0.520766
0.533918
0.547084
0.560257
0.573432
0.586602
0.599764
0.612915
0.626052
0.639151
0.65221
0.665222
0.67818
0.691077
0.703905
0.716675
0.72939
0.742047
0.754643
0.767174
0.779633
0.792014
0.804309
0.816505
0.828591
0.840543
0.852318
0.863898
0.875274
0.886444
0.897412
0.908174
0.918727
0.929068
0.939194
0.949099
0.958774
0.968216
0.97742
0.986382
0.995099
1.00357
1.01178
1.01975
1.02746
1.03491
1.04211
1.04905
1.05573
1.06215
1.06831
1.07422
1.07987
1.08527
1.0904
1.09527
1.09988
1.10423
1.10833
1.11217
1.11575
1.11909
1.12218
1.12501
1.12761
1.12996
1.13206
1.13393
1.13557
1.13697
1.13814
1.13909
1.13981
1.14032
1.14061
1.14068
1.14054
1.1402
1.13966
1.13892
1.13798
1.13685
1.13553
1.13403
1.13235
1.13049
1.12846
1.12627
1.1239
1.12138
1.1187
1.11587
1.11289
1.10977
1.1065
1.1031
1.09956
1.09589
1.09209
1.08818
1.08414
1.08
1.07574
1.07136
1.06689
1.06231
1.05764
1.05287
1.048
1.04306
1.03802
1.03291
1.02772
1.02246
1.01713
1.01173
1.00627
1.00075
0.995172
0.989538
0.983851
0.978107
0.972313
0.966474
0.960596
0.954682
0.948734
0.942756
0.93675
0.930719
0.924665
0.91859
0.912494
0.90638
0.900241
0.894085
0.887915
0.881737
0.875553
0.869365
0.863175
0.856984
0.850792
0.844598
0.838401
0.832204
0.826009
0.819817
0.81363
0.807451
0.80128
0.79512
0.788974
0.782844
0.776735
0.770647
0.764585
0.758548
0.75254
0.74656
0.74061
0.734691
0.728805
0.722953
0.717136
0.711355
0.705609
0.6999
0.69423
0.688599
0.683009
0.67746
0.671955
0.666495
0.66108
0.655712
0.650393
0.645122
0.6399
0.634729
0.62961
0.624541
0.619524
0.614559
0.609647
0.604788
0.599983
0.595233
0.590537
0.585896
0.58131
0.576778
0.572302
0.567881
0.563515
0.559206
0.554953
0.550756
0.546618
0.542537
0.538515
0.534551
0.530646
0.5268
0.523011
0.51928
0.515607
0.511992
0.508437
0.504942
0.501511
0.498147
0.494856
0.491655
0.488585
0.485771
0.483591
0.00368602
0.00681577
0.00946282
0.0117334
0.0138564
0.0159206
0.0179602
0.0199912
0.0220234
0.0240655
0.0261256
0.0282118
0.0303321
0.032494
0.0347046
0.0369704
0.0392972
0.0416902
0.0441541
0.0466928
0.0493097
0.0520076
0.0547887
0.0576543
0.0606053
0.063642
0.0667638
0.0699758
0.0732859
0.0766987
0.0802166
0.0838422
0.0875781
0.0914276
0.0953944
0.0994827
0.103697
0.108043
0.112526
0.117151
0.121924
0.126853
0.131944
0.137202
0.142637
0.148254
0.15406
0.160065
0.166275
0.172698
0.179342
0.186215
0.193325
0.20068
0.208287
0.216155
0.224289
0.232696
0.241382
0.250353
0.259613
0.269171
0.279023
0.289166
0.299602
0.310331
0.321353
0.332662
0.344253
0.356115
0.368237
0.380605
0.393201
0.406009
0.419007
0.432174
0.445488
0.45893
0.472488
0.48615
0.499899
0.513716
0.52758
0.541471
0.555368
0.569249
0.583123
0.596993
0.610858
0.624716
0.63856
0.652385
0.666177
0.679928
0.693627
0.707264
0.720826
0.73431
0.747735
0.761094
0.774384
0.787596
0.800723
0.813757
0.826683
0.839492
0.852161
0.864649
0.876932
0.889008
0.90087
0.91252
0.923955
0.935168
0.94615
0.956899
0.967412
0.977685
0.987712
0.997488
1.00701
1.01627
1.02527
1.034
1.04246
1.05064
1.05856
1.0662
1.07357
1.08067
1.08749
1.09404
1.10031
1.10632
1.11205
1.11751
1.1227
1.12762
1.13227
1.13665
1.14076
1.14461
1.14819
1.15152
1.15459
1.15741
1.15997
1.16229
1.16436
1.16619
1.16778
1.16913
1.17025
1.17114
1.17181
1.17225
1.17248
1.17249
1.17229
1.17188
1.17127
1.17045
1.16944
1.16824
1.16685
1.16528
1.16352
1.16159
1.15949
1.15721
1.15477
1.15217
1.14941
1.1465
1.14344
1.14023
1.13688
1.13339
1.12977
1.12601
1.12213
1.11812
1.11399
1.10974
1.10538
1.10091
1.09633
1.09164
1.08686
1.08198
1.07701
1.07194
1.06679
1.06156
1.05625
1.05086
1.0454
1.03988
1.03428
1.02863
1.02292
1.01715
1.01132
1.00545
0.999536
0.993575
0.987572
0.98153
0.975451
0.969339
0.963197
0.957028
0.950834
0.944618
0.938382
0.932128
0.925858
0.919565
0.913256
0.906936
0.900609
0.894278
0.887946
0.881614
0.875283
0.868953
0.862621
0.856287
0.849954
0.843624
0.8373
0.830981
0.824668
0.818363
0.812072
0.805796
0.79954
0.793306
0.787097
0.780915
0.774762
0.768638
0.762544
0.756481
0.750449
0.744451
0.738487
0.732557
0.726662
0.720803
0.714981
0.709197
0.703452
0.697749
0.692089
0.686472
0.6809
0.675375
0.669898
0.664469
0.65909
0.653762
0.648484
0.643259
0.638086
0.632967
0.6279
0.622886
0.617927
0.613023
0.608175
0.603382
0.598645
0.593964
0.589339
0.584771
0.58026
0.575808
0.571413
0.567078
0.562801
0.558584
0.554428
0.550333
0.546299
0.542326
0.538414
0.534563
0.530772
0.527043
0.523376
0.519773
0.516235
0.512765
0.509367
0.506048
0.502822
0.499727
0.496881
0.494658
0.00363892
0.00663943
0.00922834
0.0114367
0.0134853
0.0154658
0.0174156
0.0193526
0.0212878
0.0232302
0.0251884
0.0271707
0.0291853
0.0312401
0.0333424
0.035499
0.0377161
0.0399992
0.0423534
0.0447831
0.0472923
0.0498845
0.0525627
0.0553291
0.0581856
0.0611331
0.0641726
0.0673044
0.0705312
0.073864
0.0773143
0.080885
0.0845793
0.0884007
0.0923536
0.0964431
0.100675
0.105055
0.10959
0.114288
0.119157
0.124203
0.129436
0.134862
0.14049
0.146329
0.152386
0.158672
0.165194
0.171963
0.178986
0.18627
0.193822
0.201652
0.209768
0.218179
0.22689
0.235907
0.245237
0.254883
0.264849
0.275139
0.285754
0.296691
0.307951
0.319534
0.331435
0.343649
0.356168
0.368981
0.382071
0.395419
0.409001
0.422791
0.436757
0.45087
0.465098
0.479408
0.493795
0.508253
0.52277
0.537331
0.551916
0.566502
0.581063
0.595588
0.610108
0.624625
0.639141
0.653654
0.668152
0.682624
0.697058
0.711441
0.725765
0.74002
0.754203
0.768322
0.782368
0.79633
0.810197
0.823948
0.837571
0.851058
0.864365
0.877454
0.890309
0.902926
0.915302
0.927432
0.939314
0.950947
0.96233
0.973459
0.984329
0.99494
1.00529
1.01537
1.02519
1.03473
1.044
1.05299
1.0617
1.07012
1.07827
1.08612
1.09369
1.10098
1.10798
1.11471
1.12115
1.12731
1.13319
1.1388
1.14413
1.14918
1.15397
1.15848
1.16271
1.16668
1.17039
1.17383
1.17701
1.17994
1.18261
1.18503
1.18721
1.18915
1.19084
1.1923
1.19352
1.19451
1.19528
1.19583
1.19616
1.19627
1.19617
1.19587
1.19536
1.19465
1.19375
1.19265
1.19137
1.1899
1.18825
1.18642
1.18442
1.18226
1.17992
1.17742
1.17477
1.17196
1.16899
1.16589
1.16263
1.15924
1.15571
1.15205
1.14826
1.14434
1.1403
1.13613
1.13185
1.12746
1.12295
1.11834
1.11363
1.10881
1.1039
1.09889
1.09379
1.08861
1.08334
1.07799
1.07257
1.06707
1.0615
1.05587
1.05017
1.04441
1.03859
1.03272
1.0268
1.02082
1.0148
1.00873
1.00262
0.996477
0.990294
0.984078
0.977832
0.971558
0.96526
0.95894
0.952601
0.946244
0.939871
0.933487
0.927092
0.920687
0.914276
0.90786
0.901444
0.895029
0.888616
0.882206
0.875795
0.869383
0.862975
0.856572
0.850176
0.843783
0.837395
0.831018
0.824655
0.81831
0.811987
0.805689
0.799417
0.793174
0.786959
0.780775
0.774622
0.768499
0.762408
0.756348
0.750322
0.744328
0.738368
0.732443
0.726555
0.720704
0.714892
0.709122
0.703394
0.69771
0.692071
0.686478
0.680933
0.675437
0.669991
0.664595
0.659251
0.653959
0.648721
0.643535
0.638403
0.633325
0.628302
0.623334
0.618422
0.613566
0.608767
0.604024
0.599339
0.594711
0.590143
0.585634
0.581185
0.576796
0.572469
0.568203
0.564
0.559859
0.555782
0.551767
0.547816
0.543927
0.540102
0.536341
0.532646
0.529017
0.525458
0.521971
0.51856
0.515232
0.512
0.508897
0.506034
0.503778
0.00357835
0.00643925
0.00896496
0.0111097
0.0130826
0.0149775
0.0168346
0.0186738
0.0205075
0.0223453
0.0241963
0.0260694
0.0279732
0.029916
0.0319057
0.0339495
0.0360539
0.0382249
0.0404681
0.0427884
0.0451905
0.047679
0.0502583
0.0529323
0.0557042
0.0585769
0.0615529
0.0646345
0.0678244
0.0711258
0.0745503
0.0781122
0.0818194
0.0856759
0.0896869
0.0938588
0.0981984
0.102712
0.10741
0.1123
0.117392
0.122697
0.128222
0.133977
0.139971
0.146213
0.152713
0.159481
0.166529
0.173876
0.181517
0.189441
0.197663
0.206196
0.21505
0.224229
0.23374
0.243587
0.253771
0.264297
0.275164
0.286374
0.297926
0.309818
0.322048
0.334613
0.347508
0.360727
0.374259
0.388093
0.402211
0.416589
0.431195
0.44599
0.460918
0.475947
0.491044
0.506178
0.521354
0.536557
0.551773
0.566996
0.582212
0.597411
0.612588
0.627759
0.64292
0.658073
0.673212
0.688327
0.703422
0.718471
0.733455
0.748362
0.763178
0.777894
0.792506
0.807003
0.821368
0.835591
0.849649
0.863502
0.877113
0.890448
0.903514
0.916307
0.928824
0.941066
0.953033
0.964725
0.976143
0.987288
0.99816
1.00876
1.01908
1.02913
1.03891
1.04841
1.05763
1.06656
1.07522
1.08359
1.09168
1.09948
1.107
1.11423
1.12118
1.12784
1.13423
1.14034
1.14618
1.15174
1.15703
1.16206
1.16681
1.1713
1.17552
1.17949
1.18319
1.18663
1.18982
1.19275
1.19544
1.19789
1.20009
1.20206
1.20379
1.20529
1.20657
1.20761
1.20844
1.20905
1.20945
1.20964
1.20962
1.2094
1.20898
1.20837
1.20756
1.20657
1.20539
1.20403
1.2025
1.20079
1.19891
1.19687
1.19466
1.1923
1.18978
1.1871
1.18428
1.18131
1.1782
1.17495
1.17157
1.16805
1.16441
1.16064
1.15674
1.15273
1.1486
1.14436
1.14001
1.13555
1.13098
1.12632
1.12156
1.1167
1.11175
1.10671
1.10159
1.09638
1.0911
1.08573
1.0803
1.07479
1.06922
1.06358
1.05788
1.05213
1.04632
1.04045
1.03453
1.02856
1.02255
1.01649
1.01039
1.00426
0.998083
0.991877
0.98564
0.979376
0.973086
0.966773
0.960439
0.954085
0.947715
0.94133
0.934932
0.928524
0.922108
0.915687
0.909263
0.902839
0.896416
0.889997
0.883583
0.877174
0.870771
0.864376
0.857984
0.851595
0.845207
0.83883
0.832468
0.826125
0.819804
0.813508
0.807238
0.800996
0.794782
0.788598
0.782444
0.77632
0.770226
0.764162
0.758127
0.752123
0.746151
0.740212
0.734309
0.728442
0.722614
0.716826
0.711079
0.705376
0.699717
0.694103
0.688537
0.683018
0.677549
0.67213
0.666762
0.661446
0.656183
0.650973
0.645816
0.640714
0.635666
0.630673
0.625736
0.620854
0.616029
0.611261
0.60655
0.601899
0.597307
0.592776
0.588307
0.583899
0.579554
0.575271
0.571052
0.566897
0.562805
0.558778
0.554815
0.550918
0.547085
0.543319
0.539621
0.535993
0.532437
0.528956
0.525554
0.522239
0.51902
0.515928
0.513068
0.51079
0.0035016
0.00621333
0.00866968
0.0107486
0.0126447
0.0144523
0.0162146
0.0179535
0.0196826
0.0214125
0.0231534
0.0249152
0.0267076
0.0285396
0.0304198
0.0323563
0.0343564
0.0364267
0.0385733
0.0408018
0.0431171
0.0455234
0.048032
0.0506502
0.0533832
0.0562354
0.0592114
0.0623162
0.0655553
0.0689352
0.072464
0.0761517
0.0800126
0.0840599
0.0883012
0.0927478
0.0974131
0.102295
0.107393
0.112729
0.118315
0.124163
0.13028
0.136677
0.143361
0.150342
0.157627
0.165225
0.173146
0.181394
0.189968
0.19887
0.208105
0.217678
0.227593
0.237853
0.248458
0.259408
0.270702
0.282338
0.294313
0.306624
0.319267
0.332237
0.345531
0.359141
0.373063
0.387287
0.401806
0.416607
0.431673
0.44698
0.462489
0.478144
0.49388
0.509698
0.525595
0.541546
0.557504
0.573407
0.589246
0.60503
0.620761
0.636436
0.652055
0.667627
0.683161
0.698661
0.714105
0.729486
0.744787
0.759971
0.775024
0.789931
0.804677
0.819261
0.833683
0.847901
0.861882
0.875588
0.88899
0.902093
0.914894
0.927392
0.939591
0.951497
0.963113
0.974445
0.985495
0.996268
1.00677
1.01699
1.02695
1.03663
1.04604
1.05519
1.06406
1.07267
1.081
1.08906
1.09685
1.10437
1.11161
1.11858
1.12529
1.13172
1.13789
1.14379
1.14943
1.15481
1.15993
1.1648
1.16941
1.17377
1.17787
1.18173
1.18534
1.18871
1.19183
1.19472
1.19736
1.19978
1.20196
1.20391
1.20564
1.20716
1.20845
1.20953
1.21039
1.21105
1.21151
1.21176
1.21181
1.21167
1.21133
1.21082
1.21011
1.20923
1.20817
1.20694
1.20553
1.20396
1.20222
1.20032
1.19827
1.19606
1.1937
1.19119
1.18854
1.18575
1.18282
1.17975
1.17655
1.17323
1.16977
1.1662
1.16251
1.1587
1.15477
1.15074
1.14659
1.14234
1.13799
1.13354
1.12899
1.12435
1.11962
1.1148
1.1099
1.10491
1.09985
1.0947
1.08949
1.0842
1.07884
1.07342
1.06793
1.06239
1.05678
1.05113
1.04541
1.03965
1.03384
1.02798
1.02208
1.01613
1.01015
1.00413
0.998079
0.991993
0.985876
0.979732
0.973561
0.967368
0.961152
0.954916
0.948661
0.94239
0.936106
0.92981
0.923504
0.91719
0.910872
0.904549
0.898226
0.891903
0.885581
0.879264
0.872952
0.866644
0.860334
0.854024
0.84772
0.841425
0.835143
0.828879
0.822634
0.816411
0.810211
0.804036
0.797888
0.791767
0.785675
0.779611
0.773574
0.767564
0.76158
0.755623
0.749696
0.7438
0.737937
0.732109
0.726318
0.720565
0.714853
0.709182
0.703553
0.697969
0.69243
0.686937
0.681492
0.676096
0.67075
0.665454
0.660211
0.65502
0.649882
0.644798
0.639768
0.634792
0.629871
0.625004
0.620193
0.61544
0.610744
0.606107
0.601531
0.597015
0.592562
0.588171
0.583844
0.579579
0.575378
0.571241
0.567168
0.563161
0.559218
0.555341
0.551531
0.54779
0.544117
0.540517
0.53699
0.533541
0.530174
0.526894
0.523712
0.520653
0.517813
0.515531
0.00332251
0.00577195
0.00811962
0.0101095
0.0119026
0.0135925
0.0152264
0.0168293
0.0184166
0.0200004
0.0215932
0.0232107
0.0248649
0.0265671
0.028328
0.0301582
0.0320684
0.0340689
0.0361706
0.0383872
0.0407301
0.0431703
0.0457076
0.0483948
0.051251
0.0542866
0.0575107
0.0609322
0.0645613
0.0684084
0.0724853
0.0768046
0.0813806
0.086228
0.0913604
0.096791
0.102531
0.108586
0.114965
0.121675
0.128723
0.136116
0.143857
0.151952
0.160401
0.169207
0.178369
0.187888
0.197762
0.207988
0.21856
0.229471
0.240716
0.252288
0.264179
0.276383
0.28889
0.301692
0.314782
0.328149
0.341785
0.355683
0.369833
0.384229
0.398861
0.413721
0.428802
0.444093
0.459588
0.475278
0.491151
0.507194
0.523391
0.539722
0.556185
0.572748
0.589351
0.605913
0.622339
0.638522
0.654495
0.670304
0.685956
0.701461
0.716826
0.732076
0.747236
0.762281
0.77717
0.791876
0.806365
0.820628
0.834654
0.84843
0.861938
0.875151
0.888037
0.900589
0.912806
0.924698
0.936274
0.947546
0.958523
0.969217
0.979634
0.989784
0.999674
1.00931
1.01869
1.02783
1.03673
1.04539
1.0538
1.06197
1.0699
1.07759
1.08505
1.09226
1.09923
1.10596
1.11245
1.1187
1.12471
1.13048
1.13602
1.14133
1.1464
1.15124
1.15585
1.16023
1.16439
1.16831
1.17201
1.17549
1.17874
1.18178
1.18459
1.18719
1.18957
1.19173
1.19369
1.19544
1.19699
1.19833
1.19948
1.20043
1.20118
1.20174
1.20212
1.20231
1.20231
1.20214
1.20178
1.20126
1.20056
1.1997
1.19867
1.19749
1.19614
1.19464
1.19298
1.19118
1.18923
1.18713
1.1849
1.18252
1.18001
1.17737
1.1746
1.1717
1.16868
1.16554
1.16228
1.1589
1.15542
1.15182
1.14811
1.1443
1.14039
1.13638
1.13228
1.12808
1.12379
1.11941
1.11494
1.1104
1.10577
1.10106
1.09628
1.09143
1.0865
1.08151
1.07645
1.07133
1.06614
1.0609
1.05561
1.05026
1.04485
1.0394
1.0339
1.02836
1.02277
1.01714
1.01147
1.00576
1.00002
0.994248
0.988442
0.982607
0.976744
0.970856
0.964943
0.959007
0.953051
0.947075
0.941081
0.935071
0.929048
0.923012
0.916966
0.910911
0.904848
0.898779
0.892706
0.886629
0.880551
0.874473
0.868397
0.86232
0.856243
0.850166
0.84409
0.838019
0.831955
0.8259
0.819858
0.813831
0.80782
0.801829
0.795858
0.78991
0.783986
0.778086
0.772208
0.766348
0.760503
0.754679
0.74888
0.743108
0.737366
0.731656
0.725979
0.720338
0.714734
0.709168
0.703641
0.698156
0.692713
0.687313
0.681958
0.676649
0.671388
0.666176
0.661014
0.655903
0.650845
0.64584
0.640887
0.635987
0.631141
0.626349
0.621612
0.616931
0.612308
0.607743
0.603238
0.598795
0.594413
0.590093
0.585837
0.581643
0.577513
0.573447
0.569444
0.565506
0.561633
0.557828
0.55409
0.550422
0.546825
0.543301
0.539853
0.536484
0.533198
0.53
0.5269
0.523919
0.521137
0.518874
0.00314192
0.00538556
0.00763457
0.00954506
0.0112566
0.0128685
0.014439
0.0159998
0.017578
0.0191952
0.020839
0.0225299
0.0243276
0.0262533
0.0283257
0.0305648
0.0329916
0.0356286
0.0384992
0.0416287
0.0450394
0.0487416
0.052757
0.0571129
0.0618338
0.0669407
0.0724513
0.07838
0.0847379
0.0915329
0.0987697
0.10645
0.114572
0.123131
0.132121
0.14153
0.151346
0.161553
0.172132
0.183064
0.19433
0.20591
0.217785
0.229934
0.242337
0.254975
0.267828
0.280876
0.294101
0.307486
0.321013
0.334667
0.348432
0.362296
0.376247
0.390272
0.404363
0.418511
0.43271
0.446954
0.46124
0.475562
0.489913
0.504285
0.518673
0.533071
0.547474
0.561878
0.57628
0.590675
0.60506
0.619425
0.633766
0.648083
0.662398
0.676685
0.690911
0.705036
0.719033
0.732905
0.746641
0.760215
0.773604
0.786785
0.799741
0.812455
0.824914
0.837122
0.849092
0.860827
0.872333
0.883612
0.894665
0.905493
0.916086
0.926424
0.936475
0.946191
0.955573
0.964665
0.973487
0.982057
0.99039
0.998496
1.00638
1.01406
1.02154
1.02881
1.03589
1.04278
1.04949
1.05601
1.06234
1.06849
1.07445
1.08021
1.08577
1.09113
1.09629
1.10126
1.10604
1.11063
1.11504
1.11925
1.12329
1.12714
1.1308
1.13427
1.13756
1.14066
1.14357
1.1463
1.14885
1.15121
1.15338
1.15538
1.1572
1.15883
1.16029
1.16158
1.16269
1.16362
1.16439
1.165
1.16543
1.1657
1.16581
1.16576
1.16556
1.16519
1.16468
1.16401
1.1632
1.16224
1.16114
1.15989
1.15851
1.157
1.15535
1.15357
1.15166
1.14962
1.14746
1.14518
1.14278
1.14027
1.13764
1.1349
1.13205
1.12909
1.12603
1.12287
1.11961
1.11625
1.1128
1.10925
1.10562
1.1019
1.09809
1.09421
1.09024
1.08619
1.08207
1.07788
1.07361
1.06928
1.06488
1.06042
1.05589
1.05131
1.04667
1.04197
1.03722
1.03242
1.02756
1.02266
1.01772
1.01273
1.00769
1.00262
0.997511
0.992362
0.987178
0.98196
0.97671
0.971429
0.966119
0.960783
0.95542
0.950034
0.944625
0.939194
0.933743
0.928274
0.922787
0.917284
0.911766
0.906234
0.900691
0.895138
0.889576
0.884005
0.878428
0.872845
0.867257
0.861665
0.856071
0.850474
0.844875
0.839275
0.833672
0.828069
0.822465
0.816862
0.811261
0.805665
0.800074
0.794491
0.788918
0.783356
0.777808
0.772275
0.766759
0.761261
0.755779
0.750312
0.744859
0.739424
0.734007
0.728611
0.723239
0.717892
0.712572
0.707281
0.70202
0.696791
0.691596
0.686436
0.681312
0.676227
0.671181
0.666176
0.661214
0.656296
0.651422
0.646596
0.641818
0.637087
0.632404
0.627762
0.623157
0.618597
0.614085
0.609623
0.605216
0.600863
0.596568
0.592331
0.588154
0.584039
0.579985
0.575993
0.572064
0.568199
0.564398
0.560662
0.556991
0.553386
0.549849
0.546382
0.542986
0.539662
0.536413
0.533241
0.530152
0.527151
0.524245
0.521453
0.518835
0.516672
0.0029822
0.00509524
0.00727432
0.00918023
0.0110083
0.0128767
0.0149036
0.0171943
0.0198078
0.0228038
0.0262254
0.0301342
0.0345847
0.0396111
0.0452342
0.0514651
0.0583077
0.0657641
0.0738348
0.0825177
0.0918047
0.10168
0.112127
0.123127
0.134653
0.146678
0.159168
0.172088
0.185395
0.199046
0.212993
0.227189
0.241584
0.25613
0.270779
0.285486
0.300209
0.314911
0.329558
0.344122
0.358583
0.372923
0.387123
0.401166
0.415041
0.428737
0.442248
0.45557
0.468703
0.481647
0.494404
0.506979
0.519375
0.531599
0.543655
0.55555
0.567288
0.578876
0.590316
0.601621
0.612824
0.623918
0.634893
0.645745
0.656476
0.667092
0.677604
0.688021
0.698352
0.708606
0.718792
0.728915
0.738976
0.748975
0.758885
0.768722
0.778495
0.7882
0.797837
0.807412
0.81693
0.826384
0.835761
0.845043
0.854222
0.863289
0.872238
0.881064
0.889765
0.898339
0.906784
0.915099
0.923281
0.931326
0.939227
0.946969
0.954539
0.961923
0.969118
0.97612
0.982931
0.989549
0.995978
1.00222
1.00828
1.01417
1.01989
1.02543
1.03082
1.03605
1.04114
1.04607
1.05086
1.05549
1.05993
1.06411
1.06808
1.07186
1.07545
1.07887
1.08213
1.08523
1.08816
1.09095
1.09359
1.09607
1.09841
1.10059
1.10263
1.10452
1.10626
1.10784
1.10927
1.11055
1.11168
1.11266
1.1135
1.11419
1.11474
1.11515
1.11542
1.11556
1.11556
1.11544
1.11518
1.11479
1.11427
1.11362
1.11285
1.11196
1.11094
1.1098
1.10855
1.10718
1.10569
1.10409
1.10239
1.10057
1.09865
1.09663
1.0945
1.09227
1.08995
1.08752
1.08501
1.0824
1.0797
1.07691
1.07403
1.07107
1.06803
1.0649
1.0617
1.05842
1.05506
1.05164
1.04814
1.04457
1.04093
1.03724
1.03347
1.02965
1.02577
1.02183
1.01784
1.01379
1.00969
1.00554
1.00134
0.997096
0.992806
0.988473
0.984098
0.979684
0.97523
0.97074
0.966213
0.961652
0.957057
0.952431
0.947773
0.943087
0.938372
0.933629
0.928862
0.924069
0.919254
0.914417
0.909559
0.904681
0.899785
0.894872
0.889942
0.884998
0.880039
0.875067
0.870083
0.865088
0.860083
0.855069
0.850049
0.845021
0.839988
0.834951
0.829909
0.824865
0.819818
0.814769
0.80972
0.80467
0.79962
0.794571
0.789523
0.784477
0.779434
0.774395
0.76936
0.764331
0.759309
0.754295
0.749291
0.744298
0.739317
0.734348
0.729391
0.724448
0.719517
0.7146
0.709698
0.704812
0.699944
0.695095
0.690268
0.685464
0.680685
0.675931
0.671206
0.66651
0.661845
0.657212
0.652614
0.64805
0.643523
0.639034
0.634585
0.630175
0.625807
0.621481
0.617194
0.612944
0.608727
0.604546
0.600406
0.596308
0.592257
0.588253
0.5843
0.580399
0.576551
0.572758
0.569021
0.565339
0.56171
0.558127
0.554594
0.551117
0.5477
0.544345
0.541055
0.537832
0.534677
0.531592
0.52858
0.525646
0.522794
0.520027
0.517353
0.514788
0.512382
0.510363
0.00290576
0.00504937
0.00761314
0.0107296
0.01536
0.0220263
0.0308433
0.041729
0.0544632
0.0687844
0.0844222
0.101122
0.118646
0.13678
0.155339
0.174173
0.193158
0.212229
0.231302
0.250311
0.269202
0.287931
0.30646
0.324755
0.342782
0.360508
0.377899
0.394918
0.411531
0.427705
0.443411
0.458625
0.47333
0.487513
0.50117
0.514302
0.526917
0.539027
0.550647
0.561802
0.572538
0.582888
0.592854
0.602449
0.611694
0.620613
0.629235
0.637584
0.645687
0.653566
0.661242
0.668733
0.676056
0.683226
0.690256
0.697157
0.703938
0.710608
0.717173
0.723636
0.729971
0.736199
0.742343
0.748422
0.75445
0.76044
0.766405
0.772357
0.778306
0.784263
0.790236
0.796233
0.802262
0.808327
0.814432
0.820579
0.826763
0.832982
0.839234
0.845518
0.851834
0.858179
0.864543
0.870914
0.877281
0.883632
0.889956
0.896242
0.902484
0.908675
0.914809
0.92088
0.926883
0.932809
0.93865
0.944391
0.950022
0.955536
0.960929
0.966198
0.971338
0.976342
0.981209
0.985938
0.99053
0.994987
0.99931
1.0035
1.00757
1.01151
1.01534
1.01904
1.02263
1.02608
1.02939
1.03252
1.03547
1.03826
1.04089
1.04335
1.04566
1.04783
1.04985
1.05173
1.05347
1.05509
1.05657
1.0579
1.05905
1.06
1.06079
1.06142
1.06191
1.06226
1.06248
1.06256
1.06252
1.06237
1.06209
1.06171
1.06122
1.06064
1.05994
1.05914
1.05823
1.05721
1.05609
1.05486
1.05354
1.05212
1.0506
1.04899
1.04729
1.04551
1.04364
1.0417
1.03967
1.03756
1.03538
1.03312
1.03078
1.02836
1.02587
1.02331
1.02069
1.01799
1.01523
1.0124
1.0095
1.00655
1.00353
1.00046
0.99733
0.994142
0.9909
0.987604
0.984257
0.98086
0.977415
0.973922
0.970384
0.966802
0.963176
0.959509
0.955801
0.952055
0.948272
0.944452
0.940597
0.936708
0.932786
0.928833
0.924849
0.920836
0.916795
0.912726
0.90863
0.904509
0.900363
0.896192
0.891999
0.887783
0.883547
0.879289
0.875012
0.870716
0.866403
0.862073
0.857726
0.853365
0.848989
0.8446
0.840198
0.835784
0.831358
0.826923
0.822477
0.818024
0.813562
0.809094
0.804619
0.80014
0.795656
0.791169
0.786679
0.782187
0.777694
0.773201
0.768707
0.764215
0.759724
0.755235
0.75075
0.746268
0.741791
0.737319
0.732853
0.728393
0.72394
0.719496
0.715061
0.710635
0.70622
0.701816
0.697424
0.693044
0.688677
0.684324
0.679985
0.675661
0.671353
0.667062
0.662789
0.658537
0.654305
0.650096
0.645911
0.641751
0.637618
0.633513
0.629437
0.625391
0.621378
0.617397
0.61345
0.609538
0.605661
0.601819
0.598012
0.594238
0.590495
0.586784
0.583107
0.579466
0.575863
0.5723
0.568779
0.565301
0.561868
0.55848
0.555139
0.551844
0.548591
0.545373
0.542193
0.539059
0.535975
0.532943
0.529967
0.52705
0.524193
0.521397
0.518662
0.515989
0.513383
0.510856
0.508417
0.50608
0.503892
0.502017
0.00336019
0.00832582
0.0201396
0.0415035
0.0750394
0.116514
0.16078
0.205495
0.249023
0.290335
0.328844
0.364273
0.396573
0.425848
0.452297
0.476172
0.497779
0.517562
0.535641
0.552191
0.567399
0.581443
0.594471
0.606604
0.617933
0.628524
0.638423
0.647667
0.656282
0.664298
0.671741
0.678645
0.685042
0.690972
0.696475
0.701594
0.70637
0.710844
0.715056
0.719038
0.722799
0.726358
0.729764
0.733055
0.736255
0.739388
0.742468
0.74551
0.748521
0.751508
0.754477
0.75743
0.76037
0.763298
0.766218
0.769131
0.772038
0.774944
0.777853
0.780769
0.783698
0.786647
0.78962
0.792627
0.795674
0.798766
0.801911
0.805113
0.80838
0.811717
0.815127
0.818617
0.822189
0.825847
0.829592
0.833423
0.837339
0.841338
0.845418
0.849577
0.853814
0.858127
0.862508
0.866951
0.871443
0.875974
0.880532
0.885105
0.889686
0.894263
0.89883
0.903379
0.907904
0.912394
0.916842
0.921235
0.925566
0.929827
0.934016
0.938128
0.942159
0.9461
0.949947
0.953695
0.957342
0.960887
0.964328
0.967665
0.970899
0.974032
0.977062
0.97999
0.982811
0.985516
0.988096
0.990541
0.992846
0.995009
0.997027
0.998901
1.00064
1.00223
1.00369
1.00503
1.00624
1.00732
1.00829
1.00911
1.00978
1.01026
1.01059
1.01076
1.0108
1.01069
1.01046
1.01011
1.00965
1.00908
1.0084
1.00761
1.00668
1.0056
1.00441
1.00311
1.0017
1.0002
0.998601
0.996915
0.995145
0.993293
0.991364
0.989362
0.987306
0.985197
0.983025
0.98079
0.978491
0.976129
0.973706
0.971224
0.968685
0.96609
0.963446
0.960757
0.958023
0.955245
0.952423
0.949557
0.946648
0.943698
0.940708
0.93768
0.934613
0.931509
0.928369
0.925193
0.921983
0.91874
0.915465
0.912159
0.908822
0.905456
0.902061
0.898639
0.895191
0.891717
0.888219
0.884696
0.881151
0.877583
0.873992
0.870381
0.86675
0.863099
0.859428
0.855739
0.852032
0.848307
0.844565
0.840806
0.837032
0.833242
0.829437
0.825619
0.821786
0.81794
0.814082
0.810212
0.80633
0.802437
0.798534
0.794621
0.790699
0.786768
0.782828
0.778881
0.774927
0.770967
0.767001
0.76303
0.759055
0.755077
0.751095
0.747112
0.743127
0.739141
0.735155
0.731169
0.727184
0.723202
0.719222
0.715245
0.711272
0.707305
0.703343
0.699387
0.695438
0.691497
0.687565
0.683641
0.679727
0.675823
0.67193
0.668049
0.66418
0.660324
0.656482
0.652654
0.648841
0.645044
0.641263
0.6375
0.633754
0.630028
0.626321
0.622636
0.618972
0.615332
0.611717
0.608126
0.604563
0.601027
0.597519
0.594042
0.590595
0.587179
0.583795
0.580442
0.577121
0.573831
0.570572
0.567344
0.564146
0.56098
0.557847
0.554748
0.551684
0.548656
0.545666
0.542713
0.539798
0.53692
0.534077
0.531265
0.528486
0.525741
0.523036
0.520372
0.517753
0.51518
0.512656
0.510181
0.507754
0.505373
0.503047
0.500787
0.498603
0.49651
0.494549
0.492859
0.0156129
0.0670428
0.14776
0.253811
0.373628
0.480656
0.56436
0.627552
0.673506
0.705712
0.727384
0.741276
0.749654
0.75431
0.756614
0.757569
0.757882
0.757827
0.757798
0.757992
0.758476
0.759236
0.760211
0.761317
0.762467
0.763585
0.764606
0.765485
0.766195
0.76673
0.767097
0.767314
0.767409
0.767414
0.767361
0.767283
0.767212
0.767173
0.767192
0.767285
0.767469
0.767752
0.768137
0.768626
0.769214
0.769895
0.770661
0.771502
0.772409
0.773372
0.774382
0.775432
0.776516
0.77763
0.778772
0.77994
0.781137
0.782363
0.783624
0.784925
0.786272
0.787671
0.789131
0.790658
0.79226
0.793943
0.795712
0.797571
0.799525
0.801576
0.803727
0.805979
0.808332
0.810787
0.813343
0.815996
0.818744
0.821584
0.824513
0.827531
0.830635
0.833822
0.83709
0.840433
0.843842
0.847311
0.850829
0.854387
0.857976
0.861588
0.865215
0.868851
0.872486
0.876115
0.879728
0.883317
0.886873
0.890391
0.893867
0.897298
0.900676
0.903997
0.907255
0.910442
0.913555
0.916589
0.919542
0.922411
0.925194
0.927889
0.930495
0.93301
0.935427
0.937741
0.939945
0.942035
0.944007
0.945857
0.94758
0.949174
0.95064
0.951977
0.953189
0.954279
0.955248
0.9561
0.956829
0.957432
0.957895
0.958212
0.958383
0.958413
0.958307
0.958072
0.957715
0.957243
0.956661
0.955976
0.95519
0.954295
0.953252
0.952068
0.950761
0.949342
0.947819
0.946201
0.944494
0.942703
0.940834
0.938891
0.936879
0.934797
0.932628
0.930373
0.928046
0.925652
0.923198
0.920686
0.918121
0.915506
0.912844
0.910139
0.907407
0.904652
0.901868
0.899052
0.896204
0.893326
0.890421
0.887492
0.88454
0.881565
0.878566
0.875544
0.8725
0.869433
0.866346
0.86324
0.860114
0.85697
0.853809
0.850629
0.847434
0.844222
0.840995
0.837753
0.834496
0.831226
0.827942
0.824644
0.821334
0.81801
0.814675
0.811328
0.80797
0.8046
0.80122
0.797828
0.794427
0.791015
0.787594
0.784164
0.780724
0.777275
0.773818
0.770353
0.76688
0.763398
0.759909
0.756413
0.752909
0.749399
0.745883
0.74236
0.738832
0.735299
0.731761
0.728219
0.724673
0.721124
0.717572
0.714018
0.710462
0.706905
0.703348
0.699791
0.696234
0.692679
0.689125
0.685574
0.682026
0.678481
0.674942
0.671407
0.667879
0.664358
0.660844
0.657339
0.653842
0.650355
0.646879
0.643413
0.639958
0.636516
0.633087
0.629671
0.626269
0.622883
0.619512
0.616158
0.612821
0.609502
0.606201
0.602919
0.599656
0.596415
0.593195
0.589998
0.586824
0.583674
0.58055
0.577452
0.574381
0.571338
0.568324
0.565339
0.562384
0.559459
0.556564
0.553699
0.550864
0.54806
0.545285
0.542541
0.539827
0.537144
0.534493
0.531875
0.529289
0.526736
0.524215
0.521727
0.519269
0.516841
0.514442
0.512073
0.509735
0.507432
0.505163
0.502932
0.500739
0.498585
0.49647
0.494392
0.492359
0.490378
0.48846
0.486619
0.484884
0.48339
)
;

boundaryField
{
    wallL
    {
        type            kqRWallFunction;
        value           nonuniform List<scalar> 
400
(
0.118648
0.134758
0.148386
0.159735
0.169063
0.176619
0.182642
0.187357
0.190968
0.193657
0.195582
0.19688
0.197663
0.19803
0.19806
0.197819
0.197364
0.196739
0.195981
0.195121
0.194184
0.193191
0.192157
0.191097
0.190021
0.188939
0.187858
0.186783
0.185721
0.184673
0.183643
0.182635
0.181649
0.180687
0.17975
0.178838
0.177954
0.177095
0.176272
0.17548
0.174718
0.173982
0.173271
0.172583
0.171917
0.171271
0.170645
0.170037
0.169446
0.168873
0.168315
0.167773
0.167246
0.166733
0.166233
0.165747
0.165274
0.164813
0.164365
0.163928
0.163502
0.163087
0.162683
0.162289
0.161905
0.16153
0.161166
0.16081
0.160463
0.160125
0.159795
0.159473
0.15916
0.158854
0.158555
0.158264
0.15798
0.157703
0.157433
0.157169
0.156911
0.15666
0.156415
0.156176
0.155942
0.155714
0.155491
0.155274
0.155062
0.154855
0.154653
0.154456
0.154263
0.154075
0.153891
0.153712
0.153536
0.153365
0.153198
0.153035
0.152873
0.152713
0.152555
0.152398
0.152243
0.152089
0.151936
0.151785
0.151636
0.151488
0.151341
0.151196
0.151052
0.15091
0.150769
0.15063
0.150492
0.150356
0.15022
0.150087
0.149955
0.149824
0.149694
0.149566
0.149439
0.149313
0.149189
0.149065
0.148943
0.148823
0.148703
0.148584
0.148467
0.14835
0.148235
0.14812
0.148006
0.147893
0.147781
0.14767
0.14756
0.14745
0.147341
0.147232
0.147124
0.147017
0.146909
0.146803
0.146696
0.14659
0.146483
0.146377
0.146271
0.146165
0.146059
0.145953
0.145846
0.145739
0.145632
0.145524
0.145415
0.145306
0.145196
0.145086
0.144974
0.144861
0.144747
0.144632
0.144516
0.144398
0.144279
0.144158
0.144035
0.14391
0.143784
0.143655
0.143524
0.143391
0.143255
0.143117
0.142976
0.142832
0.142685
0.142535
0.142382
0.142226
0.142066
0.141902
0.141735
0.141564
0.141389
0.14121
0.141026
0.140838
0.140646
0.140448
0.140246
0.14004
0.139828
0.139611
0.139388
0.13916
0.138927
0.138688
0.138444
0.138193
0.137937
0.137674
0.137406
0.137131
0.13685
0.136562
0.136269
0.135968
0.135661
0.135348
0.135028
0.134701
0.134367
0.134027
0.13368
0.133326
0.132965
0.132598
0.132224
0.131843
0.131456
0.131062
0.130661
0.130254
0.12984
0.12942
0.128994
0.128561
0.128123
0.127678
0.127227
0.126771
0.126309
0.125841
0.125368
0.12489
0.124407
0.123919
0.123426
0.122928
0.122426
0.12192
0.12141
0.120896
0.120378
0.119857
0.119332
0.118805
0.118274
0.117741
0.117206
0.116668
0.116128
0.115587
0.115043
0.114499
0.113953
0.113406
0.112859
0.112311
0.111762
0.111214
0.110665
0.110117
0.10957
0.109023
0.108476
0.107931
0.107387
0.106845
0.106304
0.105764
0.105227
0.104692
0.104158
0.103628
0.103099
0.102574
0.102051
0.101531
0.101014
0.1005
0.0999899
0.0994827
0.098979
0.0984788
0.0979822
0.0974892
0.0970001
0.0965148
0.0960334
0.0955559
0.0950824
0.0946129
0.0941476
0.0936863
0.0932292
0.0927762
0.0923274
0.0918828
0.0914424
0.0910062
0.0905742
0.0901464
0.0897227
0.0893033
0.088888
0.0884769
0.0880699
0.087667
0.0872682
0.0868734
0.0864826
0.0860958
0.085713
0.085334
0.084959
0.0845877
0.0842203
0.0838566
0.0834966
0.0831402
0.0827875
0.0824383
0.0820927
0.0817505
0.0814118
0.0810764
0.0807444
0.0804157
0.0800903
0.0797681
0.0794491
0.0791333
0.0788205
0.0785109
0.0782043
0.0779007
0.0776001
0.0773024
0.0770077
0.0767158
0.0764269
0.0761408
0.0758575
0.0755771
0.0752994
0.0750245
0.0747524
0.074483
0.0742164
0.0739524
0.0736912
0.0734327
0.0731769
0.0729238
0.0726733
0.0724256
0.0721805
0.0719381
0.0716984
0.0714614
0.0712271
0.0709954
0.0707665
0.0705403
0.0703168
0.070096
0.0698779
0.0696625
0.0694499
0.06924
0.0690329
0.0688285
0.0686268
0.068428
0.0682318
0.0680384
0.0678477
0.0676598
0.0674745
0.0672918
0.0671117
0.0669342
0.066759
0.0665862
0.0664154
0.0662466
0.0660794
0.0659135
0.0657484
0.065583
0.0654168
0.0652339
)
;
    }
    wallR
    {
        type            kqRWallFunction;
        value           nonuniform List<scalar> 
400
(
0.118647
0.134755
0.148382
0.159731
0.169058
0.176614
0.182637
0.187352
0.190964
0.193653
0.195579
0.196876
0.19766
0.198027
0.198057
0.197817
0.197362
0.196737
0.19598
0.19512
0.194183
0.19319
0.192156
0.191096
0.190021
0.188939
0.187858
0.186784
0.185721
0.184673
0.183644
0.182635
0.181649
0.180687
0.17975
0.178839
0.177954
0.177096
0.176272
0.17548
0.174718
0.173982
0.173271
0.172583
0.171916
0.171271
0.170644
0.170036
0.169445
0.168872
0.168314
0.167771
0.167244
0.16673
0.166231
0.165744
0.16527
0.164809
0.16436
0.163922
0.163496
0.16308
0.162675
0.16228
0.161895
0.16152
0.161153
0.160796
0.160448
0.160108
0.159777
0.159453
0.159138
0.15883
0.158529
0.158235
0.157948
0.157668
0.157395
0.157127
0.156866
0.156611
0.156362
0.156118
0.155879
0.155646
0.155418
0.155195
0.154976
0.154762
0.154553
0.154348
0.154147
0.15395
0.153757
0.153568
0.153383
0.153202
0.153025
0.152904
0.000120542
0.000366255
0.000742023
0.00110085
0.00146015
0.00182162
0.00218576
0.00255238
0.00292185
0.00329506
0.0036717
0.0040517
0.00443505
0.00482178
0.005212
0.00560582
0.00600341
0.00640498
0.00681075
0.00722098
0.00763592
0.00805588
0.00848113
0.008912
0.00934879
0.00979183
0.0102414
0.010698
0.0111617
0.0116331
0.0121123
0.0125998
0.0130958
0.0136007
0.0141147
0.0146382
0.0151715
0.0157148
0.0162683
0.0168323
0.0174071
0.0179928
0.0185896
0.0191976
0.019817
0.020448
0.0210904
0.0217446
0.0224104
0.0230878
0.0237769
0.0244776
0.0251897
0.0259132
0.026648
0.0273938
0.0281505
0.0289178
0.0296954
0.0304831
0.0312806
0.0320875
0.0329035
0.0337281
0.034561
0.0354017
0.0362498
0.0371049
0.0379665
0.0388341
0.0397072
0.0405854
0.0414683
0.0423553
0.043246
0.0441399
0.0450367
0.0459359
0.0468371
0.0477399
0.048644
0.049549
0.0504546
0.0513604
0.0522661
0.0531714
0.0540759
0.0549795
0.0558816
0.0567821
0.0576805
0.0585765
0.0594697
0.0603597
0.0612461
0.0621283
0.063006
0.0638786
0.0647455
0.0656062
0.0664601
0.0673066
0.0681451
0.068975
0.0697956
0.0706064
0.0714067
0.072196
0.0729738
0.0737397
0.0744932
0.075234
0.0759622
0.0766776
0.0773805
0.0780715
0.0787516
0.0794223
0.0800862
0.0807467
0.0813981
0.0820315
0.082647
0.0832445
0.0838238
0.0843849
0.0849274
0.0854513
0.0859563
0.0864423
0.0869092
0.0873568
0.0877849
0.0881936
0.0885826
0.088952
0.0893018
0.0896318
0.0899422
0.0902329
0.0905039
0.0907554
0.0909872
0.0911996
0.0913925
0.0915661
0.0917205
0.0918557
0.0919718
0.0920691
0.0921477
0.0922077
0.0922492
0.0922726
0.0922779
0.0922655
0.0922355
0.0921883
0.092124
0.092043
0.0919456
0.0918321
0.0917027
0.0915579
0.0913979
0.0912231
0.0910338
0.0908304
0.0906133
0.0903829
0.0901397
0.0898842
0.0896169
0.0893385
0.0890497
0.0887513
0.0884442
0.0881294
0.0878079
0.0874803
0.0871454
0.0867976
0.0864233
0.086043
0.0856518
0.085251
0.0848419
0.0844249
0.0840007
0.0835699
0.0831329
0.0826903
0.0822423
0.0817895
0.081332
0.0808705
0.0804052
0.0799366
0.0794651
0.0789907
0.0785135
0.0780336
0.0775511
0.0770666
0.0765803
0.076093
0.075605
0.0751161
0.0746258
0.0741337
0.0736399
0.0731448
0.0726493
0.0721545
0.0716619
0.0711724
0.0706844
0.0701963
0.0697078
0.0692195
0.068733
0.0682522
0.0677757
0.0672985
0.0668209
0.0663437
0.0658722
0.065408
0.0649447
0.0644825
0.0640215
0.0635604
0.0631052
0.0626505
0.062199
0.0617534
0.0613206
0.0608831
0.0604646
0.0600588
0.0596582
0.0592621
0.0588702
0.0584826
0.0580991
0.0577201
0.0573457
0.0569761
0.0566112
0.0562514
0.0558965
0.0555465
0.0552015
0.0548615
0.0545264
0.0541961
0.0538707
0.0535502
0.0532344
0.0529235
0.0526174
0.052316
0.0520195
0.0517278
0.0514409
0.0511589
0.0508817
0.0506094
0.0503418
0.0500791
0.0498212
0.049568
0.0493194
0.0490753
0.0488356
0.0486001
0.0483687
0.0481412
0.047917
0.0476956
0.0474769
0.0472466
0.0470209
0.0468037
0.0465947
0.0463927
0.0461968
0.0460064
0.0458212
0.0456413
0.0454671
0.0452996
0.0451404
0.0449925
0.0448606
0.0447534
0.0446874
0.0446941
0.0448742
0.0453767
)
;
    }
    wallExpansion
    {
        type            kqRWallFunction;
        value           nonuniform List<scalar> 
25
(
0.000120542
0.000595314
0.00109433
0.00162245
0.00215747
0.00266838
0.00290478
0.00311163
0.0032897
0.0034358
0.00355057
0.00363528
0.00369051
0.00371681
0.00371496
0.00368602
0.00363892
0.00357835
0.0035016
0.00332251
0.00314192
0.0029822
0.00290576
0.00336019
0.0156129
)
;
    }
    inlet
    {
        type            fixedValue;
        value           uniform 0.1;
    }
    outlet
    {
        type            zeroGradient;
    }
    twoD
    {
        type            empty;
    }
}


// ************************************************************************* //
