/*--------------------------------*- C++ -*----------------------------------*\
| =========                 |                                                 |
| \\      /  F ield         | OpenFOAM: The Open Source CFD Toolbox           |
|  \\    /   O peration     | Version:  2412                                  |
|   \\  /    A nd           | Website:  www.openfoam.com                      |
|    \\/     M anipulation  |                                                 |
\*---------------------------------------------------------------------------*/
FoamFile
{
    version     2.0;
    format      ascii;
    arch        "LSB;label=32;scalar=64";
    class       volScalarField;
    location    "1.3/fluid";
    object      T;
}
// * * * * * * * * * * * * * * * * * * * * * * * * * * * * * * * * * * * * * //

dimensions      [0 0 0 1 0 0 0];

internalField   nonuniform List<scalar> 
33807
(
293
293
293
293
293
293
293
293
293.001
293.007
293.027
293.085
293.221
293.463
293.806
294.213
294.659
295.173
295.89
296.981
298.649
301.133
304.666
293
293
293
293
293
293
293
293
293
293.001
293.003
293.01
293.028
293.064
293.112
293.152
293.174
293.213
293.307
293.532
294.047
295.112
297.068
293
293
293
293
293
293
293
293
293
293
293
293.001
293.003
293.007
293.013
293.019
293.023
293.029
293.049
293.12
293.33
293.865
295.027
293
293
293
293
293
293
293
293
293
293
293
293
293
293.001
293.001
293.002
293.004
293.007
293.02
293.069
293.224
293.638
294.575
293
293
293
293
293
293
293
293
293
293
293
293
293
293
293
293
293.001
293.004
293.016
293.059
293.195
293.562
294.393
293
293
293
293
293
293
293
293
293
293
293
293
293
293
293
293
293.001
293.003
293.015
293.055
293.181
293.516
294.271
293
293
293
293
293
293
293
293
293
293
293
293
293
293
293
293
293.001
293.003
293.013
293.049
293.164
293.47
294.16
293
293
293
293
293
293
293
293
293
293
293
293
293
293
293
293
293
293.002
293.01
293.039
293.134
293.393
293.988
295.131
293
293
293
293
293
293
293
293
293
293
293
293
293
293
293
293
293
293.001
293.006
293.026
293.091
293.28
293.738
294.665
293
293
293
293
293
293
293
293
293
293
293
293
293
293
293
293
293
293.001
293.003
293.014
293.054
293.175
293.496
294.197
295.45
304.429
301.805
299.314
297.297
296.137
295.727
295.634
295.637
295.666
295.7
295.736
295.773
297.145
296.736
296.317
295.974
295.798
295.754
295.771
295.807
295.849
295.892
295.937
295.982
296.106
296.003
295.928
295.888
295.889
295.92
295.964
296.015
296.067
296.12
296.173
296.226
295.954
295.97
296.001
296.043
296.094
296.149
296.204
296.259
296.312
296.363
296.411
296.334
296.367
296.393
296.413
337.494
320.628
311.774
307.233
304.209
301.424
298.771
296.754
295.842
295.599
295.566
295.585
295.614
295.642
295.669
295.695
295.72
295.744
295.768
295.792
295.815
295.839
295.864
295.89
295.918
295.949
295.982
338.035
320.889
311.691
306.792
303.64
300.762
297.895
296.185
295.634
295.512
295.504
295.519
295.535
295.55
295.563
295.575
295.587
295.597
295.608
295.618
295.628
295.638
295.649
295.66
295.671
295.684
295.698
337.818
320.732
311.488
306.461
303.179
300.206
297.248
295.92
295.533
295.457
295.454
295.463
295.472
295.481
295.488
295.495
295.501
295.507
295.513
295.519
295.524
295.529
295.534
295.539
295.544
295.548
295.552
337.747
320.656
311.389
306.284
302.873
299.682
296.878
295.773
295.471
295.415
295.414
295.42
295.427
295.434
295.44
295.446
295.452
295.457
295.463
295.469
295.475
295.481
295.487
295.494
295.5
295.505
295.51
337.797
320.771
311.447
306.224
302.66
299.222
296.64
295.679
295.428
295.383
295.381
295.386
295.391
295.396
295.401
295.406
295.411
295.416
295.421
295.426
295.431
295.436
295.441
295.446
295.451
337.795
320.769
311.444
306.222
302.657
299.219
296.638
295.679
295.428
295.383
295.381
295.386
295.391
295.396
295.401
295.406
295.411
295.416
295.421
295.426
295.431
295.437
295.442
295.447
337.745
320.652
311.386
306.281
302.87
299.679
296.876
295.773
295.471
295.415
295.413
295.42
295.427
295.434
295.44
295.446
295.451
295.457
295.463
295.469
295.475
295.481
295.487
337.815
320.727
311.483
306.457
303.176
300.203
297.245
295.919
295.533
295.456
295.453
295.462
295.472
295.48
295.488
295.495
295.501
295.507
295.513
295.518
338.032
320.883
311.685
306.787
303.635
300.758
297.891
296.184
295.633
295.511
295.504
295.518
295.534
295.549
295.562
295.574
295.586
295.596
295.607
311.766
307.226
304.203
301.419
298.767
296.751
295.841
295.598
295.565
295.584
295.613
295.641
295.668
295.694
326.154
307.44
300.056
297.571
296.775
296.43
296.088
295.822
295.71
295.7
295.726
295.76
295.795
295.829
295.863
295.897
295.929
295.962
295.994
296.026
296.058
296.09
296.123
296.158
296.194
296.232
296.273
327.178
307.39
299.683
297.175
296.38
296.074
295.837
295.671
295.622
295.627
295.647
295.67
295.692
295.714
295.735
295.755
295.775
295.794
295.813
295.833
295.852
295.871
295.891
295.911
295.932
295.954
295.977
327.1
307.03
299.337
296.92
296.169
295.879
295.691
295.577
295.548
295.554
295.569
295.585
295.601
295.616
295.63
295.645
295.658
295.672
295.685
295.699
295.712
295.725
295.738
295.75
295.763
295.776
295.788
326.971
306.791
299.118
296.764
296.043
295.766
295.593
295.499
295.477
295.481
295.492
295.503
295.514
295.525
295.536
295.547
295.558
295.569
295.58
295.59
295.601
295.612
295.623
295.634
295.644
295.656
295.667
326.963
306.676
298.986
296.664
295.956
295.684
295.517
295.431
295.409
295.409
295.414
295.42
295.425
295.431
295.436
295.441
295.447
295.452
295.457
295.462
295.467
295.472
295.478
295.484
295.491
326.96
306.673
298.984
296.663
295.955
295.684
295.516
295.431
295.409
295.409
295.414
295.42
295.425
295.431
295.436
295.442
295.447
295.452
295.457
295.462
295.467
295.473
295.478
295.485
326.967
306.787
299.116
296.763
296.042
295.766
295.593
295.499
295.476
295.481
295.491
295.503
295.514
295.525
295.536
295.547
295.558
295.569
295.58
295.59
295.601
295.612
295.623
327.095
307.025
299.334
296.919
296.168
295.878
295.69
295.576
295.547
295.554
295.569
295.585
295.6
295.615
295.63
295.644
295.658
295.672
295.685
295.698
327.171
307.383
299.679
297.173
296.378
296.073
295.836
295.67
295.621
295.626
295.646
295.669
295.691
295.713
295.734
295.754
295.774
295.793
295.812
300.05
297.568
296.773
296.428
296.087
295.82
295.709
295.699
295.724
295.758
295.793
295.828
295.862
295.895
317.99
301.651
297.178
296.203
295.975
295.894
295.847
295.83
295.846
295.881
295.923
295.967
296.01
296.053
296.096
296.137
296.177
296.216
296.254
296.291
296.328
296.365
296.402
296.439
296.477
296.516
296.557
318.96
301.716
296.979
296.015
295.815
295.761
295.741
295.744
295.765
295.795
295.826
295.858
295.889
295.92
295.95
295.979
296.007
296.035
296.062
296.089
296.116
296.143
296.169
296.196
296.223
296.251
296.28
319.15
301.677
296.866
295.893
295.699
295.651
295.638
295.643
295.66
295.683
295.706
295.729
295.752
295.774
295.796
295.817
295.838
295.858
295.878
295.897
295.917
295.936
295.955
295.974
295.994
296.013
296.033
319.547
301.874
296.866
295.814
295.596
295.538
295.518
295.516
295.524
295.536
295.548
295.56
295.571
295.582
295.593
295.603
295.613
295.622
295.632
295.641
295.649
295.658
295.668
295.679
295.691
295.706
295.722
320.218
302.271
296.944
295.765
295.511
295.44
295.411
295.401
295.399
295.401
295.404
295.406
295.408
295.409
295.411
295.413
295.415
295.417
295.42
295.423
295.426
295.431
295.436
295.443
295.452
320.216
302.27
296.944
295.764
295.511
295.44
295.411
295.4
295.399
295.401
295.404
295.406
295.408
295.41
295.411
295.413
295.415
295.418
295.42
295.424
295.427
295.431
295.437
295.444
319.545
301.872
296.865
295.813
295.595
295.538
295.518
295.515
295.524
295.535
295.548
295.56
295.571
295.582
295.593
295.603
295.613
295.622
295.632
295.641
295.65
295.659
295.668
319.147
301.674
296.864
295.893
295.699
295.651
295.637
295.642
295.66
295.682
295.705
295.728
295.751
295.773
295.795
295.816
295.837
295.857
295.877
295.897
318.955
301.712
296.977
296.014
295.814
295.76
295.74
295.743
295.764
295.794
295.825
295.857
295.888
295.919
295.949
295.978
296.006
296.034
296.062
297.176
296.202
295.974
295.893
295.846
295.829
295.845
295.88
295.922
295.965
296.009
296.052
296.094
296.135
314.692
300.57
296.793
296.025
295.904
295.903
295.926
295.962
296.006
296.053
296.101
296.148
296.193
296.236
296.277
296.315
296.351
296.384
296.416
296.446
296.475
296.504
296.533
296.562
296.593
296.625
296.659
315.813
300.833
296.73
295.918
295.801
295.806
295.832
295.866
295.902
295.938
295.974
296.007
296.039
296.069
296.096
296.122
296.147
296.169
296.191
296.212
296.233
296.254
296.275
296.297
296.321
296.347
296.375
316.487
301.092
296.707
295.817
295.681
295.676
295.694
295.716
295.74
295.763
295.784
295.803
295.819
295.834
295.847
295.858
295.869
295.879
295.888
295.897
295.905
295.915
295.925
295.937
295.951
295.966
295.985
317.585
301.728
296.819
295.737
295.542
295.513
295.512
295.518
295.525
295.531
295.535
295.538
295.54
295.541
295.54
295.539
295.538
295.536
295.534
295.534
295.536
295.539
295.544
295.552
295.563
295.577
295.595
318.854
302.59
297.045
295.709
295.441
295.387
295.373
295.367
295.363
295.36
295.356
295.352
295.347
295.341
295.336
295.33
295.325
295.321
295.319
295.319
295.321
295.324
295.329
295.337
295.348
318.852
302.589
297.044
295.709
295.441
295.387
295.373
295.367
295.363
295.36
295.356
295.352
295.347
295.341
295.336
295.33
295.325
295.322
295.319
295.319
295.321
295.324
295.33
295.338
317.583
301.726
296.818
295.736
295.542
295.512
295.512
295.518
295.525
295.531
295.535
295.538
295.54
295.54
295.54
295.539
295.538
295.536
295.535
295.535
295.536
295.54
295.545
316.484
301.09
296.706
295.816
295.68
295.675
295.693
295.715
295.739
295.762
295.783
295.802
295.819
295.833
295.846
295.858
295.869
295.879
295.888
295.897
315.809
300.83
296.729
295.917
295.801
295.805
295.831
295.865
295.901
295.937
295.973
296.006
296.038
296.068
296.095
296.121
296.146
296.169
296.19
296.791
296.024
295.903
295.902
295.925
295.961
296.005
296.052
296.1
296.147
296.192
296.235
296.275
296.314
312.781
300.261
296.749
296.033
295.944
295.969
296.013
296.059
296.105
296.148
296.187
296.221
296.249
296.272
296.29
296.303
296.312
296.318
296.32
296.32
296.317
296.313
296.31
296.309
296.309
296.312
314.031
300.668
296.746
295.943
295.839
295.858
295.893
295.927
295.958
295.984
296.005
296.021
296.031
296.039
296.043
296.043
296.039
296.033
296.024
296.014
296.004
295.994
295.987
295.983
295.984
295.989
315.003
301.156
296.794
295.842
295.693
295.69
295.707
295.724
295.736
295.744
295.747
295.747
295.744
295.736
295.723
295.707
295.688
295.667
295.645
295.625
295.608
295.595
295.588
295.586
295.59
295.6
316.445
302.149
297.045
295.78
295.535
295.496
295.492
295.493
295.492
295.489
295.483
295.474
295.461
295.445
295.426
295.405
295.383
295.361
295.34
295.324
295.314
295.31
295.313
295.32
295.332
295.348
317.965
303.427
297.476
295.81
295.439
295.362
295.343
295.334
295.326
295.317
295.305
295.292
295.278
295.261
295.244
295.226
295.209
295.193
295.18
295.17
295.167
295.168
295.175
295.187
295.201
317.964
303.425
297.475
295.81
295.438
295.362
295.343
295.334
295.326
295.316
295.305
295.292
295.278
295.261
295.244
295.226
295.209
295.193
295.18
295.171
295.167
295.169
295.176
295.187
316.442
302.146
297.043
295.779
295.534
295.496
295.492
295.492
295.491
295.488
295.483
295.474
295.461
295.445
295.426
295.405
295.383
295.361
295.341
295.325
295.314
295.311
295.313
315
301.153
296.793
295.841
295.693
295.69
295.707
295.723
295.735
295.743
295.747
295.747
295.743
295.735
295.723
295.707
295.687
295.667
295.645
295.625
314.027
300.665
296.745
295.942
295.838
295.857
295.892
295.926
295.957
295.983
296.004
296.02
296.031
296.038
296.042
296.042
296.039
296.032
296.024
296.032
295.943
295.968
296.012
296.058
296.104
296.147
296.185
296.22
296.248
296.271
296.289
296.302
311.38
300.239
296.821
296.074
295.976
296.002
296.043
296.082
296.114
296.138
296.153
296.159
296.158
296.151
296.138
296.118
296.093
296.063
296.029
295.99
295.948
295.904
295.861
295.821
295.784
295.751
312.679
300.762
296.865
295.988
295.859
295.87
295.897
295.919
295.932
295.938
295.937
295.932
295.919
295.901
295.875
295.844
295.808
295.767
295.723
295.677
295.632
295.59
295.553
295.523
295.5
295.483
313.838
301.466
297.002
295.9
295.701
295.682
295.689
295.693
295.694
295.69
295.681
295.665
295.642
295.614
295.579
295.54
295.496
295.45
295.403
295.359
295.321
295.291
295.27
295.259
295.256
295.264
315.423
302.784
297.434
295.895
295.549
295.483
295.472
295.468
295.463
295.454
295.441
295.422
295.399
295.371
295.339
295.303
295.265
295.226
295.188
295.155
295.131
295.117
295.117
295.124
295.135
295.15
316.951
304.441
298.134
296.032
295.484
295.357
295.326
295.313
295.302
295.289
295.274
295.256
295.235
295.212
295.187
295.159
295.131
295.102
295.074
295.049
295.031
295.026
295.032
295.044
295.058
316.949
304.439
298.133
296.032
295.483
295.357
295.326
295.313
295.302
295.289
295.274
295.256
295.235
295.212
295.187
295.159
295.131
295.102
295.074
295.049
295.031
295.026
295.032
295.044
315.419
302.78
297.432
295.894
295.549
295.483
295.471
295.468
295.463
295.454
295.441
295.422
295.399
295.371
295.339
295.303
295.265
295.226
295.188
295.155
295.131
295.117
295.116
313.833
301.462
297
295.9
295.7
295.681
295.688
295.693
295.693
295.69
295.68
295.664
295.642
295.613
295.579
295.539
295.496
295.449
295.403
295.359
312.674
300.758
296.863
295.987
295.859
295.87
295.896
295.918
295.932
295.937
295.937
295.931
295.919
295.9
295.875
295.844
295.808
295.767
295.723
295.975
296.001
296.043
296.081
296.113
296.137
296.152
296.158
296.158
296.151
296.138
296.118
310.362
300.428
296.979
296.128
295.989
295.999
296.028
296.052
296.065
296.066
296.059
296.045
296.023
295.994
295.959
295.918
295.872
295.822
295.769
295.714
295.657
295.601
295.547
295.498
295.456
295.42
311.635
301.044
297.075
296.053
295.867
295.857
295.87
295.877
295.876
295.87
295.856
295.835
295.807
295.772
295.731
295.684
295.632
295.578
295.521
295.465
295.412
295.364
295.326
295.295
295.271
295.254
312.844
301.931
297.32
296.002
295.715
295.668
295.664
295.664
295.66
295.65
295.634
295.61
295.58
295.544
295.503
295.457
295.408
295.357
295.307
295.261
295.223
295.198
295.183
295.175
295.171
295.17
314.377
303.513
297.968
296.093
295.596
295.484
295.462
295.456
295.449
295.439
295.423
295.403
295.378
295.349
295.316
295.28
295.242
295.204
295.167
295.136
295.122
295.117
295.117
295.118
295.121
295.124
315.6
305.546
298.999
296.396
295.593
295.379
295.324
295.305
295.292
295.279
295.264
295.246
295.226
295.203
295.178
295.15
295.122
295.094
295.068
295.048
295.039
295.036
295.039
295.043
295.049
315.599
305.543
298.998
296.396
295.593
295.379
295.324
295.305
295.292
295.279
295.264
295.246
295.226
295.203
295.178
295.15
295.122
295.094
295.068
295.048
295.039
295.036
295.039
295.043
314.373
303.508
297.966
296.092
295.596
295.484
295.461
295.455
295.449
295.439
295.423
295.403
295.378
295.349
295.316
295.28
295.242
295.204
295.167
295.136
295.122
295.117
312.838
301.926
297.318
296.001
295.714
295.668
295.663
295.664
295.66
295.65
295.633
295.61
295.58
295.544
295.503
295.457
295.408
295.357
295.307
295.261
311.63
301.039
297.072
296.052
295.867
295.857
295.87
295.876
295.876
295.869
295.856
295.835
295.807
295.772
295.731
295.684
295.633
295.578
295.521
296.023
295.995
295.959
295.919
309.698
300.841
297.262
296.222
296
295.981
295.996
296.007
296.007
295.999
295.984
295.962
295.932
295.896
295.854
295.807
295.757
295.703
295.648
295.593
295.54
295.49
295.443
295.402
295.367
295.34
310.851
301.494
297.4
296.165
295.884
295.84
295.838
295.838
295.835
295.824
295.806
295.781
295.749
295.711
295.668
295.621
295.57
295.518
295.467
295.417
295.372
295.333
295.302
295.28
295.272
295.272
311.955
302.477
297.752
296.167
295.753
295.663
295.649
295.648
295.644
295.634
295.618
295.596
295.569
295.537
295.5
295.461
295.42
295.38
295.343
295.311
295.295
295.284
295.28
295.279
295.281
295.282
313.257
304.201
298.625
296.395
295.696
295.508
295.464
295.453
295.447
295.439
295.427
295.411
295.391
295.367
295.34
295.312
295.285
295.26
295.24
295.228
295.222
295.221
295.222
295.224
295.228
295.231
314.112
306.259
300.067
296.945
295.798
295.444
295.34
295.308
295.292
295.28
295.267
295.252
295.236
295.218
295.199
295.179
295.161
295.144
295.131
295.124
295.12
295.119
295.121
295.124
295.128
314.11
306.255
300.064
296.943
295.797
295.443
295.34
295.308
295.292
295.28
295.267
295.252
295.236
295.218
295.199
295.179
295.161
295.144
295.132
295.124
295.12
295.119
295.121
295.124
313.252
304.196
298.622
296.394
295.695
295.508
295.464
295.453
295.447
295.439
295.427
295.411
295.391
295.367
295.34
295.312
295.285
295.261
295.24
295.228
295.222
295.221
311.949
302.47
297.748
296.166
295.752
295.663
295.649
295.647
295.644
295.634
295.618
295.596
295.569
295.537
295.5
295.461
295.42
295.38
295.343
295.31
310.846
301.488
297.397
296.163
295.883
295.84
295.838
295.838
295.834
295.824
295.806
295.781
295.749
295.711
295.668
295.621
295.571
295.519
295.467
309.346
301.508
297.761
296.434
296.059
295.979
295.971
295.972
295.972
295.967
295.958
295.942
295.921
295.894
295.863
295.827
295.789
295.749
295.709
295.67
295.633
295.6
295.571
295.546
295.525
295.509
310.249
302.059
297.875
296.37
295.941
295.839
295.819
295.818
295.817
295.811
295.799
295.781
295.759
295.731
295.7
295.666
295.632
295.597
295.564
295.535
295.51
295.49
295.476
295.466
295.457
295.456
311.089
302.966
298.265
296.42
295.839
295.683
295.649
295.644
295.642
295.638
295.629
295.616
295.597
295.576
295.553
295.529
295.505
295.484
295.467
295.456
295.443
295.436
295.435
295.436
295.44
295.445
312.044
304.59
299.271
296.782
295.863
295.57
295.484
295.461
295.454
295.449
295.442
295.433
295.421
295.408
295.393
295.379
295.366
295.357
295.352
295.349
295.346
295.346
295.348
295.352
295.357
295.362
312.785
306.407
300.816
297.571
296.139
295.597
295.405
295.335
295.307
295.291
295.279
295.268
295.257
295.246
295.235
295.224
295.216
295.21
295.207
295.208
295.209
295.21
295.212
295.216
295.22
312.783
306.402
300.812
297.568
296.137
295.597
295.405
295.335
295.307
295.291
295.279
295.268
295.257
295.246
295.235
295.225
295.216
295.21
295.207
295.208
295.209
295.21
295.212
295.216
312.039
304.584
299.266
296.78
295.862
295.569
295.484
295.461
295.454
295.449
295.442
295.433
295.421
295.408
295.393
295.379
295.366
295.357
295.352
295.349
295.346
295.346
311.084
302.958
298.261
296.418
295.839
295.683
295.649
295.644
295.642
295.638
295.629
295.616
295.597
295.576
295.553
295.529
295.505
295.484
295.468
295.456
310.245
302.052
297.871
296.369
295.94
295.838
295.819
295.818
295.817
295.811
295.799
295.781
295.758
295.731
295.7
295.667
295.632
295.597
295.564
308.969
302.302
298.57
296.914
296.321
296.107
296.025
295.993
295.981
295.976
295.973
295.968
295.961
295.952
295.939
295.924
295.908
295.89
295.873
295.856
295.841
295.828
295.817
295.808
295.802
295.797
309.523
302.527
298.492
296.742
296.106
295.898
295.841
295.826
295.823
295.821
295.818
295.812
295.804
295.793
295.781
295.767
295.754
295.741
295.731
295.723
295.718
295.715
295.716
295.718
295.721
295.721
309.953
303.103
298.756
296.761
296.005
295.75
295.677
295.657
295.653
295.652
295.65
295.647
295.641
295.634
295.627
295.619
295.613
295.609
295.608
295.61
295.615
295.618
295.621
295.625
295.63
295.637
310.601
304.354
299.669
297.166
296.076
295.684
295.545
295.494
295.475
295.467
295.462
295.459
295.455
295.451
295.448
295.445
295.444
295.445
295.449
295.456
295.464
295.47
295.476
295.482
295.488
295.495
311.344
305.968
301.127
297.976
296.479
295.82
295.535
295.409
295.351
295.32
295.303
295.292
295.283
295.276
295.271
295.266
295.264
295.264
295.267
295.272
295.278
295.286
295.292
295.298
295.304
311.341
305.963
301.122
297.972
296.477
295.819
295.535
295.409
295.351
295.321
295.303
295.292
295.283
295.276
295.271
295.267
295.265
295.265
295.267
295.272
295.279
295.286
295.292
310.596
304.347
299.663
297.163
296.075
295.684
295.545
295.494
295.475
295.467
295.463
295.459
295.456
295.452
295.448
295.445
295.444
295.445
295.449
295.456
295.464
295.47
309.948
303.096
298.751
296.758
296.004
295.75
295.677
295.657
295.653
295.652
295.65
295.647
295.641
295.634
295.627
295.619
295.613
295.609
295.608
295.61
295.821
295.818
295.812
295.804
295.793
295.781
295.767
295.754
295.741
293
293
293
293
293
293
293
293
293
293
293
293
293
293
293
293
293
293
293
293
293
293
293
293
293
293
293
293
293
293
293
293
293
293
293
293
293
293
293
293
293
293
293
293
293
293
293
293
293
293
293
293
293
293
293
293
293
293
293
293
293
293
293
293
293
293
293
293
293
293
293
293
293
293
293
293
293
293
293
293
293
293
293.001
293.001
293.001
293.001
293.001
293.001
293.001
293.001
293.001
293.001
293.001
293.001
293.001
293.001
293.001
293.001
293.001
293.001
293.001
293.001
293.001
293.001
293.002
293.002
293.002
293.003
293.003
293.003
293.003
293.004
293.004
293.004
293.005
293.005
293.005
293.005
293.005
293.006
293.006
293.006
293.006
293.006
293.006
293.006
293.006
293.006
293.006
293.006
293.012
293.013
293.015
293.016
293.018
293.019
293.021
293.022
293.024
293.025
293.027
293.028
293.03
293.031
293.032
293.033
293.034
293.035
293.035
293.035
293.035
293.035
293.035
293.035
293.035
293.035
293.056
293.061
293.067
293.073
293.079
293.085
293.092
293.098
293.105
293.111
293.117
293.124
293.13
293.135
293.14
293.145
293.149
293.153
293.155
293.157
293.157
293.157
293.156
293.155
293.153
293.151
293.197
293.213
293.23
293.247
293.265
293.283
293.301
293.319
293.337
293.355
293.373
293.39
293.407
293.422
293.437
293.451
293.463
293.474
293.483
293.49
293.495
293.497
293.496
293.492
293.487
293.481
293.525
293.561
293.597
293.633
293.67
293.706
293.743
293.779
293.814
293.849
293.882
293.915
293.946
293.975
294.002
294.027
294.05
294.07
294.087
294.102
294.113
294.12
294.124
294.123
294.114
294.102
294.093
294.15
294.207
294.263
294.319
294.373
294.426
294.478
294.528
294.576
294.622
294.666
294.707
294.745
294.78
294.812
294.84
294.865
294.886
294.903
294.916
294.925
294.929
294.928
294.922
294.908
294.851
294.923
294.993
295.06
295.126
295.189
295.249
295.307
295.361
295.413
295.461
295.506
295.548
295.586
295.62
295.65
295.677
295.699
295.717
295.73
295.739
295.744
295.743
295.738
295.727
295.711
295.688
295.762
295.832
295.9
295.964
296.024
296.081
296.134
296.184
296.23
296.273
296.311
296.346
296.377
296.405
296.428
296.447
296.462
296.473
296.48
296.482
296.48
296.473
296.461
296.444
296.422
296.505
296.571
296.634
296.692
296.747
296.798
296.845
296.889
296.929
296.966
296.999
297.028
297.054
297.077
297.096
297.112
297.123
297.131
297.135
297.136
297.131
297.123
297.11
297.093
297.071
297.047
297.255
297.308
297.358
297.404
297.446
297.485
297.521
297.554
297.584
297.611
297.635
297.656
297.675
297.691
297.704
297.714
297.721
297.725
297.725
297.722
297.714
297.703
297.687
297.667
297.646
297.621
297.995
298.041
298.083
298.123
298.159
298.193
298.225
298.254
298.281
298.305
298.328
298.348
298.365
298.38
298.392
298.401
298.407
298.409
298.407
298.401
298.389
298.373
298.352
298.331
298.308
298.28
298.871
298.912
298.951
298.987
299.021
299.054
299.085
299.114
299.142
299.168
299.193
299.216
299.236
299.254
299.269
299.281
299.288
299.292
299.29
299.283
299.269
299.25
299.233
299.21
299.179
299.138
299.946
299.983
300.018
300.052
300.086
300.12
300.153
300.185
300.217
300.248
300.278
300.306
300.331
300.353
300.371
300.384
300.393
300.395
300.391
300.381
300.362
300.341
300.307
300.26
300.202
300.133
301.257
301.286
301.317
301.349
301.382
301.417
301.453
301.489
301.524
301.556
301.585
301.608
301.624
301.63
301.627
301.61
301.58
301.537
301.484
301.424
301.357
301.279
301.189
301.09
300.982
300.869
302.819
302.837
302.859
302.887
302.918
302.951
302.98
303.003
303.012
303.002
302.963
302.889
302.778
302.631
302.452
302.246
302.022
301.787
301.552
301.323
301.107
300.908
300.731
300.581
300.458
300.356
304.654
304.654
304.665
304.681
304.688
304.669
304.592
304.438
304.191
303.848
303.414
302.909
302.357
301.79
301.233
300.709
300.236
299.825
299.479
299.2
298.981
298.817
298.699
298.619
298.571
298.558
307.088
307.061
306.992
306.798
306.425
305.852
305.081
304.135
303.077
301.997
300.975
300.072
299.313
298.704
298.233
297.88
297.628
297.457
297.353
297.298
297.281
297.293
297.323
297.365
297.415
297.471
297.537
309.458
309.755
309.067
307.683
306.194
304.654
303.058
301.471
300.023
298.836
297.95
297.337
296.935
296.686
296.541
296.466
296.44
296.452
296.486
296.535
296.593
296.658
296.725
296.794
296.862
296.932
297.003
314.783
313.554
310.452
307.467
305.243
303.187
301.178
299.338
297.884
296.926
296.389
296.128
296.013
295.983
295.991
296.02
296.062
296.114
296.171
296.231
296.293
296.356
296.419
296.481
296.544
296.607
296.672
321.565
316.63
311.284
307.343
304.701
302.313
300.028
298.064
296.73
296.058
295.806
295.748
295.753
295.781
295.819
295.863
295.909
295.957
296.007
296.057
296.107
296.157
296.208
296.259
296.311
296.364
296.42
329.14
318.949
311.569
307.338
304.435
301.811
299.32
297.301
296.14
295.728
295.635
295.638
295.667
295.701
295.738
295.775
295.812
295.849
295.886
295.923
295.961
295.999
296.037
296.076
296.117
296.161
296.207
293
293
293
293
293
293
293
293
293
293
293
293
293
293
293
293
293
293
293
293
293
293
293
293
293
293
293
293
293
293
293
293
293
293
293
293
293
293
293
293
293
293
293
293
293
293
293
293
293
293
293
293
293
293
293
293
293
293
293
293
293
293
293
293
293
293
293
293
293
293
293
293
293
293
293
293
293
293
293
293
293
293
293
293
293
293
293
293
293
293
293
293
293
293
293
293
293
293
293
293
293
293
293
293
293
293
293.001
293.001
293.001
293.001
293.001
293.001
293.001
293.001
293.001
293.001
293.002
293.002
293.002
293.002
293.002
293.002
293.002
293.003
293.003
293.003
293.003
293.003
293.003
293.003
293.002
293.003
293.003
293.004
293.004
293.005
293.005
293.006
293.006
293.007
293.008
293.009
293.009
293.01
293.011
293.012
293.013
293.014
293.015
293.015
293.016
293.017
293.018
293.018
293.019
293.02
293.012
293.014
293.016
293.018
293.02
293.022
293.024
293.027
293.029
293.032
293.035
293.038
293.041
293.045
293.048
293.052
293.055
293.059
293.062
293.066
293.069
293.072
293.075
293.078
293.08
293.082
293.047
293.052
293.058
293.064
293.07
293.077
293.084
293.092
293.1
293.108
293.117
293.126
293.135
293.145
293.154
293.164
293.174
293.183
293.193
293.202
293.211
293.22
293.228
293.236
293.243
293.249
293.135
293.148
293.161
293.175
293.19
293.205
293.221
293.238
293.255
293.272
293.29
293.309
293.327
293.346
293.365
293.384
293.403
293.421
293.44
293.458
293.475
293.492
293.508
293.524
293.538
293.551
293.295
293.317
293.34
293.364
293.389
293.414
293.439
293.466
293.492
293.519
293.546
293.573
293.6
293.627
293.654
293.681
293.708
293.734
293.76
293.785
293.81
293.833
293.856
293.878
293.898
293.917
293.502
293.531
293.562
293.592
293.623
293.655
293.686
293.718
293.75
293.782
293.814
293.846
293.878
293.91
293.942
293.973
294.004
294.034
294.064
294.094
294.122
294.15
294.177
294.203
294.227
294.25
293.702
293.735
293.77
293.804
293.839
293.874
293.91
293.946
293.982
294.018
294.055
294.092
294.129
294.166
294.202
294.239
294.275
294.311
294.346
294.381
294.415
294.448
294.479
294.51
294.539
294.566
293.902
293.944
293.986
294.029
294.073
294.118
294.164
294.21
294.257
294.304
294.351
294.399
294.446
294.494
294.541
294.588
294.634
294.679
294.723
294.766
294.808
294.847
294.885
294.921
294.954
294.985
294.237
294.298
294.36
294.422
294.486
294.549
294.613
294.677
294.741
294.804
294.867
294.93
294.991
295.052
295.111
295.169
295.226
295.28
295.332
295.381
295.428
295.471
295.512
295.548
295.582
295.612
294.83
294.91
294.99
295.071
295.152
295.234
295.315
295.396
295.477
295.558
295.637
295.715
295.792
295.867
295.94
296.011
296.078
296.143
296.204
296.261
296.313
296.362
296.405
296.444
296.477
296.505
295.708
295.811
295.916
296.02
296.124
296.229
296.332
296.435
296.537
296.637
296.736
296.832
296.925
297.015
297.101
297.183
297.26
297.333
297.399
297.461
297.516
297.566
297.609
297.646
297.676
297.702
296.967
297.096
297.226
297.355
297.483
297.609
297.733
297.855
297.972
298.086
298.195
298.298
298.395
298.486
298.569
298.646
298.714
298.775
298.829
298.875
298.916
298.952
298.98
299.002
299.018
299.027
298.67
298.818
298.965
299.107
299.245
299.376
299.498
299.611
299.714
299.805
299.883
299.948
300
300.038
300.062
300.073
300.072
300.062
300.044
300.02
299.992
299.962
299.93
299.898
299.865
299.833
300.8
300.94
301.067
301.177
301.265
301.329
301.369
301.382
301.369
301.322
301.243
301.136
301.005
300.856
300.695
300.527
300.359
300.195
300.04
299.897
299.769
299.656
299.558
299.475
299.406
299.349
303.18
303.218
303.185
303.08
302.913
302.689
302.422
302.109
301.753
301.361
300.948
300.533
300.131
299.757
299.418
299.121
298.867
298.658
298.49
298.363
298.271
298.211
298.175
298.158
298.154
298.159
305.33
304.81
303.966
303.116
302.412
301.797
301.183
300.539
299.886
299.267
298.718
298.26
297.897
297.619
297.415
297.274
297.185
297.139
297.126
297.14
297.173
297.221
297.274
297.329
297.383
297.431
297.47
306.072
304.233
302.344
301.13
300.38
299.726
299.022
298.309
297.681
297.194
296.848
296.633
296.511
296.451
296.433
296.444
296.478
296.528
296.588
296.654
296.725
296.796
296.866
296.933
296.994
297.048
297.093
308.131
304.066
300.958
299.473
298.749
298.144
297.504
296.911
296.472
296.212
296.087
296.046
296.05
296.08
296.126
296.18
296.24
296.304
296.37
296.437
296.504
296.569
296.632
296.692
296.75
296.804
296.854
312.434
304.807
300.222
298.42
297.735
297.234
296.712
296.264
295.986
295.87
295.849
295.872
295.912
295.96
296.012
296.066
296.122
296.178
296.234
296.29
296.345
296.399
296.453
296.505
296.557
296.608
296.66
318.894
306.272
300.077
297.845
297.148
296.739
296.319
295.976
295.799
295.756
295.772
295.808
295.85
295.894
295.938
295.983
296.028
296.073
296.118
296.163
296.208
296.252
296.297
296.342
296.387
296.434
296.483
293
293
293
293
293
293
293
293
293
293
293
293
293
293
293
293
293
293
293
293
293
293
293
293
293
293
293
293
293
293
293
293
293
293
293
293
293
293
293
293
293
293
293
293
293
293
293
293
293
293
293
293
293
293
293
293
293
293
293
293
293
293
293
293
293
293
293
293
293
293
293
293
293
293
293
293
293
293
293
293
293
293
293
293
293
293
293
293
293
293
293
293
293
293
293
293
293
293
293
293
293
293
293
293
293
293
293
293
293
293
293
293
293
293
293
293
293
293
293
293
293
293
293
293.001
293.001
293.001
293.001
293.001
293.001
293.001
293
293
293
293.001
293.001
293.001
293.001
293.001
293.001
293.001
293.001
293.002
293.002
293.002
293.002
293.003
293.003
293.003
293.004
293.004
293.004
293.005
293.005
293.005
293.006
293.006
293.002
293.002
293.003
293.003
293.004
293.004
293.005
293.005
293.006
293.007
293.008
293.008
293.009
293.01
293.011
293.013
293.014
293.015
293.016
293.018
293.019
293.021
293.022
293.023
293.025
293.026
293.009
293.01
293.011
293.013
293.014
293.016
293.018
293.02
293.022
293.025
293.027
293.03
293.033
293.036
293.039
293.043
293.046
293.05
293.054
293.058
293.062
293.066
293.07
293.075
293.079
293.083
293.028
293.031
293.034
293.038
293.042
293.046
293.051
293.056
293.061
293.067
293.073
293.079
293.085
293.092
293.099
293.107
293.114
293.122
293.13
293.138
293.147
293.155
293.164
293.172
293.181
293.19
293.064
293.07
293.076
293.083
293.091
293.099
293.107
293.115
293.124
293.134
293.143
293.153
293.164
293.174
293.185
293.197
293.208
293.22
293.232
293.245
293.257
293.27
293.282
293.295
293.308
293.321
293.112
293.121
293.13
293.14
293.15
293.16
293.171
293.182
293.193
293.205
293.217
293.23
293.243
293.256
293.269
293.283
293.297
293.311
293.325
293.34
293.354
293.369
293.384
293.399
293.415
293.43
293.159
293.17
293.181
293.192
293.204
293.216
293.228
293.241
293.254
293.268
293.282
293.296
293.311
293.326
293.342
293.358
293.374
293.39
293.407
293.423
293.44
293.458
293.475
293.492
293.509
293.526
293.214
293.227
293.241
293.256
293.272
293.288
293.305
293.323
293.341
293.36
293.38
293.401
293.422
293.444
293.466
293.489
293.512
293.535
293.559
293.582
293.606
293.629
293.652
293.674
293.695
293.716
293.334
293.358
293.383
293.409
293.438
293.467
293.498
293.531
293.566
293.602
293.639
293.677
293.716
293.756
293.797
293.838
293.879
293.919
293.96
293.999
294.038
294.075
294.11
294.144
294.175
294.204
293.653
293.702
293.753
293.806
293.862
293.92
293.98
294.042
294.106
294.171
294.237
294.304
294.372
294.439
294.507
294.573
294.639
294.702
294.764
294.823
294.88
294.934
294.984
295.031
295.073
295.112
294.31
294.396
294.485
294.577
294.672
294.769
294.868
294.968
295.068
295.169
295.269
295.369
295.466
295.562
295.654
295.744
295.83
295.912
295.989
296.062
296.13
296.193
296.25
296.303
296.35
296.392
295.441
295.574
295.71
295.846
295.984
296.12
296.255
296.387
296.515
296.639
296.758
296.871
296.977
297.077
297.171
297.257
297.336
297.41
297.476
297.536
297.589
297.637
297.681
297.72
297.755
297.787
297.143
297.315
297.482
297.642
297.793
297.933
298.062
298.178
298.28
298.37
298.447
298.512
298.566
298.607
298.638
298.663
298.683
298.698
298.71
298.719
298.726
298.73
298.733
298.735
298.735
298.735
299.348
299.496
299.614
299.699
299.751
299.776
299.776
299.754
299.707
299.646
299.574
299.496
299.412
299.325
299.236
299.147
299.061
298.979
298.903
298.835
298.774
298.721
298.675
298.637
298.604
298.575
301.609
301.504
301.295
301.016
300.718
300.433
300.164
299.905
299.65
299.399
299.153
298.919
298.702
298.506
298.336
298.191
298.073
297.981
297.913
297.865
297.836
297.821
297.815
297.816
297.817
297.815
302.569
301.437
300.429
299.776
299.362
299.044
298.741
298.428
298.119
297.835
297.59
297.393
297.244
297.139
297.073
297.038
297.03
297.044
297.075
297.115
297.159
297.203
297.242
297.27
297.286
297.285
301.778
299.957
298.716
298.116
297.802
297.545
297.274
297.008
296.783
296.619
296.516
296.465
296.452
296.467
296.502
296.551
296.609
296.674
296.74
296.805
296.864
296.917
296.959
296.989
297.009
297.019
297.021
302.964
299.535
297.742
297.092
296.827
296.632
296.441
296.279
296.174
296.128
296.128
296.156
296.202
296.258
296.321
296.387
296.455
296.523
296.588
296.649
296.704
296.754
296.797
296.833
296.865
296.892
296.916
306.289
299.963
297.342
296.581
296.341
296.201
296.08
295.996
295.964
295.976
296.013
296.063
296.119
296.179
296.24
296.302
296.363
296.422
296.478
296.531
296.581
296.627
296.671
296.711
296.75
296.787
296.825
311.583
300.824
297.225
296.339
296.108
296.004
295.929
295.889
295.89
295.921
295.966
296.016
296.069
296.122
296.175
296.228
296.279
296.33
296.378
296.425
296.47
296.513
296.554
296.595
296.635
296.676
296.718
293
293
293
293
293
293
293
293
293
293
293
293
293
293
293
293
293
293
293
293
293
293
293
293
293
293
293
293
293
293
293
293
293
293
293
293
293
293
293
293
293
293
293
293
293
293
293
293
293
293
293
293
293
293
293
293
293
293
293
293
293
293
293
293
293
293
293
293
293
293
293
293
293
293
293
293
293
293
293
293
293
293
293
293
293
293
293
293
293
293
293
293
293
293
293
293
293
293
293
293
293
293
293
293
293
293
293
293
293
293
293
293
293
293
293
293
293
293
293
293
293
293
293
293
293
293
293
293
293
293
293
293
293
293
293
293
293
293
293
293
293
293
293
293
293
293
293
293.001
293.001
293.001
293.001
293.001
293.001
293.001
293.001
293.001
293
293
293
293
293.001
293.001
293.001
293.001
293.001
293.001
293.001
293.001
293.002
293.002
293.002
293.002
293.003
293.003
293.003
293.004
293.004
293.005
293.005
293.005
293.006
293.006
293.001
293.002
293.002
293.002
293.003
293.003
293.003
293.004
293.004
293.005
293.005
293.006
293.007
293.008
293.008
293.009
293.01
293.011
293.012
293.013
293.015
293.016
293.017
293.019
293.02
293.021
293.005
293.006
293.006
293.007
293.008
293.009
293.01
293.011
293.013
293.014
293.015
293.017
293.019
293.021
293.023
293.025
293.027
293.029
293.032
293.034
293.037
293.04
293.043
293.046
293.049
293.052
293.012
293.014
293.015
293.017
293.019
293.02
293.022
293.025
293.027
293.03
293.032
293.035
293.038
293.041
293.045
293.048
293.052
293.056
293.06
293.064
293.068
293.073
293.077
293.082
293.087
293.092
293.023
293.025
293.027
293.03
293.033
293.035
293.038
293.042
293.045
293.048
293.052
293.056
293.06
293.064
293.069
293.073
293.078
293.083
293.088
293.093
293.098
293.104
293.11
293.115
293.121
293.127
293.037
293.04
293.043
293.047
293.05
293.054
293.059
293.063
293.068
293.072
293.077
293.083
293.088
293.094
293.1
293.106
293.112
293.118
293.125
293.132
293.138
293.145
293.152
293.159
293.165
293.172
293.065
293.071
293.077
293.083
293.09
293.097
293.105
293.113
293.122
293.131
293.141
293.151
293.162
293.172
293.184
293.195
293.207
293.218
293.23
293.242
293.254
293.265
293.276
293.287
293.297
293.306
293.149
293.163
293.178
293.193
293.21
293.228
293.247
293.267
293.288
293.31
293.333
293.357
293.382
293.407
293.433
293.459
293.485
293.511
293.537
293.562
293.587
293.611
293.633
293.654
293.673
293.691
293.384
293.418
293.453
293.491
293.532
293.574
293.618
293.665
293.713
293.763
293.814
293.865
293.918
293.971
294.024
294.076
294.128
294.178
294.227
294.275
294.32
294.363
294.403
294.44
294.474
294.504
293.927
293.998
294.072
294.149
294.229
294.312
294.397
294.483
294.57
294.657
294.745
294.831
294.916
294.999
295.079
295.157
295.232
295.303
295.37
295.433
295.493
295.548
295.599
295.645
295.687
295.724
294.947
295.068
295.191
295.316
295.441
295.565
295.687
295.806
295.921
296.032
296.137
296.236
296.329
296.416
296.496
296.571
296.64
296.703
296.76
296.814
296.863
296.908
296.95
296.988
297.022
297.053
296.542
296.701
296.854
296.997
297.13
297.25
297.356
297.45
297.53
297.599
297.656
297.703
297.742
297.775
297.805
297.83
297.853
297.873
297.89
297.906
297.92
297.932
297.943
297.953
297.961
297.968
298.577
298.688
298.761
298.799
298.805
298.784
298.744
298.692
298.636
298.578
298.519
298.463
298.408
298.357
298.309
298.264
298.223
298.185
298.15
298.119
298.09
298.064
298.041
298.018
297.996
297.973
300.376
300.14
299.826
299.499
299.198
298.94
298.722
298.536
298.373
298.228
298.098
297.982
297.879
297.791
297.717
297.657
297.61
297.575
297.549
297.53
297.516
297.504
297.492
297.476
297.454
297.422
300.061
299.127
298.422
298.024
297.808
297.666
297.535
297.404
297.278
297.167
297.076
297.009
296.966
296.945
296.942
296.955
296.977
297.004
297.031
297.051
297.062
297.061
297.049
297.027
296.998
296.965
299.65
298.165
297.288
296.939
296.802
296.715
296.633
296.557
296.499
296.467
296.461
296.477
296.51
296.555
296.607
296.662
296.714
296.761
296.798
296.825
296.841
296.849
296.85
296.848
296.844
296.84
301.024
298.167
296.811
296.398
296.283
296.235
296.2
296.182
296.185
296.211
296.253
296.306
296.366
296.428
296.49
296.549
296.603
296.649
296.687
296.718
296.743
296.763
296.781
296.797
296.812
296.829
304.193
298.811
296.707
296.173
296.062
296.039
296.037
296.053
296.086
296.133
296.188
296.248
296.308
296.368
296.425
296.479
296.527
296.57
296.608
296.642
296.671
296.699
296.724
296.75
296.775
296.802
309.007
299.743
296.745
296.08
295.964
295.955
295.971
296.002
296.045
296.096
296.15
296.206
296.26
296.314
296.365
296.412
296.456
296.496
296.532
296.565
296.596
296.625
296.653
296.682
296.71
296.74
293
293
293
293
293
293
293
293
293
293
293
293
293
293
293
293
293
293
293
293
293
293
293
293
293
293
293
293
293
293
293
293
293
293
293
293
293
293
293
293
293
293
293
293
293
293
293
293
293
293
293
293
293
293
293
293
293
293
293
293
293
293
293
293
293
293
293
293
293
293
293
293
293
293
293
293
293
293
293
293
293
293
293
293
293
293
293
293
293
293
293
293
293
293
293
293
293
293
293
293
293
293
293
293
293
293
293
293
293
293
293
293
293
293
293
293
293
293
293
293
293
293
293
293
293
293
293
293
293
293
293
293
293
293
293
293
293
293
293
293
293
293
293
293
293
293
293
293
293
293
293
293
293
293
293
293
293
293
293
293
293
293
293
293
293
293
293
293
293
293
293
293
293
293
293
293.001
293.001
293.001
293.001
293.001
293.001
293.001
293
293
293
293
293
293
293
293.001
293.001
293.001
293.001
293.001
293.001
293.001
293.001
293.002
293.002
293.002
293.002
293.003
293.003
293.003
293.004
293.004
293.004
293.005
293.001
293.001
293.001
293.001
293.001
293.002
293.002
293.002
293.002
293.003
293.003
293.003
293.004
293.004
293.005
293.005
293.006
293.006
293.007
293.007
293.008
293.009
293.01
293.01
293.011
293.012
293.002
293.002
293.003
293.003
293.004
293.004
293.004
293.005
293.006
293.006
293.007
293.008
293.008
293.009
293.01
293.011
293.012
293.013
293.014
293.015
293.016
293.018
293.019
293.02
293.022
293.023
293.005
293.006
293.006
293.007
293.008
293.009
293.009
293.01
293.011
293.012
293.014
293.015
293.016
293.017
293.019
293.02
293.022
293.024
293.025
293.027
293.029
293.03
293.032
293.034
293.036
293.038
293.012
293.013
293.015
293.016
293.018
293.02
293.022
293.024
293.026
293.028
293.03
293.033
293.036
293.038
293.041
293.044
293.047
293.05
293.053
293.056
293.059
293.062
293.065
293.068
293.07
293.073
293.035
293.039
293.043
293.047
293.051
293.056
293.062
293.067
293.073
293.079
293.086
293.092
293.099
293.107
293.114
293.122
293.129
293.137
293.144
293.152
293.159
293.166
293.172
293.179
293.184
293.189
293.109
293.12
293.131
293.143
293.156
293.17
293.185
293.2
293.217
293.233
293.251
293.269
293.288
293.307
293.327
293.346
293.365
293.385
293.404
293.422
293.44
293.457
293.472
293.487
293.5
293.512
293.312
293.339
293.368
293.399
293.431
293.465
293.501
293.538
293.576
293.616
293.656
293.697
293.738
293.78
293.821
293.862
293.903
293.942
293.98
294.017
294.052
294.086
294.116
294.145
294.171
294.194
293.776
293.835
293.897
293.961
294.028
294.096
294.166
294.238
294.309
294.381
294.453
294.524
294.594
294.662
294.729
294.794
294.856
294.915
294.972
295.026
295.076
295.123
295.167
295.207
295.243
295.276
294.669
294.774
294.88
294.987
295.094
295.2
295.305
295.406
295.504
295.598
295.687
295.772
295.852
295.928
296
296.066
296.129
296.188
296.242
296.292
296.339
296.382
296.421
296.457
296.489
296.518
296.098
296.237
296.369
296.493
296.606
296.708
296.798
296.878
296.947
297.008
297.062
297.108
297.149
297.185
297.218
297.247
297.273
297.297
297.319
297.339
297.357
297.373
297.388
297.4
297.41
297.418
297.908
297.996
298.05
298.073
298.072
298.053
298.022
297.984
297.942
297.9
297.86
297.822
297.788
297.758
297.732
297.709
297.689
297.671
297.655
297.639
297.624
297.608
297.591
297.57
297.542
297.509
299.384
299.157
298.882
298.602
298.348
298.132
297.956
297.814
297.7
297.609
297.535
297.476
297.428
297.391
297.361
297.337
297.317
297.299
297.28
297.26
297.238
297.213
297.178
297.119
297.047
296.966
298.796
298.03
297.501
297.234
297.11
297.043
296.993
296.947
296.906
296.873
296.851
296.841
296.842
296.851
296.866
296.881
296.89
296.89
296.878
296.853
296.817
296.773
296.723
296.671
296.621
296.575
298.678
297.458
296.76
296.512
296.446
296.43
296.425
296.424
296.432
296.45
296.479
296.516
296.556
296.595
296.628
296.652
296.664
296.664
296.653
296.635
296.612
296.587
296.563
296.539
296.519
296.502
300.159
297.704
296.544
296.216
296.158
296.165
296.187
296.216
296.255
296.3
296.35
296.4
296.447
296.488
296.521
296.543
296.556
296.561
296.56
296.554
296.546
296.536
296.526
296.517
296.51
296.503
303.159
298.443
296.566
296.109
296.044
296.063
296.1
296.144
296.193
296.245
296.297
296.345
296.389
296.425
296.455
296.476
296.49
296.499
296.502
296.502
296.5
296.496
296.492
296.488
296.485
296.484
307.591
299.405
296.664
296.065
295.989
296.013
296.056
296.104
296.155
296.205
296.253
296.297
296.335
296.368
296.394
296.414
296.427
296.436
296.439
296.44
296.437
296.434
296.43
296.427
296.425
296.426
293
293
293
293
293
293
293
293
293
293
293
293
293
293
293
293
293
293
293
293
293
293
293
293
293
293
293
293
293
293
293
293
293
293
293
293
293
293
293
293
293
293
293
293
293
293
293
293
293
293
293
293
293
293
293
293
293
293
293
293
293
293
293
293
293
293
293
293
293
293
293
293
293
293
293
293
293
293
293
293
293
293
293
293
293
293
293
293
293
293
293
293
293
293
293
293
293
293
293
293
293
293
293
293
293
293
293
293
293
293
293
293
293
293
293
293
293
293
293
293
293
293
293
293
293
293
293
293
293
293
293
293
293
293
293
293
293
293
293
293
293
293
293
293
293
293
293
293
293
293
293
293
293
293
293
293
293
293
293
293
293
293
293
293
293
293
293
293
293
293
293
293
293
293
293
293
293
293
293
293
293
293
293
293
293
293
293
293
293
293
293
293
293
293
293
293
293
293
293
293
293
293
293
293
293.001
293.001
293.001
293.001
293
293
293
293
293
293
293
293
293
293
293
293
293.001
293.001
293.001
293.001
293.001
293.001
293.001
293.001
293.002
293.002
293.002
293.002
293.002
293.003
293
293
293.001
293.001
293.001
293.001
293.001
293.001
293.001
293.001
293.002
293.002
293.002
293.002
293.002
293.003
293.003
293.003
293.004
293.004
293.004
293.005
293.005
293.005
293.006
293.006
293.002
293.002
293.002
293.003
293.003
293.003
293.004
293.004
293.004
293.005
293.005
293.006
293.006
293.007
293.008
293.008
293.009
293.009
293.01
293.011
293.011
293.012
293.013
293.013
293.014
293.014
293.007
293.008
293.009
293.01
293.011
293.012
293.013
293.015
293.016
293.017
293.019
293.021
293.022
293.024
293.026
293.028
293.03
293.032
293.033
293.035
293.037
293.039
293.04
293.042
293.043
293.044
293.027
293.03
293.033
293.037
293.041
293.045
293.049
293.053
293.058
293.063
293.068
293.074
293.079
293.085
293.091
293.097
293.103
293.109
293.114
293.12
293.125
293.13
293.135
293.139
293.142
293.145
293.094
293.103
293.113
293.124
293.135
293.147
293.16
293.173
293.187
293.201
293.216
293.232
293.248
293.264
293.28
293.296
293.312
293.328
293.344
293.358
293.372
293.386
293.398
293.409
293.418
293.427
293.277
293.301
293.327
293.354
293.383
293.413
293.444
293.477
293.51
293.545
293.58
293.615
293.651
293.687
293.722
293.757
293.791
293.825
293.857
293.887
293.916
293.943
293.968
293.99
294.01
294.027
293.697
293.749
293.804
293.861
293.92
293.981
294.043
294.106
294.17
294.233
294.297
294.359
294.42
294.48
294.539
294.595
294.649
294.7
294.749
294.794
294.837
294.876
294.911
294.943
294.972
294.997
294.499
294.592
294.686
294.782
294.877
294.972
295.065
295.156
295.244
295.329
295.409
295.486
295.559
295.627
295.691
295.751
295.806
295.858
295.906
295.95
295.99
296.026
296.059
296.088
296.114
296.137
295.773
295.898
296.017
296.129
296.233
296.327
296.412
296.488
296.555
296.613
296.665
296.711
296.751
296.786
296.818
296.846
296.872
296.895
296.917
296.936
296.954
296.97
296.985
296.997
297.008
297.017
297.386
297.47
297.526
297.556
297.565
297.558
297.54
297.514
297.486
297.456
297.428
297.402
297.38
297.361
297.346
297.333
297.324
297.316
297.308
297.302
297.295
297.288
297.28
297.267
297.249
297.223
298.708
298.524
298.298
298.066
297.855
297.677
297.533
297.419
297.332
297.266
297.218
297.183
297.158
297.141
297.128
297.118
297.108
297.095
297.079
297.059
297.037
297.011
296.978
296.921
296.832
296.737
298.191
297.552
297.106
296.887
296.796
296.762
296.747
296.737
296.731
296.73
296.734
296.743
296.755
296.768
296.779
296.781
296.771
296.748
296.711
296.663
296.606
296.543
296.475
296.403
296.33
296.259
298.229
297.197
296.582
296.367
296.323
296.333
296.356
296.383
296.412
296.444
296.476
296.507
296.532
296.548
296.552
296.541
296.518
296.483
296.441
296.393
296.342
296.29
296.237
296.184
296.132
296.082
299.701
297.56
296.491
296.184
296.141
296.165
296.204
296.245
296.288
296.329
296.365
296.394
296.413
296.421
296.416
296.401
296.377
296.347
296.312
296.273
296.232
296.188
296.144
296.1
296.056
296.013
302.514
298.348
296.573
296.123
296.066
296.095
296.14
296.186
296.23
296.268
296.3
296.323
296.336
296.338
296.331
296.316
296.295
296.268
296.236
296.2
296.161
296.12
296.077
296.034
295.992
295.951
306.599
299.339
296.706
296.098
296.021
296.05
296.096
296.141
296.182
296.216
296.243
296.262
296.271
296.27
296.262
296.246
296.224
296.196
296.164
296.126
296.085
296.041
295.996
295.953
295.91
295.871
293
293
293
293
293
293
293
293
293
293
293
293
293
293
293
293
293
293
293
293
293
293
293
293
293
293
293
293
293
293
293
293
293
293
293
293
293
293
293
293
293
293
293
293
293
293
293
293
293
293
293
293
293
293
293
293
293
293
293
293
293
293
293
293
293
293
293
293
293
293
293
293
293
293
293
293
293
293
293
293
293
293
293
293
293
293
293
293
293
293
293
293
293
293
293
293
293
293
293
293
293
293
293
293
293
293
293
293
293
293
293
293
293
293
293
293
293
293
293
293
293
293
293
293
293
293
293
293
293
293
293
293
293
293
293
293
293
293
293
293
293
293
293
293
293
293
293
293
293
293
293
293
293
293
293
293
293
293
293
293
293
293
293
293
293
293
293
293
293
293
293
293
293
293
293
293
293
293
293
293
293
293
293
293
293
293
293
293
293
293
293
293
293
293
293
293
293
293
293
293
293
293
293
293
293
293
293
293
293
293
293
293
293
293
293
293
293
293
293
293
293
293
293
293
293
293
293
293
293
293
293
293
293
293
293
293
293
293
293
293
293
293
293
293
293.001
293.001
293.001
293.001
293.001
293.001
293.001
293.001
293.001
293.001
293.002
293.002
293.002
293.002
293.002
293.002
293.001
293.001
293.001
293.002
293.002
293.002
293.002
293.002
293.003
293.003
293.003
293.004
293.004
293.004
293.005
293.005
293.005
293.006
293.006
293.007
293.007
293.007
293.008
293.008
293.008
293.008
293.005
293.006
293.007
293.008
293.008
293.009
293.01
293.011
293.013
293.014
293.015
293.016
293.018
293.019
293.02
293.022
293.023
293.025
293.026
293.027
293.028
293.03
293.031
293.032
293.032
293.033
293.023
293.025
293.028
293.031
293.034
293.037
293.041
293.045
293.049
293.053
293.057
293.062
293.066
293.071
293.076
293.081
293.085
293.09
293.095
293.099
293.103
293.107
293.11
293.113
293.116
293.118
293.08
293.088
293.097
293.106
293.115
293.126
293.136
293.148
293.159
293.171
293.184
293.197
293.21
293.223
293.237
293.25
293.263
293.276
293.289
293.3
293.312
293.322
293.331
293.339
293.346
293.352
293.239
293.259
293.281
293.304
293.329
293.354
293.381
293.408
293.437
293.466
293.495
293.525
293.555
293.585
293.615
293.644
293.673
293.7
293.727
293.752
293.775
293.796
293.816
293.833
293.848
293.86
293.601
293.646
293.693
293.742
293.793
293.845
293.899
293.953
294.008
294.062
294.117
294.171
294.224
294.276
294.327
294.375
294.421
294.465
294.507
294.545
294.581
294.613
294.642
294.668
294.689
294.708
294.298
294.379
294.462
294.546
294.63
294.715
294.798
294.879
294.958
295.035
295.108
295.178
295.245
295.308
295.367
295.422
295.473
295.52
295.563
295.603
295.638
295.67
295.698
295.722
295.743
295.759
295.424
295.538
295.648
295.753
295.852
295.944
296.028
296.104
296.173
296.234
296.289
296.338
296.381
296.419
296.454
296.484
296.511
296.536
296.558
296.577
296.595
296.61
296.623
296.635
296.645
296.652
296.899
296.992
297.063
297.113
297.143
297.159
297.162
297.157
297.146
297.131
297.115
297.099
297.085
297.072
297.062
297.054
297.048
297.043
297.04
297.038
297.036
297.034
297.032
297.029
297.021
297.009
298.242
298.126
297.967
297.793
297.627
297.478
297.351
297.247
297.164
297.1
297.052
297.018
296.995
296.979
296.97
296.963
296.958
296.95
296.94
296.928
296.915
296.894
296.866
296.826
296.773
296.711
298.083
297.476
297.015
296.788
296.691
296.654
296.642
296.64
296.644
296.651
296.661
296.672
296.684
296.694
296.701
296.702
296.693
296.665
296.623
296.576
296.529
296.485
296.434
296.375
296.309
296.24
298.04
297.157
296.567
296.337
296.285
296.296
296.324
296.356
296.389
296.42
296.448
296.47
296.484
296.486
296.475
296.448
296.412
296.371
296.324
296.274
296.221
296.166
296.107
296.044
295.979
295.912
299.438
297.574
296.532
296.198
296.14
296.162
296.201
296.241
296.278
296.309
296.331
296.343
296.342
296.327
296.303
296.272
296.232
296.187
296.137
296.084
296.028
295.971
295.911
295.85
295.79
295.734
302.09
298.413
296.657
296.158
296.078
296.1
296.14
296.179
296.211
296.235
296.247
296.248
296.237
296.218
296.191
296.156
296.114
296.067
296.015
295.961
295.904
295.845
295.786
295.727
295.672
295.622
305.89
299.457
296.827
296.144
296.035
296.053
296.091
296.126
296.153
296.17
296.177
296.171
296.157
296.134
296.104
296.066
296.022
295.973
295.92
295.864
295.806
295.746
295.685
295.628
295.576
295.529
293
293
293
293
293
293
293
293
293
293
293
293
293
293
293
293
293
293
293
293
293
293
293
293
293
293
293
293
293
293
293
293
293
293
293
293
293
293
293
293
293
293
293
293
293
293
293
293
293
293
293
293
293
293
293
293
293
293
293
293
293
293
293
293
293
293
293
293
293
293
293
293
293
293
293
293
293
293
293
293
293
293
293
293
293
293
293
293
293
293
293
293
293
293
293
293
293
293
293
293
293
293
293
293
293
293
293
293
293
293
293
293
293
293
293
293
293
293
293
293
293
293
293
293
293
293
293
293
293
293
293
293
293
293
293
293
293
293
293
293
293
293
293
293
293
293
293
293
293
293
293
293
293
293
293
293
293
293
293
293
293
293
293
293
293
293
293
293
293
293
293
293
293
293
293
293
293
293
293
293
293
293
293
293
293
293
293
293
293
293
293
293
293
293
293
293
293
293
293
293
293
293
293
293
293
293
293
293
293
293
293
293
293
293
293
293
293
293
293
293
293
293
293
293
293
293
293
293
293
293
293
293
293
293
293
293
293
293
293
293
293
293
293
293
293
293
293
293
293
293.001
293.001
293.001
293.001
293.001
293.001
293.001
293.001
293.001
293.001
293.001
293.001
293.001
293.001
293.001
293.001
293.001
293.001
293.002
293.002
293.002
293.002
293.003
293.003
293.003
293.003
293.004
293.004
293.004
293.004
293.005
293.005
293.005
293.005
293.005
293.005
293.006
293.004
293.005
293.005
293.006
293.006
293.007
293.008
293.009
293.009
293.01
293.011
293.012
293.013
293.014
293.015
293.016
293.017
293.019
293.02
293.02
293.021
293.022
293.023
293.024
293.024
293.024
293.018
293.02
293.022
293.024
293.026
293.029
293.032
293.035
293.038
293.041
293.044
293.048
293.051
293.055
293.058
293.062
293.066
293.069
293.073
293.076
293.079
293.082
293.084
293.086
293.088
293.089
293.063
293.069
293.075
293.082
293.09
293.098
293.106
293.115
293.124
293.134
293.144
293.154
293.164
293.174
293.185
293.195
293.205
293.215
293.224
293.233
293.242
293.249
293.256
293.262
293.267
293.271
293.187
293.203
293.221
293.239
293.259
293.279
293.3
293.322
293.344
293.367
293.391
293.415
293.439
293.463
293.487
293.51
293.533
293.555
293.575
293.595
293.613
293.63
293.644
293.657
293.668
293.676
293.477
293.513
293.551
293.591
293.632
293.675
293.719
293.763
293.809
293.854
293.9
293.945
293.99
294.033
294.076
294.117
294.156
294.194
294.228
294.261
294.29
294.317
294.34
294.36
294.377
294.39
294.048
294.116
294.186
294.257
294.329
294.402
294.474
294.546
294.617
294.686
294.753
294.817
294.879
294.937
294.993
295.044
295.092
295.137
295.177
295.214
295.247
295.276
295.3
295.321
295.337
295.35
295.006
295.107
295.208
295.307
295.402
295.493
295.579
295.659
295.733
295.801
295.863
295.918
295.969
296.014
296.054
296.09
296.122
296.151
296.175
296.197
296.215
296.231
296.244
296.253
296.261
296.268
296.34
296.447
296.54
296.617
296.679
296.726
296.76
296.783
296.798
296.806
296.809
296.808
296.806
296.802
296.799
296.795
296.792
296.79
296.788
296.787
296.785
296.784
296.783
296.782
296.778
296.767
297.758
297.75
297.693
297.602
297.495
297.385
297.281
297.187
297.107
297.039
296.983
296.94
296.906
296.882
296.864
296.852
296.843
296.835
296.828
296.819
296.807
296.793
296.775
296.752
296.723
296.689
298.431
297.963
297.469
297.094
296.863
296.736
296.67
296.638
296.624
296.62
296.622
296.628
296.634
296.641
296.646
296.647
296.64
296.622
296.595
296.568
296.541
296.514
296.483
296.447
296.406
296.359
298.082
297.334
296.734
296.435
296.326
296.305
296.317
296.341
296.367
296.393
296.416
296.436
296.449
296.449
296.437
296.418
296.396
296.366
296.331
296.294
296.256
296.217
296.174
296.128
296.08
296.03
299.337
297.733
296.675
296.261
296.155
296.155
296.185
296.22
296.252
296.279
296.297
296.303
296.298
296.285
296.265
296.236
296.202
296.162
296.118
296.072
296.025
295.977
295.927
295.877
295.826
295.776
301.847
298.636
296.838
296.227
296.088
296.088
296.119
296.152
296.179
296.196
296.201
296.196
296.183
296.162
296.132
296.096
296.054
296.007
295.957
295.905
295.852
295.799
295.745
295.693
295.642
295.594
305.422
299.765
297.059
296.225
296.046
296.039
296.066
296.094
296.113
296.122
296.12
296.108
296.089
296.061
296.026
295.984
295.937
295.886
295.832
295.777
295.721
295.666
295.612
295.561
295.513
295.469
293
293
293
293
293
293
293
293
293
293
293
293
293
293
293
293
293
293
293
293
293
293
293
293
293
293
293
293
293
293
293
293
293
293
293
293
293
293
293
293
293
293
293
293
293
293
293
293
293
293
293
293
293
293
293
293
293
293
293
293
293
293
293
293
293
293
293
293
293
293
293
293
293
293
293
293
293
293
293
293
293
293
293
293
293
293
293
293
293
293
293
293
293
293
293
293
293
293
293
293
293
293
293
293
293
293
293
293
293
293
293
293
293
293
293
293
293
293
293
293
293
293
293
293
293
293
293
293
293
293
293
293
293
293
293
293
293
293
293
293
293
293
293
293
293
293
293
293
293
293
293
293
293
293
293
293
293
293
293
293
293
293
293
293
293
293
293
293
293
293
293
293
293
293
293
293
293
293
293
293
293
293
293
293
293
293
293
293
293
293
293
293
293
293
293
293
293
293
293
293
293
293
293
293
293
293
293
293
293
293
293
293
293
293
293
293
293
293
293
293
293
293
293
293
293
293
293
293
293
293
293
293
293
293
293
293
293
293
293
293
293
293
293
293
293
293
293
293
293
293
293
293
293
293
293
293
293
293
293.001
293.001
293
293
293
293.001
293.001
293.001
293.001
293.001
293.001
293.001
293.001
293.002
293.002
293.002
293.002
293.002
293.002
293.003
293.003
293.003
293.003
293.003
293.003
293.003
293.004
293.004
293.003
293.003
293.003
293.004
293.004
293.005
293.005
293.006
293.006
293.007
293.008
293.008
293.009
293.01
293.01
293.011
293.012
293.013
293.013
293.014
293.015
293.015
293.016
293.016
293.016
293.017
293.012
293.013
293.015
293.016
293.018
293.02
293.021
293.024
293.026
293.028
293.03
293.033
293.035
293.038
293.04
293.043
293.045
293.048
293.05
293.052
293.054
293.056
293.058
293.059
293.06
293.061
293.043
293.047
293.052
293.057
293.062
293.067
293.073
293.079
293.086
293.092
293.099
293.106
293.114
293.121
293.128
293.136
293.143
293.15
293.156
293.163
293.169
293.174
293.178
293.182
293.186
293.188
293.129
293.141
293.153
293.167
293.18
293.195
293.21
293.226
293.242
293.259
293.276
293.293
293.311
293.328
293.346
293.363
293.38
293.396
293.411
293.425
293.438
293.45
293.461
293.469
293.476
293.482
293.336
293.363
293.391
293.42
293.451
293.483
293.515
293.549
293.583
293.618
293.653
293.688
293.723
293.757
293.791
293.823
293.854
293.884
293.912
293.937
293.961
293.981
293.999
294.014
294.026
294.036
293.758
293.81
293.864
293.919
293.976
294.034
294.093
294.152
294.211
294.269
294.327
294.383
294.437
294.489
294.539
294.586
294.63
294.67
294.708
294.742
294.772
294.798
294.82
294.838
294.852
294.863
294.501
294.586
294.672
294.758
294.844
294.928
295.011
295.09
295.166
295.238
295.305
295.368
295.426
295.48
295.529
295.573
295.612
295.648
295.679
295.705
295.728
295.747
295.762
295.774
295.785
295.789
295.621
295.73
295.835
295.933
296.022
296.101
296.171
296.23
296.28
296.322
296.356
296.383
296.405
296.423
296.436
296.447
296.455
296.461
296.465
296.468
296.469
296.47
296.471
296.469
296.462
296.448
297.013
297.091
297.141
297.164
297.161
297.14
297.104
297.061
297.014
296.968
296.923
296.882
296.845
296.814
296.787
296.765
296.747
296.732
296.718
296.705
296.692
296.677
296.659
296.639
296.617
296.591
298.226
298.091
297.87
297.616
297.373
297.167
297.004
296.883
296.795
296.735
296.693
296.666
296.649
296.638
296.63
296.623
296.613
296.601
296.586
296.571
296.554
296.536
296.517
296.495
296.47
296.442
298.398
297.785
297.139
296.775
296.589
296.495
296.449
296.428
296.421
296.423
296.428
296.436
296.441
296.441
296.437
296.431
296.422
296.407
296.388
296.367
296.344
296.321
296.297
296.27
296.241
296.211
299.414
298.113
297.027
296.482
296.272
296.215
296.213
296.228
296.248
296.267
296.282
296.289
296.293
296.292
296.284
296.271
296.252
296.229
296.202
296.173
296.143
296.114
296.084
296.053
296.022
295.99
301.704
299.056
297.214
296.419
296.161
296.104
296.11
296.133
296.156
296.172
296.181
296.185
296.182
296.173
296.157
296.135
296.108
296.078
296.044
296.008
295.973
295.939
295.905
295.872
295.84
295.809
305.09
300.287
297.495
296.424
296.108
296.042
296.047
296.068
296.085
296.095
296.099
296.096
296.087
296.07
296.048
296.02
295.987
295.951
295.913
295.874
295.836
295.8
295.765
295.732
295.702
295.674
293
293
293
293
293
293
293
293
293
293
293
293
293
293
293
293
293
293
293
293
293
293
293
293
293
293
293
293
293
293
293
293
293
293
293
293
293
293
293
293
293
293
293
293
293
293
293
293
293
293
293
293
293
293
293
293
293
293
293
293
293
293
293
293
293
293
293
293
293
293
293
293
293
293
293
293
293
293
293
293
293
293
293
293
293
293
293
293
293
293
293
293
293
293
293
293
293
293
293
293
293
293
293
293
293
293
293
293
293
293
293
293
293
293
293
293
293
293
293
293
293
293
293
293
293
293
293
293
293
293
293
293
293
293
293
293
293
293
293
293
293
293
293
293
293
293
293
293
293
293
293
293
293
293
293
293
293
293
293
293
293
293
293
293
293
293
293
293
293
293
293
293
293
293
293
293
293
293
293
293
293
293
293
293
293
293
293
293
293
293
293
293
293
293
293
293
293
293
293
293
293
293
293
293
293
293
293
293
293
293
293
293
293
293
293
293
293
293
293
293
293
293
293
293
293
293
293
293
293
293
293
293
293
293
293
293
293
293
293
293
293
293
293
293
293
293
293
293
293
293
293
293
293
293
293
293
293
293
293
293
293
293
293
293
293
293
293
293.001
293.001
293.001
293.001
293.001
293.001
293.001
293.001
293.001
293.001
293.001
293.002
293.002
293.002
293.002
293.002
293.002
293.002
293.002
293.001
293.002
293.002
293.002
293.002
293.003
293.003
293.003
293.004
293.004
293.004
293.005
293.005
293.006
293.006
293.007
293.007
293.008
293.008
293.008
293.009
293.009
293.009
293.01
293.01
293.01
293.007
293.008
293.009
293.01
293.011
293.012
293.013
293.014
293.016
293.017
293.018
293.02
293.021
293.023
293.025
293.026
293.028
293.029
293.031
293.032
293.034
293.035
293.036
293.037
293.037
293.038
293.026
293.029
293.031
293.035
293.038
293.041
293.045
293.049
293.053
293.057
293.062
293.066
293.071
293.076
293.08
293.085
293.09
293.094
293.098
293.102
293.106
293.11
293.113
293.115
293.117
293.119
293.08
293.088
293.096
293.104
293.113
293.123
293.132
293.143
293.153
293.164
293.176
293.187
293.199
293.211
293.222
293.234
293.245
293.256
293.266
293.276
293.284
293.292
293.299
293.305
293.31
293.314
293.214
293.232
293.25
293.27
293.29
293.312
293.334
293.357
293.381
293.405
293.429
293.454
293.479
293.503
293.527
293.551
293.573
293.595
293.615
293.633
293.65
293.665
293.678
293.689
293.698
293.706
293.497
293.533
293.57
293.61
293.65
293.692
293.735
293.778
293.822
293.867
293.911
293.955
293.997
294.039
294.08
294.118
294.155
294.189
294.22
294.249
294.275
294.297
294.315
294.332
294.345
294.355
294.019
294.082
294.148
294.214
294.282
294.351
294.42
294.488
294.555
294.621
294.684
294.745
294.803
294.858
294.909
294.957
295
295.04
295.075
295.106
295.132
295.154
295.173
295.189
295.199
295.204
294.865
294.959
295.054
295.148
295.24
295.329
295.413
295.493
295.566
295.633
295.695
295.749
295.798
295.841
295.879
295.911
295.938
295.961
295.979
295.994
296.005
296.015
296.022
296.022
296.016
296.003
296.056
296.166
296.268
296.358
296.436
296.499
296.548
296.584
296.609
296.624
296.63
296.631
296.626
296.619
296.609
296.597
296.585
296.572
296.559
296.547
296.533
296.514
296.492
296.467
296.439
296.408
297.463
297.521
297.538
297.516
297.461
297.384
297.296
297.203
297.113
297.029
296.953
296.887
296.83
296.781
296.74
296.703
296.671
296.642
296.615
296.59
296.566
296.543
296.52
296.496
296.472
296.445
298.723
298.518
298.177
297.814
297.493
297.238
297.044
296.901
296.795
296.718
296.661
296.619
296.585
296.556
296.533
296.516
296.5
296.486
296.47
296.453
296.436
296.419
296.4
296.381
296.361
296.34
299.687
298.841
297.806
297.201
296.86
296.663
296.547
296.477
296.434
296.408
296.39
296.376
296.369
296.363
296.357
296.35
296.342
296.331
296.318
296.303
296.287
296.27
296.253
296.235
296.217
296.198
301.49
299.665
297.961
296.948
296.551
296.371
296.289
296.252
296.237
296.229
296.228
296.23
296.231
296.231
296.227
296.221
296.211
296.199
296.184
296.168
296.15
296.133
296.115
296.098
296.081
296.065
304.461
300.899
298.262
296.909
296.418
296.228
296.155
296.13
296.121
296.122
296.125
296.128
296.129
296.127
296.121
296.112
296.1
296.085
296.069
296.051
296.033
296.015
295.998
295.982
295.968
295.954
293
293
293
293
293
293
293
293
293
293
293
293
293
293
293
293
293
293
293
293
293
293
293
293
293
293
293
293
293
293
293
293
293
293
293
293
293
293
293
293
293
293
293
293
293
293
293.001
293.001
293.001
293.002
293
293
293
293.001
293.001
293.002
293.004
293.006
293.008
293.011
293
293.001
293.002
293.004
293.007
293.012
293.019
293.028
293.039
293.051
293.001
293.004
293.009
293.018
293.033
293.053
293.078
293.108
293.143
293.181
293.006
293.017
293.038
293.07
293.116
293.175
293.244
293.321
293.404
293.49
293.025
293.062
293.125
293.213
293.324
293.454
293.595
293.743
293.891
294.034
293.083
293.183
293.329
293.513
293.722
293.945
294.169
294.385
294.589
294.777
293.222
293.434
293.705
294.01
294.325
294.632
294.918
295.178
295.408
295.61
293.489
293.852
294.265
294.685
295.082
295.44
295.753
296.02
296.246
296.433
293.899
294.428
294.971
295.476
295.917
296.29
296.597
296.844
297.04
297.196
294.432
295.122
295.773
296.328
296.778
297.136
297.417
297.637
297.809
297.944
295.058
295.907
296.643
297.24
297.708
298.068
298.341
298.547
298.703
298.826
295.776
296.821
297.676
298.338
298.837
299.205
299.471
299.662
299.8
299.906
296.685
297.989
298.989
299.726
300.257
300.629
300.879
301.042
301.147
301.226
297.91
299.53
300.688
301.501
302.057
302.417
302.629
302.738
302.78
302.806
299.569
301.575
302.893
303.778
304.341
304.658
304.787
304.8
304.73
304.671
301.785
304.304
305.76
306.721
307.253
307.476
307.432
307.397
307.306
307.126
304.689
308.001
309.525
310.624
311.047
311.194
311.177
310.569
309.665
309.054
308.452
313.198
314.671
316.225
316.833
316.624
315.315
313.798
312.306
312.438
313.434
321.026
323.371
326.842
325.011
324.141
322.223
320.393
318.993
319.182
321.316
335.028
337.863
340.769
339.42
338.988
337.853
336.517
335.107
333.757
293
293
293
293
293
293
293
293
293
293
293
293
293
293
293
293
293
293
293
293
293
293
293
293
293
293
293
293
293
293
293
293
293
293
293
293
293
293
293
293
293
293
293
293
293
293
293
293
293
293
293
293
293
293
293
293
293.001
293.001
293.001
293.002
293
293
293
293
293.001
293.002
293.003
293.005
293.008
293.011
293
293
293.001
293.003
293.005
293.009
293.014
293.022
293.031
293.042
293.001
293.002
293.005
293.011
293.019
293.032
293.049
293.07
293.095
293.123
293.003
293.008
293.019
293.035
293.059
293.09
293.128
293.172
293.221
293.273
293.01
293.026
293.053
293.091
293.139
293.196
293.26
293.329
293.4
293.472
293.03
293.066
293.118
293.183
293.256
293.336
293.418
293.502
293.586
293.668
293.07
293.132
293.207
293.291
293.381
293.474
293.568
293.665
293.763
293.862
293.128
293.207
293.297
293.396
293.505
293.624
293.751
293.889
294.032
294.177
293.185
293.277
293.393
293.545
293.728
293.93
294.139
294.347
294.552
294.749
293.233
293.386
293.609
293.882
294.18
294.485
294.786
295.073
295.345
295.603
293.338
293.635
294.028
294.471
294.927
295.371
295.787
296.167
296.514
296.835
293.549
294.096
294.751
295.439
296.109
296.726
297.272
297.744
298.151
298.519
293.957
294.91
295.942
296.96
297.897
298.708
299.375
299.9
300.307
300.654
294.692
296.27
297.808
299.25
300.496
301.483
302.196
302.664
302.926
303.103
295.92
298.449
300.617
302.598
304.146
305.194
305.739
305.921
305.775
305.534
297.835
301.863
304.74
307.435
309.126
309.903
309.759
309.404
308.103
306.884
300.657
307.201
310.866
314.557
315.793
315.657
314.053
312.214
310.555
309.39
304.759
315.681
321.772
325.818
324.841
323.457
321.338
319.145
317.163
315.493
311.773
331.351
335.734
337.829
337.268
336.734
335.553
333.991
332.268
329.517
293
293
293
293
293
293
293
293
293
293
293
293
293
293
293
293
293
293
293
293
293
293
293
293
293
293
293
293
293
293
293
293
293
293
293
293
293
293
293
293
293
293
293
293
293
293
293
293
293
293
293
293
293
293
293
293
293
293
293
293
293
293
293
293
293
293
293
293.001
293.001
293.002
293
293
293
293
293.001
293.001
293.002
293.004
293.005
293.008
293
293
293.001
293.001
293.003
293.005
293.008
293.012
293.018
293.025
293
293.001
293.002
293.005
293.009
293.015
293.023
293.033
293.044
293.058
293.001
293.003
293.007
293.014
293.023
293.034
293.048
293.065
293.083
293.104
293.004
293.009
293.017
293.028
293.043
293.06
293.08
293.101
293.125
293.149
293.009
293.018
293.031
293.047
293.066
293.088
293.113
293.14
293.169
293.2
293.016
293.029
293.046
293.068
293.095
293.128
293.165
293.209
293.258
293.312
293.025
293.043
293.07
293.109
293.161
293.226
293.304
293.395
293.496
293.606
293.036
293.07
293.13
293.22
293.341
293.488
293.655
293.837
294.028
294.226
293.059
293.145
293.294
293.502
293.759
294.051
294.362
294.68
294.996
295.31
293.124
293.34
293.67
294.094
294.581
295.098
295.613
296.1
296.548
296.969
293.291
293.769
294.425
295.204
296.036
296.854
297.601
298.234
298.745
299.174
293.658
294.623
295.802
297.104
298.388
299.53
300.445
301.069
301.423
301.605
294.376
296.183
298.119
300.134
301.91
303.248
304.041
304.245
303.987
303.496
295.646
298.879
301.811
304.722
306.832
307.887
307.759
306.695
305.265
303.622
297.714
303.402
307.603
311.451
313.311
312.953
311.353
309.413
307.527
305.512
300.97
310.967
317.681
322.292
321.928
320.658
318.667
316.543
314.31
311.641
306.898
325.53
331.259
333.013
332.688
332.382
331.433
330.126
328.333
323.659
293
293
293
293
293
293
293
293
293
293
293
293
293
293
293
293
293
293
293
293
293
293
293
293
293
293
293
293
293
293
293
293
293
293
293
293
293
293
293
293
293
293
293
293
293
293
293
293
293
293
293
293
293
293
293
293
293
293
293
293
293
293
293
293
293
293
293
293
293
293
293
293
293
293
293
293
293
293
293.001
293.001
293
293
293
293
293
293.001
293.001
293.002
293.003
293.004
293
293
293
293.001
293.001
293.002
293.004
293.006
293.008
293.011
293
293
293.001
293.002
293.003
293.005
293.008
293.012
293.016
293.021
293
293.001
293.002
293.004
293.007
293.011
293.015
293.02
293.027
293.034
293.001
293.002
293.005
293.008
293.013
293.019
293.027
293.036
293.047
293.06
293.002
293.005
293.009
293.016
293.027
293.041
293.059
293.081
293.107
293.137
293.004
293.01
293.022
293.041
293.07
293.108
293.156
293.214
293.279
293.353
293.009
293.026
293.061
293.117
293.196
293.297
293.417
293.552
293.7
293.859
293.023
293.077
293.175
293.322
293.514
293.744
294
294.271
294.548
294.829
293.068
293.216
293.46
293.792
294.196
294.645
295.108
295.558
295.979
296.377
293.188
293.547
294.072
294.731
295.469
296.227
296.936
297.543
298.034
298.429
293.468
294.239
295.242
296.405
297.595
298.692
299.56
300.139
300.451
300.509
294.039
295.556
297.282
299.136
300.803
302.084
302.718
302.786
302.444
301.525
295.082
297.899
300.609
303.272
305.2
306.071
305.443
304.131
302.798
301.299
296.823
301.899
305.924
309.104
310.722
310.148
308.62
306.923
305.179
303.43
299.611
308.598
315.395
318.699
318.417
317.494
315.832
314.052
311.918
309.057
304.742
321.72
326.615
327.91
327.781
327.772
327.071
326.124
324.353
319.306
293
293
293
293
293
293
293
293
293
293
293
293
293
293
293
293
293
293
293
293
293
293
293
293
293
293
293
293
293
293
293
293
293
293
293
293
293
293
293
293
293
293
293
293
293
293
293
293
293
293
293
293
293
293
293
293
293
293
293
293
293
293
293
293
293
293
293
293
293
293
293
293
293
293
293
293
293
293
293
293
293
293
293
293
293
293
293
293
293
293.001
293
293
293
293
293
293
293
293.001
293.001
293.002
293
293
293
293
293
293.001
293.001
293.002
293.003
293.005
293
293
293
293.001
293.001
293.002
293.004
293.006
293.008
293.011
293
293
293.001
293.002
293.004
293.007
293.012
293.017
293.024
293.032
293
293.001
293.004
293.008
293.015
293.026
293.039
293.056
293.076
293.099
293.001
293.005
293.014
293.03
293.053
293.084
293.124
293.171
293.226
293.286
293.005
293.019
293.049
293.096
293.163
293.248
293.349
293.463
293.587
293.72
293.018
293.064
293.148
293.274
293.438
293.634
293.853
294.085
294.324
294.567
293.057
293.185
293.395
293.682
294.032
294.423
294.83
295.227
295.6
295.952
293.162
293.474
293.933
294.51
295.16
295.831
296.463
297.004
297.442
297.784
293.407
294.085
294.973
296.002
297.059
298.033
298.792
299.289
299.548
299.541
293.911
295.258
296.803
298.442
299.91
301.014
301.47
301.451
301.106
300.106
294.835
297.354
299.792
302.097
303.728
304.333
303.409
302.262
301.127
299.938
296.376
300.926
304.541
307.092
308.322
307.573
306.294
304.95
303.506
302.14
298.838
306.829
312.984
315.117
314.723
314.148
312.882
311.596
309.814
307.226
303.333
318.368
322.12
323.137
322.983
323.125
322.609
322.019
320.48
316.116
293
293
293
293
293
293
293
293
293
293
293
293
293
293
293
293
293
293
293
293
293
293
293
293
293
293
293
293
293
293
293
293
293
293
293
293
293
293
293
293
293
293
293
293
293
293
293
293
293
293
293
293
293
293
293
293
293
293
293
293
293
293
293
293
293
293
293
293
293
293
293
293
293
293
293
293
293
293
293
293
293
293
293
293
293
293
293
293
293
293
293
293
293
293
293
293
293
293
293
293
293
293
293
293
293
293
293
293.001
293.001
293.001
293
293
293
293
293.001
293.001
293.002
293.003
293.004
293.006
293
293
293
293.001
293.003
293.005
293.009
293.013
293.018
293.025
293
293.001
293.003
293.007
293.013
293.021
293.033
293.048
293.065
293.085
293.001
293.004
293.012
293.026
293.047
293.075
293.11
293.152
293.201
293.254
293.004
293.017
293.044
293.087
293.147
293.223
293.314
293.416
293.527
293.646
293.016
293.058
293.135
293.248
293.396
293.572
293.769
293.977
294.191
294.408
293.052
293.17
293.36
293.619
293.932
294.28
294.642
294.995
295.329
295.643
293.149
293.433
293.847
294.362
294.938
295.531
296.089
296.569
296.961
297.272
293.374
293.986
294.781
295.691
296.618
297.471
298.134
298.575
298.817
298.833
293.832
295.039
296.413
297.845
299.118
300.074
300.455
300.445
300.182
299.326
294.664
296.907
299.058
301.039
302.424
302.927
302.044
301.026
300.13
299.205
296.043
300.065
303.229
305.347
306.257
305.56
304.519
303.489
302.352
301.284
298.224
305.225
310.692
312.025
311.607
311.186
310.244
309.35
307.974
305.887
302.164
315.347
318.321
319.1
318.925
319.042
318.65
318.277
317.132
313.679
293
293
293
293
293
293
293
293
293
293
293
293
293
293
293
293
293
293
293
293
293
293
293
293
293
293
293
293
293
293
293
293
293
293
293
293
293
293
293
293
293
293
293
293
293
293
293
293
293
293
293
293
293
293
293
293
293
293
293
293
293
293
293
293
293
293
293
293
293
293
293
293
293
293
293
293
293
293
293
293
293
293
293
293
293
293
293
293
293
293
293
293
293
293
293
293
293
293
293
293
293
293
293
293
293
293
293
293
293.001
293.001
293
293
293
293
293
293.001
293.001
293.002
293.003
293.005
293
293
293
293.001
293.002
293.004
293.007
293.011
293.015
293.021
293
293.001
293.002
293.006
293.011
293.018
293.028
293.041
293.056
293.073
293.001
293.004
293.01
293.022
293.04
293.065
293.095
293.131
293.173
293.219
293.004
293.015
293.038
293.075
293.127
293.193
293.271
293.359
293.455
293.557
293.014
293.051
293.118
293.216
293.344
293.495
293.664
293.844
294.03
294.219
293.046
293.149
293.316
293.54
293.809
294.109
294.421
294.73
295.026
295.308
293.134
293.383
293.743
294.189
294.686
295.197
295.686
296.117
296.48
296.783
293.337
293.874
294.565
295.352
296.154
296.896
297.503
297.927
298.187
298.3
293.752
294.809
296
297.241
298.345
299.199
299.644
299.688
299.533
299.117
294.511
296.465
298.324
300.036
301.244
301.774
301.341
300.29
299.586
298.864
295.768
299.258
301.963
303.748
304.601
304.046
303.223
302.349
301.496
300.624
297.748
303.829
308.189
309.449
309.06
308.715
307.948
307.265
306.295
304.841
301.275
312.697
315.237
315.746
315.589
315.673
315.324
315.024
314.348
311.789
293
293
293
293
293
293
293
293
293
293
293
293
293
293
293
293
293
293
293
293
293
293
293
293
293
293
293
293
293
293
293
293
293
293
293
293
293
293
293
293
293
293
293
293
293
293
293
293
293
293
293
293
293
293
293
293
293
293
293
293
293
293
293
293
293
293
293
293
293
293
293
293
293
293
293
293
293
293
293
293
293
293
293
293
293
293
293
293
293
293
293
293
293
293
293
293
293
293
293
293
293
293
293
293
293
293
293
293
293
293.001
293
293
293
293
293
293
293.001
293.002
293.002
293.004
293
293
293
293.001
293.002
293.003
293.005
293.008
293.012
293.016
293
293
293.002
293.004
293.008
293.014
293.022
293.032
293.043
293.057
293
293.003
293.008
293.017
293.031
293.05
293.074
293.102
293.135
293.172
293.003
293.012
293.029
293.059
293.099
293.151
293.212
293.282
293.359
293.442
293.011
293.04
293.093
293.17
293.271
293.391
293.527
293.673
293.826
293.982
293.037
293.119
293.251
293.43
293.646
293.888
294.144
294.403
294.657
294.903
293.108
293.309
293.6
293.961
294.366
294.789
295.204
295.587
295.924
296.221
293.278
293.716
294.281
294.929
295.599
296.234
296.792
297.222
297.518
297.715
293.633
294.501
295.49
296.533
297.496
298.276
298.815
299.006
298.965
298.791
294.294
295.913
297.479
298.979
300.107
300.729
300.794
300.057
299.315
298.73
295.412
298.338
300.612
302.418
303.251
302.991
302.391
301.654
300.965
300.256
297.197
302.429
305.773
307.657
307.408
306.908
306.309
305.716
305.052
304.065
300.392
310.333
312.993
313.37
313.235
313.143
312.863
312.536
312.075
310.376
293
293
293
293
293
293
293
293
293
293
293
293
293
293
293
293
293
293
293
293
293
293
293
293
293
293
293
293
293
293
293
293
293
293
293
293
293
293
293
293
293
293
293
293
293
293
293
293
293
293
293
293
293
293
293
293
293
293
293
293
293
293
293
293
293
293
293
293
293
293
293
293
293
293
293
293
293
293
293
293
293
293
293
293
293
293
293
293
293
293
293
293
293
293
293
293
293
293
293
293
293
293
293
293
293
293
293
293
293
293
293
293
293
293
293
293
293.001
293.001
293.002
293.002
293
293
293
293
293.001
293.002
293.003
293.005
293.008
293.011
293
293
293.001
293.003
293.005
293.009
293.014
293.021
293.029
293.039
293
293.002
293.005
293.011
293.021
293.033
293.05
293.07
293.093
293.118
293.002
293.007
293.019
293.039
293.067
293.103
293.146
293.196
293.251
293.311
293.007
293.027
293.062
293.116
293.187
293.272
293.369
293.476
293.589
293.708
293.025
293.081
293.174
293.3
293.455
293.631
293.821
294.017
294.217
294.417
293.075
293.216
293.425
293.686
293.985
294.303
294.626
294.937
295.231
295.507
293.199
293.515
293.93
294.413
294.925
295.432
295.902
296.306
296.639
296.91
293.47
294.11
294.858
295.664
296.443
297.133
297.685
298.046
298.241
298.276
293.998
295.218
296.437
297.666
298.682
299.419
299.8
299.774
299.534
298.908
294.935
297.207
298.974
300.739
301.687
302.118
301.861
301.329
300.686
300.066
296.509
300.79
302.925
305.809
306.048
305.591
305.126
304.562
303.84
303.094
299.457
307.781
311.224
311.554
311.51
311.274
311.094
310.791
310.207
309.256
293
293
293
293
293
293
293
293
293
293
293
293
293
293
293
293
293
293
293
293
293
293
293
293
293
293
293
293
293
293
293
293
293
293
293
293
293
293
293
293
293
293
293
293
293
293
293
293
293
293
293
293
293
293
293
293
293
293
293
293
293
293
293
293
293
293
293
293
293
293
293
293
293
293
293
293
293
293
293
293
293
293
293
293
293
293
293
293
293
293
293
293
293
293
293
293
293
293
293
293
293
293
293
293
293
293
293
293
293
293
293
293
293
293
293
293
293
293
293.001
293.001
293
293
293
293
293
293.001
293.002
293.003
293.004
293.006
293
293
293
293.001
293.003
293.005
293.008
293.012
293.017
293.023
293
293.001
293.003
293.006
293.012
293.02
293.03
293.042
293.057
293.073
293.001
293.004
293.011
293.023
293.04
293.062
293.09
293.122
293.158
293.197
293.004
293.016
293.037
293.071
293.115
293.17
293.233
293.304
293.381
293.462
293.015
293.049
293.108
293.188
293.289
293.405
293.533
293.669
293.811
293.957
293.046
293.137
293.272
293.445
293.645
293.863
294.09
294.318
294.546
294.771
293.129
293.337
293.617
293.944
294.299
294.662
295.017
295.349
295.656
295.939
293.32
293.753
294.272
294.832
295.399
295.937
296.414
296.812
297.13
297.374
293.716
294.553
295.428
296.304
297.116
297.811
298.327
298.664
298.829
298.807
294.466
296.023
297.37
298.641
299.672
300.431
300.817
300.967
300.805
300.216
295.815
298.703
300.667
302.453
303.784
304.724
304.396
303.799
303.268
302.607
298.522
303.761
308.686
309.965
309.802
310.032
309.847
309.359
308.893
308.093
293
293
293
293
293
293
293
293
293
293
293
293
293
293
293
293
293
293
293.002
293.01
293.036
293.119
293.335
293.797
294.575
293
293
293
293
293
293
293
293
293
293
293
293
293
293
293
293
293
293
293.001
293.006
293.021
293.068
293.187
293.435
293.834
293
293
293
293
293
293
293
293
293
293
293
293
293
293
293
293
293
293
293.001
293.003
293.01
293.033
293.089
293.203
293.381
293
293
293
293
293
293
293
293
293
293
293
293
293
293
293
293
293
293
293
293.001
293.005
293.014
293.037
293.083
293.154
293
293
293
293
293
293
293
293
293
293
293
293
293
293
293
293
293
293
293
293
293.002
293.005
293.014
293.031
293.056
293
293
293
293
293
293
293
293
293
293
293
293
293
293
293
293
293
293
293
293
293.001
293.002
293.005
293.01
293.018
293
293
293
293
293
293
293
293
293
293
293
293
293
293
293
293
293
293
293
293
293
293.001
293.002
293.003
293.006
293
293
293
293
293
293
293
293
293
293
293
293
293
293
293
293
293
293
293
293
293
293
293
293.001
293.002
293
293
293
293
293
293
293
293
293
293
293
293
293
293
293
293
293
293
293
293
293
293
293
293
293
293
293
293
293
293
293
293
293
293
293
293
293
293
293
293
293
293
293
293
293
293
293
293
293
293
293
293
293
293
293
293
293
293
293
293
293
293
293
293
293
293
293
293
293
293
293
293
293
293
293
293
293
293
293
293
293
293
293
293
293
293
293
293
293
293
293
293
293
293
293
293
293
293
293
293
293
293
293
293
293
293
293
293
293
293
293
293
293
293
293
293
293
293
293
293
293
293
293
293
293
293
293
293
293
293
293
293
293
293
293
293
293
293
293
293
293
293
293
293
293
293
293
293
293
293
293
293
293
293
293
293
293
293
293
293
293
293
293
293
293
293
293
293
293
293
293
293
293
293
293
293
293
293
293
293
293
293
293
293
293
293
293
293
293
293
293
293
293
293
293
293
293
293
293
293
293
293
293
293
293
293
293
293
293
293
293
293
293
293
293
293
293
293
293
293
293
293
293
293
293
293
293
293
293
293
293
293
293
293
293
293
293
293
293
293
293
293
293
293
293
293
293
293
293
293
293
293
293
293
293
293
293
293
293
293
293
293
293
293
293
293
293
293
293
293
293
293
293
293
293
293
293
293
293
293
293
293
293
293
293
293
293
293
293
293
293
293
293
293
293
293
293
293
293
293
295.481
296.14
296.713
296.983
297.09
297.09
296.983
294.267
294.71
295.115
295.317
295.401
295.401
295.317
293.569
293.822
294.069
294.202
294.26
294.26
294.202
293.228
293.353
293.484
293.561
293.596
293.596
293.561
293.083
293.136
293.198
293.236
293.255
293.255
293.236
293.027
293.048
293.073
293.091
293.099
293.099
293.091
293.008
293.016
293.025
293.032
293.035
293.035
293.032
293.002
293.005
293.008
293.01
293.012
293.012
293.01
293.001
293.001
293.002
293.003
293.004
293.004
293.003
293
293
293.001
293.001
293.001
293.001
293.001
293
293
293
293
293
293
293
293
293
293
293
293
293
293
293
293
293
293
293
293
293
293
293
293
293
293
293
293
293
293
293
293
293
293
293
293
293
293
293
293
293
293
293
293
293
293
293
293
293
293
293
293
293
293
293
293
293
305.422
301.983
298.953
297.448
296.771
296.441
296.269
296.174
296.122
296.092
296.073
296.061
296.051
296.042
296.033
296.024
296.016
296.007
296
295.993
295.988
295.984
295.982
295.982
295.983
295.985
306.373
302.154
298.764
297
296.311
296.044
295.942
295.902
295.885
295.877
295.872
295.868
295.864
295.859
295.855
295.85
295.846
295.843
295.843
295.845
295.849
295.855
295.864
295.874
295.885
295.897
307.252
302.63
298.889
296.943
296.12
295.831
295.73
295.694
295.682
295.679
295.678
295.678
295.677
295.677
295.677
295.677
295.679
295.682
295.689
295.698
295.709
295.723
295.737
295.753
295.767
295.782
308.247
303.748
299.698
297.319
296.182
295.762
295.596
295.527
295.498
295.485
295.479
295.477
295.476
295.476
295.477
295.479
295.482
295.488
295.497
295.507
295.52
295.533
295.548
295.563
295.577
295.591
309.329
305.301
301.089
298.115
296.614
295.932
295.614
295.461
295.385
295.344
295.321
295.307
295.298
295.292
295.288
295.286
295.286
295.288
295.292
295.298
295.306
295.316
295.326
295.338
309.326
305.296
301.084
298.112
296.612
295.931
295.614
295.461
295.385
295.344
295.321
295.307
295.298
295.292
295.288
295.286
295.286
295.288
295.292
295.299
295.307
295.316
295.326
308.242
303.741
299.692
297.315
296.181
295.761
295.595
295.527
295.498
295.485
295.48
295.477
295.476
295.476
295.477
295.479
295.483
295.489
295.497
295.507
295.519
307.247
302.623
298.884
296.94
296.118
295.83
295.729
295.694
295.682
295.679
295.678
295.678
295.677
295.677
295.677
295.677
295.679
295.682
295.689
295.859
295.854
295.849
302.79
301.409
299.476
298.291
297.571
297.117
296.821
296.622
296.487
296.395
296.331
296.284
296.25
296.224
296.203
296.187
296.174
296.164
296.156
296.15
296.146
296.144
296.144
296.144
296.146
296.148
303.669
301.576
299.022
297.454
296.735
296.384
296.206
296.111
296.057
296.025
296.004
295.991
295.981
295.974
295.969
295.965
295.964
295.964
295.967
295.972
295.979
295.987
295.998
296.009
296.021
296.033
304.675
301.917
298.972
297.15
296.322
295.992
295.85
295.786
295.756
295.743
295.738
295.736
295.737
295.739
295.742
295.746
295.752
295.76
295.77
295.782
295.796
295.811
295.828
295.846
295.864
295.88
305.874
302.876
299.612
297.45
296.309
295.87
295.676
295.584
295.54
295.519
295.509
295.505
295.504
295.506
295.509
295.514
295.521
295.529
295.54
295.552
295.566
295.581
295.598
295.615
295.632
307.232
304.362
300.902
298.22
296.735
296.054
295.711
295.531
295.434
295.38
295.348
295.329
295.317
295.31
295.306
295.305
295.306
295.309
295.313
295.32
295.329
295.338
295.349
295.361
307.228
304.357
300.897
298.217
296.733
296.052
295.71
295.531
295.434
295.38
295.349
295.33
295.318
295.311
295.307
295.305
295.306
295.309
295.314
295.321
295.329
295.338
305.869
302.87
299.607
297.446
296.307
295.869
295.675
295.584
295.54
295.519
295.509
295.505
295.504
295.506
295.509
295.514
295.521
295.529
295.54
295.552
304.67
301.911
298.967
297.147
296.32
295.991
295.849
295.786
295.756
295.743
295.738
295.736
295.737
295.739
295.742
295.746
295.752
295.76
295.77
300.559
300.431
299.934
299.31
298.721
298.224
297.822
297.503
297.253
297.058
296.906
296.786
296.692
296.617
296.557
296.51
296.472
296.441
296.417
296.399
296.384
296.373
296.365
296.358
296.353
296.349
301.65
300.917
299.474
298.315
297.573
297.106
296.807
296.611
296.479
296.387
296.321
296.273
296.237
296.21
296.191
296.176
296.166
296.16
296.158
296.159
296.162
296.167
296.175
296.183
296.192
296.202
302.633
301.209
299.108
297.472
296.708
296.324
296.12
296.006
295.941
295.902
295.879
295.865
295.859
295.856
295.857
295.86
295.866
295.874
295.885
295.897
295.911
295.926
295.943
295.96
295.978
295.995
303.79
301.931
299.474
297.581
296.499
296.043
295.816
295.695
295.628
295.59
295.57
295.559
295.555
295.555
295.559
295.564
295.572
295.582
295.594
295.607
295.622
295.638
295.655
295.673
295.691
305.266
303.299
300.612
298.292
296.867
296.201
295.839
295.633
295.512
295.439
295.394
295.366
295.349
295.338
295.332
295.33
295.33
295.333
295.338
295.345
295.353
305.262
303.294
300.607
298.289
296.865
296.199
295.838
295.632
295.512
295.439
295.395
295.367
295.349
295.339
295.333
295.33
295.331
295.333
295.338
295.345
295.353
303.785
301.925
299.469
297.578
296.497
296.042
295.815
295.694
295.628
295.59
295.57
295.56
295.555
295.556
295.559
295.565
295.572
295.582
295.594
295.607
302.629
301.204
299.104
297.469
296.705
296.323
296.119
296.006
295.94
295.901
295.878
295.865
295.858
295.856
295.857
295.86
295.866
295.874
298.75
298.83
298.861
298.82
298.71
298.551
298.364
298.165
297.968
297.78
297.606
297.45
297.311
297.189
297.084
296.994
296.917
296.852
296.797
296.75
296.711
296.679
296.65
296.626
296.604
296.585
299.89
299.891
299.518
298.97
298.445
298.006
297.657
297.383
297.169
297.002
296.87
296.765
296.682
296.615
296.562
296.519
296.486
296.46
296.44
296.426
296.416
296.409
296.405
296.403
296.403
296.403
301.175
300.597
299.196
298.02
297.319
296.886
296.609
296.425
296.301
296.215
296.155
296.114
296.084
296.065
296.052
296.045
296.043
296.044
296.048
296.055
296.064
296.075
296.087
296.099
296.113
296.126
302.161
301.086
299.354
297.751
296.798
296.326
296.058
295.896
295.796
295.732
295.691
295.666
295.651
295.643
295.641
295.644
295.649
295.657
295.667
295.679
295.692
295.707
295.722
295.738
295.754
303.555
302.258
300.28
298.339
297.037
296.392
296.015
295.781
295.633
295.536
295.473
295.431
295.403
295.385
295.373
295.367
295.365
295.366
295.369
295.375
295.382
303.55
302.253
300.276
298.335
297.034
296.391
296.014
295.781
295.632
295.536
295.473
295.431
295.403
295.385
295.374
295.368
295.365
295.366
295.369
295.375
295.382
302.156
301.08
299.349
297.748
296.795
296.325
296.057
295.896
295.795
295.732
295.691
295.666
295.651
295.644
295.642
295.644
295.649
295.657
295.667
297.347
297.429
297.511
297.588
297.649
297.691
297.71
297.707
297.684
297.645
297.592
297.53
297.462
297.391
297.319
297.249
297.181
297.117
297.057
297.002
296.951
296.903
296.86
296.818
296.776
296.734
298.54
298.634
298.678
298.625
298.487
298.3
298.095
297.892
297.703
297.534
297.385
297.256
297.145
297.05
296.968
296.899
296.84
296.791
296.749
296.714
296.685
296.66
296.639
296.621
296.605
296.589
299.935
299.835
299.173
298.465
297.915
297.504
297.196
296.964
296.787
296.652
296.547
296.467
296.405
296.358
296.322
296.295
296.275
296.261
296.251
296.246
296.244
296.244
296.245
296.248
296.252
296.256
300.926
300.387
299.271
297.971
297.202
296.732
296.425
296.217
296.072
295.97
295.898
295.847
295.811
295.787
295.772
295.763
295.759
295.76
295.763
295.77
295.777
295.787
295.797
295.808
295.819
302.137
301.333
299.967
298.379
297.27
296.655
296.263
295.999
295.818
295.692
295.603
295.54
295.495
295.464
295.442
295.428
295.419
295.415
295.414
295.416
295.42
302.133
301.329
299.963
298.376
297.268
296.653
296.262
295.999
295.818
295.692
295.603
295.54
295.495
295.464
295.442
295.428
295.419
295.415
295.414
295.416
295.42
300.922
300.382
299.267
297.968
297.2
296.731
296.424
296.216
296.072
295.97
295.898
295.847
295.811
295.787
295.772
295.763
295.759
295.76
295.763
296.238
296.322
296.406
296.489
296.57
296.645
296.713
296.772
296.822
296.86
296.889
296.908
296.918
296.922
296.918
296.907
296.89
296.869
296.844
296.816
296.785
296.753
296.717
296.675
296.63
296.581
297.333
297.425
297.514
297.59
297.643
297.667
297.663
297.636
297.59
297.53
297.462
297.388
297.313
297.237
297.165
297.097
297.034
296.976
296.924
296.877
296.835
296.796
296.76
296.727
296.695
296.662
298.35
298.5
298.526
298.396
298.169
297.91
297.658
297.431
297.236
297.072
296.937
296.826
296.735
296.661
296.6
296.55
296.509
296.476
296.449
296.427
296.409
296.394
296.382
296.372
296.363
296.354
299.82
299.729
299.052
298.248
297.653
297.217
296.89
296.642
296.452
296.306
296.194
296.108
296.041
295.991
295.953
295.925
295.905
295.891
295.882
295.877
295.875
295.875
295.876
295.879
295.882
300.927
300.539
299.705
298.446
297.587
297.014
296.609
296.314
296.096
295.933
295.81
295.717
295.647
295.595
295.556
295.527
295.506
295.492
295.483
295.477
295.475
300.923
300.536
299.701
298.444
297.585
297.013
296.608
296.314
296.095
295.932
295.81
295.717
295.648
295.595
295.556
295.527
295.507
295.492
295.483
295.477
295.475
299.817
299.726
299.048
298.246
297.651
297.215
296.889
296.641
296.452
296.306
296.194
296.107
296.041
295.991
295.953
295.925
295.905
295.891
295.882
295.307
295.387
295.467
295.548
295.627
295.705
295.781
295.852
295.919
295.98
296.035
296.084
296.126
296.161
296.19
296.213
296.229
296.239
296.244
296.243
296.237
296.226
296.209
296.186
296.157
296.123
296.225
296.321
296.417
296.513
296.603
296.685
296.755
296.812
296.856
296.887
296.905
296.913
296.912
296.903
296.887
296.867
296.844
296.818
296.79
296.759
296.727
296.694
296.66
296.623
296.583
297.138
297.261
297.378
297.466
297.513
297.514
297.477
297.411
297.327
297.233
297.138
297.045
296.958
296.879
296.807
296.742
296.684
296.633
296.589
296.55
296.517
296.487
296.46
296.436
296.413
298.014
298.224
298.301
298.187
297.951
297.667
297.386
297.132
296.912
296.727
296.573
296.446
296.341
296.255
296.186
296.131
296.087
296.052
296.024
296.002
295.984
295.97
295.959
295.95
295.942
299.215
299.461
299.27
298.625
297.993
297.481
297.076
296.754
296.496
296.291
296.127
295.995
295.891
295.808
295.742
295.69
295.65
295.618
295.594
295.576
295.562
299.214
299.46
299.268
298.623
297.992
297.48
297.075
296.753
296.496
296.291
296.126
295.995
295.891
295.808
295.742
295.69
295.65
295.618
295.594
295.576
295.562
298.013
298.222
298.299
298.185
297.949
297.665
297.384
297.131
296.911
296.727
296.573
296.445
296.341
296.255
296.186
296.131
296.087
296.051
296.023
294.555
294.623
294.693
294.763
294.833
294.903
294.972
295.04
295.106
295.169
295.228
295.284
295.335
295.382
295.424
295.461
295.492
295.517
295.538
295.552
295.562
295.565
295.565
295.559
295.546
295.258
295.348
295.439
295.531
295.622
295.711
295.796
295.877
295.952
296.019
296.078
296.129
296.172
296.207
296.234
296.254
296.268
296.276
296.278
296.275
296.268
296.257
296.242
296.222
296.197
296.019
296.131
296.246
296.359
296.466
296.561
296.639
296.698
296.738
296.76
296.766
296.758
296.741
296.717
296.687
296.653
296.619
296.583
296.548
296.514
296.481
296.449
296.418
296.388
296.359
296.691
296.849
297.002
297.128
297.209
297.237
297.216
297.156
297.068
296.963
296.851
296.74
296.634
296.536
296.448
296.371
296.304
296.246
296.196
296.153
296.116
296.084
296.056
296.032
296.011
297.418
297.653
297.845
297.913
297.848
297.684
297.462
297.219
296.98
296.761
296.567
296.4
296.257
296.138
296.037
295.954
295.885
295.828
295.781
295.742
295.711
297.418
297.652
297.844
297.912
297.847
297.683
297.461
297.218
296.98
296.761
296.567
296.4
296.257
296.138
296.037
295.954
295.885
295.828
295.781
295.742
295.711
296.69
296.848
297.002
297.127
297.208
297.236
297.215
297.155
297.067
296.962
296.85
296.739
296.633
296.535
296.448
296.371
296.303
296.245
296.195
293.987
294.04
294.094
294.149
294.205
294.261
294.317
294.374
294.429
294.484
294.537
294.588
294.636
294.682
294.725
294.764
294.799
294.83
294.857
294.879
294.896
294.908
294.916
294.921
294.922
294.484
294.558
294.634
294.71
294.788
294.865
294.943
295.019
295.093
295.165
295.232
295.296
295.354
295.407
295.455
295.496
295.532
295.562
295.586
295.604
295.616
295.624
295.625
295.623
295.617
295.057
295.154
295.253
295.353
295.455
295.555
295.652
295.744
295.828
295.904
295.97
296.026
296.071
296.107
296.134
296.153
296.164
296.169
296.168
296.163
296.154
296.141
296.125
296.107
296.086
295.57
295.695
295.825
295.955
296.082
296.198
296.298
296.378
296.437
296.474
296.492
296.493
296.479
296.453
296.42
296.382
296.341
296.298
296.257
296.216
296.177
296.141
296.107
296.075
296.045
296.043
296.212
296.386
296.551
296.69
296.792
296.851
296.867
296.844
296.79
296.714
296.624
296.526
296.428
296.332
296.243
296.161
296.088
296.023
295.965
295.916
296.043
296.212
296.386
296.551
296.69
296.792
296.851
296.866
296.843
296.79
296.714
296.623
296.526
296.428
296.332
296.243
296.161
296.088
296.023
295.965
295.916
295.569
295.695
295.824
295.955
296.081
296.197
296.297
296.377
296.436
296.474
296.492
296.492
296.478
296.453
296.42
296.381
296.34
296.298
296.256
293.588
293.625
293.663
293.703
293.743
293.784
293.825
293.867
293.91
293.951
293.993
294.034
294.073
294.111
294.147
294.181
294.213
294.241
294.267
294.289
294.308
294.323
294.334
294.342
294.347
293.913
293.968
294.024
294.081
294.14
294.2
294.261
294.321
294.382
294.442
294.501
294.558
294.612
294.664
294.713
294.758
294.799
294.836
294.868
294.895
294.918
294.936
294.948
294.956
294.961
294.307
294.381
294.458
294.537
294.618
294.7
294.782
294.865
294.946
295.024
295.099
295.17
295.235
295.296
295.35
295.397
295.439
295.474
295.503
295.526
295.543
295.555
295.561
295.563
295.56
294.67
294.766
294.866
294.969
295.074
295.181
295.286
295.387
295.483
295.571
295.649
295.718
295.775
295.823
295.86
295.887
295.906
295.917
295.921
295.92
295.915
295.905
295.892
295.877
295.859
294.974
295.096
295.224
295.357
295.491
295.622
295.745
295.855
295.949
296.025
296.082
296.121
296.143
296.15
296.144
296.128
296.105
296.076
296.044
296.01
295.975
294.974
295.096
295.224
295.357
295.491
295.622
295.745
295.854
295.948
296.024
296.082
296.12
296.142
296.149
296.144
296.128
296.105
296.076
296.044
296.01
295.975
294.67
294.766
294.866
294.969
295.074
295.18
295.285
295.387
295.482
295.57
295.649
295.717
295.775
295.822
295.859
295.887
295.905
295.916
295.921
293.328
293.351
293.376
293.402
293.428
293.455
293.483
293.512
293.541
293.57
293.599
293.628
293.657
293.685
293.712
293.737
293.762
293.784
293.805
293.824
293.84
293.853
293.864
293.872
293.877
293.88
293.524
293.561
293.599
293.638
293.678
293.72
293.762
293.806
293.849
293.893
293.937
293.98
294.023
294.064
294.104
294.142
294.177
294.21
294.24
294.266
294.289
294.309
294.324
294.335
294.342
294.347
293.772
293.824
293.878
293.934
293.991
294.051
294.111
294.173
294.235
294.297
294.358
294.418
294.477
294.533
294.586
294.636
294.683
294.725
294.762
294.795
294.824
294.847
294.865
294.879
294.887
294.89
294.008
294.076
294.147
294.22
294.296
294.375
294.455
294.537
294.618
294.698
294.776
294.852
294.923
294.989
295.05
295.105
295.154
295.196
295.233
295.263
295.288
295.306
295.32
295.328
295.331
294.193
294.277
294.365
294.457
294.554
294.653
294.754
294.855
294.954
295.049
295.138
295.22
295.294
295.359
295.415
295.462
295.5
295.53
295.552
295.567
295.577
294.193
294.277
294.365
294.457
294.554
294.653
294.754
294.855
294.954
295.049
295.138
295.22
295.294
295.359
295.415
295.462
295.5
295.53
295.552
295.567
295.576
294.008
294.076
294.146
294.22
294.296
294.375
294.455
294.536
294.618
294.698
294.776
294.851
294.922
294.989
295.049
295.104
295.153
295.196
295.232
293.17
293.183
293.198
293.213
293.229
293.246
293.263
293.281
293.299
293.318
293.336
293.355
293.374
293.392
293.411
293.428
293.445
293.461
293.475
293.489
293.501
293.511
293.519
293.526
293.531
293.533
293.28
293.302
293.325
293.349
293.375
293.401
293.428
293.456
293.485
293.514
293.543
293.572
293.601
293.63
293.658
293.686
293.711
293.736
293.759
293.779
293.798
293.814
293.827
293.837
293.844
293.848
293.423
293.456
293.49
293.526
293.563
293.601
293.641
293.683
293.725
293.767
293.81
293.853
293.896
293.938
293.979
294.018
294.055
294.09
294.123
294.152
294.178
294.201
294.22
294.235
294.246
294.253
293.564
293.607
293.652
293.7
293.75
293.802
293.856
293.912
293.969
294.026
294.084
294.142
294.198
294.254
294.307
294.358
294.406
294.45
294.491
294.527
294.559
294.587
294.609
294.627
294.64
293.668
293.721
293.777
293.836
293.898
293.963
294.031
294.1
294.172
294.244
294.316
294.386
294.455
294.521
294.583
294.641
294.695
294.743
294.786
294.824
294.856
293.668
293.721
293.777
293.836
293.898
293.963
294.031
294.1
294.172
294.244
294.315
294.386
294.455
294.521
294.583
294.641
294.695
294.743
294.786
294.824
294.856
293.563
293.607
293.652
293.7
293.75
293.802
293.856
293.912
293.969
294.026
294.084
294.142
294.198
294.254
294.307
294.358
294.406
294.45
294.49
293.081
293.089
293.097
293.105
293.114
293.123
293.133
293.143
293.153
293.164
293.175
293.186
293.197
293.208
293.219
293.23
293.241
293.251
293.26
293.269
293.277
293.284
293.289
293.294
293.298
293.3
293.138
293.15
293.163
293.177
293.191
293.206
293.222
293.239
293.256
293.273
293.291
293.309
293.327
293.345
293.363
293.38
293.397
293.413
293.428
293.442
293.455
293.466
293.475
293.483
293.489
293.492
293.214
293.232
293.252
293.273
293.295
293.318
293.342
293.366
293.392
293.419
293.445
293.473
293.5
293.527
293.554
293.58
293.606
293.63
293.653
293.674
293.693
293.71
293.725
293.737
293.746
293.752
293.29
293.315
293.342
293.37
293.4
293.431
293.464
293.498
293.534
293.57
293.607
293.644
293.682
293.719
293.756
293.793
293.827
293.86
293.892
293.92
293.947
293.97
293.99
294.006
294.019
293.345
293.375
293.408
293.442
293.479
293.517
293.558
293.6
293.644
293.69
293.736
293.783
293.83
293.877
293.922
293.967
294.009
294.05
294.087
294.121
294.152
293.345
293.375
293.408
293.442
293.479
293.517
293.558
293.6
293.644
293.69
293.736
293.783
293.83
293.876
293.922
293.967
294.009
294.049
294.087
294.121
294.152
293.29
293.315
293.342
293.37
293.4
293.431
293.464
293.498
293.534
293.57
293.607
293.644
293.682
293.719
293.756
293.792
293.827
293.86
293.891
293.036
293.039
293.043
293.047
293.052
293.057
293.062
293.067
293.072
293.078
293.084
293.09
293.096
293.102
293.108
293.114
293.12
293.126
293.131
293.136
293.141
293.145
293.149
293.152
293.154
293.156
293.062
293.068
293.075
293.082
293.09
293.098
293.106
293.115
293.124
293.133
293.143
293.153
293.163
293.174
293.184
293.194
293.204
293.213
293.222
293.231
293.238
293.245
293.251
293.256
293.26
293.263
293.099
293.109
293.119
293.13
293.142
293.154
293.167
293.181
293.195
293.21
293.225
293.24
293.256
293.272
293.288
293.303
293.318
293.333
293.347
293.361
293.373
293.384
293.393
293.401
293.407
293.412
293.137
293.15
293.164
293.179
293.196
293.213
293.231
293.25
293.269
293.29
293.311
293.333
293.355
293.377
293.399
293.421
293.443
293.464
293.484
293.502
293.519
293.535
293.549
293.56
293.569
293.163
293.179
293.196
293.214
293.234
293.255
293.277
293.3
293.325
293.35
293.376
293.403
293.431
293.459
293.486
293.514
293.541
293.566
293.591
293.614
293.635
293.163
293.179
293.196
293.214
293.234
293.255
293.277
293.3
293.325
293.35
293.376
293.403
293.431
293.459
293.486
293.514
293.541
293.566
293.591
293.614
293.635
293.137
293.15
293.164
293.179
293.195
293.213
293.231
293.25
293.269
293.29
293.311
293.333
293.355
293.377
293.399
293.421
293.443
293.464
293.484
293.014
293.016
293.018
293.019
293.022
293.024
293.026
293.029
293.031
293.034
293.037
293.04
293.043
293.046
293.049
293.052
293.055
293.058
293.061
293.063
293.066
293.068
293.07
293.072
293.073
293.074
293.026
293.028
293.032
293.035
293.038
293.042
293.046
293.05
293.055
293.06
293.065
293.07
293.075
293.08
293.085
293.09
293.096
293.101
293.106
293.11
293.114
293.118
293.122
293.125
293.127
293.129
293.042
293.046
293.051
293.056
293.062
293.068
293.074
293.081
293.088
293.096
293.103
293.111
293.12
293.128
293.136
293.145
293.153
293.161
293.169
293.176
293.183
293.189
293.195
293.199
293.203
293.206
293.059
293.065
293.072
293.079
293.087
293.096
293.105
293.114
293.124
293.135
293.146
293.157
293.168
293.18
293.192
293.204
293.216
293.227
293.238
293.249
293.259
293.268
293.276
293.283
293.288
293.07
293.078
293.086
293.095
293.104
293.115
293.126
293.137
293.149
293.162
293.176
293.19
293.204
293.219
293.233
293.248
293.263
293.277
293.291
293.304
293.316
293.07
293.078
293.086
293.095
293.104
293.115
293.126
293.137
293.149
293.162
293.176
293.19
293.204
293.219
293.233
293.248
293.263
293.277
293.291
293.304
293.059
293.065
293.072
293.079
293.087
293.096
293.105
293.114
293.124
293.135
293.146
293.157
293.168
293.18
293.192
293.204
293.216
293.227
293.238
293.005
293.006
293.006
293.007
293.008
293.009
293.01
293.011
293.012
293.013
293.015
293.016
293.017
293.019
293.02
293.021
293.023
293.024
293.026
293.027
293.028
293.029
293.03
293.031
293.032
293.032
293.009
293.011
293.012
293.013
293.015
293.016
293.018
293.02
293.022
293.024
293.026
293.029
293.031
293.033
293.036
293.038
293.041
293.043
293.046
293.048
293.05
293.052
293.054
293.055
293.057
293.057
293.016
293.018
293.02
293.022
293.025
293.027
293.03
293.033
293.036
293.04
293.043
293.047
293.051
293.055
293.059
293.063
293.067
293.071
293.074
293.078
293.082
293.085
293.088
293.09
293.092
293.094
293.023
293.025
293.028
293.032
293.035
293.039
293.043
293.047
293.052
293.057
293.062
293.067
293.073
293.078
293.084
293.09
293.095
293.101
293.107
293.112
293.117
293.122
293.126
293.129
293.132
293.027
293.031
293.034
293.038
293.042
293.047
293.052
293.057
293.062
293.068
293.075
293.081
293.088
293.095
293.102
293.109
293.116
293.123
293.13
293.136
293.142
293.116
293.123
293.129
293.136
293.002
293.002
293.002
293.002
293.003
293.003
293.003
293.004
293.004
293.005
293.005
293.006
293.006
293.007
293.007
293.008
293.009
293.009
293.01
293.01
293.011
293.011
293.012
293.012
293.013
293.013
293.003
293.004
293.004
293.005
293.005
293.006
293.006
293.007
293.008
293.009
293.01
293.011
293.012
293.013
293.014
293.015
293.016
293.017
293.018
293.019
293.02
293.021
293.022
293.022
293.023
293.023
293.005
293.006
293.007
293.008
293.009
293.01
293.011
293.012
293.013
293.015
293.016
293.018
293.019
293.021
293.023
293.025
293.026
293.028
293.03
293.031
293.033
293.034
293.036
293.037
293.038
293.039
293.008
293.009
293.01
293.011
293.013
293.014
293.016
293.018
293.019
293.021
293.024
293.026
293.028
293.031
293.033
293.036
293.038
293.041
293.043
293.046
293.048
293.05
293.052
293.054
293.055
293.009
293.011
293.012
293.014
293.015
293.017
293.019
293.021
293.024
293.026
293.029
293.031
293.034
293.037
293.04
293.043
293.046
293.049
293.052
293.055
293.058
293
293
293
293.001
293.001
293.001
293.001
293.001
293.001
293.001
293.002
293.002
293.002
293.002
293.002
293.003
293.003
293.003
293.003
293.003
293.004
293.004
293.004
293.004
293.004
293.004
293.001
293.001
293.001
293.001
293.001
293.002
293.002
293.002
293.002
293.003
293.003
293.003
293.004
293.004
293.005
293.005
293.005
293.006
293.006
293.007
293.007
293.007
293.008
293.008
293.008
293.008
293.002
293.002
293.002
293.002
293.003
293.003
293.003
293.004
293.004
293.005
293.005
293.006
293.007
293.007
293.008
293.009
293.009
293.01
293.011
293.011
293.012
293.012
293.013
293.014
293.014
293.014
293.002
293.003
293.003
293.004
293.004
293.005
293.005
293.006
293.006
293.007
293.008
293.009
293.01
293.011
293.012
293.013
293.014
293.015
293.016
293.017
293.018
293.018
293.019
293.02
293.021
293.003
293.003
293.004
293.004
293.005
293.006
293.006
293.007
293.008
293.009
293.01
293.011
293.012
293.013
293.014
293.015
293.017
293.018
293.019
293.02
293.021
293
293
293
293
293
293
293
293
293
293
293
293
293
293
293.001
293.001
293.001
293.001
293.001
293.001
293.001
293.001
293.001
293.001
293.001
293.001
293
293
293
293
293
293
293
293
293.001
293.001
293.001
293.001
293.001
293.001
293.001
293.001
293.002
293.002
293.002
293.002
293.002
293.002
293.002
293.002
293.003
293.003
293
293
293
293.001
293.001
293.001
293.001
293.001
293.001
293.001
293.002
293.002
293.002
293.002
293.002
293.003
293.003
293.003
293.003
293.004
293.004
293.004
293.004
293.004
293.005
293.005
293.001
293.001
293.001
293.001
293.001
293.001
293.001
293.002
293.002
293.002
293.002
293.003
293.003
293.003
293.004
293.004
293.004
293.005
293.005
293.005
293.006
293.006
293.006
293.007
293.007
293.001
293.001
293.001
293.001
293.001
293.002
293.002
293.002
293.002
293.003
293.003
293.003
293.004
293.004
293.004
293.005
293.005
293.006
293.006
293.006
293.007
293
293
293
293
293
293
293
293
293
293
293
293
293
293
293
293
293
293
293
293
293
293
293
293
293
293
293
293
293
293
293
293
293
293
293
293
293
293
293
293
293
293
293
293
293
293
293
293
293.001
293.001
293.001
293.001
293
293
293
293
293
293
293
293
293
293
293
293
293
293
293.001
293.001
293.001
293.001
293.001
293.001
293.001
293.001
293.001
293.001
293.001
293.001
293
293
293
293
293
293
293
293
293
293
293
293.001
293.001
293.001
293.001
293.001
293.001
293.001
293.001
293.001
293.002
293.002
293.002
293.002
293.002
293
293
293
293
293
293
293
293
293
293.001
293.001
293.001
293.001
293.001
293.001
293.001
293.001
293.001
293.002
293.002
293.002
293
293
293
293
293
293
293
293
293
293
293
293
293
293
293
293
293
293
293
293
293
293
293
293
293
293
293
293
293
293
293
293
293
293
293
293
293
293
293
293
293
293
293
293
293
293
293
293
293
293
293
293
293
293
293
293
293
293
293
293
293
293
293
293
293
293
293
293
293
293
293
293
293
293
293
293
293
293
293
293
293
293
293
293
293
293
293
293
293
293
293
293
293
293
293
293
293
293
293
293
293
293
293
293
293
293
293
293
293
293
293
293
293
293
293
293
293
293
293
293
293
293
293
293
293
293
293
293
293
293
293
293
293
293
293
293
293
293
293
293
293
293
293
293
293
293
293
293
293
293
293
293
293
293
293
293
293
293
293
293
293
293
293
293
293
293
293
293
293
293
293
293
293
293
293
293
293
293
293
293
293
293
293
293
293
293
293
293
293
293
293
293
293
293
293
293
293
293
293
293
293
293
293
293
293
293
293
293
293
293
293
293
293
293
293
293
293
293
293
293
293
293
293
293
293
293
293
293
293
293
293
293
293
293
293
293
293
293
293
293
293
293
293
293
293
293
293
293
293
293
293
293
293
293
293
293
293
293
293
293
293
293
293
293
293
293
293
293
293
293
293
293
293
293
293
293
293
293
293
293
293
293
293
293
293
293
293
293
293
293
293
293
293
293
293
293
293
293
293
293
293
293
293
293
293
293
293
293
293
293
293
293
293
293
293
293
293
293
293
293
293
293
293
293
293
293
293
293
293
293
293
293
293
293
293
293
293
293
293
293
293
293
293
293
293
293
293
293
293
293
293
293
293
293
293
293
293
293
293
293
293
293
293
293
293
293
293
293
293
293
293
293
293
293
293
293
293
293
293
293
293
293
293
293
293
293
293
293
293
293
293
293
293
293
293
293
293
293
293
293
293
293
293
293
293
293
293
293
293
293
293
293
293
293
293
293
293
293
293
293
293
293
293
293
293
293
293
293
293
293
293
293
293
293
293
293
293
293
293
293
293
293
293
293
293
293
293
293
293
293
293
293
293
293
293
293
293
293
293
293
293
293
293
293
293
293
293
293
293
293
293
293
293
293
293
293
293
293
293
293
293
293
293
293
293
293
293
293
293
293
293
293
293
293
293
293
293
293
293
293
293
293
293
293
293
293
293
293
293
293
293
293
293
293
293
293
293
293
293
293
293
293
293
293
293
293
293
293
293
293
293
293
293.001
293.001
293.001
293.001
293.001
293.001
293.001
293.001
293.001
293.001
293.001
293.001
293.001
293.001
293.001
293.002
293.001
293.001
293.001
293.002
293.002
293.002
293.002
293.002
293.003
293.003
293.003
293.004
293.004
293.004
293.005
293.005
293.005
293.006
293.006
293.006
293.007
293.007
293.007
293.007
293.007
293.008
293.005
293.006
293.007
293.007
293.008
293.009
293.01
293.011
293.012
293.013
293.014
293.015
293.016
293.018
293.019
293.02
293.021
293.022
293.024
293.025
293.026
293.027
293.027
293.028
293.029
293.029
293.02
293.022
293.024
293.027
293.029
293.032
293.035
293.038
293.041
293.044
293.048
293.051
293.055
293.059
293.062
293.066
293.069
293.073
293.076
293.079
293.082
293.085
293.087
293.089
293.09
293.092
293.063
293.068
293.075
293.081
293.088
293.096
293.104
293.112
293.12
293.129
293.138
293.147
293.156
293.165
293.174
293.183
293.192
293.201
293.209
293.216
293.223
293.229
293.234
293.238
293.242
293.246
293.169
293.183
293.198
293.214
293.23
293.247
293.265
293.284
293.303
293.322
293.342
293.362
293.382
293.401
293.421
293.44
293.458
293.475
293.492
293.506
293.52
293.532
293.541
293.55
293.558
293.564
293.398
293.428
293.458
293.49
293.523
293.558
293.593
293.629
293.666
293.703
293.74
293.777
293.813
293.848
293.882
293.915
293.946
293.975
294.002
294.026
294.048
294.066
294.082
294.095
294.106
294.114
293.83
293.883
293.938
293.994
294.052
294.111
294.171
294.231
294.29
294.349
294.406
294.461
294.515
294.565
294.613
294.658
294.698
294.736
294.769
294.798
294.822
294.843
294.862
294.876
294.884
294.887
294.549
294.631
294.715
294.801
294.886
294.969
295.051
295.13
295.205
295.276
295.342
295.402
295.457
295.507
295.551
295.589
295.622
295.651
295.674
295.692
295.708
295.72
295.727
295.726
295.719
295.705
295.601
295.709
295.815
295.915
296.008
296.093
296.167
296.23
296.282
296.325
296.357
296.382
296.399
296.41
296.415
296.417
296.414
296.409
296.403
296.396
296.383
296.365
296.341
296.314
296.282
296.247
296.941
297.039
297.117
297.17
297.197
297.199
297.18
297.146
297.1
297.049
296.995
296.94
296.888
296.839
296.794
296.752
296.713
296.676
296.64
296.606
296.573
296.541
296.509
296.478
296.446
296.413
298.368
298.343
298.233
298.056
297.847
297.637
297.443
297.274
297.133
297.017
296.922
296.845
296.78
296.725
296.679
296.641
296.608
296.58
296.555
296.53
296.507
296.484
296.461
296.439
296.415
296.391
299.618
299.147
298.461
297.905
297.505
297.222
297.021
296.876
296.77
296.692
296.631
296.581
296.544
296.516
296.492
296.472
296.455
296.438
296.422
296.406
296.389
296.373
296.356
296.339
296.322
296.305
300.841
299.866
298.5
297.65
297.164
296.874
296.696
296.583
296.509
296.455
296.418
296.392
296.373
296.359
296.347
296.335
296.324
296.312
296.3
296.287
296.274
296.26
296.247
296.234
296.222
296.209
302.544
300.805
298.702
297.532
296.958
296.655
296.49
296.396
296.335
296.298
296.274
296.259
296.248
296.238
296.23
296.221
296.212
296.202
296.191
296.18
296.169
296.159
296.149
296.139
296.13
296.122
293
293
293
293
293
293
293
293
293
293
293
293
293
293
293
293
293
293
293
293
293
293
293
293
293
293
293
293
293
293
293
293
293
293
293
293
293
293
293
293
293
293
293
293
293
293
293
293
293
293
293
293
293
293
293
293
293
293
293
293
293
293
293
293
293
293
293
293
293
293
293
293
293
293
293
293
293
293
293
293
293
293
293
293
293
293
293
293
293
293
293
293
293
293
293
293
293
293
293
293
293
293
293
293
293
293
293
293
293
293
293
293
293
293
293
293
293
293
293
293
293
293
293
293
293
293
293
293
293
293
293
293
293
293
293
293
293
293
293
293
293
293
293
293
293
293
293
293
293
293
293
293
293
293
293
293
293
293
293
293
293
293
293
293
293
293
293
293
293
293
293
293
293
293
293
293
293
293
293
293
293
293
293
293
293
293
293
293
293
293
293
293
293
293
293
293
293
293
293
293
293
293
293
293
293
293
293
293
293
293
293
293
293
293
293
293
293
293
293
293
293
293
293
293
293
293
293
293
293
293
293
293
293
293
293
293
293
293
293
293
293
293
293
293
293
293
293
293
293
293
293
293
293
293
293
293
293
293
293
293
293
293
293
293
293
293
293
293
293
293
293
293
293
293
293.001
293.001
293.001
293.001
293.001
293.001
293.001
293.001
293.001
293.001
293.001
293.001
293.001
293.001
293.001
293.001
293.001
293.001
293.002
293.002
293.002
293.002
293.002
293.003
293.003
293.003
293.003
293.004
293.004
293.004
293.005
293.005
293.005
293.005
293.005
293.006
293.006
293.006
293.004
293.004
293.005
293.005
293.006
293.007
293.007
293.008
293.009
293.01
293.011
293.012
293.013
293.013
293.014
293.015
293.016
293.017
293.018
293.019
293.02
293.021
293.021
293.022
293.022
293.023
293.015
293.017
293.019
293.021
293.023
293.025
293.027
293.029
293.032
293.034
293.037
293.04
293.043
293.046
293.049
293.051
293.054
293.057
293.06
293.062
293.064
293.066
293.068
293.07
293.071
293.072
293.049
293.053
293.058
293.064
293.069
293.075
293.081
293.088
293.094
293.101
293.108
293.116
293.123
293.13
293.138
293.145
293.152
293.159
293.165
293.171
293.176
293.181
293.185
293.189
293.192
293.195
293.134
293.145
293.157
293.17
293.183
293.197
293.211
293.226
293.241
293.257
293.273
293.289
293.305
293.321
293.337
293.352
293.367
293.381
293.394
293.406
293.417
293.427
293.435
293.442
293.449
293.454
293.319
293.343
293.368
293.394
293.421
293.449
293.478
293.507
293.537
293.568
293.598
293.629
293.659
293.689
293.718
293.746
293.772
293.797
293.819
293.84
293.858
293.874
293.888
293.901
293.911
293.918
293.674
293.717
293.762
293.809
293.857
293.907
293.957
294.008
294.059
294.11
294.16
294.209
294.256
294.302
294.345
294.386
294.423
294.458
294.489
294.516
294.539
294.561
294.579
294.593
294.602
294.606
294.273
294.343
294.415
294.489
294.563
294.638
294.712
294.786
294.857
294.925
294.991
295.052
295.109
295.162
295.21
295.253
295.291
295.323
295.351
295.374
295.396
295.411
295.42
295.423
295.418
295.407
295.173
295.27
295.368
295.466
295.56
295.651
295.736
295.814
295.884
295.946
296
296.045
296.083
296.113
296.137
296.154
296.166
296.174
296.18
296.18
296.174
296.161
296.142
296.117
296.087
296.053
296.367
296.476
296.579
296.67
296.747
296.807
296.849
296.874
296.884
296.881
296.868
296.847
296.821
296.792
296.76
296.728
296.696
296.661
296.625
296.587
296.549
296.511
296.473
296.434
296.395
296.354
297.758
297.826
297.858
297.846
297.793
297.706
297.6
297.485
297.37
297.26
297.16
297.07
296.989
296.917
296.853
296.795
296.744
296.699
296.658
296.621
296.586
296.552
296.52
296.488
296.456
296.424
299.217
299.075
298.801
298.466
298.135
297.843
297.599
297.399
297.236
297.104
296.996
296.905
296.829
296.766
296.714
296.669
296.63
296.597
296.567
296.539
296.513
296.489
296.465
296.442
296.419
296.396
300.196
299.829
299.166
298.525
298.02
297.644
297.367
297.161
297.005
296.884
296.788
296.712
296.653
296.605
296.566
296.533
296.505
296.481
296.459
296.439
296.42
296.403
296.386
296.369
296.353
296.337
301.141
300.487
299.354
298.451
297.837
297.424
297.141
296.944
296.798
296.69
296.609
296.548
296.502
296.465
296.435
296.41
296.389
296.371
296.355
296.34
296.327
296.315
296.303
296.293
296.282
296.273
293
293
293
293
293
293
293
293
293
293
293
293
293
293
293
293
293
293
293
293
293
293
293
293
293
293
293
293
293
293
293
293
293
293
293
293
293
293
293
293
293
293
293
293
293
293
293
293
293
293
293
293
293
293
293
293
293
293
293
293
293
293
293
293
293
293
293
293
293
293
293
293
293
293
293
293
293
293
293
293
293
293
293
293
293
293
293
293
293
293
293
293
293
293
293
293
293
293
293
293
293
293
293
293
293
293
293
293
293
293
293
293
293
293
293
293
293
293
293
293
293
293
293
293
293
293
293
293
293
293
293
293
293
293
293
293
293
293
293
293
293
293
293
293
293
293
293
293
293
293
293
293
293
293
293
293
293
293
293
293
293
293
293
293
293
293
293
293
293
293
293
293
293
293
293
293
293
293
293
293
293
293
293
293
293
293
293
293
293
293
293
293
293
293
293
293
293
293
293
293
293
293
293
293
293
293
293
293
293
293
293
293
293
293
293
293
293
293
293
293
293
293
293
293
293
293
293
293
293
293
293
293
293
293
293
293
293
293
293
293
293
293
293
293
293
293
293
293
293
293
293
293
293
293
293
293
293
293
293
293
293
293
293
293
293
293
293
293
293
293
293
293
293
293
293
293
293
293
293.001
293.001
293.001
293.001
293.001
293.001
293.001
293.001
293
293.001
293.001
293.001
293.001
293.001
293.001
293.001
293.001
293.002
293.002
293.002
293.002
293.002
293.003
293.003
293.003
293.003
293.003
293.004
293.004
293.004
293.004
293.004
293.004
293.004
293.003
293.003
293.004
293.004
293.004
293.005
293.005
293.006
293.007
293.007
293.008
293.009
293.009
293.01
293.011
293.012
293.012
293.013
293.014
293.014
293.015
293.015
293.016
293.016
293.017
293.017
293.011
293.013
293.014
293.015
293.017
293.018
293.02
293.022
293.024
293.026
293.028
293.03
293.032
293.035
293.037
293.039
293.041
293.043
293.045
293.047
293.049
293.051
293.052
293.053
293.054
293.055
293.037
293.041
293.044
293.048
293.053
293.057
293.062
293.067
293.072
293.078
293.083
293.089
293.095
293.1
293.106
293.112
293.117
293.122
293.127
293.132
293.136
293.14
293.143
293.146
293.149
293.151
293.103
293.112
293.121
293.131
293.142
293.152
293.164
293.175
293.187
293.2
293.212
293.225
293.238
293.25
293.263
293.275
293.287
293.298
293.308
293.318
293.326
293.334
293.341
293.347
293.352
293.357
293.25
293.269
293.288
293.309
293.33
293.353
293.376
293.399
293.423
293.448
293.472
293.497
293.521
293.545
293.569
293.591
293.613
293.633
293.651
293.668
293.683
293.696
293.709
293.719
293.728
293.734
293.534
293.569
293.605
293.643
293.682
293.722
293.763
293.804
293.846
293.888
293.93
293.971
294.011
294.05
294.087
294.122
294.155
294.185
294.212
294.236
294.258
294.278
294.295
294.308
294.317
294.321
294.021
294.078
294.137
294.198
294.26
294.323
294.386
294.45
294.512
294.573
294.632
294.689
294.743
294.794
294.841
294.883
294.922
294.956
294.985
295.013
295.037
295.054
295.066
295.072
295.072
295.065
294.763
294.845
294.93
295.015
295.1
295.184
295.266
295.345
295.419
295.488
295.552
295.61
295.661
295.705
295.743
295.775
295.801
295.823
295.842
295.853
295.856
295.852
295.842
295.824
295.8
295.771
295.768
295.87
295.971
296.069
296.161
296.246
296.322
296.386
296.439
296.48
296.511
296.531
296.542
296.546
296.544
296.537
296.527
296.509
296.485
296.457
296.424
296.389
296.351
296.311
296.268
296.223
296.971
297.071
297.16
297.232
297.283
297.311
297.316
297.301
297.27
297.227
297.176
297.122
297.065
297.009
296.951
296.894
296.84
296.787
296.737
296.689
296.643
296.598
296.555
296.512
296.469
296.425
298.321
298.359
298.348
298.286
298.184
298.056
297.915
297.773
297.635
297.505
297.386
297.277
297.178
297.089
297.009
296.938
296.874
296.817
296.765
296.718
296.675
296.634
296.596
296.559
296.523
296.487
299.16
299.129
299.011
298.817
298.581
298.333
298.093
297.873
297.678
297.506
297.357
297.229
297.118
297.023
296.942
296.872
296.812
296.759
296.713
296.672
296.635
296.601
296.57
296.541
296.513
296.485
299.728
299.663
299.441
299.108
298.741
298.389
298.074
297.805
297.577
297.387
297.23
297.099
296.991
296.901
296.826
296.763
296.71
296.665
296.626
296.593
296.564
296.538
296.514
296.493
296.472
296.453
293
293
293
293
293
293
293
293
293
293
293
293
293
293
293
293
293
293
293
293
293
293
293
293
293
293
293
293
293
293
293
293
293
293
293
293
293
293
293
293
293
293
293
293
293
293
293
293
293
293
293
293
293
293
293
293
293
293
293
293
293
293
293
293
293
293
293
293
293
293
293
293
293
293
293
293
293
293
293
293
293
293
293
293
293
293
293
293
293
293
293
293
293
293
293
293
293
293
293
293
293
293
293
293
293
293
293
293
293
293
293
293
293
293
293
293
293
293
293
293
293
293
293
293
293
293
293
293
293
293
293
293
293
293
293
293
293
293
293
293
293
293
293
293
293
293
293
293
293
293
293
293
293
293
293
293
293
293
293
293
293
293
293
293
293
293
293
293
293
293
293
293
293
293
293
293
293
293
293
293
293
293
293
293
293
293
293
293
293
293
293
293
293
293
293
293
293
293
293
293
293
293
293
293
293
293
293
293
293
293
293
293
293
293
293
293
293
293
293
293
293
293
293
293
293
293
293
293
293
293
293
293
293
293
293
293
293
293
293
293
293
293
293
293
293
293
293
293
293
293
293
293
293
293
293
293
293
293
293
293
293
293
293
293
293
293
293
293
293
293
293
293
293
293
293
293
293
293
293
293
293
293
293
293
293
293
293
293
293
293
293.001
293.001
293.001
293.001
293.001
293.001
293.001
293.001
293.001
293.002
293.002
293.002
293.002
293.002
293.002
293.002
293.003
293.003
293.003
293.003
293.003
293.003
293.002
293.002
293.002
293.003
293.003
293.003
293.004
293.004
293.005
293.005
293.006
293.006
293.007
293.007
293.008
293.008
293.009
293.009
293.01
293.01
293.011
293.011
293.012
293.012
293.012
293.012
293.008
293.009
293.01
293.011
293.012
293.013
293.015
293.016
293.017
293.019
293.02
293.022
293.024
293.025
293.027
293.029
293.03
293.032
293.033
293.035
293.036
293.037
293.038
293.039
293.04
293.041
293.027
293.03
293.032
293.035
293.039
293.042
293.046
293.05
293.054
293.058
293.062
293.066
293.07
293.075
293.079
293.083
293.088
293.092
293.095
293.099
293.102
293.105
293.107
293.11
293.112
293.114
293.076
293.083
293.09
293.098
293.106
293.114
293.123
293.132
293.141
293.151
293.16
293.17
293.18
293.19
293.199
293.209
293.218
293.226
293.234
293.242
293.249
293.254
293.26
293.265
293.269
293.272
293.189
293.203
293.219
293.235
293.251
293.269
293.287
293.305
293.324
293.343
293.362
293.382
293.401
293.42
293.438
293.456
293.473
293.489
293.503
293.517
293.528
293.539
293.549
293.558
293.565
293.57
293.41
293.437
293.466
293.496
293.527
293.559
293.591
293.624
293.657
293.691
293.724
293.757
293.79
293.821
293.852
293.88
293.907
293.932
293.955
293.975
293.994
294.011
294.026
294.037
294.045
294.05
293.793
293.84
293.887
293.936
293.986
294.037
294.089
294.14
294.192
294.243
294.293
294.342
294.389
294.433
294.475
294.514
294.549
294.581
294.609
294.637
294.66
294.679
294.692
294.7
294.703
294.7
294.385
294.452
294.522
294.593
294.664
294.736
294.807
294.877
294.945
295.01
295.072
295.13
295.184
295.233
295.277
295.315
295.35
295.381
295.408
295.427
295.44
295.445
295.444
295.435
295.42
295.399
295.191
295.279
295.368
295.456
295.543
295.628
295.708
295.784
295.853
295.915
295.97
296.017
296.056
296.088
296.114
296.135
296.149
296.154
296.151
296.141
296.125
296.102
296.075
296.042
296.005
295.963
296.155
296.253
296.349
296.44
296.524
296.599
296.661
296.711
296.748
296.773
296.787
296.792
296.789
296.778
296.759
296.734
296.703
296.669
296.631
296.592
296.55
296.507
296.462
296.416
296.369
296.319
297.159
297.251
297.331
297.394
297.437
297.459
297.462
297.447
297.419
297.381
297.333
297.279
297.221
297.161
297.101
297.041
296.982
296.924
296.868
296.814
296.762
296.711
296.661
296.612
296.563
296.513
297.819
297.89
297.945
297.975
297.978
297.954
297.907
297.842
297.765
297.68
297.591
297.501
297.412
297.325
297.242
297.164
297.091
297.023
296.959
296.9
296.845
296.793
296.744
296.698
296.652
296.606
298.2
298.267
298.313
298.324
298.298
298.237
298.149
298.043
297.926
297.805
297.684
297.567
297.455
297.351
297.255
297.168
297.089
297.018
296.953
296.896
296.843
296.796
296.752
296.712
296.673
296.635
293
293
293
293
293
293
293
293
293
293
293
293
293
293
293
293
293
293
293
293
293
293
293
293
293
293
293
293
293
293
293
293
293
293
293
293
293
293
293
293
293
293
293
293
293
293
293
293
293
293
293
293
293
293
293
293
293
293
293
293
293
293
293
293
293
293
293
293
293
293
293
293
293
293
293
293
293
293
293
293
293
293
293
293
293
293
293
293
293
293
293
293
293
293
293
293
293
293
293
293
293
293
293
293
293
293
293
293
293
293
293
293
293
293
293
293
293
293
293
293
293
293
293
293
293
293
293
293
293
293
293
293
293
293
293
293
293
293
293
293
293
293
293
293
293
293
293
293
293
293
293
293
293
293
293
293
293
293
293
293
293
293
293
293
293
293
293
293
293
293
293
293
293
293
293
293
293
293
293
293
293
293
293
293
293
293
293
293
293
293
293
293
293
293
293
293
293
293
293
293
293
293
293
293
293
293
293
293
293
293
293
293
293
293
293
293
293
293
293
293
293
293
293
293
293
293
293
293
293
293
293
293
293
293
293
293
293
293
293
293
293
293
293
293
293
293
293
293
293
293
293
293
293
293
293
293
293
293
293
293
293
293
293
293
293
293
293
293
293
293
293
293
293
293
293
293
293
293
293
293
293
293
293
293
293
293
293
293
293
293
293
293
293
293
293.001
293.001
293.001
293.001
293.001
293.001
293.001
293.001
293.001
293.001
293.001
293.002
293.002
293.002
293.002
293.002
293.002
293.002
293.001
293.001
293.002
293.002
293.002
293.002
293.003
293.003
293.003
293.003
293.004
293.004
293.004
293.005
293.005
293.006
293.006
293.006
293.007
293.007
293.007
293.008
293.008
293.008
293.008
293.009
293.005
293.006
293.007
293.007
293.008
293.009
293.01
293.011
293.012
293.013
293.014
293.015
293.017
293.018
293.019
293.02
293.021
293.022
293.024
293.025
293.026
293.027
293.027
293.028
293.029
293.029
293.018
293.02
293.022
293.025
293.027
293.03
293.032
293.035
293.038
293.041
293.044
293.047
293.05
293.054
293.057
293.06
293.063
293.066
293.069
293.071
293.074
293.076
293.078
293.08
293.081
293.083
293.054
293.059
293.064
293.07
293.076
293.082
293.088
293.095
293.102
293.109
293.116
293.124
293.131
293.139
293.146
293.153
293.16
293.166
293.172
293.178
293.183
293.187
293.192
293.195
293.198
293.201
293.136
293.147
293.159
293.171
293.183
293.197
293.21
293.224
293.239
293.253
293.268
293.283
293.298
293.312
293.326
293.34
293.353
293.365
293.377
293.387
293.396
293.404
293.412
293.419
293.424
293.428
293.3
293.322
293.344
293.367
293.391
293.416
293.441
293.467
293.493
293.519
293.545
293.571
293.596
293.621
293.645
293.668
293.689
293.709
293.727
293.743
293.758
293.772
293.784
293.794
293.801
293.805
293.59
293.627
293.664
293.703
293.743
293.783
293.824
293.865
293.906
293.947
293.988
294.027
294.066
294.103
294.137
294.17
294.2
294.227
294.252
294.276
294.297
294.314
294.327
294.336
294.34
294.34
294.041
294.096
294.152
294.209
294.267
294.325
294.384
294.442
294.499
294.555
294.609
294.661
294.71
294.756
294.798
294.836
294.871
294.903
294.932
294.955
294.973
294.984
294.989
294.988
294.98
294.967
294.655
294.729
294.803
294.878
294.953
295.027
295.099
295.169
295.237
295.3
295.36
295.414
295.463
295.507
295.546
295.581
295.611
295.633
295.647
295.654
295.654
295.647
295.633
295.613
295.587
295.555
295.376
295.462
295.549
295.634
295.718
295.798
295.873
295.943
296.006
296.061
296.109
296.149
296.183
296.21
296.229
296.239
296.242
296.237
296.226
296.209
296.187
296.16
296.128
296.092
296.052
296.007
296.068
296.158
296.246
296.331
296.409
296.481
296.543
296.595
296.637
296.67
296.693
296.708
296.714
296.712
296.702
296.686
296.665
296.64
296.61
296.577
296.541
296.502
296.46
296.416
296.365
296.31
296.538
296.623
296.705
296.783
296.854
296.916
296.966
297.005
297.032
297.048
297.053
297.049
297.037
297.017
296.992
296.961
296.926
296.889
296.849
296.807
296.763
296.719
296.672
296.621
296.566
296.508
296.87
296.949
297.028
297.102
297.168
297.222
297.263
297.29
297.304
297.305
297.295
297.275
297.246
297.211
297.171
297.127
297.081
297.034
296.985
296.937
296.889
296.842
296.793
296.742
296.688
296.632
293
293
293
293
293
293
293
293
293
293
293
293
293
293
293
293
293
293
293
293
293
293
293
293
293
293
293
293
293
293
293
293
293
293
293
293
293
293
293
293
293
293
293
293
293
293
293
293
293
293
293
293
293
293
293
293
293
293
293
293
293
293
293
293
293
293
293
293
293
293
293
293
293
293
293
293
293
293
293
293
293
293
293
293
293
293
293
293
293
293
293
293
293
293
293
293
293
293
293
293
293
293
293
293
293
293
293
293
293
293
293
293
293
293
293
293
293
293
293
293
293
293
293
293
293
293
293
293
293
293
293
293
293
293
293
293
293
293
293
293
293
293
293
293
293
293
293
293
293
293
293
293
293
293
293
293
293
293
293
293
293
293
293
293
293
293
293
293
293
293
293
293
293
293
293
293
293
293
293
293
293
293
293
293
293
293
293
293
293
293
293
293
293
293
293
293
293
293
293
293
293
293
293
293
293
293
293
293
293
293
293
293
293
293
293
293
293
293
293
293
293
293
293
293
293
293
293
293
293
293
293
293
293
293
293
293
293
293
293
293
293
293
293
293
293
293
293
293
293
293
293
293
293
293
293
293
293
293
293
293
293
293
293
293
293
293
293
293
293
293
293
293
293
293
293
293
293
293
293
293
293
293
293
293
293
293
293
293
293
293
293
293
293
293
293
293
293
293
293
293.001
293.001
293.001
293.001
293.001
293.001
293.001
293.001
293.001
293.001
293.001
293.001
293.001
293.001
293.001
293.001
293.001
293.001
293.001
293.002
293.002
293.002
293.002
293.002
293.003
293.003
293.003
293.003
293.004
293.004
293.004
293.004
293.005
293.005
293.005
293.005
293.005
293.006
293.006
293.003
293.004
293.004
293.005
293.005
293.006
293.006
293.007
293.008
293.009
293.009
293.01
293.011
293.012
293.013
293.013
293.014
293.015
293.016
293.017
293.017
293.018
293.018
293.019
293.019
293.02
293.012
293.013
293.015
293.016
293.018
293.02
293.021
293.023
293.025
293.027
293.03
293.032
293.034
293.036
293.039
293.041
293.043
293.045
293.047
293.049
293.051
293.053
293.054
293.055
293.056
293.057
293.036
293.039
293.043
293.047
293.051
293.056
293.06
293.065
293.07
293.075
293.08
293.086
293.091
293.097
293.102
293.107
293.112
293.117
293.121
293.126
293.129
293.133
293.136
293.138
293.141
293.143
293.092
293.1
293.109
293.117
293.127
293.137
293.147
293.157
293.168
293.178
293.189
293.2
293.211
293.222
293.233
293.243
293.253
293.262
293.271
293.278
293.285
293.292
293.298
293.303
293.307
293.31
293.208
293.224
293.24
293.258
293.276
293.294
293.313
293.332
293.352
293.372
293.392
293.412
293.431
293.45
293.469
293.486
293.503
293.518
293.532
293.545
293.557
293.568
293.577
293.584
293.59
293.593
293.414
293.442
293.471
293.501
293.531
293.563
293.594
293.626
293.658
293.69
293.722
293.753
293.784
293.813
293.841
293.867
293.892
293.914
293.934
293.953
293.97
293.985
293.996
294.004
294.008
294.009
293.739
293.782
293.826
293.871
293.917
293.963
294.01
294.056
294.103
294.148
294.193
294.235
294.277
294.316
294.352
294.386
294.416
294.444
294.471
294.493
294.511
294.524
294.532
294.534
294.532
294.525
294.18
294.239
294.299
294.36
294.421
294.482
294.542
294.602
294.66
294.716
294.77
294.821
294.868
294.912
294.951
294.987
295.02
295.048
295.07
295.086
295.096
295.099
295.096
295.088
295.073
295.052
294.687
294.758
294.83
294.903
294.974
295.045
295.114
295.181
295.244
295.303
295.358
295.409
295.454
295.494
295.528
295.558
295.581
295.597
295.606
295.609
295.605
295.595
295.58
295.558
295.531
295.496
295.157
295.234
295.311
295.388
295.462
295.535
295.604
295.669
295.729
295.784
295.833
295.876
295.913
295.943
295.967
295.985
295.996
296
295.999
295.992
295.979
295.961
295.938
295.907
295.871
295.828
295.506
295.583
295.66
295.736
295.811
295.882
295.95
296.013
296.07
296.122
296.166
296.204
296.236
296.26
296.277
296.288
296.293
296.292
296.285
296.273
296.255
296.233
296.204
296.169
296.128
296.082
295.81
295.887
295.964
296.041
296.116
296.188
296.256
296.317
296.372
296.419
296.459
296.491
296.515
296.532
296.541
296.545
296.542
296.534
296.521
296.503
296.48
296.454
296.42
296.381
296.337
296.287
293
293
293
293
293
293
293
293
293
293
293
293
293
293
293
293
293
293
293
293
293
293
293
293
293
293
293
293
293
293
293
293
293
293
293
293
293
293
293
293
293
293
293
293
293
293
293
293
293
293
293
293
293
293
293
293
293
293
293
293
293
293
293
293
293
293
293
293
293
293
293
293
293
293
293
293
293
293
293
293
293
293
293
293
293
293
293
293
293
293
293
293
293
293
293
293
293
293
293
293
293
293
293
293
293
293
293
293
293
293
293
293
293
293
293
293
293
293
293
293
293
293
293
293
293
293
293
293
293
293
293
293
293
293
293
293
293
293
293
293
293
293
293
293
293
293
293
293
293
293
293
293
293
293
293
293
293
293
293
293
293
293
293
293
293
293
293
293
293
293
293
293
293
293
293
293
293
293
293
293
293
293
293
293
293
293
293
293
293
293
293
293
293
293
293
293
293
293
293
293
293
293
293
293
293
293
293
293
293
293
293
293
293
293
293
293
293
293
293
293
293
293
293
293
293
293
293
293
293
293
293
293
293
293
293
293
293
293
293
293
293
293
293
293
293
293
293
293
293
293
293
293
293
293
293
293
293
293
293
293
293
293
293
293
293
293
293
293
293
293
293
293
293
293
293
293
293
293
293
293
293
293
293
293
293
293
293
293
293
293
293
293
293
293
293
293
293
293
293
293
293
293
293
293
293
293
293.001
293.001
293.001
293.001
293.001
293.001
293
293
293
293.001
293.001
293.001
293.001
293.001
293.001
293.001
293.001
293.001
293.002
293.002
293.002
293.002
293.002
293.002
293.003
293.003
293.003
293.003
293.003
293.003
293.003
293.004
293.002
293.002
293.002
293.003
293.003
293.003
293.004
293.004
293.005
293.005
293.006
293.006
293.007
293.007
293.008
293.008
293.009
293.009
293.01
293.01
293.011
293.011
293.012
293.012
293.012
293.013
293.007
293.008
293.009
293.01
293.011
293.012
293.013
293.015
293.016
293.017
293.019
293.02
293.022
293.023
293.025
293.026
293.028
293.029
293.031
293.032
293.033
293.035
293.036
293.036
293.037
293.038
293.022
293.024
293.027
293.03
293.032
293.035
293.039
293.042
293.045
293.049
293.052
293.056
293.06
293.064
293.067
293.071
293.075
293.078
293.081
293.084
293.087
293.089
293.091
293.093
293.095
293.058
293.064
293.07
293.076
293.082
293.089
293.096
293.103
293.111
293.118
293.126
293.134
293.142
293.15
293.157
293.165
293.172
293.179
293.185
293.191
293.196
293.201
293.205
293.209
293.212
293.134
293.145
293.157
293.17
293.182
293.196
293.209
293.223
293.238
293.252
293.267
293.281
293.296
293.31
293.324
293.337
293.349
293.361
293.372
293.381
293.39
293.398
293.405
293.411
293.415
293.272
293.292
293.313
293.335
293.358
293.381
293.404
293.428
293.452
293.476
293.5
293.524
293.547
293.569
293.591
293.611
293.631
293.648
293.664
293.679
293.692
293.703
293.712
293.719
293.723
293.491
293.523
293.556
293.59
293.624
293.659
293.695
293.731
293.766
293.802
293.836
293.87
293.903
293.935
293.964
293.992
294.017
294.04
294.062
294.08
294.096
294.108
294.116
294.121
294.122
293.788
293.833
293.879
293.926
293.973
294.02
294.068
294.115
294.162
294.208
294.252
294.295
294.335
294.373
294.409
294.441
294.47
294.496
294.518
294.536
294.55
294.558
294.561
294.559
294.552
294.128
294.183
294.24
294.297
294.354
294.411
294.467
294.523
294.576
294.628
294.678
294.725
294.768
294.809
294.845
294.877
294.905
294.928
294.946
294.958
294.965
294.967
294.963
294.953
294.938
294.445
294.508
294.57
294.632
294.695
294.756
294.816
294.874
294.93
294.984
295.034
295.081
295.123
295.162
295.196
295.225
295.25
295.268
295.281
295.289
295.291
295.288
295.279
295.265
295.246
294.707
294.772
294.838
294.903
294.968
295.032
295.095
295.156
295.214
295.268
295.319
295.367
295.409
295.447
295.48
295.508
295.53
295.547
295.558
295.563
295.562
295.556
295.546
295.53
295.508
294.958
295.028
295.099
295.169
295.239
295.308
295.375
295.439
295.5
295.557
295.61
295.658
295.7
295.737
295.768
295.793
295.812
295.825
295.832
295.832
295.827
295.817
295.803
295.782
295.756
295.724
293
293
293
293
293
293
293
293
293
293
293
293
293
293
293
293
293
293
293
293
293
293
293
293
293
293
293
293
293
293
293
293
293
293
293
293
293
293
293
293
293
293
293
293
293
293
293
293
293
293
293
293
293
293
293
293
293
293
293
293
293
293
293
293
293
293
293
293
293
293
293
293
293
293
293
293
293
293
293
293
293
293
293
293
293
293
293
293
293
293
293
293
293
293
293
293
293
293
293
293
293
293
293
293
293
293
293
293
293
293
293
293
293
293
293
293
293
293
293
293
293
293
293
293
293
293
293
293
293
293
293
293
293
293
293
293
293
293
293
293
293
293
293
293
293
293
293
293
293
293
293
293
293
293
293
293
293
293
293
293
293
293
293
293
293
293
293
293
293
293
293
293
293
293
293
293
293
293
293
293
293
293
293
293
293
293
293
293
293
293
293
293
293
293
293
293
293
293
293
293
293
293
293
293
293
293
293
293
293
293
293
293
293
293
293
293
293
293
293
293
293
293
293
293
293
293
293
293
293
293
293
293
293
293
293
293
293
293
293
293
293
293
293
293
293
293
293
293
293
293
293
293
293
293
293
293
293
293
293
293
293
293
293
293
293
293
293
293
293
293
293
293
293
293
293
293
293
293
293
293
293
293
293
293
293
293
293
293
293
293
293
293
293
293
293
293
293
293
293
293
293
293
293
293
293
293
293
293
293
293.001
293.001
293.001
293.001
293.001
293.001
293.001
293.001
293.001
293.001
293.002
293.002
293.002
293.002
293.002
293.002
293.001
293.001
293.001
293.001
293.002
293.002
293.002
293.002
293.003
293.003
293.003
293.004
293.004
293.004
293.005
293.005
293.005
293.006
293.006
293.006
293.007
293.007
293.007
293.007
293.007
293.004
293.004
293.005
293.006
293.006
293.007
293.008
293.008
293.009
293.01
293.011
293.012
293.013
293.014
293.015
293.016
293.017
293.018
293.019
293.02
293.021
293.021
293.022
293.023
293.023
293.013
293.014
293.016
293.017
293.019
293.021
293.023
293.025
293.027
293.03
293.032
293.034
293.037
293.039
293.042
293.044
293.047
293.049
293.051
293.053
293.055
293.057
293.058
293.06
293.061
293.034
293.038
293.041
293.045
293.05
293.054
293.059
293.063
293.068
293.074
293.079
293.084
293.09
293.095
293.1
293.105
293.11
293.115
293.119
293.124
293.127
293.131
293.134
293.136
293.138
293.081
293.088
293.096
293.104
293.113
293.121
293.131
293.14
293.15
293.16
293.17
293.181
293.191
293.201
293.21
293.22
293.229
293.237
293.245
293.252
293.259
293.265
293.27
293.274
293.277
293.166
293.18
293.194
293.209
293.225
293.241
293.257
293.274
293.291
293.308
293.325
293.342
293.359
293.376
293.391
293.407
293.421
293.434
293.446
293.457
293.467
293.476
293.483
293.488
293.492
293.304
293.326
293.349
293.373
293.397
293.422
293.448
293.474
293.5
293.526
293.551
293.577
293.601
293.625
293.648
293.67
293.69
293.708
293.725
293.739
293.752
293.762
293.77
293.775
293.777
293.492
293.524
293.557
293.591
293.625
293.66
293.695
293.73
293.765
293.8
293.834
293.867
293.899
293.929
293.958
293.985
294.009
294.031
294.05
294.066
294.079
294.089
294.094
294.096
294.094
293.71
293.75
293.792
293.834
293.877
293.919
293.962
294.005
294.047
294.088
294.127
294.166
294.202
294.237
294.268
294.298
294.324
294.347
294.366
294.381
294.392
294.398
294.401
294.399
294.392
293.92
293.967
294.014
294.062
294.111
294.159
294.206
294.253
294.299
294.344
294.387
294.428
294.467
294.503
294.536
294.565
294.592
294.614
294.632
294.647
294.655
294.66
294.66
294.656
294.648
294.107
294.159
294.211
294.264
294.317
294.369
294.421
294.473
294.523
294.571
294.618
294.662
294.703
294.741
294.776
294.808
294.835
294.858
294.876
294.89
294.899
294.902
294.901
294.897
294.888
294.296
294.354
294.413
294.472
294.531
294.59
294.649
294.706
294.762
294.816
294.867
294.916
294.961
295.002
295.039
295.072
295.1
295.123
295.14
295.153
295.16
295.162
295.159
295.151
295.138
293
293
293
293
293
293
293
293
293
293
293
293
293
293
293
293
293
293
293
293
293
293
293
293
293
293
293
293
293
293
293
293
293
293
293
293
293
293
293
293
293
293
293
293
293
293
293
293
293
293
293
293
293
293
293
293
293
293
293
293
293
293
293
293
293
293
293
293
293
293
293
293
293
293
293
293
293
293
293
293
293
293
293
293
293
293
293
293
293
293
293
293
293
293
293
293
293
293
293
293
293
293
293
293
293
293
293
293
293
293
293
293
293
293
293
293
293
293
293
293
293
293
293
293
293
293
293
293
293
293
293
293
293
293
293
293
293
293
293
293
293
293
293
293
293
293
293
293
293
293
293
293
293
293
293
293
293
293
293
293
293
293
293
293
293
293
293
293
293
293
293
293
293
293
293
293
293
293
293
293
293
293
293
293
293
293
293
293
293
293
293
293
293
293
293
293
293
293
293
293
293
293
293
293
293
293
293
293
293
293
293
293
293
293
293
293
293
293
293
293
293
293
293
293
293
293
293
293
293
293
293
293
293
293
293
293
293
293
293
293
293
293
293
293
293
293
293
293
293
293
293
293
293
293
293
293
293
293
293
293
293
293
293
293
293
293
293
293
293
293
293
293
293
293
293
293
293
293
293
293
293
293
293
293
293
293
293
293
293
293
293
293
293
293
293
293
293
293
293
293
293
293
293
293
293
293
293
293
293
293
293
293
293
293
293
293
293.001
293.001
293.001
293.001
293.001
293.001
293.001
293.001
293.001
293
293
293.001
293.001
293.001
293.001
293.001
293.001
293.001
293.001
293.002
293.002
293.002
293.002
293.002
293.003
293.003
293.003
293.003
293.003
293.004
293.004
293.004
293.004
293.004
293.002
293.002
293.003
293.003
293.003
293.004
293.004
293.005
293.005
293.006
293.006
293.007
293.007
293.008
293.008
293.009
293.01
293.01
293.011
293.011
293.012
293.012
293.013
293.013
293.013
293.007
293.007
293.008
293.009
293.01
293.011
293.013
293.014
293.015
293.017
293.018
293.02
293.021
293.023
293.024
293.026
293.027
293.029
293.03
293.031
293.033
293.034
293.035
293.036
293.036
293.019
293.021
293.023
293.025
293.028
293.03
293.033
293.036
293.039
293.043
293.046
293.049
293.053
293.056
293.059
293.063
293.066
293.069
293.072
293.075
293.077
293.08
293.082
293.084
293.085
293.045
293.049
293.054
293.059
293.064
293.07
293.076
293.082
293.088
293.095
293.101
293.108
293.115
293.121
293.128
293.134
293.14
293.146
293.152
293.157
293.161
293.165
293.169
293.172
293.174
293.094
293.103
293.112
293.121
293.131
293.141
293.152
293.163
293.174
293.186
293.197
293.209
293.22
293.232
293.243
293.253
293.264
293.273
293.282
293.29
293.297
293.303
293.308
293.312
293.315
293.175
293.189
293.204
293.22
293.236
293.252
293.269
293.287
293.305
293.322
293.34
293.358
293.375
293.392
293.409
293.424
293.439
293.453
293.465
293.476
293.486
293.494
293.5
293.505
293.507
293.287
293.308
293.33
293.353
293.376
293.4
293.424
293.448
293.473
293.497
293.521
293.545
293.569
293.591
293.613
293.633
293.652
293.669
293.685
293.698
293.709
293.718
293.724
293.727
293.728
293.42
293.447
293.476
293.505
293.534
293.565
293.595
293.625
293.656
293.686
293.716
293.744
293.772
293.799
293.824
293.848
293.869
293.889
293.906
293.92
293.932
293.94
293.945
293.947
293.946
293.553
293.586
293.62
293.654
293.689
293.724
293.76
293.795
293.83
293.864
293.898
293.93
293.961
293.991
294.019
294.044
294.068
294.089
294.107
294.122
294.134
294.142
294.146
294.147
294.145
293.679
293.717
293.756
293.795
293.834
293.874
293.914
293.954
293.994
294.033
294.07
294.107
294.142
294.175
294.206
294.235
294.261
294.283
294.303
294.319
294.332
294.341
294.345
294.346
294.345
293.809
293.853
293.898
293.943
293.989
294.035
294.081
294.127
294.173
294.218
294.261
294.303
294.343
294.381
294.416
294.448
294.477
294.502
294.523
294.541
294.554
294.562
294.566
294.567
294.564
293
293
293
293
293
293
293
293
293
293
293
293
293
293
293
293
293
293
293
293
293
293
293
293
293
293
293
293
293
293
293
293
293
293
293
293
293
293
293
293
293
293
293
293
293
293
293
293
293
293
293
293
293
293
293
293
293
293
293
293
293
293
293
293
293
293
293
293
293
293
293
293
293
293
293
293
293
293
293
293
293
293
293
293
293
293
293
293
293
293
293
293
293
293
293
293
293
293
293
293
293
293
293
293
293
293
293
293
293
293
293
293
293
293
293
293
293
293
293
293
293
293
293
293
293
293
293
293
293
293
293
293
293
293
293
293
293
293
293
293
293
293
293
293
293
293
293
293
293
293
293
293
293
293
293
293
293
293
293
293
293
293
293
293
293
293
293
293
293
293
293
293
293
293
293
293
293
293
293
293
293
293
293
293
293
293
293
293
293
293
293
293
293
293
293
293
293
293
293
293
293
293
293
293
293
293
293
293
293
293
293
293
293
293
293
293
293
293
293
293
293
293
293
293
293
293
293
293
293
293
293
293
293
293
293
293
293
293
293
293
293
293
293
293
293
293
293
293
293
293
293
293
293
293
293
293
293
293
293
293
293
293
293
293
293
293
293
293
293
293
293
293
293
293
293
293
293
293
293
293
293
293
293
293
293
293
293
293
293
293
293
293
293
293
293
293
293
293
293
293
293
293
293
293
293
293
293
293
293
293
293
293
293
293
293
293
293
293
293
293
293
293
293
293
293
293
293
293
293
293
293
293
293
293.001
293.001
293.001
293.001
293.001
293.001
293.001
293.001
293.001
293.001
293.002
293.002
293.002
293.002
293.002
293.002
293.002
293.001
293.001
293.001
293.001
293.001
293.002
293.002
293.002
293.002
293.003
293.003
293.003
293.004
293.004
293.004
293.005
293.005
293.005
293.006
293.006
293.006
293.007
293.007
293.007
293.007
293.003
293.004
293.004
293.005
293.005
293.006
293.006
293.007
293.008
293.009
293.009
293.01
293.011
293.012
293.013
293.014
293.015
293.016
293.016
293.017
293.018
293.019
293.019
293.02
293.02
293.009
293.01
293.012
293.013
293.014
293.016
293.017
293.019
293.021
293.023
293.025
293.027
293.029
293.031
293.033
293.035
293.037
293.039
293.041
293.042
293.044
293.045
293.047
293.048
293.049
293.023
293.025
293.028
293.031
293.034
293.037
293.041
293.044
293.048
293.052
293.056
293.06
293.064
293.068
293.072
293.076
293.08
293.084
293.088
293.091
293.094
293.096
293.099
293.101
293.102
293.049
293.054
293.06
293.065
293.071
293.077
293.084
293.09
293.097
293.104
293.111
293.119
293.126
293.133
293.14
293.147
293.154
293.16
293.166
293.172
293.176
293.181
293.184
293.187
293.19
293.093
293.102
293.111
293.12
293.13
293.14
293.151
293.162
293.173
293.184
293.196
293.207
293.219
293.23
293.241
293.251
293.261
293.271
293.28
293.288
293.295
293.3
293.305
293.309
293.311
293.156
293.169
293.182
293.196
293.211
293.226
293.241
293.257
293.273
293.289
293.305
293.321
293.337
293.353
293.368
293.382
293.395
293.408
293.419
293.43
293.438
293.445
293.451
293.455
293.457
293.232
293.25
293.268
293.286
293.306
293.325
293.345
293.366
293.386
293.407
293.427
293.447
293.467
293.486
293.505
293.522
293.538
293.553
293.567
293.579
293.589
293.597
293.602
293.606
293.607
293.312
293.334
293.356
293.379
293.402
293.426
293.451
293.475
293.499
293.524
293.548
293.572
293.595
293.617
293.638
293.658
293.677
293.694
293.709
293.722
293.733
293.742
293.748
293.751
293.752
293.392
293.417
293.443
293.47
293.498
293.526
293.554
293.583
293.611
293.64
293.668
293.695
293.722
293.748
293.772
293.796
293.817
293.836
293.854
293.869
293.881
293.891
293.898
293.901
293.902
293.475
293.505
293.536
293.568
293.6
293.633
293.667
293.7
293.734
293.768
293.801
293.833
293.865
293.895
293.924
293.95
293.975
293.998
294.017
294.034
294.048
294.059
294.066
294.069
294.071
293
293
293
293
293
293
293
293
293
293
293
293
293
293
293
293
293
293
293
293
293
293
293
293
293
293
293
293
293
293
293
293
293
293
293
293
293
293
293
293
293
293
293
293
293
293
293
293
293
293
293
293
293
293
293
293
293
293
293
293
293
293
293
293
293
293
293
293
293
293
293
293
293
293
293
293
293
293
293
293
293
293
293
293
293
293
293
293
293
293
293
293
293
293
293
293
293
293
293
293
293
293
293
293
293
293
293
293
293
293
293
293
293
293
293
293
293
293
293
293
293
293
293
293
293
293
293
293
293
293
293
293
293
293
293
293
293
293
293
293
293
293
293
293
293
293
293
293
293
293
293
293
293
293
293
293
293
293
293
293
293
293
293
293
293
293
293
293
293
293
293
293
293
293
293
293
293
293
293
293
293
293
293
293
293
293
293
293
293
293
293
293
293
293
293
293
293
293
293
293
293
293
293
293
293
293
293
293
293
293
293
293
293
293
293
293
293
293
293
293
293
293
293
293
293
293
293
293
293
293
293
293
293
293
293
293
293
293
293
293
293
293
293
293
293
293
293
293
293
293
293
293
293
293
293
293
293
293
293
293
293
293
293
293
293
293
293
293
293
293
293
293
293
293
293
293
293
293
293
293
293
293
293
293
293
293
293
293
293
293
293
293
293
293
293
293
293
293
293
293
293
293
293
293
293
293
293
293
293
293
293
293
293
293
293
293
293
293
293
293
293
293
293
293
293
293
293
293
293
293
293
293
293
293
293
293
293
293
293
293
293
293.001
293.001
293.001
293.001
293.001
293.001
293.001
293.001
293.001
293
293
293
293
293.001
293.001
293.001
293.001
293.001
293.001
293.001
293.001
293.002
293.002
293.002
293.002
293.002
293.003
293.003
293.003
293.003
293.003
293.003
293.003
293.004
293.001
293.002
293.002
293.002
293.002
293.003
293.003
293.003
293.004
293.004
293.004
293.005
293.005
293.006
293.006
293.007
293.007
293.008
293.008
293.009
293.009
293.009
293.01
293.01
293.011
293.004
293.005
293.005
293.006
293.007
293.008
293.008
293.009
293.01
293.011
293.012
293.013
293.014
293.016
293.017
293.018
293.019
293.02
293.021
293.022
293.023
293.024
293.025
293.025
293.026
293.011
293.012
293.014
293.015
293.017
293.018
293.02
293.022
293.024
293.026
293.029
293.031
293.033
293.036
293.038
293.04
293.043
293.045
293.047
293.049
293.051
293.052
293.054
293.055
293.056
293.024
293.026
293.029
293.032
293.036
293.039
293.042
293.046
293.05
293.054
293.058
293.062
293.067
293.071
293.075
293.079
293.084
293.087
293.091
293.095
293.098
293.1
293.103
293.105
293.106
293.046
293.051
293.056
293.061
293.066
293.072
293.078
293.085
293.091
293.098
293.105
293.111
293.118
293.125
293.132
293.139
293.145
293.151
293.157
293.162
293.167
293.171
293.174
293.177
293.179
293.079
293.086
293.094
293.102
293.11
293.119
293.128
293.137
293.147
293.157
293.167
293.177
293.187
293.197
293.206
293.215
293.224
293.233
293.24
293.248
293.254
293.259
293.263
293.267
293.269
293.12
293.13
293.14
293.151
293.163
293.175
293.187
293.2
293.213
293.226
293.239
293.252
293.265
293.277
293.29
293.302
293.313
293.323
293.333
293.342
293.349
293.356
293.361
293.364
293.366
293.165
293.178
293.191
293.205
293.22
293.235
293.25
293.266
293.282
293.298
293.314
293.33
293.345
293.361
293.375
293.39
293.403
293.415
293.427
293.437
293.446
293.453
293.459
293.463
293.465
293.211
293.227
293.243
293.26
293.278
293.296
293.314
293.333
293.352
293.371
293.39
293.409
293.428
293.446
293.464
293.481
293.496
293.511
293.525
293.536
293.547
293.555
293.562
293.567
293.569
293.26
293.279
293.299
293.319
293.34
293.362
293.384
293.407
293.43
293.453
293.476
293.498
293.521
293.542
293.563
293.583
293.602
293.619
293.635
293.649
293.661
293.67
293.678
293.682
293.684
293
293
293
293
293
293
293
293
293
293
293
293
293
293
293
293
293
293
293
293
293
293
293
293
293
293
293
293
293
293
293
293
293
293
293
293
293
293
293
293
293
293
293
293
293
293
293
293
293
293
293
293
293
293
293
293
293
293
293
293
293
293
293
293
293
293
293
293
293
293
293
293
293
293
293
293
293
293
293
293
293
293
293
293
293
293
293
293
293
293
293
293
293
293
293
293
293
293
293
293
293
293
293
293
293
293
293
293
293
293
293
293
293
293
293
293
293
293
293
293
293
293
293
293
293
293
293
293
293
293
293
293
293
293
293
293
293
293
293
293
293
293
293
293
293
293
293
293
293
293
293
293
293
293
293
293
293
293
293
293
293
293
293
293
293
293
293
293
293
293
293
293
293
293
293
293
293
293
293
293
293
293
293
293
293
293
293
293
293
293
293
293
293
293
293
293
293
293
293
293
293
293
293
293
293
293
293
293
293
293
293
293
293
293
293
293
293
293
293
293
293
293
293
293
293
293
293
293
293
293
293
293
293
293
293
293
293
293
293
293
293
293
293
293
293
293
293
293
293
293
293
293
293
293
293
293
293
293
293
293
293
293
293
293
293
293
293
293
293
293
293
293
293
293
293
293
293
293
293
293
293
293
293
293
293
293
293
293
293
293
293
293
293
293
293
293
293
293
293
293
293
293
293
293
293
293
293
293
293
293
293
293
293
293
293
293
293
293
293
293
293
293
293
293
293
293
293
293
293
293
293
293
293
293
293
293
293
293
293
293
293
293
293
293
293
293
293
293
293
293
293
293
293
293
293
293
293
293
293
293
293
293.001
293.001
293.001
293.001
293.001
293.001
293.001
293.001
293.001
293.001
293.001
293.001
293.001
293.002
293
293.001
293.001
293.001
293.001
293.001
293.001
293.001
293.001
293.002
293.002
293.002
293.002
293.003
293.003
293.003
293.003
293.004
293.004
293.004
293.004
293.004
293.005
293.005
293.005
293.002
293.002
293.002
293.003
293.003
293.003
293.004
293.004
293.005
293.005
293.006
293.006
293.007
293.007
293.008
293.008
293.009
293.01
293.01
293.011
293.011
293.012
293.012
293.012
293.013
293.005
293.005
293.006
293.007
293.007
293.008
293.009
293.01
293.011
293.012
293.013
293.015
293.016
293.017
293.018
293.02
293.021
293.022
293.023
293.024
293.025
293.026
293.027
293.028
293.029
293.011
293.012
293.013
293.015
293.016
293.018
293.02
293.022
293.024
293.026
293.028
293.03
293.033
293.035
293.037
293.04
293.042
293.044
293.046
293.048
293.05
293.052
293.053
293.054
293.055
293.021
293.023
293.026
293.028
293.031
293.034
293.038
293.041
293.044
293.048
293.052
293.056
293.059
293.063
293.067
293.071
293.075
293.078
293.082
293.085
293.088
293.09
293.092
293.094
293.096
293.037
293.04
293.044
293.049
293.053
293.058
293.063
293.068
293.073
293.079
293.085
293.09
293.096
293.102
293.107
293.113
293.118
293.124
293.128
293.133
293.137
293.14
293.143
293.146
293.147
293.057
293.062
293.068
293.074
293.081
293.087
293.094
293.101
293.109
293.116
293.124
293.132
293.14
293.147
293.155
293.162
293.169
293.176
293.182
293.188
293.193
293.198
293.202
293.204
293.206
293.08
293.088
293.095
293.103
293.112
293.12
293.129
293.138
293.148
293.157
293.167
293.177
293.187
293.196
293.206
293.215
293.224
293.232
293.24
293.247
293.253
293.259
293.263
293.266
293.269
293.105
293.114
293.124
293.134
293.144
293.155
293.166
293.177
293.189
293.201
293.213
293.225
293.237
293.248
293.26
293.271
293.282
293.292
293.301
293.309
293.317
293.323
293.328
293.332
293.335
293.132
293.143
293.155
293.167
293.18
293.193
293.206
293.22
293.234
293.249
293.263
293.278
293.292
293.306
293.32
293.334
293.346
293.358
293.369
293.379
293.388
293.395
293.401
293.406
293.408
293.409
293
293
293
293
293
293
293
293
293
293
293
293
293
293
293
293
293
293
293
293
293
293
293
293
293
293
293
293
293
293
293
293
293
293
293
293
293
293
293
293
293
293
293
293
293
293
293
293
293
293
293
293
293
293
293
293
293
293
293
293
293
293
293
293
293
293
293
293
293
293
293
293
293
293
293
293
293
293
293
293
293
293
293
293
293
293
293
293
293
293
293
293
293
293
293
293
293
293
293
293
293
293
293
293
293
293
293
293
293
293
293
293
293
293
293
293
293
293
293
293
293
293
293
293
293
293
293
293
293
293
293
293
293
293
293
293
293
293
293
293
293
293
293
293
293
293
293
293
293
293
293
293
293
293
293
293
293
293
293
293
293
293
293
293
293
293
293
293
293
293
293
293
293
293
293
293
293
293
293
293
293
293
293
293
293
293
293
293
293
293
293
293
293
293
293
293
293
293
293
293
293
293
293
293
293
293
293
293
293
293
293
293
293
293
293
293
293
293
293
293
293
293
293
293
293
293
293
293
293
293
293
293
293
293
293
293
293
293
293
293
293
293
293
293
293
293
293
293
293
293
293
293
293
293
293
293
293
293
293
293
293
293
293
293
293
293
293
293
293
293
293
293
293
293
293
293
293
293
293
293
293
293
293
293
293
293
293
293
293
293
293
293
293
293
293
293
293
293
293
293
293
293
293
293
293
293
293
293
293
293
293
293
293
293
293
293
293
293
293
293
293
293
293
293
293
293
293
293
293
293
293
293
293
293
293
293
293
293
293
293
293
293
293
293
293
293
293
293
293
293
293
293
293
293
293
293
293
293
293
293
293
293
293
293
293
293
293
293
293
293
293
293
293
293.001
293.001
293
293
293
293
293
293
293
293
293
293.001
293.001
293.001
293.001
293.001
293.001
293.001
293.001
293.001
293.002
293.002
293.002
293.002
293.002
293.002
293.002
293.001
293.001
293.001
293.001
293.001
293.001
293.001
293.002
293.002
293.002
293.002
293.002
293.003
293.003
293.003
293.004
293.004
293.004
293.004
293.005
293.005
293.005
293.005
293.006
293.006
293.002
293.002
293.002
293.003
293.003
293.003
293.004
293.004
293.005
293.005
293.006
293.006
293.007
293.007
293.008
293.009
293.009
293.01
293.011
293.011
293.012
293.012
293.013
293.013
293.013
293.004
293.005
293.005
293.006
293.007
293.008
293.008
293.009
293.01
293.011
293.012
293.014
293.015
293.016
293.017
293.018
293.019
293.021
293.022
293.023
293.024
293.025
293.025
293.026
293.027
293.009
293.01
293.011
293.012
293.014
293.015
293.017
293.018
293.02
293.022
293.024
293.025
293.027
293.029
293.031
293.033
293.035
293.037
293.039
293.041
293.043
293.044
293.045
293.046
293.047
293.016
293.017
293.019
293.021
293.024
293.026
293.028
293.031
293.034
293.037
293.04
293.043
293.046
293.049
293.052
293.055
293.058
293.061
293.063
293.066
293.068
293.071
293.072
293.074
293.075
293.025
293.028
293.031
293.034
293.037
293.04
293.044
293.048
293.051
293.055
293.06
293.064
293.068
293.072
293.077
293.081
293.085
293.089
293.093
293.096
293.099
293.102
293.105
293.107
293.108
293.036
293.04
293.044
293.048
293.052
293.057
293.062
293.067
293.072
293.077
293.082
293.088
293.094
293.099
293.105
293.11
293.115
293.12
293.125
293.129
293.133
293.137
293.14
293.142
293.144
293.049
293.053
293.058
293.064
293.069
293.075
293.081
293.087
293.094
293.1
293.107
293.114
293.121
293.128
293.135
293.142
293.148
293.154
293.16
293.165
293.17
293.175
293.178
293.181
293.183
293.062
293.068
293.074
293.081
293.088
293.095
293.102
293.11
293.118
293.126
293.135
293.143
293.152
293.16
293.169
293.177
293.185
293.192
293.199
293.206
293.211
293.216
293.221
293.224
293.226
293.227
293
293
293
293
293
293
293
293
293
293
293
293
293
293
293
293
293
293
293
293
293
293
293
293
293
293
293
293
293
293
293
293
293
293
293
293
293
293
293
293
293
293
293
293
293
293
293
293
293
293
293
293
293
293
293
293
293
293
293
293
293
293
293
293
293
293
293
293
293
293
293
293
293
293
293
293
293
293
293
293
293
293
293
293
293
293
293
293
293
293
293
293
293
293
293
293
293
293
293
293
293
293
293
293
293
293
293
293
293
293
293
293
293
293
293
293
293
293
293
293
293
293
293
293
293
293
293
293
293
293
293
293
293
293
293
293
293
293
293
293
293
293
293
293
293
293
293
293
293
293
293
293
293
293
293
293
293
293
293
293
293
293
293
293
293
293
293
293
293
293
293
293
293
293
293
293
293
293
293
293
293
293
293
293
293
293
293
293
293
293
293
293
293
293
293
293
293
293
293
293
293
293
293
293
293
293
293
293
293
293
293
293
293
293
293
293
293
293
293
293
293
293
293
293
293
293
293
293
293
293
293
293
293
293
293
293
293
293
293
293
293
293
293
293
293
293
293
293
293
293
293
293
293
293
293
293
293
293
293
293
293
293
293
293
293
293
293
293
293
293
293
293
293
293
293
293
293
293
293
293
293
293
293
293
293
293
293
293
293
293
293
293
293
293
293
293
293
293
293
293
293
293
293
293
293
293
293
293
293
293
293
293
293
293
293
293
293
293
293
293
293
293
293
293
293
293
293
293
293
293
293
293
293
293
293
293
293
293
293
293
293
293
293
293
293
293
293
293
293
293
293
293
293
293
293
293
293
293
293
293
293
293
293
293
293
293
293
293
293
293
293
293
293
293
293
293
293
293
293
293
293
293
293
293
293
293
293
293
293
293
293
293
293
293
293.001
293.001
293.001
293.001
293.001
293.001
293
293
293
293
293
293
293
293
293.001
293.001
293.001
293.001
293.001
293.001
293.001
293.001
293.001
293.002
293.002
293.002
293.002
293.002
293.002
293.002
293.002
293.001
293.001
293.001
293.001
293.001
293.001
293.001
293.002
293.002
293.002
293.002
293.002
293.003
293.003
293.003
293.003
293.004
293.004
293.004
293.005
293.005
293.005
293.005
293.005
293.006
293.001
293.002
293.002
293.002
293.003
293.003
293.003
293.004
293.004
293.004
293.005
293.005
293.006
293.007
293.007
293.008
293.008
293.009
293.009
293.01
293.01
293.011
293.011
293.011
293.012
293.003
293.004
293.004
293.005
293.005
293.006
293.007
293.007
293.008
293.009
293.01
293.011
293.012
293.013
293.013
293.014
293.015
293.016
293.017
293.018
293.019
293.02
293.02
293.021
293.022
293.006
293.007
293.008
293.009
293.01
293.011
293.012
293.013
293.014
293.016
293.017
293.018
293.02
293.021
293.023
293.024
293.026
293.027
293.029
293.03
293.031
293.033
293.034
293.035
293.035
293.01
293.011
293.012
293.014
293.015
293.017
293.019
293.02
293.022
293.024
293.026
293.028
293.031
293.033
293.035
293.037
293.039
293.041
293.043
293.045
293.047
293.049
293.05
293.051
293.052
293.015
293.017
293.018
293.02
293.022
293.025
293.027
293.029
293.032
293.035
293.037
293.04
293.043
293.046
293.049
293.052
293.055
293.057
293.06
293.063
293.065
293.067
293.069
293.07
293.071
293.021
293.023
293.025
293.028
293.03
293.033
293.036
293.039
293.043
293.046
293.05
293.053
293.057
293.061
293.065
293.068
293.072
293.075
293.079
293.082
293.085
293.087
293.089
293.091
293.093
293.094
293.027
293.03
293.033
293.036
293.039
293.043
293.047
293.051
293.055
293.059
293.064
293.068
293.073
293.077
293.082
293.086
293.091
293.095
293.099
293.103
293.106
293.109
293.112
293.114
293.116
293.117
293
293
293
293
293
293
293
293
293
293
293
293
293
293
293
293
293
293
293
293
293
293
293
293
293
293
293
293
293
293
293
293
293
293
293
293
293
293
293
293
293
293
293
293
293
293
293
293
293
293
293
293
293
293
293
293
293
293
293
293
293
293
293
293
293
293
293
293
293
293
293
293
293
293
293
293
293
293
293
293
293
293
293
293
293
293
293
293
293
293
293
293
293
293
293
293
293
293
293
293
293
293
293
293
293
293
293
293
293
293
293
293
293
293
293
293
293
293
293
293
293
293
293
293
293
293
293
293
293
293
293
293
293
293
293
293
293
293
293
293
293
293
293
293
293
293
293
293
293
293
293
293
293
293
293
293
293
293
293
293
293
293
293
293
293
293
293
293
293
293
293
293
293
293
293
293
293
293
293
293
293
293
293
293
293
293
293
293
293
293
293
293
293
293
293
293
293
293
293
293
293
293
293
293
293
293
293
293
293
293
293
293
293
293
293
293
293
293
293
293
293
293
293
293
293
293
293
293
293
293
293
293
293
293
293
293
293
293
293
293
293
293
293
293
293
293
293
293
293
293
293
293
293
293
293
293
293
293
293
293
293
293
293
293
293
293
293
293
293
293
293
293
293
293
293
293
293
293
293
293
293
293
293
293
293
293
293
293
293
293
293
293
293
293
293
293
293
293
293
293
293
293
293
293
293
293
293
293
293
293
293
293
293
293
293
293
293
293
293
293
293
293
293
293
293
293
293
293
293
293
293
293
293
293
293
293
293
293
293
293
293
293
293
293
293
293
293
293
293
293
293
293
293
293
293
293
293
293
293
293
293
293
293
293
293
293
293
293
293
293
293
293
293
293
293
293
293
293
293
293
293
293
293
293
293
293
293
293
293
293
293
293
293
293
293
293
293
293
293
293
293
293
293
293
293
293
293
293
293
293
293
293
293
293
293
293
293
293
293
293.001
293.001
293.001
293.001
293.001
293.001
293
293
293
293
293
293
293
293
293
293.001
293.001
293.001
293.001
293.001
293.001
293.001
293.001
293.001
293.002
293.002
293.002
293.002
293.002
293.002
293.002
293
293
293.001
293.001
293.001
293.001
293.001
293.001
293.001
293.002
293.002
293.002
293.002
293.002
293.003
293.003
293.003
293.003
293.004
293.004
293.004
293.004
293.004
293.005
293.005
293.001
293.001
293.001
293.002
293.002
293.002
293.002
293.003
293.003
293.003
293.004
293.004
293.004
293.005
293.005
293.006
293.006
293.006
293.007
293.007
293.008
293.008
293.008
293.009
293.009
293.002
293.002
293.003
293.003
293.003
293.004
293.004
293.005
293.005
293.006
293.007
293.007
293.008
293.008
293.009
293.01
293.011
293.011
293.012
293.013
293.013
293.014
293.014
293.015
293.015
293.004
293.004
293.005
293.005
293.006
293.006
293.007
293.008
293.009
293.01
293.011
293.011
293.012
293.013
293.014
293.016
293.017
293.018
293.019
293.019
293.02
293.021
293.022
293.023
293.023
293.005
293.006
293.007
293.008
293.009
293.01
293.011
293.012
293.013
293.014
293.015
293.017
293.018
293.019
293.021
293.022
293.024
293.025
293.026
293.028
293.029
293.03
293.031
293.032
293.032
293.008
293.009
293.01
293.011
293.012
293.013
293.015
293.016
293.018
293.019
293.021
293.023
293.025
293.026
293.028
293.03
293.032
293.034
293.035
293.037
293.038
293.04
293.041
293.042
293.043
293.044
293.01
293.012
293.013
293.014
293.016
293.018
293.019
293.021
293.023
293.025
293.027
293.03
293.032
293.034
293.036
293.039
293.041
293.043
293.045
293.047
293.049
293.051
293.052
293.053
293.054
293.055
293
293
293
293
293
293
293
293
293
293
293
293
293
293
293
293
293
293
293
293
293
293
293
293
293
293
293
293
293
293
293
293
293
293
293
293
293
293
293
293
293
293
293
293
293
293
293
293
293
293
293
293
293
293
293
293
293
293
293
293
293
293
293
293
293
293
293
293
293
293
293
293
293
293
293
293
293
293
293
293
293
293
293
293
293
293
293
293
293
293
293
293
293
293
293
293
293
293
293
293
293
293
293
293
293
293
293
293
293
293
293
293
293
293
293
293
293
293
293
293
293
293
293
293
293
293
293
293
293
293
293
293
293
293
293
293
293
293
293
293
293
293
293
293
293
293
293
293
293
293
293
293
293
293
293
293
293
293
293
293
293
293
293
293
293
293
293
293
293
293
293
293
293
293
293
293
293
293
293
293
293
293
293
293
293
293
293
293
293
293
293
293
293
293
293
293
293
293
293
293
293
293
293
293
293
293
293
293
293
293
293
293
293
293
293
293
293
293
293
293
293
293
293
293
293
293
293
293
293
293
293
293
293
293
293
293
293
293
293
293
293
293
293
293
293
293
293
293
293
293
293
293
293
293
293
293
293
293
293
293
293
293
293
293
293
293
293
293
293
293
293
293
293
293
293
293
293
293
293
293
293
293
293
293
293
293
293
293
293
293
293
293
293
293
293
293
293
293
293
293
293
293
293
293
293
293
293
293
293
293
293
293
293
293
293
293
293
293
293
293
293
293
293
293
293
293
293
293
293
293
293
293
293
293
293
293
293
293
293
293
293
293
293
293
293
293
293
293
293
293
293
293
293
293
293
293
293
293
293
293
293
293
293
293
293
293
293
293
293
293
293
293
293
293
293
293
293
293
293
293
293
293
293
293
293
293
293
293
293
293
293
293
293
293
293
293
293
293
293
293
293
293
293
293
293
293
293
293
293
293
293
293
293
293
293
293
293
293
293
293
293
293
293
293
293
293
293
293
293
293
293
293
293
293
293
293
293
293
293
293
293
293
293
293
293
293
293.001
293.001
293.001
293.001
293
293
293
293
293
293
293
293
293
293
293
293.001
293.001
293.001
293.001
293.001
293.001
293.001
293.001
293.001
293.001
293.001
293.001
293.002
293.002
293
293
293
293
293
293.001
293.001
293.001
293.001
293.001
293.001
293.001
293.001
293.002
293.002
293.002
293.002
293.002
293.002
293.003
293.003
293.003
293.003
293.003
293.003
293.001
293.001
293.001
293.001
293.001
293.001
293.001
293.002
293.002
293.002
293.002
293.002
293.003
293.003
293.003
293.004
293.004
293.004
293.004
293.005
293.005
293.005
293.005
293.006
293.006
293.001
293.001
293.001
293.002
293.002
293.002
293.002
293.003
293.003
293.003
293.004
293.004
293.005
293.005
293.005
293.006
293.006
293.007
293.007
293.008
293.008
293.008
293.009
293.009
293.009
293.002
293.002
293.002
293.003
293.003
293.003
293.004
293.004
293.005
293.005
293.006
293.006
293.007
293.007
293.008
293.009
293.009
293.01
293.01
293.011
293.012
293.012
293.013
293.013
293.013
293.003
293.003
293.003
293.004
293.004
293.005
293.005
293.006
293.007
293.007
293.008
293.009
293.01
293.01
293.011
293.012
293.013
293.014
293.014
293.015
293.016
293.017
293.017
293.018
293.018
293.019
293.004
293.004
293.005
293.005
293.006
293.007
293.007
293.008
293.009
293.01
293.011
293.012
293.013
293.014
293.015
293.016
293.017
293.018
293.019
293.02
293.021
293.021
293.022
293.023
293.023
293.024
293
293
293
293
293
293
293
293
293
293
293
293
293
293
293
293
293
293
293
293
293
293
293
293
293
293
293
293
293
293
293
293
293
293
293
293
293
293
293
293
293
293
293
293
293
293
293
293
293
293
293
293
293
293
293
293
293
293
293
293
293
293
293
293
293
293
293
293
293
293
293
293
293
293
293
293
293
293
293
293
293
293
293
293
293
293
293
293
293
293
293
293
293
293
293
293
293
293
293
293
293
293
293
293
293
293
293
293
293
293
293
293
293
293
293
293
293
293
293
293
293
293
293
293
293
293
293
293
293
293
293
293
293
293
293
293
293
293
293
293
293
293
293
293
293
293
293
293
293
293
293
293
293
293
293
293
293
293
293
293
293
293
293
293
293
293
293
293
293
293
293
293
293
293
293
293
293
293
293
293
293
293
293
293
293
293
293
293
293
293
293
293
293
293
293
293
293
293
293
293
293
293
293
293
293
293
293
293
293
293
293
293
293
293
293
293
293
293
293
293
293
293
293
293
293
293
293
293
293
293
293
293
293
293
293
293
293
293
293
293
293
293
293
293
293
293
293
293
293
293
293
293
293
293
293
293
293
293
293
293
293
293
293
293
293
293
293
293
293
293
293
293
293
293
293
293
293
293
293
293
293
293
293
293
293
293
293
293
293
293
293
293
293
293
293
293
293
293
293
293
293
293
293
293
293
293
293
293
293
293
293
293
293
293
293
293
293
293
293
293
293
293
293
293
293
293
293
293
293
293
293
293
293
293
293
293
293
293
293
293
293
293
293
293
293
293
293
293
293
293
293
293
293
293
293
293
293
293
293
293
293
293
293
293
293
293
293
293
293
293
293
293
293
293
293
293
293
293
293
293
293
293
293
293
293
293
293
293
293
293
293
293
293
293
293
293
293
293
293
293
293
293
293
293
293
293
293
293
293
293
293
293
293
293
293
293
293
293
293
293
293
293
293
293
293
293
293
293
293
293
293
293
293
293
293
293
293
293
293
293
293
293
293
293
293
293
293
293
293
293
293
293
293
293
293
293
293
293
293
293
293
293
293
293
293
293
293
293
293
293
293
293
293
293
293
293
293
293
293
293
293
293
293
293
293
293
293
293
293
293
293
293.001
293.001
293.001
293.001
293.001
293.001
293.001
293.001
293.001
293
293
293
293
293
293
293
293
293
293
293.001
293.001
293.001
293.001
293.001
293.001
293.001
293.001
293.001
293.001
293.002
293.002
293.002
293.002
293.002
293
293
293
293
293
293.001
293.001
293.001
293.001
293.001
293.001
293.001
293.001
293.002
293.002
293.002
293.002
293.002
293.002
293.003
293.003
293.003
293.003
293.003
293.003
293
293
293.001
293.001
293.001
293.001
293.001
293.001
293.001
293.002
293.002
293.002
293.002
293.002
293.003
293.003
293.003
293.003
293.004
293.004
293.004
293.004
293.005
293.005
293.005
293.001
293.001
293.001
293.001
293.001
293.001
293.002
293.002
293.002
293.002
293.003
293.003
293.003
293.004
293.004
293.004
293.005
293.005
293.005
293.006
293.006
293.006
293.006
293.007
293.007
293.007
293.001
293.001
293.001
293.002
293.002
293.002
293.002
293.003
293.003
293.003
293.004
293.004
293.004
293.005
293.005
293.006
293.006
293.007
293.007
293.007
293.008
293.008
293.008
293.009
293.009
293.009
293
293
293
293
293
293
293
293
293
293
293
293
293
293
293
293
293
293
293
293
293
293
293
293
293
293
293
293
293
293
293
293
293
293
293
293
293
293
293
293
293
293
293
293
293
293
293
293
293
293
293
293
293
293
293
293
293
293
293
293
293
293
293
293
293
293
293
293
293
293
293
293
293
293
293
293
293
293
293
293
293
293
293
293
293
293
293
293
293
293
293
293
293
293
293
293
293
293
293
293
293
293
293
293
293
293
293
293
293
293
293
293
293
293
293
293
293
293
293
293
293
293
293
293
293
293
293
293
293
293
293
293
293
293
293
293
293
293
293
293
293
293
293
293
293
293
293
293
293
293
293
293
293
293
293
293
293
293
293
293
293
293
293
293
293
293
293
293
293
293
293
293
293
293
293
293
293
293
293
293
293
293
293
293
293
293
293
293
293
293
293
293
293
293
293
293
293
293
293
293
293
293
293
293
293
293
293
293
293
293
293
293
293
293
293
293
293
293
293
293
293
293
293
293
293
293
293
293
293
293
293
293
293
293
293
293
293
293
293
293
293
293
293
293
293
293
293
293
293
293
293
293
293
293
293
293
293
293
293
293
293
293
293
293
293
293
293
293
293
293
293
293
293
293
293
293
293
293
293
293
293
293
293
293
293
293
293
293
293
293
293
293
293
293
293
293
293
293
293
293
293
293
293
293
293
293
293
293
293
293
293
293
293
293
293
293
293
293
293
293
293
293
293
293
293
293
293
293
293
293
293
293
293
293
293
293
293
293
293
293
293
293
293
293
293
293
293
293
293
293
293
293
293
293
293
293
293
293
293
293
293
293
293
293
293
293
293
293
293
293
293
293
293
293
293
293
293
293
293
293
293
293
293
293
293
293
293
293
293
293
293
293
293
293
293
293
293
293
293
293
293
293
293
293
293
293
293
293
293
293
293
293
293
293
293
293
293
293
293
293
293
293
293
293
293
293
293
293
293
293
293
293
293
293
293
293
293
293
293
293
293
293
293
293
293
293
293
293
293
293
293
293
293
293
293
293
293
293
293
293
293
293
293
293
293
293
293
293
293
293
293
293
293
293
293
293
293
293
293
293
293
293
293
293
293
293
293
293
293
293
293
293
293
293
293
293
293
293
293
293
293
293
293
293
293
293
293
293
293
293
293
293
293
293
293
293
293
293
293
293
293
293
293
293
293
293
293.001
293.001
293.001
293.001
293.001
293.001
293.001
293.001
293
293
293
293
293
293
293
293
293
293
293
293
293.001
293.001
293.001
293.001
293.001
293.001
293.001
293.001
293.001
293.001
293.001
293.001
293.002
293
293
293
293
293
293
293
293
293.001
293.001
293.001
293.001
293.001
293.001
293.001
293.001
293.001
293.001
293.002
293.002
293.002
293.002
293.002
293.002
293.002
293.002
293
293
293
293
293
293
293.001
293.001
293.001
293.001
293.001
293.001
293.001
293.001
293.002
293.002
293.002
293.002
293.002
293.002
293.003
293.003
293.003
293.003
293.003
293.003
293
293
293
293
293
293
293
293
293
293
293
293
293
293
293
293
293
293
293
293
293
293
293
293
293
293
293
293
293
293
293
293
293
293
293
293
293
293
293
293
293
293
293
293
293
293
293
293
293
293
293
293
293
293
293
293
293
293
293
293
293
293
293
293
293
293
293
293
293
293
293
293
293
293
293
293
293
293
293
293
293
293
293
293
293
293
293
293
293
293
293
293
293
293
293
293
293
293
293
293
293
293
293
293
293
293
293
293
293
293
293
293
293
293
293
293
293
293
293
293
293
293
293
293
293
293
293
293
293
293
293
293
293
293
293
293
293
293
293
293
293
293
293
293
293
293
293
293
293
293
293
293
293
293
293
293
293
293
293
293
293
293
293
293
293
293
293
293
293
293
293
293
293
293
293
293
293
293
293
293
293
293
293
293
293
293
293
293
293
293
293
293
293
293
293
293
293
293
293
293
293
293
293
293
293
293
293
293
293
293
293
293
293
293
293
293
293
293
293
293
293.001
293.001
293.001
293
293
293
293
293
293
293
293
293
293
293
293
293
293
293
293
293
293
293.001
293.001
293.001
293.001
293.001
293.001
293.001
293.001
293
293
293
293
293
293
293
293
293
293
293
293
293
293
293
293
293
293
293
293
293
293
293
293
293
293
293
293
293
293
293
293
293
293
293
293
293
293
293
293
293
293
293
293
293
293
293
293
293
293
293
293
293
293
293
293
293
293
293
293
293
293
293
293
293
293
293
293
293
293
293
293
293
293
293
293
293
293
293
293
293
293
293
293
293
293
293
293
293
293
293
293
293
293
293
293
293
293
293
293
293
293
293
293
293
293
293
293
293
293
293
293
293
293
293
293
293
293
293
293
293
293
293
293
293
293
293
293
293
293
293
293
293
293
293
293
293
293
293
293
293
293
293
293
293
293
293
293
293
293
293
293
293
293
293
293
293
293
293
293
293
293
293
293
293
293
293
293
293
293
293
293
293
293
293
293
293
293
293
293
293
293
293
293
293
293
293
293
293
293
293
293
293
293
293
293
293
293
293
293
293
293
293
293
293
293
293
293
293
293
293
293
293
293
293
293
293
293
293
293
293
293
293
293
293
293
293
293
293
293
293
293
293
293
293
293
293
293
293
293
293
293
293
293
293
293
293
293
293
293
293
293
293
293
293
293
293
293
293
293
293
293
293
293
293
293
293
293
293
293
293
293
293
293
293
293
293
293
293
293
293
293
293
293
293
293
293
293
293
293
293
293
293
293
293
293
293
293
293
293
293
293
293
293
293
293
293
293
293
293.001
293.001
293
293
293
293
293
293.001
293.001
293.002
293.003
293.005
293
293
293
293.001
293.002
293.004
293.006
293.009
293.013
293.018
293
293.001
293.002
293.005
293.009
293.015
293.023
293.033
293.044
293.057
293.001
293.003
293.008
293.018
293.031
293.049
293.07
293.095
293.124
293.156
293.003
293.012
293.029
293.055
293.091
293.134
293.185
293.242
293.304
293.37
293.011
293.039
293.085
293.151
293.232
293.326
293.43
293.541
293.658
293.779
293.036
293.109
293.22
293.361
293.525
293.703
293.89
294.081
294.273
294.467
293.102
293.275
293.507
293.777
294.07
294.371
294.669
294.955
295.229
295.492
293.259
293.622
294.057
294.522
294.992
295.447
295.863
296.23
296.549
296.828
293.585
294.286
295.025
295.75
296.431
297.039
297.535
297.906
298.175
298.332
294.195
295.468
296.609
297.645
298.529
299.262
299.808
300.128
300.16
299.91
295.223
297.434
299.06
300.492
301.769
302.653
302.651
302.274
301.82
301.271
296.744
300.316
302.907
304.684
305.223
305.61
305.391
304.768
304.022
303.202
293
293
293
293
293
293
293
293
293
293
293
293
293
293
293
293
293
293
293
293
293
293
293
293
293
293
293
293
293
293
293
293
293
293
293
293
293
293
293
293
293
293
293
293
293
293
293
293
293
293
293
293
293
293
293
293
293
293
293
293
293
293
293
293
293
293
293
293
293
293
293
293
293
293
293
293
293
293
293
293
293
293
293
293
293
293
293
293
293
293
293
293
293
293
293
293
293
293
293
293
293
293
293
293
293
293
293
293
293
293
293
293
293
293
293
293
293
293
293
293.001
293
293
293
293
293
293
293.001
293.002
293.002
293.003
293
293
293
293.001
293.002
293.003
293.005
293.007
293.01
293.014
293
293
293.001
293.003
293.007
293.011
293.018
293.025
293.034
293.044
293
293.002
293.006
293.013
293.024
293.038
293.055
293.075
293.098
293.123
293.002
293.009
293.022
293.043
293.071
293.106
293.147
293.192
293.243
293.297
293.008
293.029
293.066
293.118
293.184
293.261
293.345
293.436
293.532
293.632
293.026
293.084
293.173
293.289
293.423
293.569
293.723
293.881
294.042
294.205
293.075
293.213
293.404
293.628
293.871
294.121
294.369
294.61
294.845
295.076
293.19
293.484
293.848
294.238
294.63
295.01
295.363
295.685
295.978
296.252
293.429
293.995
294.617
295.229
295.8
296.314
296.757
297.117
297.419
297.665
293.858
294.855
295.822
296.693
297.444
298.061
298.603
299.014
299.226
299.262
294.518
296.118
297.472
298.613
299.582
300.41
300.738
300.742
300.589
300.34
295.306
297.568
299.218
300.518
301.409
302.02
302.227
302.101
301.756
301.286
293
293
293
293
293
293
293
293
293
293
293
293
293
293
293
293
293
293
293
293
293
293
293
293
293
293
293
293
293
293
293
293
293
293
293
293
293
293
293
293
293
293
293
293
293
293
293
293
293
293
293
293
293
293
293
293
293
293
293
293
293
293
293
293
293
293
293
293
293
293
293
293
293
293
293
293
293
293
293
293
293
293
293
293
293
293
293
293
293
293
293
293
293
293
293
293
293
293
293
293
293
293
293
293
293
293
293
293
293
293
293
293
293
293
293
293
293
293
293
293
293
293
293
293
293
293
293.001
293.001
293.002
293.002
293
293
293
293
293.001
293.002
293.003
293.005
293.007
293.01
293
293
293.001
293.002
293.005
293.008
293.013
293.019
293.026
293.034
293
293.001
293.004
293.009
293.017
293.028
293.041
293.057
293.075
293.095
293.001
293.006
293.016
293.031
293.053
293.08
293.112
293.149
293.189
293.232
293.005
293.02
293.048
293.088
293.14
293.201
293.269
293.342
293.419
293.5
293.017
293.059
293.127
293.218
293.326
293.445
293.571
293.7
293.831
293.965
293.049
293.151
293.299
293.48
293.679
293.885
294.09
294.291
294.487
294.682
293.125
293.342
293.629
293.948
294.274
294.592
294.89
295.165
295.421
295.665
293.277
293.693
294.186
294.692
295.173
295.611
295.995
296.324
296.608
296.865
293.542
294.251
295.008
295.726
296.364
296.903
297.349
297.733
298.035
298.248
293.921
294.985
296.003
296.902
297.661
298.28
298.726
298.979
299.098
299.145
294.326
295.703
296.866
297.833
298.572
299.123
299.498
299.701
299.764
299.729
293
293
293
293
293
293
293
293
293
293
293
293
293
293
293
293
293
293
293
293
293
293
293
293
293
293
293
293
293
293
293
293
293
293
293
293
293
293
293
293
293
293
293
293
293
293
293
293
293
293
293
293
293
293
293
293
293
293
293
293
293
293
293
293
293
293
293
293
293
293
293
293
293
293
293
293
293
293
293
293
293
293
293
293
293
293
293
293
293
293
293
293
293
293
293
293
293
293
293
293
293
293
293
293
293
293
293
293
293
293
293
293
293
293
293
293
293
293
293
293
293
293
293
293
293
293
293
293.001
293.001
293.002
293
293
293
293
293.001
293.001
293.002
293.003
293.005
293.007
293
293
293.001
293.001
293.003
293.006
293.009
293.013
293.018
293.024
293
293.001
293.003
293.006
293.012
293.019
293.029
293.041
293.055
293.07
293.001
293.004
293.01
293.021
293.037
293.057
293.082
293.11
293.141
293.174
293.003
293.013
293.032
293.061
293.1
293.146
293.199
293.257
293.319
293.383
293.01
293.037
293.086
293.153
293.236
293.329
293.43
293.534
293.64
293.748
293.029
293.096
293.203
293.339
293.495
293.661
293.828
293.994
294.157
294.318
293.073
293.218
293.425
293.67
293.931
294.191
294.44
294.673
294.893
295.104
293.16
293.436
293.792
294.182
294.57
294.935
295.264
295.556
295.816
296.056
293.308
293.766
294.305
294.852
295.364
295.818
296.205
296.533
296.811
297.057
293.51
294.171
294.878
295.545
296.135
296.63
297.022
297.318
297.551
297.74
293.715
294.54
295.348
296.074
296.681
297.165
297.528
297.786
297.977
298.129
293
293
293
293
293
293
293
293
293
293
293
293
293
293
293
293
293
293
293
293
293
293
293
293
293
293
293
293
293
293
293
293
293
293
293
293
293
293
293
293
293
293
293
293
293
293
293
293
293
293
293
293
293
293
293
293
293
293
293
293
293
293
293
293
293
293
293
293
293
293
293
293
293
293
293
293
293
293
293
293
293
293
293
293
293
293
293
293
293
293
293
293
293
293
293
293
293
293
293
293
293
293
293
293
293
293
293
293
293
293
293
293
293
293
293
293
293
293
293
293
293
293
293
293
293
293
293
293
293.001
293.001
293
293
293
293
293
293.001
293.001
293.002
293.003
293.005
293
293
293
293.001
293.002
293.004
293.006
293.009
293.012
293.017
293
293
293.002
293.004
293.007
293.013
293.02
293.028
293.038
293.049
293
293.002
293.006
293.013
293.024
293.038
293.056
293.077
293.1
293.125
293.002
293.007
293.019
293.039
293.066
293.1
293.139
293.183
293.23
293.279
293.005
293.022
293.052
293.099
293.158
293.227
293.304
293.385
293.469
293.554
293.015
293.056
293.125
293.22
293.334
293.459
293.59
293.723
293.855
293.986
293.039
293.126
293.262
293.435
293.628
293.829
294.028
294.22
294.405
294.582
293.084
293.25
293.484
293.759
294.049
294.334
294.603
294.85
295.077
295.289
293.159
293.432
293.784
294.168
294.548
294.904
295.222
295.502
295.75
295.975
293.26
293.647
294.106
294.574
295.013
295.404
295.736
296.012
296.245
296.453
293.361
293.841
294.374
294.896
295.372
295.782
296.119
296.388
296.604
296.791
293
293
293
293
293
293
293
293
293
293
293
293
293
293
293
293
293
293
293
293
293
293
293
293
293
293
293
293
293
293
293
293
293
293
293
293
293
293
293
293
293
293
293
293
293
293
293
293
293
293
293
293
293
293
293
293
293
293
293
293
293
293
293
293
293
293
293
293
293
293
293
293
293
293
293
293
293
293
293
293
293
293
293
293
293
293
293
293
293
293
293
293
293
293
293
293
293
293
293
293
293
293
293
293
293
293
293
293
293
293
293
293
293
293
293
293
293
293
293
293
293
293
293
293
293
293
293
293
293
293.001
293
293
293
293
293
293
293.001
293.001
293.002
293.003
293
293
293
293
293.001
293.002
293.003
293.005
293.008
293.011
293
293
293.001
293.002
293.004
293.008
293.012
293.018
293.025
293.032
293
293.001
293.003
293.007
293.014
293.024
293.035
293.05
293.066
293.084
293.001
293.004
293.011
293.023
293.04
293.063
293.09
293.121
293.155
293.192
293.002
293.011
293.029
293.058
293.097
293.145
293.199
293.259
293.322
293.387
293.007
293.029
293.071
293.131
293.207
293.296
293.391
293.491
293.593
293.696
293.019
293.066
293.148
293.259
293.391
293.534
293.683
293.832
293.978
294.121
293.04
293.131
293.273
293.451
293.649
293.856
294.059
294.254
294.439
294.615
293.076
293.225
293.438
293.688
293.951
294.21
294.455
294.68
294.886
295.078
293.123
293.336
293.615
293.923
294.233
294.526
294.792
295.027
295.237
295.428
293.17
293.436
293.767
294.12
294.468
294.79
295.077
295.325
295.539
295.731
293
293
293
293
293
293
293
293
293
293
293
293
293
293
293
293
293
293
293
293
293
293
293
293
293
293
293
293
293
293
293
293
293
293
293
293
293
293
293
293
293
293
293
293
293
293
293
293
293
293
293
293
293
293
293
293
293
293
293
293
293
293
293
293
293
293
293
293
293
293
293
293
293
293
293
293
293
293
293
293
293
293
293
293
293
293
293
293
293
293
293
293
293
293
293
293
293
293
293
293
293
293
293
293
293
293
293
293
293
293
293
293
293
293
293
293
293
293
293
293
293
293
293
293
293
293
293
293
293
293
293
293
293
293
293
293
293
293.001
293.001
293.002
293
293
293
293
293
293.001
293.002
293.003
293.004
293.006
293
293
293
293.001
293.002
293.004
293.007
293.01
293.015
293.02
293
293
293.002
293.004
293.008
293.013
293.021
293.03
293.041
293.053
293
293.002
293.005
293.012
293.022
293.036
293.054
293.074
293.098
293.123
293.001
293.005
293.015
293.031
293.055
293.085
293.121
293.162
293.206
293.253
293.003
293.014
293.036
293.071
293.118
293.176
293.24
293.31
293.384
293.459
293.008
293.032
293.077
293.142
293.224
293.319
293.421
293.528
293.636
293.744
293.018
293.063
293.142
293.248
293.374
293.512
293.654
293.796
293.936
294.072
293.033
293.109
293.228
293.379
293.548
293.725
293.9
294.069
294.23
294.383
293.054
293.163
293.321
293.511
293.716
293.922
294.12
294.305
294.478
294.64
293.075
293.213
293.405
293.629
293.864
294.098
294.32
294.525
294.712
294.887
293
293
293
293
293
293
293
293
293
293
293
293
293
293
293
293
293
293
293
293
293
293
293
293
293
293
293
293
293
293
293
293
293
293
293
293
293
293
293
293
293
293
293
293
293
293
293
293
293
293
293
293
293
293
293
293
293
293
293
293
293
293
293
293
293
293
293
293
293
293
293
293
293
293
293
293
293
293
293
293
293
293
293
293
293
293
293
293
293
293
293
293
293
293
293
293
293
293
293
293
293
293
293
293
293
293
293
293
293
293
293
293
293
293
293
293
293
293
293
293
293
293
293
293
293
293
293
293
293
293
293
293
293
293
293
293
293
293
293
293.001
293
293
293
293
293
293
293.001
293.002
293.002
293.003
293
293
293
293
293.001
293.002
293.004
293.006
293.008
293.011
293
293
293.001
293.002
293.004
293.007
293.011
293.017
293.023
293.031
293
293.001
293.002
293.006
293.011
293.019
293.03
293.042
293.057
293.074
293
293.002
293.007
293.015
293.028
293.046
293.068
293.093
293.122
293.153
293.001
293.006
293.017
293.036
293.062
293.096
293.136
293.182
293.231
293.282
293.003
293.014
293.037
293.072
293.119
293.177
293.242
293.312
293.385
293.461
293.007
293.028
293.068
293.126
293.2
293.285
293.378
293.474
293.572
293.669
293.013
293.049
293.11
293.195
293.296
293.408
293.525
293.643
293.759
293.873
293.022
293.073
293.157
293.266
293.392
293.526
293.663
293.798
293.929
294.055
293.031
293.098
293.201
293.332
293.481
293.638
293.795
293.948
294.096
294.238
293
293
293
293
293
293
293
293
293
293
293
293
293
293
293
293
293
293
293
293
293
293
293
293
293
293
293
293
293
293
293
293
293
293
293
293
293
293
293
293
293
293
293
293
293
293
293
293
293
293
293
293
293
293
293
293
293
293
293
293
293
293
293
293
293
293
293
293
293
293
293
293
293
293
293
293
293
293
293
293
293
293
293
293
293
293
293
293
293
293
293
293
293
293
293
293
293
293
293
293
293
293
293
293
293
293
293
293
293
293
293
293
293
293
293
293
293
293
293
293
293
293
293
293
293
293
293
293
293
293
293
293
293
293
293
293
293
293
293
293
293
293
293
293
293
293
293
293.001
293.001
293.002
293
293
293
293
293
293.001
293.002
293.003
293.004
293.006
293
293
293
293.001
293.002
293.003
293.005
293.008
293.012
293.017
293
293
293.001
293.002
293.005
293.009
293.015
293.022
293.031
293.041
293
293.001
293.003
293.007
293.014
293.023
293.035
293.05
293.067
293.086
293
293.002
293.007
293.016
293.03
293.049
293.072
293.098
293.128
293.161
293.001
293.006
293.016
293.033
293.058
293.09
293.128
293.171
293.218
293.267
293.003
293.011
293.03
293.059
293.099
293.148
293.203
293.264
293.327
293.393
293.005
293.02
293.049
293.093
293.149
293.215
293.287
293.363
293.442
293.521
293.008
293.031
293.071
293.129
293.201
293.282
293.369
293.46
293.551
293.642
293.012
293.041
293.093
293.164
293.251
293.348
293.451
293.556
293.662
293.766
293
293
293
293
293
293
293
293
293
293
293
293
293
293
293
293
293
293
293
293
293
293
293
293
293
293
293
293
293
293
293
293
293
293
293
293
293
293
293
293
293
293
293
293
293
293
293
293
293
293
293
293
293
293
293
293
293
293
293
293
293
293
293
293
293
293
293
293
293
293
293
293
293
293
293
293
293
293
293
293
293
293
293
293
293
293
293
293
293
293
293
293
293
293
293
293
293
293
293
293
293
293
293
293
293
293
293
293
293
293
293
293
293
293
293
293
293
293
293
293
293
293
293
293
293
293
293
293
293
293
293
293
293
293
293
293
293
293
293
293
293
293
293
293
293
293
293
293
293
293.001
293
293
293
293
293
293
293.001
293.001
293.002
293.003
293
293
293
293
293.001
293.001
293.002
293.004
293.006
293.008
293
293
293
293.001
293.002
293.004
293.007
293.011
293.015
293.021
293
293
293.001
293.003
293.006
293.01
293.017
293.024
293.034
293.045
293
293.001
293.003
293.007
293.013
293.023
293.035
293.049
293.066
293.085
293
293.002
293.006
293.014
293.026
293.043
293.063
293.087
293.114
293.144
293.001
293.004
293.012
293.026
293.046
293.071
293.102
293.137
293.175
293.215
293.002
293.008
293.02
293.041
293.07
293.105
293.146
293.192
293.241
293.291
293.003
293.012
293.03
293.058
293.096
293.141
293.192
293.248
293.307
293.367
293.004
293.016
293.04
293.075
293.122
293.177
293.239
293.305
293.375
293.445
293
293
293
293
293
293
293
293
293
293
293
293
293
293
293
293
293
293
293
293
293
293
293
293
293
293
293
293
293
293
293
293
293
293
293
293
293
293
293
293
293
293
293
293
293
293
293
293
293
293
293
293
293
293
293
293
293
293
293
293
293
293
293
293
293
293
293
293
293
293
293
293
293
293
293
293
293
293
293
293
293
293
293
293
293
293
293
293
293
293
293
293
293
293
293
293
293
293
293
293
293
293
293
293
293
293
293
293
293
293
293
293
293
293
293
293
293
293
293
293
293
293
293
293
293
293
293
293
293
293
293
293
293
293
293
293
293
293
293
293
293
293
293
293
293
293
293
293
293
293
293
293
293
293
293
293
293
293
293.001
293.001
293
293
293
293
293
293
293.001
293.002
293.003
293.004
293
293
293
293
293.001
293.002
293.003
293.005
293.007
293.01
293
293
293
293.001
293.002
293.004
293.007
293.011
293.016
293.021
293
293
293.001
293.003
293.005
293.01
293.015
293.023
293.032
293.042
293
293.001
293.002
293.005
293.011
293.019
293.029
293.041
293.055
293.072
293
293.001
293.004
293.01
293.019
293.031
293.047
293.066
293.087
293.11
293
293.003
293.008
293.017
293.03
293.048
293.069
293.094
293.122
293.152
293.001
293.004
293.011
293.024
293.042
293.065
293.093
293.125
293.159
293.196
293.001
293.006
293.016
293.032
293.055
293.084
293.118
293.156
293.198
293.242
293
293
293
293
293
293
293
293
293
293
293
293
293
293
293
293
293
293
293
293
293
293
293
293
293
293
293
293
293
293
293
293
293
293
293
293
293
293
293
293
293
293
293
293
293
293
293
293
293
293
293
293
293
293
293
293
293
293
293
293
293
293
293
293
293
293
293
293
293
293
293
293
293
293
293
293
293
293
293
293
293
293
293
293
293
293
293
293
293
293
293
293
293
293
293
293
293
293
293
293
293
293
293
293
293
293
293
293
293
293
293
293
293
293
293
293
293
293
293
293
293
293
293
293
293
293
293
293
293
293
293
293
293
293
293
293
293
293
293
293
293
293
293
293
293
293
293
293
293
293
293
293
293
293
293
293
293
293
293
293
293
293
293
293
293
293
293
293.001
293.001
293.001
293
293
293
293
293
293
293.001
293.002
293.003
293.004
293
293
293
293
293.001
293.002
293.003
293.004
293.007
293.009
293
293
293
293.001
293.002
293.004
293.006
293.01
293.014
293.019
293
293
293.001
293.002
293.004
293.007
293.012
293.018
293.025
293.033
293
293
293.001
293.004
293.007
293.013
293.02
293.029
293.04
293.052
293
293.001
293.003
293.006
293.012
293.02
293.03
293.043
293.057
293.074
293
293.001
293.004
293.009
293.017
293.028
293.041
293.058
293.076
293.097
293
293.002
293.006
293.012
293.023
293.036
293.054
293.074
293.097
293.122
293
293
293
293
293
293
293
293
293
293
293
293
293
293
293
293
293
293
293
293
293
293
293
293
293
293
293
293
293
293
293
293
293
293
293
293
293
293
293
293
293
293
293
293
293
293
293
293
293
293
293
293
293
293
293
293
293
293
293
293
293
293
293
293
293
293
293
293
293
293
293
293
293
293
293
293
293
293
293
293
293
293
293
293
293
293
293
293
293
293
293
293
293
293
293
293
293
293
293
293
293
293
293
293
293
293
293
293
293
293
293
293
293
293
293
293
293
293
293
293
293
293
293
293
293
293
293
293
293
293
293
293
293
293
293
293
293
293
293
293
293
293
293
293
293
293
293
293
293
293
293
293
293
293
293
293
293
293
293
293
293
293
293
293
293
293
293
293
293
293
293
293
293
293
293
293
293
293.001
293.001
293.001
293
293
293
293
293
293
293.001
293.002
293.003
293.004
293
293
293
293
293.001
293.001
293.002
293.004
293.005
293.008
293
293
293
293
293.001
293.003
293.004
293.007
293.01
293.014
293
293
293
293.001
293.002
293.005
293.008
293.012
293.017
293.022
293
293
293.001
293.002
293.004
293.007
293.012
293.018
293.025
293.033
293
293
293.001
293.003
293.006
293.011
293.017
293.025
293.034
293.044
293
293
293.002
293.004
293.008
293.014
293.022
293.032
293.044
293.057
293
293
293
293
293
293
293
293
293
293
293
293
293
293
293
293
293
293
293
293
293
293
293
293
293
293
293
293
293
293
293
293
293
293
293
293
293
293
293
293
293
293
293
293
293
293
293
293
293
293
293
293
293
293
293
293
293
293
293
293
293
293
293
293
293
293
293
293
293
293
293
293
293
293
293
293
293
293
293
293
293
293
293
293
293
293
293
293
293
293
293
293
293
293
293
293
293
293
293
293
293
293
293
293
293
293
293
293
293
293
293
293
293
293
293
293
293
293
293
293
293
293
293
293
293
293
293
293
293
293
293
293
293
293
293
293
293
293
293
293
293
293
293
293
293
293
293
293
293
293
293
293
293
293
293
293
293
293
293
293
293
293
293
293
293
293
293
293
293
293
293
293
293
293
293
293
293
293
293
293
293
293
293
293
293
293
293
293
293.001
293.001
293
293
293
293
293
293
293.001
293.001
293.002
293.003
293
293
293
293
293
293.001
293.001
293.002
293.004
293.005
293
293
293
293
293.001
293.001
293.003
293.004
293.006
293.009
293
293
293
293
293.001
293.002
293.004
293.007
293.01
293.013
293
293
293
293.001
293.002
293.004
293.006
293.01
293.014
293.018
293
293
293
293.001
293.003
293.005
293.008
293.013
293.018
293.024
293
293
293
293
293
293
293
293
293
293
293
293
293
293
293
293
293
293
293
293
293
293
293
293
293
293
293
293
293
293
293
293
293
293
293
293
293
293
293
293
293
293
293
293
293
293
293
293
293
293
293
293
293
293
293
293
293
293
293
293
293
293
293
293
293
293
293
293
293
293
293
293
293
293
293
293
293
293
293
293
293
293
293
293
293
293
293
293
293
293
293
293
293
293
293
293
293
293
293
293
293
293
293
293
293
293
293
293
293
293
293
293
293
293
293
293
293
293
293
293
293
293
293
293
293
293
293
293
293
293
293
293
293
293
293
293
293
293
293
293
293
293
293
293
293
293
293
293
293
293
293
293
293
293
293
293
293
293
293
293
293
293
293
293
293
293
293
293
293
293
293
293
293
293
293
293
293
293
293
293
293
293
293
293
293
293
293
293
293
293
293
293
293
293
293
293
293
293
293
293.001
293
293
293
293
293
293
293
293.001
293.001
293.002
293
293
293
293
293
293
293.001
293.001
293.002
293.003
293
293
293
293
293
293.001
293.001
293.002
293.003
293.005
293
293
293
293
293
293.001
293.002
293.003
293.005
293.007
293
293
293
293
293.001
293.002
293.003
293.005
293.007
293.009
293
293
293
293
293
293
293
293
293
293
293
293
293
293
293
293
293
293
293
293
293
293
293
293
293
293
293
293
293
293
293
293
293
293
293
293
293
293
293
293
293
293
293
293
293
293
293
293
293
293
293
293
293
293
293
293
293
293
293
293
293
293
293
293
293
293
293
293
293
293
293
293
293
293
293
293
293
293
293
293
293
293
293
293
293
293
293
293
293
293
293
293
293
293
293
293
293
293
293
293
293
293
293
293
293
293
293
293
293
293
293
293
293
293
293
293
293
293
293
293
293
293
293
293
293
293
293
293
293
293
293
293
293
293
293
293
293
293
293
293
293
293
293
293
293
293
293
293
293
293
293
293
293
293
293
293
293
293
293
293
293
293
293
293
293
293
293
293
293
293
293
293
293
293
293
293
293
293
293
293
293
293
293
293
293
293
293
293
293
293
293
293
293
293
293
293
293
293
293
293
293
293
293
293
293
293
293
293
293
293
293
293
293
293
293
293
293
293
293.001
293.001
293
293
293
293
293
293
293
293.001
293.001
293.002
293
293
293
293
293
293
293
293.001
293.002
293.002
293
293
293
293
293
293
293.001
293.001
293.002
293.003
293
293
293
293
293
293
293
293
293
293
293
293
293
293
293
293
293
293
293
293
293
293
293
293
293
293
293
293
293
293
293
293
293
293
293
293
293
293
293
293
293
293
293
293
293
293
293
293
293
293
293
293
293
293
293
293
293
293
293
293
293
293
293
293
293
293
293
293
293
293
293
293
293
293
293
293
293
293
293
293
293
293
293
293
293
293
293
293
293
293
293
293
293
293
293
293
293
293
293
293
293
293
293
293
293
293
293
293
293
293
293
293
293
293
293
293
293
293
293
293
293
293
293
293
293
293
293
293
293
293
293
293
293
293
293
293
293
293
293
293
293
293
293
293
293
293
293
293
293
293
293
293
293
293
293
293
293
293
293
293
293
293
293
293
293
293
293
293
293
293
293
293
293
293
293
293
293
293
293
293
293
293
293
293
293
293
293
293
293
293
293
293
293
293
293
293
293
293
293
293
293
293
293
293
293
293
293
293
293
293
293
293
293
293
293
293
293
293
293
293
293
293
293
293
293
293
293
293
293
293
293
293
293
293
293
293
293
293
293
293.001
293
293
293
293
293
293
293
293
293.001
293.001
293
293
293
293
293
293
293
293
293
293
293
293
293
293
293
293
293
293
293
293
293
293
293
293
293
293
293
293
293
293
293
293
293
293
293
293
293
293
293
293
293
293
293
293
293
293
293
293
293
293
293
293
293
293
293
293
293
293
293
293
293
293
293
293
293
293
293
293
293
293
293
293
293
293
293
293
293
293
293
293
293
293
293
293
293
293
293
293
293
293
293
293
293
293
293
293
293
293
293
293
293
293
293
293
293
293
293
293
293
293
293
293
293
293
293
293
293
293
293
293
293
293
293
293
293
293
293
293
293
293
293
293
293
293
293
293
293
293
293
293
293
293
293
293
293
293
293
293
293
293
293
293
293
293
293
293
293
293
293
293
293
293
293
293
293
293
293
293
293
293
293
293
293
293
293
293
293
293
293
293
293
293
293
293
293
293
293
293
293
293
293
293
293
293
293
293
293
293
293
293
293
293
293
293
293
293
293
293
293
293
293
293
293
293
293
293
293
293
293
293
293
293
293
293
293
293
293
293
293
293
293
293
293
293
293
293
293
293
293
293
293
293
293
293
293
293
293
293
293
293
293
293
293
293
293
293
293
293
293
293
293
293
293
293
293
293
293
293
293
293
293
293
293
293
293
293
293
293
293
293
293
293
293
293
293
293
293
293
293
293
293
293
293
293
293
293
293
293
293
293
293
293
293
293
293
293
293
293
293
293
293
293
293
293
293
293
293
293
293
293
293
293
293
293
293
293
293
293
293
293
293
293
293
293
293
293
293
293
293
293
293
293
293
293
293
293
293
293
293
293
293
293
293
293
293
293
293
293
293
293
293
293
293
293
293
293
293
293
293
293
293
293
293
293
293
293
293
293
293
293
293
293
293
293
293
293
293
293
293
293
293
293
293
293
293
293
293
293
293
293
293
293
293
293
293
293
293
293
293
293
293
293
293
293
293
293
293
293
293
293
293
293
293
293
293
293
293
293
293
293
293
293
293
293
293
293
293
293
293
293
293
293
293
293
293
293
293
293
293
293
293
293
293
293
293
293
293
293
293
293
293
293
293
293
293
293
293
293
293
293
293
293
293
293
293
293
293
293
293
293
293
293
293
293
293
293
293
293
293
293
293
293
293
293
293
293
293
293
293
293
293
293
293
293
293
293
293
293
293
293
293
293
293
293
293
293
293
293
293
293
293
293
293
293
293
293
293
293
293
293
293
293
293
293
293
293
293
293
293
293
293
293
293
293
293
293
293
293
293
293
293
293
293
293
293
293
293
293
293
293
293
293
293
293
293
293
293
293
293
293
293
293
293
293
293
293
293
293
293
293
293
293
293
293
293
293
293
293
293
293
293
293
293
293
293
293
293
293
293
293
293
293
293
293
293
293
293
293
293
293
293
293
293
293
293
293
293
293
293
293
293
293
293
293
293
293
293
293
293
293
293
293
293
293
293
293
293
293
293
293
293
293
293
293
293
293
293
293
293
293
293
293
293
293
293
293
293
293
293
293
293
293
293
293
293
293
293
293
293
293
293
293
293
293
293
293
293
293
293
293
293
293
293
293
293
293
293
293
293
293
293
293
293
293
293
293
293
293
293
293
293
293
293
293
293
293
293
293
293
293
293
293
293
293
293
293
293
293
293
293
293
293
293
293
293
293
293
293
293
293
293
293
293
293
293
293
293
293
293
293
293
293
293
293
293
293
293
293
293
293
298.465
303.581
307.72
308.782
308.915
309.19
309.253
309.072
308.711
307.88
299.182
307.192
310.068
310.65
310.635
310.653
310.599
310.376
309.854
308.822
299.702
308.779
310.865
311.462
311.414
311.312
311.143
310.87
310.369
309.587
299.959
309.406
310.684
311.384
311.503
311.538
311.423
311.229
310.969
310.355
300.078
310.049
310.45
311.093
311.361
311.512
311.541
311.524
311.499
311.085
300.078
310.049
310.45
311.093
311.361
311.512
311.54
311.523
311.497
311.083
299.959
309.406
310.684
311.383
311.502
311.536
311.422
311.228
310.966
310.35
295.902
298.767
300.422
301.894
302.671
303.331
303.713
303.798
303.534
303.039
296.507
300.783
302.862
305.345
305.676
305.598
305.475
305.127
304.505
303.824
297.002
302.081
305.546
306.91
306.957
306.773
306.334
305.788
305.139
304.696
297.254
302.962
306.491
306.983
307.011
306.984
306.771
306.465
306.212
306.152
297.383
303.674
306.578
306.946
307.259
307.425
307.473
307.486
307.53
307.673
297.383
303.674
306.578
306.945
307.258
307.424
307.471
307.484
307.527
307.67
297.254
302.962
306.49
306.981
307.008
306.981
306.768
306.461
306.208
306.147
294.614
296.256
297.502
298.591
299.336
299.832
300.224
300.493
300.598
300.522
295.067
297.492
299.147
300.793
301.674
302.257
302.355
302.164
301.695
301.335
295.474
298.537
300.598
302.329
303.533
303.647
303.259
302.798
302.21
302.123
295.698
299.234
301.248
303.278
303.783
303.751
303.63
303.397
303.3
303.511
295.816
299.691
301.734
304.1
304.446
304.576
304.672
304.757
304.937
305.306
295.816
299.691
301.734
304.099
304.444
304.574
304.67
304.755
304.934
305.302
295.698
299.234
301.248
303.277
303.781
303.748
303.627
303.394
303.296
303.506
293.867
294.832
295.738
296.569
297.242
297.75
298.114
298.354
298.535
298.669
294.173
295.59
296.845
298.043
298.92
299.537
299.878
300.032
299.942
299.753
294.471
296.318
297.889
299.328
300.333
300.919
301.04
300.865
300.447
300.503
294.647
296.814
298.529
300.039
300.987
301.538
301.559
301.5
301.58
301.816
294.742
297.128
298.941
300.492
302.036
302.631
302.873
303.057
303.264
303.565
294.742
297.128
298.941
300.491
302.035
302.63
302.871
303.054
303.261
303.561
294.647
296.814
298.529
300.038
300.986
301.536
301.557
301.497
301.577
301.812
293.442
294.004
294.617
295.223
295.77
296.233
296.602
296.882
297.094
297.269
293.63
294.46
295.336
296.208
296.961
297.561
297.991
298.263
298.397
298.46
293.826
294.935
296.071
297.177
298.097
298.767
299.163
299.333
299.266
299.313
293.951
295.27
296.578
297.805
298.799
299.462
299.838
300.141
300.32
300.477
294.018
295.479
296.895
298.233
299.375
300.147
301.217
301.597
301.915
302.174
294.018
295.479
296.895
298.232
299.375
300.146
301.215
301.595
301.913
302.171
293.951
295.27
296.578
297.805
298.799
299.461
299.837
300.139
300.317
300.473
293.212
293.527
293.915
294.33
294.737
295.113
295.441
295.719
295.951
296.154
293.318
293.792
294.362
294.969
295.55
296.064
296.489
296.817
297.057
297.246
293.435
294.085
294.85
295.65
296.398
297.028
297.515
297.847
298.037
298.179
293.514
294.299
295.209
296.142
296.997
297.694
298.226
298.592
298.841
299.066
293.558
294.432
295.435
296.475
297.428
298.238
298.969
299.416
300.278
300.822
293.558
294.432
295.435
296.475
297.428
298.237
298.968
299.415
300.277
300.82
293.514
294.299
295.209
296.142
296.997
297.693
298.225
298.591
298.84
299.064
293.095
293.262
293.491
293.757
294.038
294.315
294.576
294.813
295.028
295.226
293.15
293.408
293.755
294.154
294.566
294.961
295.321
295.632
295.895
296.128
293.213
293.578
294.058
294.602
295.154
295.669
296.12
296.488
296.775
297.018
293.259
293.707
294.294
294.949
295.607
296.211
296.732
297.154
297.483
297.766
293.285
293.788
294.443
295.182
295.923
296.619
297.245
297.763
298.272
298.746
293.285
293.788
294.443
295.182
295.923
296.619
297.245
297.763
298.272
298.745
293.259
293.707
294.294
294.949
295.607
296.21
296.731
297.153
297.482
297.765
293.04
293.122
293.248
293.407
293.586
293.775
293.963
294.145
294.319
294.486
293.065
293.198
293.395
293.64
293.911
294.19
294.461
294.715
294.949
295.168
293.097
293.289
293.571
293.915
294.291
294.67
295.03
295.356
295.643
295.906
293.121
293.362
293.714
294.141
294.603
295.064
295.497
295.886
296.224
296.536
293.135
293.408
293.805
294.29
294.817
295.349
295.858
296.322
296.754
297.182
293.135
293.408
293.805
294.29
294.817
295.349
295.857
296.322
296.754
297.181
293.121
293.362
293.714
294.141
294.603
295.064
295.497
295.886
296.223
296.536
293.015
293.053
293.117
293.205
293.311
293.43
293.555
293.682
293.809
293.935
293.026
293.089
293.193
293.333
293.499
293.68
293.867
294.053
294.234
294.411
293.041
293.135
293.288
293.491
293.727
293.982
294.241
294.492
294.731
294.96
293.052
293.173
293.368
293.625
293.924
294.243
294.565
294.874
295.166
295.447
293.059
293.197
293.419
293.714
294.058
294.428
294.804
295.17
295.525
295.881
293.059
293.197
293.419
293.714
294.058
294.428
294.804
295.17
295.525
295.881
293.052
293.173
293.368
293.625
293.924
294.243
294.565
294.874
295.166
295.447
293.005
293.021
293.051
293.096
293.154
293.223
293.299
293.381
293.465
293.552
293.01
293.037
293.088
293.161
293.255
293.363
293.482
293.606
293.732
293.86
293.016
293.058
293.135
293.245
293.383
293.54
293.71
293.884
294.059
294.233
293.021
293.076
293.176
293.319
293.497
293.699
293.915
294.136
294.356
294.576
293.024
293.088
293.203
293.368
293.574
293.809
294.062
294.323
294.587
294.857
293.024
293.088
293.203
293.368
293.574
293.809
294.062
294.323
294.587
294.857
293.021
293.076
293.176
293.319
293.497
293.699
293.915
294.136
294.356
294.576
293.002
293.008
293.021
293.042
293.071
293.107
293.15
293.198
293.25
293.305
293.003
293.014
293.037
293.072
293.121
293.181
293.249
293.325
293.405
293.489
293.005
293.023
293.058
293.113
293.186
293.276
293.377
293.487
293.603
293.722
293.007
293.031
293.078
293.15
293.247
293.365
293.497
293.64
293.789
293.943
293.009
293.036
293.09
293.175
293.288
293.425
293.581
293.749
293.927
294.113
293.009
293.036
293.09
293.175
293.288
293.425
293.581
293.749
293.927
294.113
293.007
293.031
293.078
293.15
293.247
293.365
293.497
293.64
293.789
293.943
293
293.003
293.008
293.016
293.03
293.048
293.07
293.095
293.125
293.156
293.001
293.005
293.014
293.03
293.053
293.083
293.119
293.161
293.208
293.258
293.002
293.008
293.023
293.048
293.084
293.13
293.185
293.248
293.318
293.392
293.002
293.011
293.031
293.065
293.113
293.175
293.249
293.333
293.424
293.522
293.003
293.013
293.037
293.076
293.133
293.206
293.293
293.392
293.501
293.618
293.003
293.013
293.037
293.076
293.133
293.206
293.293
293.392
293.501
293.618
293.065
293.113
293.175
293.249
293.333
293.424
293.522
293
293.001
293.002
293.006
293.011
293.019
293.03
293.042
293.057
293.074
293
293.001
293.005
293.011
293.021
293.035
293.052
293.074
293.098
293.126
293
293.003
293.008
293.018
293.034
293.056
293.084
293.117
293.154
293.196
293.001
293.004
293.011
293.026
293.047
293.077
293.115
293.159
293.21
293.266
293.001
293.004
293.014
293.03
293.056
293.091
293.136
293.188
293.249
293.316
293.001
293.004
293.014
293.03
293.056
293.091
293.136
293.188
293.249
293.316
293
293
293.001
293.002
293.004
293.007
293.011
293.017
293.024
293.032
293
293
293.001
293.004
293.008
293.013
293.021
293.031
293.043
293.056
293
293.001
293.003
293.006
293.013
293.022
293.034
293.05
293.068
293.09
293
293.001
293.004
293.009
293.018
293.031
293.048
293.069
293.095
293.124
293
293.001
293.004
293.011
293.021
293.037
293.057
293.083
293.113
293.148
293.004
293.011
293.021
293.037
293.057
293.083
293.113
293.148
293
293
293
293
293.001
293.002
293.004
293.006
293.009
293.013
293
293
293
293.001
293.002
293.004
293.008
293.012
293.017
293.023
293
293
293.001
293.002
293.004
293.008
293.013
293.019
293.028
293.037
293
293
293.001
293.003
293.006
293.011
293.018
293.027
293.039
293.053
293
293
293.001
293.003
293.007
293.013
293.022
293.033
293.047
293.063
293.063
293
293
293
293
293
293.001
293.001
293.002
293.003
293.004
293
293
293
293
293.001
293.001
293.002
293.004
293.006
293.008
293
293
293
293
293.001
293.002
293.004
293.007
293.01
293.014
293
293
293
293.001
293.002
293.003
293.006
293.01
293.014
293.02
293
293
293
293.001
293.002
293.004
293.007
293.012
293.017
293.024
293
293
293
293
293
293
293
293
293.001
293.001
293
293
293
293
293
293
293.001
293.001
293.002
293.003
293
293
293
293
293
293.001
293.001
293.002
293.003
293.005
293
293
293
293
293
293.001
293.002
293.003
293.005
293.007
293
293
293
293
293
293.001
293.002
293.004
293.006
293.008
293
293
293
293
293
293
293
293
293
293
293
293
293
293
293
293
293
293
293
293.001
293
293
293
293
293
293
293
293
293.001
293.001
293
293
293
293
293
293
293
293.001
293.001
293.002
293
293
293
293
293
293
293
293.001
293.002
293.002
293
293
293
293
293
293
293
293
293
293
293
293
293
293
293
293
293
293
293
293
293
293
293
293
293
293
293
293
293
293
293
293
293
293
293
293
293
293
293
293
293
293
293
293
293
293
293
293
293
293.001
293
293
293
293
293
293
293
293
293
293
293
293
293
293
293
293
293
293
293
293
293
293
293
293
293
293
293
293
293
293
293
293
293
293
293
293
293
293
293
293
293
293
293
293
293
293
293
293
293
293
293
293
293
293
293
293
293
293
293
293
293
293
293
293
293
293
293
293
293
293
293
293
293
293
293
293
293
293
293
293
293
293
293
293
293
293
293
293
293
293
293
293
293
293
293
293
293
293
293
293
293
293
293
293
293
293
293
293
293
293
293
293
293
293
293
293
293
293
293
293
293
293
293
293
293
293
293
293
293
293
293
293
293
293
293
293
293
293
293
293
293
293
293
293
293
293
293
293
293
293
293
293
293
293
293
293
293
293
293
293
293
293
293
293
293
293
293
293
293
293
293
293
293
293
293
293
293
293
293
293
)
;

boundaryField
{
    inlet
    {
        type            fixedValue;
        value           nonuniform List<scalar> 0();
    }
    outlet
    {
        type            inletOutlet;
        inletValue      nonuniform List<scalar> 0();
        value           nonuniform List<scalar> 0();
    }
    walls
    {
        type            zeroGradient;
    }
    fluid_to_solid
    {
        type            compressible::turbulentTemperatureCoupledBaffleMixed;
        refValue        nonuniform List<scalar> 
259
(
349.917
349.92
349.921
349.921
349.921
349.921
349.921
349.921
349.92
343.839
343.843
343.845
343.847
343.847
343.847
343.847
343.845
343.843
338.001
338.005
338.008
338.01
338.01
338.01
338.01
338.008
338.005
332.548
332.552
332.555
332.557
332.557
332.557
332.557
332.554
332.552
327.614
327.617
327.62
327.622
327.622
327.622
327.621
327.619
327.617
323.319
323.322
323.325
323.326
323.325
323.325
323.324
323.323
323.322
319.763
319.766
319.768
319.769
319.768
319.767
319.766
319.765
319.766
317.024
317.027
317.028
317.029
317.027
317.026
317.026
317.025
317.027
315.163
315.165
315.167
315.167
315.166
315.165
315.164
315.164
315.166
314.22
314.223
314.225
314.225
314.223
314.222
314.222
314.222
349.906
349.915
349.919
349.922
349.922
349.923
349.922
349.922
349.92
349.917
343.817
343.834
343.843
343.848
343.851
343.851
343.851
343.849
343.846
343.839
337.974
337.992
338.004
338.011
338.014
338.016
338.016
338.014
338.009
338.001
332.519
332.537
332.549
332.556
332.56
332.562
332.563
332.561
332.556
332.548
327.584
327.6
327.611
327.618
327.621
327.624
327.626
327.624
327.62
327.614
323.289
323.303
323.311
323.318
323.322
323.325
323.327
323.325
323.323
323.319
319.733
319.744
319.751
319.757
319.761
319.764
319.767
319.766
319.765
319.763
316.993
317.003
317.009
317.015
317.019
317.023
317.025
317.025
317.024
317.024
315.13
315.14
315.146
315.151
315.156
315.16
315.163
315.163
315.163
315.163
314.184
314.194
314.202
314.208
314.213
314.217
314.22
314.22
314.22
314.22
314.184
314.194
314.202
314.208
314.213
314.217
314.22
314.22
314.22
314.22
314.189
314.198
314.203
314.21
314.215
314.218
314.222
314.221
314.222
314.223
314.191
314.199
314.204
314.212
314.216
314.219
314.222
314.221
314.223
314.225
314.191
314.199
314.205
314.212
314.215
314.217
314.22
314.22
314.224
314.225
314.189
314.197
314.204
314.21
314.213
314.215
314.218
314.22
314.223
314.223
314.189
314.199
314.206
314.211
314.213
314.215
314.219
314.221
314.223
314.222
314.191
314.201
314.209
314.213
314.215
314.217
314.22
314.221
314.222
314.222
)
;
        refGradient     uniform 0;
        valueFraction   nonuniform List<scalar> 
259
(
0.9997
0.9997
0.9997
0.9997
0.9997
0.9997
0.9997
0.9997
0.9997
0.9997
0.9997
0.9997
0.9997
0.9997
0.9997
0.9997
0.9997
0.9997
0.9997
0.9997
0.9997
0.9997
0.9997
0.9997
0.9997
0.9997
0.9997
0.9997
0.9997
0.9997
0.9997
0.9997
0.9997
0.9997
0.9997
0.9997
0.9997
0.9997
0.9997
0.9997
0.9997
0.9997
0.9997
0.9997
0.9997
0.9997
0.9997
0.9997
0.9997
0.9997
0.9997
0.9997
0.9997
0.9997
0.9997
0.9997
0.9997
0.9997
0.9997
0.9997
0.9997
0.9997
0.9997
0.9997
0.9997
0.9997
0.9997
0.9997
0.9997
0.9997
0.9997
0.9997
0.9997
0.9997
0.9997
0.9997
0.9997
0.9997
0.9997
0.9997
0.9997
0.9997
0.9997
0.9997
0.9997
0.9997
0.9997
0.9997
0.9997
0.999698
0.999698
0.999698
0.999698
0.999698
0.999698
0.999698
0.999698
0.999698
0.999698
0.999698
0.999698
0.999698
0.999698
0.999698
0.999698
0.999698
0.999698
0.999698
0.999698
0.999698
0.999698
0.999698
0.999698
0.999698
0.999698
0.999698
0.999698
0.999698
0.999698
0.999698
0.999698
0.999698
0.999698
0.999698
0.999698
0.999698
0.999698
0.999698
0.999698
0.999698
0.999698
0.999698
0.999698
0.999698
0.999698
0.999698
0.999698
0.999698
0.999698
0.999698
0.999698
0.999698
0.999698
0.999698
0.999698
0.999698
0.999698
0.999698
0.999698
0.999698
0.999698
0.999698
0.999698
0.999698
0.999698
0.999698
0.999698
0.999698
0.999698
0.999698
0.999698
0.999698
0.999698
0.999698
0.999698
0.999698
0.999698
0.999698
0.999698
0.999698
0.999698
0.999698
0.999698
0.999698
0.999698
0.999698
0.999698
0.999698
0.999698
0.999698
0.999698
0.999698
0.999698
0.999698
0.999698
0.999698
0.999698
0.999698
0.999698
0.999699
0.999699
0.999699
0.999699
0.999699
0.999699
0.999699
0.999699
0.999699
0.999699
0.999699
0.999699
0.999699
0.999699
0.999699
0.999699
0.999699
0.999699
0.999699
0.999699
0.999699
0.999699
0.999699
0.999699
0.999699
0.999699
0.999699
0.999699
0.999699
0.999699
0.999699
0.999699
0.999699
0.999699
0.999699
0.999699
0.999699
0.999699
0.999699
0.999699
0.999699
0.999699
0.999699
0.999699
0.999699
0.999699
0.999699
0.999699
0.999699
0.999699
0.999699
0.999699
0.999699
0.999699
0.999699
0.999699
0.999699
0.999699
0.999699
0.999699
0.999699
0.999699
0.999699
0.999699
0.999699
0.999699
0.999699
0.999699
0.999699
0.999699
)
;
        source          uniform 0;
        value           nonuniform List<scalar> 
259
(
349.913
349.916
349.917
349.918
349.918
349.918
349.918
349.917
349.916
343.834
343.838
343.84
343.842
343.842
343.842
343.842
343.84
343.838
337.995
337.999
338.002
338.004
338.005
338.005
338.004
338.002
337.999
332.543
332.547
332.55
332.553
332.553
332.553
332.552
332.55
332.547
327.609
327.613
327.616
327.619
327.619
327.619
327.618
327.615
327.613
323.315
323.319
323.322
323.324
323.324
323.323
323.322
323.32
323.319
319.76
319.763
319.766
319.767
319.766
319.766
319.764
319.763
319.763
317.021
317.025
317.027
317.028
317.026
317.025
317.025
317.024
317.025
315.161
315.164
315.166
315.166
315.165
315.164
315.163
315.163
315.164
314.219
314.222
314.223
314.224
314.222
314.222
314.221
314.221
349.898
349.911
349.916
349.919
349.919
349.919
349.919
349.918
349.915
349.912
343.808
343.83
343.841
343.847
343.849
343.849
343.849
343.847
343.842
343.835
337.965
337.989
338.002
338.01
338.013
338.014
338.014
338.012
338.006
337.997
332.511
332.534
332.547
332.555
332.558
332.56
332.561
332.559
332.554
332.544
327.577
327.597
327.61
327.617
327.62
327.623
327.624
327.622
327.618
327.61
323.283
323.3
323.31
323.316
323.32
323.323
323.325
323.324
323.321
323.316
319.727
319.742
319.75
319.756
319.76
319.763
319.766
319.764
319.763
319.76
316.988
317.001
317.008
317.014
317.018
317.021
317.024
317.023
317.023
317.022
315.125
315.137
315.145
315.15
315.155
315.159
315.162
315.161
315.161
315.161
314.179
314.191
314.2
314.207
314.211
314.215
314.219
314.218
314.218
314.218
314.179
314.191
314.2
314.206
314.211
314.215
314.219
314.218
314.218
314.218
314.185
314.196
314.202
314.209
314.214
314.217
314.221
314.22
314.221
314.221
314.187
314.197
314.203
314.211
314.215
314.218
314.221
314.22
314.222
314.223
314.187
314.198
314.204
314.211
314.214
314.217
314.219
314.22
314.223
314.224
314.185
314.196
314.203
314.209
314.212
314.214
314.217
314.219
314.222
314.222
314.185
314.198
314.205
314.21
314.212
314.214
314.218
314.22
314.222
314.222
314.187
314.2
314.208
314.212
314.214
314.216
314.219
314.22
314.221
314.221
)
;
        Tnbr            T;
        kappaMethod     fluidThermo;
    }
    procBoundary12to3
    {
        type            processor;
        value           nonuniform List<scalar> 
443
(
295.818
295.81
295.861
296.01
296.027
296.064
296.239
296.278
296.3
296.455
296.477
296.427
296.476
295.456
295.515
295.46
295.456
295.452
295.452
295.494
295.524
295.529
295.494
295.534
295.524
295.617
295.719
295.743
295.617
295.767
295.719
295.498
295.679
295.506
295.498
295.492
295.492
295.634
295.712
295.725
295.634
295.738
295.712
295.832
295.928
295.96
295.832
295.992
295.928
295.461
295.74
295.472
295.461
295.453
295.453
295.68
295.917
295.936
295.68
295.955
295.917
296.089
296.175
296.215
296.089
296.253
296.175
295.361
295.375
295.361
295.349
295.349
295.553
295.906
295.915
295.553
295.926
295.906
296.212
296.35
296.383
296.212
296.415
296.35
295.219
295.219
295.202
295.202
295.321
295.608
295.596
295.321
295.589
295.608
296.014
296.311
296.317
296.014
296.32
296.311
295.076
295.076
295.058
295.058
295.124
295.321
295.292
295.124
295.271
295.116
295.321
295.677
296.094
296.064
295.677
296.029
296.094
295.055
295.055
295.049
295.116
295.049
295.118
295.223
295.116
295.198
295.223
295.466
295.873
295.823
295.466
295.77
295.873
295.131
295.131
295.127
295.221
295.127
295.224
295.294
295.221
295.285
295.294
295.418
295.758
295.704
295.418
295.65
295.224
295.224
295.22
295.348
295.22
295.352
295.298
295.443
295.348
295.437
295.443
295.535
295.79
295.75
295.535
295.71
295.731
295.31
295.298
295.31
295.304
295.348
295.298
295.475
295.614
295.475
295.618
295.533
295.731
295.614
295.723
295.697
295.908
295.845
295.731
295.891
295.843
295.348
295.606
295.359
295.648
295.348
295.337
295.533
295.337
295.548
295.349
295.697
295.533
295.709
295.565
295.845
295.843
295.697
295.843
295.845
295.648
295.648
295.373
295.362
295.349
295.373
295.373
295.361
295.385
295.565
295.349
295.581
295.362
295.565
295.781
295.963
295.964
295.781
295.966
295.884
295.708
295.362
295.373
295.385
295.708
295.398
295.362
295.362
295.621
295.884
295.621
295.896
295.678
296.165
296.042
295.884
296.16
296.043
295.769
295.39
295.4
295.411
295.769
295.422
295.39
295.678
295.39
295.691
296.042
296.043
295.678
296.047
295.83
295.425
295.433
295.441
295.83
295.45
295.425
295.769
295.425
295.777
296.274
296.26
295.769
296.25
295.885
295.475
295.477
295.48
295.885
295.485
295.475
295.876
295.475
295.874
296.508
296.475
295.876
296.448
295.552
295.546
295.541
295.935
295.539
295.552
296.001
295.552
295.983
296.682
296.632
296.001
296.587
295.685
295.664
295.648
295.99
295.634
295.685
296.151
295.684
296.114
296.581
296.151
296.546
295.872
295.835
295.803
296.016
295.776
295.872
296.215
295.872
296.176
296.167
296.215
296.166
295.94
295.907
295.875
295.839
295.845
295.94
295.919
295.94
295.913
295.473
295.919
295.502
295.33
295.58
295.579
295.574
295.33
295.566
295.58
295.262
295.58
295.287
295.262
294.761
294.648
294.882
294.903
294.919
294.648
294.93
294.882
294.526
294.882
294.558
294.526
294.122
294.027
294.179
294.202
294.221
294.027
294.235
294.179
293.92
294.179
293.946
293.92
293.653
293.576
293.654
293.671
293.684
293.576
293.695
293.654
293.502
293.654
293.519
293.316
293.502
293.347
293.292
293.327
293.336
293.345
293.292
293.351
293.327
293.316
293.316
293.249
293.249
293.169
293.135
293.148
293.153
293.157
293.135
293.161
293.148
293.142
293.142
293.056
293.06
293.063
293.065
293.056
293.066
293.06
293.058
293.021
293.022
293.023
293.024
293.021
293.025
293.022
293.021
293.007
293.007
293.008
293.008
293.007
293.008
293.007
293.007
293.002
293.002
293.002
293.002
293.002
293.002
293.002
293.002
293
293
293
293
293
293
293
293
)
;
    }
    procBoundary12to5
    {
        type            processor;
        value           nonuniform List<scalar> 
862
(
296.02
295.713
295.557
296.317
296.002
295.801
296.601
296.31
296.054
296.695
296.319
296.772
296.405
295.998
296.008
295.615
295.615
295.367
296.319
295.998
295.615
295.367
295.724
295.474
295.278
295.169
295.391
295.244
295.173
295.128
295.323
295.275
295.284
295.234
295.498
295.457
295.452
295.367
295.793
295.721
295.644
295.503
293
293
293
293.001
293.006
293.034
293.149
293.473
294.087
294.887
295.688
296.395
297.017
297.591
298.245
299.088
300.053
300.75
300.266
298.591
298.591
297.614
297.078
296.74
296.48
296.258
293
293
293
293
293.003
293.02
293.084
293.255
293.562
293.934
294.272
294.591
295.013
295.639
296.527
297.721
299.03
299.8
299.302
298.169
298.169
297.495
297.27
297.128
296.903
296.712
296.535
293
293
293
293
293.001
293.006
293.028
293.087
293.198
293.333
293.445
293.542
293.736
294.23
295.146
296.428
297.814
298.733
298.548
297.806
297.27
297.27
297.019
296.839
296.94
296.847
296.863
296.83
296.761
296.772
293
293
293
293
293
293.001
293.007
293.023
293.055
293.097
293.134
293.178
293.315
293.706
294.531
295.757
297.08
297.972
297.945
297.371
296.93
296.839
296.847
296.83
296.772
293
293
293
293
293
293
293.001
293.005
293.013
293.025
293.04
293.075
293.193
293.522
294.214
295.304
296.544
297.423
297.469
296.882
296.536
296.488
296.5
296.484
296.429
293
293
293
293
293
293
293
293.001
293.003
293.006
293.015
293.045
293.147
293.433
294.041
295.017
296.156
297.023
297.191
296.641
296.193
296.035
295.972
295.912
295.836
293
293
293
293
293
293
293
293
293.001
293.002
293.008
293.033
293.119
293.356
293.869
294.722
295.772
296.658
296.989
296.646
296.17
295.849
295.684
295.577
295.49
293
293
293
293
293
293
293
293
293
293.001
293.006
293.025
293.09
293.273
293.681
294.398
295.359
296.272
296.75
296.65
296.31
295.98
295.729
295.549
295.429
293
293
293
293
293
293
293
293
293
293.001
293.004
293.017
293.062
293.19
293.486
294.043
294.87
295.788
296.429
296.562
296.411
296.18
295.959
295.78
295.65
293
293
293
293
293
293
293
293
293
293
293.002
293.01
293.039
293.121
293.318
293.712
294.361
295.203
295.984
296.374
296.417
296.317
296.179
296.049
295.942
295.987
295.908
295.797
296.149
296.045
295.896
296.344
296.211
296.011
296.567
296.403
296.138
296.689
296.574
296.259
296.528
296.627
296.54
296.344
296.39
296.082
296.54
295.526
296.54
296.39
295.526
296.166
296.329
294.915
295.603
296.063
294.349
294.349
294.96
294.96
295.551
295.551
293.88
293.685
294.348
294.889
293.534
293.851
294.255
293.301
293.494
293.755
293.156
293.264
293.414
293.075
293.129
293.207
293.033
293.058
293.095
293.013
293.024
293.039
293.005
293.009
293.015
293.001
293.003
293.005
293
293.001
293.001
293
293
293
293
293
293
293
293
293
293
293
293
293
293.002
293.008
293.03
293.093
293.248
293.568
294.119
294.885
295.684
296.208
296.378
296.365
296.287
296.196
296.114
293
293
293
293
293
293
293
293
293
293
293.001
293.006
293.023
293.073
293.197
293.458
293.922
294.605
295.389
296.013
296.312
296.39
296.372
296.321
296.263
293
293
293
293
293
293
293
293
293
293
293.001
293.004
293.017
293.056
293.153
293.36
293.738
294.322
295.052
295.735
296.175
296.381
296.451
296.458
296.433
293
293
293
293
293
293
293
293
293
293
293
293.003
293.013
293.042
293.115
293.275
293.573
294.051
294.691
295.371
295.917
296.267
296.461
296.559
296.597
293
293
293
293
293
293
293
293
293
293
293
293.002
293.009
293.03
293.084
293.203
293.431
293.807
294.334
294.947
295.518
295.954
296.249
296.446
296.573
293
293
293
293
293
293
293
293
293
293
293
293.001
293.006
293.02
293.058
293.144
293.097
293.312
293.214
293.595
293.418
294.006
293.724
294.512
294.118
295.025
294.54
295.454
294.917
295.78
295.221
296.029
295.48
296.233
293
293
293
293
293
293
293
293
293
293
293
293
293
293
293
293
293
293
293
293
293
293
293.001
293
293.004
293.002
293.013
293.008
293.039
293.097
293.024
293.097
293.214
293.418
293.724
294.118
294.54
294.917
295.221
295.48
295.48
295.687
295.12
293
293
293
293
293
293
293
293
293
293
293
293
293.002
293.008
293.024
293.062
293.14
293.279
293.493
293.775
294.088
294.382
294.636
294.874
295.12
293
293
293
293
293
293
293
293
293
293
293
293
293.001
293.004
293.014
293.037
293.086
293.176
293.317
293.508
293.726
293.942
294.141
294.339
294.555
293
293
293
293
293
293
293
293
293
293
293
293
293
293.002
293.007
293.021
293.05
293.104
293.191
293.312
293.457
293.606
293.751
293.902
294.068
293
293
293
293
293
293
293
293
293
293
293
293
293
293.001
293.004
293.011
293.027
293.057
293.107
293.18
293.27
293.367
293.465
293.569
293.685
293.685
293
293
293
293
293
293
293
293
293
293
293
293
293
293
293.002
293.005
293.013
293.029
293.056
293.097
293.149
293.208
293.27
293.336
293.336
293.409
293
293
293
293
293
293
293
293
293
293
293
293
293
293
293.001
293.002
293.006
293.014
293.027
293.048
293.076
293.109
293.145
293.185
293.185
293.185
293.228
293
293
293
293
293
293
293
293
293
293
293
293
293
293
293
293.001
293.002
293.006
293.012
293.022
293.036
293.053
293.072
293.072
293.094
293.117
293
293
293
293
293
293
293
293
293
293
293
293
293
293
293
293
293.001
293.002
293.005
293.009
293.015
293.023
293.033
293.033
293.044
293.055
293
293
293
293
293
293
293
293
293
293
293
293
293
293
293
293
293
293.001
293.002
293.003
293.006
293.009
293.014
293.014
293.019
293.024
293
293
293
293
293
293
293
293
293
293
293
293
293
293
293
293
293
293
293
293.001
293.002
293.003
293.005
293.005
293.007
293.009
293
293
293
293
293
293
293
293
293
293
293
293
293
293
293
293
293.001
293.001
293.001
293.002
293.002
293.002
293.002
293.003
293
293
293.001
293.001
293
293
293
)
;
    }
    procBoundary12to8
    {
        type            processor;
        value           nonuniform List<scalar> 
42
(
293.303
293.303
293.287
293.172
293.172
293.161
293.086
293.086
293.08
293.039
293.039
293.035
293.014
293.015
293.015
293.014
293.005
293.005
293.005
293.005
293.001
293.002
293.002
293.001
293
293
293
293
293
293
293
293
293
293
293
293
293
293
293
293
293
293
)
;
    }
    procBoundary12to9
    {
        type            processor;
        value           nonuniform List<scalar> 
840
(
293
293
293
293
293
293
293
293
293.001
293.004
293.016
293.056
293.154
293.343
293.627
293.968
294.318
294.658
295.034
295.531
296.213
297.117
298.244
309.369
309.369
315.015
293
293
293
293
293
293
293
293
293
293
293.002
293.006
293.019
293.046
293.087
293.13
293.155
293.168
293.196
293.247
293.351
293.547
293.873
300.22
300.22
304.589
293
293
293
293
293
293
293
293
293
293
293
293.001
293.002
293.005
293.01
293.016
293.02
293.021
293.024
293.034
293.065
293.137
293.279
297.168
297.168
300.46
293
293
293
293
293
293
293
293
293
293
293
293
293
293
293.001
293.002
293.002
293.003
293.005
293.012
293.033
293.085
293.193
296.358
296.358
299.158
293
293
293
293
293
293
293
293
293
293
293
293
293
293
293
293
293
293.001
293.002
293.009
293.027
293.074
293.169
295.977
295.977
298.461
293
293
293
293
293
293
293
293
293
293
293
293
293
293
293
293
293
293
293.002
293.008
293.025
293.069
293.157
295.695
295.695
297.911
293
293
293
293
293
293
293
293
293
293
293
293
293
293
293
293
293
293
293.002
293.007
293.023
293.063
293.145
295.46
295.46
295.46
297.476
293
293
293
293
293
293
293
293
293
293
293
293
293
293
293
293
293
293
293.001
293.006
293.019
293.052
293.122
293.24
296.928
296.928
293
293
293
293
293
293
293
293
293
293
293
293
293
293
293
293
293
293
293.001
293.004
293.012
293.036
293.087
293.178
296.194
296.194
296.194
293
293
293
293
293
293
293
293
293
293
293
293
293
293
293
293
293
293
293
293.002
293.007
293.021
293.055
293.117
293.208
296.991
296.991
297.775
298.457
298.768
298.89
298.89
298.767
293
293
293
293
293
293
293
293
293
293
293
293
293
293
293
293
293
293
293
293.001
293.005
293.014
293.038
293.082
293.145
293
293
293
293
293
293
293
293
293
293
293
293
293
293
293
293
293
293
293
293.001
293.003
293.008
293.022
293.048
293.085
293
293
293
293
293
293
293
293
293
293
293
293
293
293
293
293
293
293
293
293
293.001
293.004
293.011
293.024
293.043
293
293
293
293
293
293
293
293
293
293
293
293
293
293
293
293
293
293
293
293
293
293.002
293.005
293.01
293.019
293
293
293
293
293
293
293
293
293
293
293
293
293
293
293
293
293
293
293
293
293
293.001
293.002
293.004
293.007
293
293
293
293
293
293
293
293
293
293
293
293
293
293
293
293
293
293
293
293
293
293
293
293.001
293.002
293
293
293
293
293
293
293
293
293
293
293
293
293
293
293
293
293
293
293
293
293
293
293
293
293.001
293
293
293
293
293
293
293
293
293
293
293
293
293
293
293
293
293
293
293
293
293
293
293
293
293
293
293
293
293
293
293
293
293
293
293
293
293
293
293
293
293
293
293
293
293
293
293
293
293
293
293
293
293
293
293
293
293
293
293
293
293
293
293
293
293
293
293
293
293
293
293
293
293
293
293
293
293
293
293
293
293
293
293
293
293
293
293
293
293
293
293
293
293
293
293
293
293
293
293
293
293
293
293
293
293
293
293
293
293
293
293
293
293
293
293
293
293
293
293
293
293
293
293
293
293
293
293
293
293
293
293
293
293
293
293
293
293
293
293
293
293
293
293
293
293
293
293
293
293
293
293
293
293
293
293
293
293
293
293
293
293
293
293
293
293
293
293
293
293
293
293
293
293
293
293
293
293
293
293
293
293
293
293
293
293
293
293
293
293
293
293
293
293
293
293
293
293
293
293
293
293
293
293
293
293
293
293
293
293
293
293
293
293
293
293
293
293
293
293
293
293
293
293
293
293
293
293
293
293
293
293
293
293
293
293
293
293
293
293
293
293
293
293
293
293
293
293
293
293
293
293
293
293
293
293
293
293
293
293
293
293
293
293
293
293
293
293
293
293
293
293
293
293
293
293
293
293
293
293
293
293
293
293
293
293
293
293
293
293
293
293
293
293
293
293
293
293
293
293
293
293
293
293
293
293
293
293
293
293
293
293
293
293
293
293
293
293
293
293
293
293
293
293
293
293
293.211
293.304
293.395
293.448
293.47
293.47
293.448
293.124
293.186
293.25
293.287
293.063
293.099
293.137
293.161
293.028
293.046
293.067
293.08
293.011
293.019
293.029
293.035
293.004
293.007
293.011
293.001
293.002
293.004
293
293.001
293.001
293
293
293
293
293
293
293
293
293
293
293
293
293
293
293
293
293
293
293
293
293
293
293
293
293
293
293
293
293
293
293
293
293
293
293
293
293
293
293
)
;
    }
    procBoundary12to11
    {
        type            processor;
        value           nonuniform List<scalar> 4(293 293 293 293);
    }
    procBoundary12to13
    {
        type            processor;
        value           nonuniform List<scalar> 
1000
(
311.561
307.33
307.33
304.693
302.306
300.021
298.058
296.726
296.056
295.804
295.747
295.751
295.78
300.07
297.84
297.84
297.731
297.229
296.709
296.261
295.983
295.868
295.848
295.871
295.911
295.958
297.222
296.337
296.337
296.338
295.963
296.198
296.078
295.995
295.963
295.974
296.011
296.061
296.118
296.177
296.742
296.078
295.963
295.963
296.037
296.012
296.036
296.055
296.051
296.103
296.084
296.154
296.131
296.204
296.187
296.251
296.246
296.295
296.307
296.366
296.424
296.064
295.987
296.012
296.055
296.103
296.154
296.204
296.251
296.295
296.295
296.388
296.271
296.425
296.27
296.454
296.262
296.247
296.02
296.049
296.095
296.14
296.181
296.216
296.243
296.261
296.271
296.27
296.262
296.247
296.157
296.135
296.104
296.067
337.489
320.619
320.619
326.146
307.43
307.43
317.984
301.645
301.645
314.686
300.566
300.566
296.747
312.776
300.257
296.747
296.747
296.072
311.375
300.235
296.818
296.072
296.072
295.988
295.998
296.028
296.051
296.064
296.066
296.058
296.044
310.358
300.423
296.977
296.126
295.988
295.998
296.028
296.051
296.064
296.066
296.058
296.044
296.044
295.932
295.896
295.854
295.808
309.694
300.836
297.26
296.221
296
295.98
295.996
296.006
296.006
295.998
295.983
295.961
295.932
295.896
295.854
295.808
309.343
309.519
301.503
302.52
297.757
298.486
296.432
296.739
296.058
296.105
295.978
295.897
295.971
295.84
295.972
295.826
295.972
295.823
295.967
295.958
295.942
295.921
295.894
295.863
295.827
309.519
302.52
298.486
296.739
296.105
295.897
295.84
295.826
295.823
295.823
295.976
295.876
295.973
295.872
295.968
295.868
295.961
295.864
295.952
295.939
295.924
296.713
295.115
294.069
293.484
293.198
293.073
293.025
293.008
293.002
293.001
293
293
293
293
293
293
293
293
293
293
293
293
293
293
293
293
293
293
293
293
293
293
293
293
293
293
306.37
309.583
302.148
298.759
296.997
296.309
296.043
295.942
295.901
295.884
295.876
295.872
295.868
295.864
295.864
296.042
295.973
296.033
295.968
296.024
295.965
303.667
304.692
301.572
299.018
297.451
296.733
296.382
296.205
296.11
296.057
296.024
296.004
295.99
295.98
295.973
295.968
295.965
301.65
301.171
302.12
300.914
300.593
299.471
299.192
298.312
298.017
297.571
297.316
297.104
296.884
296.806
296.607
296.61
296.424
296.478
296.3
296.386
296.214
296.32
296.155
296.272
296.113
296.237
296.084
296.21
296.064
296.19
296.052
296.176
296.045
301.171
300.593
299.192
298.017
297.316
296.884
296.607
296.424
296.3
296.214
296.155
296.113
296.084
296.064
296.052
296.045
299.933
299.832
299.169
298.462
297.913
297.502
297.195
296.963
296.786
296.651
296.547
296.466
296.405
296.357
296.321
296.294
298.349
298.498
298.524
298.393
298.167
297.908
297.656
297.429
297.234
297.071
296.936
296.825
296.734
296.66
296.599
296.549
297.136
297.26
297.377
297.465
297.511
297.513
297.476
297.41
297.325
297.232
297.136
297.044
296.957
296.878
296.806
296.741
296.018
296.131
296.245
296.358
296.465
296.56
296.637
296.697
296.736
296.758
296.764
296.757
296.74
296.715
296.686
296.652
296.617
295.056
295.153
295.252
295.353
295.454
295.555
295.651
295.743
295.827
295.903
295.969
296.025
296.07
296.106
296.133
296.152
296.163
294.306
294.381
294.458
294.537
294.618
294.7
294.782
294.864
294.945
295.023
295.098
295.169
295.235
295.295
295.349
295.397
295.438
293.772
293.824
293.878
293.934
293.991
294.05
294.111
294.172
294.234
294.296
294.358
294.418
294.477
294.533
294.586
294.636
294.682
294.724
293.423
293.455
293.49
293.525
293.563
293.601
293.641
293.682
293.725
293.767
293.81
293.853
293.896
293.938
293.978
294.018
294.055
294.09
293.214
293.266
293.232
293.252
293.273
293.295
293.318
293.342
293.366
293.392
293.418
293.445
293.472
293.5
293.527
293.554
293.58
293.606
293.63
293.099
293.124
293.108
293.119
293.13
293.142
293.154
293.167
293.181
293.195
293.209
293.225
293.24
293.256
293.272
293.288
293.303
293.318
293.333
293.027
293.031
293.034
293.038
293.042
293.047
293.052
293.057
293.062
293.068
293.075
293.081
293.088
293.095
293.102
293.109
293.042
293.023
293.053
293.046
293.025
293.051
293.028
293.056
293.032
293.062
293.035
293.068
293.039
293.074
293.043
293.081
293.047
293.088
293.052
293.096
293.057
293.103
293.062
293.111
293.067
293.12
293.072
293.128
293.078
293.136
293.084
293.145
293.09
293.153
293.095
293.161
293.101
293.107
293.027
293.031
293.034
293.038
293.042
293.047
293.052
293.057
293.062
293.068
293.075
293.081
293.088
293.095
293.102
293.109
293.109
293.095
293.046
293.101
293.049
293.107
293.052
293.112
293.055
293.009
293.011
293.012
293.014
293.015
293.017
293.019
293.021
293.024
293.026
293.029
293.031
293.034
293.037
293.04
293.043
293.046
293.049
293.052
293.055
293.003
293.003
293.004
293.004
293.005
293.006
293.006
293.007
293.008
293.009
293.01
293.011
293.012
293.013
293.014
293.015
293.017
293.018
293.019
293.02
293.001
293.001
293.001
293.001
293.001
293.002
293.002
293.002
293.002
293.003
293.003
293.003
293.004
293.004
293.004
293.005
293.005
293.006
293.006
293.006
293
293
293
293
293
293
293
293
293
293.001
293.001
293.001
293.001
293.001
293.001
293.001
293.001
293.001
293.002
293.002
293
293
293
293
293
293
293
293
293
293
293
293
293
293
293
293
293
293
293
293
293
293
293
293
293
293
293
293
293
293
293
293
293
293
293
293
293
293
293
293
293
293
293
293
293
293
293
293
293
293
293
293
293
293
293
293
293
293
293
293
293
293
293
293
293
293
293
293
293
293
293
293
299.702
308.78
310.865
311.461
311.412
311.31
311.142
310.87
310.368
309.583
297.002
302.08
305.545
306.908
306.955
306.772
306.333
305.787
305.138
304.692
295.474
298.537
300.597
302.327
303.532
303.645
303.258
302.797
302.209
302.12
294.471
296.318
297.888
299.327
300.331
300.917
301.039
300.864
300.445
300.501
293.826
294.935
296.071
297.176
298.096
298.766
299.162
299.331
299.264
299.311
293.435
294.085
294.849
295.65
296.397
297.027
297.514
297.846
298.036
298.178
293.213
293.578
294.058
294.602
295.154
295.669
296.119
296.487
296.774
297.017
293.097
293.289
293.571
293.915
294.291
294.67
295.03
295.355
295.643
295.905
293.041
293.135
293.288
293.49
293.727
293.982
294.241
294.492
294.731
294.96
293.016
293.058
293.135
293.245
293.382
293.54
293.709
293.884
294.059
294.233
293.005
293.002
293.023
293.011
293.058
293.031
293.113
293.186
293.276
293.377
293.487
293.603
293.722
293.002
293.011
293.031
293.031
293.048
293.025
293.084
293.047
293.13
293.077
293.185
293.115
293.248
293.159
293.318
293.21
293.392
293.266
293.001
293
293.004
293.001
293.011
293.025
293.047
293.077
293.115
293.159
293.21
293.266
293
293.001
293.001
293.004
293.001
293.009
293.003
293.018
293.007
293.031
293.013
293.048
293.022
293.069
293.033
293.095
293.047
293.124
293
293
293.001
293.003
293.007
293.013
293.022
293.033
293.047
293.047
293.053
293.024
293
293
293
293.001
293.002
293.004
293.007
293.012
293.017
293.024
293
293
293
293
293
293.001
293.002
293.004
293.006
293.008
293
293
293
293
293
293
293
293.001
293.002
293.002
293
293
293
293
293
293
293
293
293
293.001
293
293
293
293
293
293
293
293
293
293
293
293
293
293
293
293
293
293
293
293
293
293
293
293
293
293
293
293
293
293
293
293
293
293
293
293
293
293
293
293
293
293
293
293
293
293
293
293
293
293
293
293
293
293
293
293
)
;
    }
    procBoundary12to14
    {
        type            processor;
        value           nonuniform List<scalar> 
1224
(
293
293
293
293
293
293
293
293
293
293
293
293
293
293
293
293
293
293
293
293
293
293
293
293
293
293
293
293
293
293
293
293
293
293
293
293
293
293
293
293
293
293
293
293
293
293
293
293
293
293
293
293
293
293
293
293
293
293
293
293
293
293
293
293
293
293
293
293
293
293
293
293
293
293
293
293
293
293
293
293
293
293
293
293
293
293
293
293
293
293
293
293
293
293
293
293
293
293
293
293
293
293
293
293
293
293
293
293
293
293
293
293
293
293
293
293
293
293
293
293
293
293
293
293
293
293
293
293
293
293
293
293
293
293
293
293
293
293
293
293
293
293
293
293
293
293
293
293
293
293
293
293
293
293
293
293
293
293
293
293
293
293
293
293
293
293
293
293
293
293
293
293
293
293
293
293
293
293
293
293
293
293
293
293
293
293
293
293
293
293
293
293
293
293
293
293
293
293
293
293
293
293
293
293
293
293
293
293
293
293
293
293
293
293
293
293
293
293
293
293
293
293
293
293
293
293
293
293
293
293
293
293
293
293
293
293
293
293
293
293
293
293
293
293
293
293
293
293
293
293
293
293
293
293
293
293
293
293
293
293
293
293
293
293
293
293
293
293
293
293
293
293
293
293
293
293
293
293
293
293
293
293
293
293
293
293
293
293
293
293
293
293
293
293
293
293
293
293
293
293
293
293
293
293
293
293
293
293
293
293
293
293
293
293
293
293
293
293
293
293
293
293
293
293
293
293
293
293
293
293
293
293
293
293
293
293
293
293
293
293
293
293
293
293
293
293
293
293
293
293
293
293
293
293
293
293
293
293
293
293
293
293
293
293
293
293
293
293
293
293
293
293
293
293
293
293
293
293
293
293
293
293
293
293
293
293
293
293
293
293
293
293
293
293
293
293
293
293
293
293
293
293
293
293
293
293
293
293
293
293
293
293
293
293
293
293
293
293
293
293
293
293
293
293
293
293
293
293
293
293
293
293
293
293
293
293
293
293
293
293
293
293
293
293
293
293
293
293
293
293
293
293
293
293
293
293
293
293
293
293
293
293
293
293
293
293
293
293
293
293
293
293
293
293
293
293
293
293
293
293
293
293
293
293
293
293
293
293
293
293
293
293
293
293
293
293
293
293
293
293
293
293
293
293
293
293
293
293
293
293
293
293
293
293
293
293
293
293
293
293
293
293
293
293
293
293
293
293
293
293
293
293
293
293
293
293
293
293
293
293
293
293
293
293
293
293
293
293
293
293
293
293
293
293
293
293
293
293
293
293
293
293
293
293
293
293
293
293
293
293
293
293
293
293
293
293
293
293
293
293
293
293
293
293
293
293
293
293
293
293
293
293
293
293
293
293
293
293
293
293
293
293
293
293
293
293
293
293
293
293
293
293
293
293
293
293
293
293
293
293
293
293
293
293
293
293
293
293
293
293
293
293
293
293
293
293
293
293
293
293
293
293
293
293
293
293
293
293
293
293
293
293
293
293
293
293
293
293
293
293
293
293
293
293
293
293
293
293
293
293
293
293
293
293
293
293
293
293
293
293
293
293
293
293
293
293
293
293
293
293
293
293
293
293
293
293
293
293
293
293
293
293
293
293
293
293
293
293
293
293
293
293
293
293
293
293
293
293
293
293
293
293
293
293
293
293
293
293
293
293
293
293
293
293
293
293
293
293
293
293
293
293
293
293
293
293
293
293
293
293
293
293
293
293
293
293
293
293
293
293
293
293
293
293
293
293
293
293
293
293
293
293
293
293
293
293
293
293
293
293
293
293
293
293
293
293
293
293
293
293
293
293
293
293
293
293
293
293
293
293
293
293
293
293
293
293
293
293
293
293
293
293
293
293
293
293
293
293
293
293
293
293
293
293
293
293
293
293
293
293
293
293
293
293
293
293
293
293
293
293
293
293
293
293
293
293
293
293
293
293
293
293
293
293
293
293
293
293
293
293
293
293
293
293
293
293
293
293
293
293
293
293
293
293
293
293
293
293
293
293
293
293
293
293
293
293
293
293
293
293
293
293
293
293
293
293
293
293
293
293
293
293
293
293
293
293
293
293
293
293
293
293
293
293
293
293
293
293
293
293
293
293
293
293
293
293
293
293
293
293
293
293
293
293
293
293
293
293
293
293
293
293
293
293
293
293
293
293
293
293
293
293
293
293
293
293
293
293
293
293
293
293
293
293
293
293
293
293
293
293
293
293
293
293
293
293
293
293
293
293
293
293
293
293
293
293
293
293
293
293
293
293
293
293
293
293
293
293
293
293
293
293
293
293
293
293
293
293
293
293
293
293
293
293
293
293
293
293
293
293
293
293
293
293
293
293
293
293
293
293
293
293
293
293
293
293
293
293
293
293
293
293
293
293
293
293
293
293
293
293
293
293
293
293
293
293
293
293
293
293
293
293
293
293
293
293
293
293
293
293
293
293
293
293
293
293
293
293
293
293
293
293
293
293
293
293
293
293
293
293
293
293
293
293
293
293
293
293
293
293
293
293
293
293
293
293
293
293
293
293
293
293
293
293
293
293
293
293
293
293
293
293
293
293
293
293
293
293
293
293
293
293
293
293
293
293
293
293
293
293
293
293
293
293
293
293
293
293
293
293
293
293
293
293
293
293
293
293
293
293
293
293
293
293
293
293
293
293
293
293
293
293
293
293
293
293
293
293
293
293
293
293
293
293
293
293
293
293
293
293
293
293
293
293
293
293
293
293
293
293
293
293
293
293
293
293
293
293
293
293
293
293
293
293
293
293
293
293
293
293
293
293
293
293
)
;
    }
    procBoundary12to15
    {
        type            processor;
        value           nonuniform List<scalar> 
79
(
293
293
293
293
293
293
293
293
293
293
293
293
293
293
293
293
293
293
293
293
293
293
293
293
293
293
293
293
293
293
293
293
293
293
293
293
293
293
293
293
293
293
293
293
293
293
293
293
293
293
293
293
293
293
293
293
293
293
293
293
293
293
293
293
293
293
293
293
293
293
293
293
293
293
293
293
293
293
293
)
;
    }
}


// ************************************************************************* //
